match_id,event_id,year,map,player_id,player,team,agent,rating,acs,kills,deaths,assists,kast,adr,hs_percent,first_kills,first_deaths,first_kills_diff
112287,1014,2022,Bind,98,ardiis,FunPlus Phoenix,Kayo,1.12,215,20,18,10,77,135,24,2,2,0
112287,1014,2022,Bind,217,SEIDER,FunPlus Phoenix,Viper,1.12,214,19,15,7,81,130,38,3,2,1
112287,1014,2022,Bind,109,ANGE1,FunPlus Phoenix,Brimstone,1.06,222,20,18,3,62,141,40,4,3,1
112287,1014,2022,Bind,11,Zyppan,FunPlus Phoenix,Raze,0.95,201,18,19,5,73,129,33,3,3,0
112287,1014,2022,Bind,384,Shao,FunPlus Phoenix,Fade,0.91,170,15,17,10,65,123,36,2,2,0
112287,1014,2022,Bind,4382,sScary,XERXIA Esports,Viper,1.13,216,19,15,7,77,141,18,0,3,-3
112287,1014,2022,Bind,3977,Crws,XERXIA Esports,Brimstone,0.93,166,17,18,10,73,107,24,0,1,-1
112287,1014,2022,Bind,23062,Surf,XERXIA Esports,Chamber,0.9,214,20,20,4,69,146,29,5,2,3
112287,1014,2022,Bind,3342,Sushiboys,XERXIA Esports,Raze,0.9,203,17,21,6,77,144,18,3,3,0
112287,1014,2022,Bind,6723,foxz,XERXIA Esports,Skye,0.88,179,14,18,5,69,132,31,4,5,-1
112287,1014,2022,Ascent,98,ardiis,FunPlus Phoenix,Chamber,1.16,226,18,15,3,68,155,22,3,2,1
112287,1014,2022,Ascent,217,SEIDER,FunPlus Phoenix,Sage,0.91,167,13,14,3,55,102,37,3,3,0
112287,1014,2022,Ascent,384,Shao,FunPlus Phoenix,Fade,0.79,171,12,17,3,68,114,42,2,0,2
112287,1014,2022,Ascent,11,Zyppan,FunPlus Phoenix,Kayo,0.7,160,14,18,4,59,119,33,0,4,-4
112287,1014,2022,Ascent,109,ANGE1,FunPlus Phoenix,Omen,0.58,159,12,19,4,55,103,35,4,1,3
112287,1014,2022,Ascent,23062,Surf,XERXIA Esports,Jett,1.37,311,23,15,3,73,189,36,7,2,5
112287,1014,2022,Ascent,6723,foxz,XERXIA Esports,Fade,1.22,188,17,11,5,82,123,22,0,0,0
112287,1014,2022,Ascent,4382,sScary,XERXIA Esports,Astra,1.14,202,15,12,6,68,121,23,1,4,-3
112287,1014,2022,Ascent,3977,Crws,XERXIA Esports,Kayo,1.09,211,14,17,12,77,153,23,2,4,-2
112287,1014,2022,Ascent,3342,Sushiboys,XERXIA Esports,Killjoy,0.99,185,14,14,5,68,144,21,0,2,-2
112287,1014,2022,Haven,98,ardiis,FunPlus Phoenix,Chamber,1.49,275,22,13,6,74,177,18,3,1,2
112287,1014,2022,Haven,11,Zyppan,FunPlus Phoenix,Raze,1.23,279,24,16,2,65,175,31,3,5,-2
112287,1014,2022,Haven,384,Shao,FunPlus Phoenix,Fade,1.12,198,16,14,10,83,140,38,0,1,-1
112287,1014,2022,Haven,217,SEIDER,FunPlus Phoenix,Omen,1.03,167,14,13,3,61,103,50,0,3,-3
112287,1014,2022,Haven,109,ANGE1,FunPlus Phoenix,Kayo,0.76,200,14,20,9,70,133,12,2,5,-3
112287,1014,2022,Haven,23062,Surf,XERXIA Esports,Jett,1.21,261,19,18,5,74,174,22,6,2,4
112287,1014,2022,Haven,4382,sScary,XERXIA Esports,Astra,1.06,232,19,19,5,70,135,21,5,2,3
112287,1014,2022,Haven,3342,Sushiboys,XERXIA Esports,Killjoy,0.68,162,13,18,4,61,108,13,1,0,1
112287,1014,2022,Haven,6723,foxz,XERXIA Esports,Skye,0.68,164,13,17,4,70,113,39,2,2,0
112287,1014,2022,Haven,3977,Crws,XERXIA Esports,Breach,0.59,121,12,18,6,57,66,13,1,2,-1
112325,1014,2022,Fracture,772,Zest,KIWOOM DRX,Fade,1.89,280,19,6,4,76,181,42,0,1,-1
112325,1014,2022,Fracture,804,BuZz,KIWOOM DRX,Chamber,1.44,237,15,8,3,82,160,30,2,2,0
112325,1014,2022,Fracture,4462,MaKo,KIWOOM DRX,Brimstone,1.21,236,15,11,8,71,146,20,1,2,-1
112325,1014,2022,Fracture,485,stax,KIWOOM DRX,Kayo,0.96,152,9,12,12,76,82,29,0,2,-2
112325,1014,2022,Fracture,488,Rb,KIWOOM DRX,Neon,0.95,245,14,14,3,71,158,25,3,4,-1
112325,1014,2022,Fracture,881,yay,OpTic Gaming,Chamber,1.1,288,16,14,2,71,183,22,8,1,7
112325,1014,2022,Fracture,263,Marved,OpTic Gaming,Brimstone,0.94,226,15,15,3,76,145,26,1,0,1
112325,1014,2022,Fracture,817,FiNESSE,OpTic Gaming,Breach,0.61,148,10,14,4,71,80,32,1,1,0
112325,1014,2022,Fracture,4,crashies,OpTic Gaming,Kayo,0.49,89,4,13,4,53,71,25,0,0,0
112325,1014,2022,Fracture,261,Victor,OpTic Gaming,Neon,0.31,112,6,16,4,59,86,21,1,4,-3
112325,1014,2022,Breeze,804,BuZz,KIWOOM DRX,Chamber,1.04,219,13,13,0,59,141,27,1,2,-1
112325,1014,2022,Breeze,485,stax,KIWOOM DRX,Skye,0.92,216,12,14,1,53,141,41,3,0,3
112325,1014,2022,Breeze,4462,MaKo,KIWOOM DRX,Viper,0.81,175,11,14,3,59,101,25,2,1,1
112325,1014,2022,Breeze,772,Zest,KIWOOM DRX,Sova,0.41,96,4,13,4,59,69,14,0,0,0
112325,1014,2022,Breeze,488,Rb,KIWOOM DRX,Jett,0.31,112,6,14,1,59,67,25,3,5,-2
112325,1014,2022,Breeze,881,yay,OpTic Gaming,Chamber,1.91,336,22,8,3,76,225,32,4,2,2
112325,1014,2022,Breeze,817,FiNESSE,OpTic Gaming,Viper,1.33,171,11,6,8,88,111,29,0,0,0
112325,1014,2022,Breeze,263,Marved,OpTic Gaming,Kayo,1.17,217,13,11,5,82,141,37,2,0,2
112325,1014,2022,Breeze,261,Victor,OpTic Gaming,Jett,1.08,233,14,11,3,65,147,34,2,3,-1
112325,1014,2022,Breeze,4,crashies,OpTic Gaming,Sova,0.86,150,8,10,8,82,104,19,0,4,-4
112325,1014,2022,Bind,4462,MaKo,KIWOOM DRX,Viper,1.1,242,17,16,4,71,155,18,1,2,-1
112325,1014,2022,Bind,772,Zest,KIWOOM DRX,Brimstone,1.08,263,23,18,6,75,166,19,0,3,-3
112325,1014,2022,Bind,485,stax,KIWOOM DRX,Skye,0.88,155,16,16,3,58,101,43,1,2,-1
112325,1014,2022,Bind,488,Rb,KIWOOM DRX,Raze,0.74,195,16,20,4,58,134,35,2,8,-6
112325,1014,2022,Bind,804,BuZz,KIWOOM DRX,Chamber,0.36,96,7,18,3,42,60,17,2,3,-1
112325,1014,2022,Bind,261,Victor,OpTic Gaming,Raze,1.41,246,19,15,12,92,159,13,6,1,5
112325,1014,2022,Bind,263,Marved,OpTic Gaming,Brimstone,1.4,274,24,16,10,83,152,33,2,0,2
112325,1014,2022,Bind,881,yay,OpTic Gaming,Chamber,1.34,287,24,19,4,88,167,13,8,2,6
112325,1014,2022,Bind,4,crashies,OpTic Gaming,Skye,0.97,169,15,15,8,88,109,18,2,1,1
112325,1014,2022,Bind,817,FiNESSE,OpTic Gaming,Viper,0.66,88,6,14,11,67,60,6,0,2,-2
112328,1014,2022,Ascent,312,Sayf,Guild Esports,Chamber,1.34,263,23,14,4,79,160,21,4,4,0
112328,1014,2022,Ascent,2168,trexx,Guild Esports,Raze,1.14,221,18,17,5,79,146,21,4,1,3
112328,1014,2022,Ascent,1380,Leo,Guild Esports,Fade,1.01,222,19,16,6,83,128,14,1,0,1
112328,1014,2022,Ascent,1162,Russ,Guild Esports,Kayo,0.89,198,15,19,11,75,122,39,3,4,-1
112328,1014,2022,Ascent,339,koldamenta,Guild Esports,Astra,0.51,129,9,20,9,67,89,15,1,2,-1
112328,1014,2022,Ascent,98,ardiis,FunPlus Phoenix,Chamber,1.12,186,17,15,6,75,136,21,1,1,0
112328,1014,2022,Ascent,2858,SUYGETSU,FunPlus Phoenix,Sage,1.08,227,21,17,6,79,140,39,2,2,0
112328,1014,2022,Ascent,384,Shao,FunPlus Phoenix,Fade,1.06,193,16,15,8,83,133,20,2,2,0
112328,1014,2022,Ascent,11,Zyppan,FunPlus Phoenix,Kayo,0.98,214,16,19,8,83,150,37,3,1,2
112328,1014,2022,Ascent,109,ANGE1,FunPlus Phoenix,Omen,0.86,184,16,18,3,75,120,53,3,7,-4
112328,1014,2022,Breeze,312,Sayf,Guild Esports,Jett,1.77,364,21,7,2,75,222,23,6,2,4
112328,1014,2022,Breeze,339,koldamenta,Guild Esports,Viper,1.52,255,16,8,4,94,167,38,1,1,0
112328,1014,2022,Breeze,2168,trexx,Guild Esports,Cypher,1.34,229,13,8,4,81,155,19,2,1,1
112328,1014,2022,Breeze,1380,Leo,Guild Esports,Sova,1.29,164,10,6,6,88,111,30,1,0,1
112328,1014,2022,Breeze,1162,Russ,Guild Esports,Kayo,0.94,147,10,8,4,75,86,35,1,1,0
112328,1014,2022,Breeze,384,Shao,FunPlus Phoenix,Sova,1.07,254,13,13,0,63,184,35,1,0,1
112328,1014,2022,Breeze,98,ardiis,FunPlus Phoenix,Chamber,0.92,188,11,13,2,44,106,17,2,2,0
112328,1014,2022,Breeze,2858,SUYGETSU,FunPlus Phoenix,Viper,0.35,93,4,14,4,56,59,43,0,1,-1
112328,1014,2022,Breeze,11,Zyppan,FunPlus Phoenix,Kayo,0.26,103,5,15,1,50,61,45,1,5,-4
112328,1014,2022,Breeze,109,ANGE1,FunPlus Phoenix,Yoru,0.24,85,4,15,2,31,60,25,1,3,-2
112328,1014,2022,Bind,312,Sayf,Guild Esports,Skye,1.14,257,15,15,8,76,158,40,2,2,0
112328,1014,2022,Bind,339,koldamenta,Guild Esports,Astra,1.13,222,13,12,4,65,144,35,3,1,2
112328,1014,2022,Bind,2168,trexx,Guild Esports,Raze,0.75,198,10,16,3,47,134,15,1,1,0
112328,1014,2022,Bind,1162,Russ,Guild Esports,Viper,0.47,150,7,15,7,71,97,39,2,4,-2
112328,1014,2022,Bind,1380,Leo,Guild Esports,Fade,0.29,77,3,14,9,65,56,29,0,1,-1
112328,1014,2022,Bind,98,ardiis,FunPlus Phoenix,Kayo,1.83,349,20,10,14,88,189,11,2,2,0
112328,1014,2022,Bind,11,Zyppan,FunPlus Phoenix,Raze,1.69,298,20,9,2,71,182,31,2,1,1
112328,1014,2022,Bind,109,ANGE1,FunPlus Phoenix,Brimstone,1.1,209,14,10,7,76,143,30,2,2,0
112328,1014,2022,Bind,384,Shao,FunPlus Phoenix,Fade,0.96,142,8,8,4,82,93,20,0,0,0
112328,1014,2022,Bind,2858,SUYGETSU,FunPlus Phoenix,Viper,0.91,166,10,11,7,76,102,35,3,3,0
112286,1014,2022,Split,2610,Klaus,KRÜ Esports,Viper,0.87,209,14,16,6,60,129,18,1,1,0
112286,1014,2022,Split,1294,NagZ,KRÜ Esports,Chamber,0.86,201,15,16,1,75,125,27,4,4,0
112286,1014,2022,Split,2462,keznit,KRÜ Esports,Raze,0.85,185,12,15,5,50,135,22,2,3,-1
112286,1014,2022,Split,2468,delz1k,KRÜ Esports,Astra,0.65,133,9,16,3,70,98,20,1,2,-1
112286,1014,2022,Split,7603,Mazino,KRÜ Esports,Skye,0.43,93,7,16,4,65,57,15,1,1,0
112286,1014,2022,Split,263,Marved,OpTic Gaming,Astra,1.86,381,29,12,3,90,228,48,3,1,2
112286,1014,2022,Split,881,yay,OpTic Gaming,Chamber,1.33,271,19,13,2,80,168,19,6,2,4
112286,1014,2022,Split,4,crashies,OpTic Gaming,Kayo,1.18,164,11,8,9,85,111,25,1,1,0
112286,1014,2022,Split,261,Victor,OpTic Gaming,Raze,0.84,143,11,11,4,70,101,18,0,4,-4
112286,1014,2022,Split,817,FiNESSE,OpTic Gaming,Fade,0.77,137,9,13,5,75,88,20,1,1,0
112286,1014,2022,Haven,7603,Mazino,KRÜ Esports,Fade,1.08,227,14,14,3,74,161,28,2,3,-1
112286,1014,2022,Haven,2462,keznit,KRÜ Esports,Raze,0.9,222,14,17,2,63,136,28,3,2,1
112286,1014,2022,Haven,1294,NagZ,KRÜ Esports,Chamber,0.78,157,10,15,1,63,111,31,1,5,-4
112286,1014,2022,Haven,2610,Klaus,KRÜ Esports,Breach,0.78,174,12,17,4,68,107,28,1,2,-1
112286,1014,2022,Haven,2468,delz1k,KRÜ Esports,Omen,0.67,136,10,16,1,63,86,48,0,0,0
112286,1014,2022,Haven,263,Marved,OpTic Gaming,Omen,1.42,273,19,12,10,74,171,31,4,1,3
112286,1014,2022,Haven,881,yay,OpTic Gaming,Chamber,1.26,263,18,12,3,79,192,28,4,1,3
112286,1014,2022,Haven,261,Victor,OpTic Gaming,Neon,1.22,258,18,12,4,74,164,19,3,3,0
112286,1014,2022,Haven,817,FiNESSE,OpTic Gaming,Breach,1.08,187,12,11,8,79,130,22,1,0,1
112286,1014,2022,Haven,4,crashies,OpTic Gaming,Skye,0.78,177,12,13,9,74,103,36,0,2,-2
112329,1014,2022,Split,1311,Melser,LEVIATÁN,Astra,1.02,193,15,16,6,50,132,25,0,2,-2
112329,1014,2022,Split,8549,kiNgg,LEVIATÁN,Neon,0.97,237,19,17,2,59,148,29,3,5,-2
112329,1014,2022,Split,24007,Shyy,LEVIATÁN,Kayo,0.89,205,14,18,8,86,142,35,2,1,1
112329,1014,2022,Split,3828,Tacolilla,LEVIATÁN,Chamber,0.73,138,9,15,6,59,100,17,2,4,-2
112329,1014,2022,Split,3826,adverso,LEVIATÁN,Breach,0.67,151,11,18,10,64,90,39,2,1,1
112329,1014,2022,Split,4004,zekken,XSET,Raze,1.64,315,22,14,9,91,215,26,6,1,5
112329,1014,2022,Split,4147,Cryocells,XSET,Chamber,1.25,235,20,13,4,82,163,23,2,3,-1
112329,1014,2022,Split,864,BcJ,XSET,Omen,1.22,220,19,13,6,82,129,19,1,2,-1
112329,1014,2022,Split,824,AYRIN,XSET,Viper,0.85,168,12,15,12,82,100,8,1,1,0
112329,1014,2022,Split,882,dephh,XSET,Sage,0.81,147,11,13,10,77,96,24,3,2,1
112329,1014,2022,Ascent,1311,Melser,LEVIATÁN,Astra,1.62,291,29,18,12,79,190,36,1,2,-1
112329,1014,2022,Ascent,3828,Tacolilla,LEVIATÁN,Chamber,0.98,189,20,22,5,68,117,26,7,1,6
112329,1014,2022,Ascent,24007,Shyy,LEVIATÁN,Fade,0.95,153,15,18,9,64,104,29,2,2,0
112329,1014,2022,Ascent,3826,adverso,LEVIATÁN,Sova,0.77,206,20,24,9,61,144,29,5,2,3
112329,1014,2022,Ascent,8549,kiNgg,LEVIATÁN,Kayo,0.59,128,11,21,8,75,84,15,3,3,0
112329,1014,2022,Ascent,4147,Cryocells,XSET,Jett,1.38,282,28,18,4,71,181,24,5,1,4
112329,1014,2022,Ascent,4004,zekken,XSET,Sova,1.15,238,24,19,8,75,159,23,2,4,-2
112329,1014,2022,Ascent,864,BcJ,XSET,Omen,1.11,218,20,18,9,89,139,16,2,3,-1
112329,1014,2022,Ascent,882,dephh,XSET,Kayo,0.79,194,20,22,9,57,139,21,0,7,-7
112329,1014,2022,Ascent,824,AYRIN,XSET,Killjoy,0.65,118,11,18,0,71,83,18,1,3,-2
112329,1014,2022,Haven,3828,Tacolilla,LEVIATÁN,Chamber,1.27,240,26,18,2,67,135,19,5,3,2
112329,1014,2022,Haven,8549,kiNgg,LEVIATÁN,Raze,1.2,248,24,20,4,77,159,15,4,4,0
112329,1014,2022,Haven,24007,Shyy,LEVIATÁN,Fade,1.01,210,22,21,10,80,140,31,2,2,0
112329,1014,2022,Haven,1311,Melser,LEVIATÁN,Omen,0.84,175,17,21,17,63,107,40,0,2,-2
112329,1014,2022,Haven,3826,adverso,LEVIATÁN,Breach,0.82,182,18,22,9,67,114,23,2,6,-4
112329,1014,2022,Haven,4147,Cryocells,XSET,Chamber,1.12,209,22,20,1,67,129,24,6,3,3
112329,1014,2022,Haven,4004,zekken,XSET,Jett,1.03,226,21,21,4,63,151,20,2,4,-2
112329,1014,2022,Haven,882,dephh,XSET,Breach,0.88,209,23,23,6,63,125,20,4,2,2
112329,1014,2022,Haven,824,AYRIN,XSET,Omen,0.85,176,18,22,9,70,116,26,4,1,3
112329,1014,2022,Haven,864,BcJ,XSET,Skye,0.81,172,18,21,4,60,117,14,1,3,-2
112288,1014,2022,Ascent,488,Rb,KIWOOM DRX,Jett,1.33,278,19,13,5,71,160,29,8,3,5
112288,1014,2022,Ascent,485,stax,KIWOOM DRX,Kayo,1.2,238,18,15,13,86,153,30,0,1,-1
112288,1014,2022,Ascent,772,Zest,KIWOOM DRX,Fade,1.19,227,18,14,6,86,154,57,3,3,0
112288,1014,2022,Ascent,804,BuZz,KIWOOM DRX,Killjoy,1.13,163,12,10,3,71,120,23,1,1,0
112288,1014,2022,Ascent,4462,MaKo,KIWOOM DRX,Omen,1.09,141,11,11,12,76,83,21,0,1,-1
112288,1014,2022,Ascent,13039,Meteor,NORTHEPTION,Jett,1.04,239,17,17,5,67,154,17,5,2,3
112288,1014,2022,Ascent,7718,xnfri,NORTHEPTION,Kayo,0.87,211,14,16,7,67,143,33,1,1,0
112288,1014,2022,Ascent,4663,JoXJo,NORTHEPTION,Fade,0.87,142,10,14,8,62,98,18,1,1,0
112288,1014,2022,Ascent,2134,Derialy,NORTHEPTION,Killjoy,0.68,171,13,17,0,48,117,30,2,5,-3
112288,1014,2022,Ascent,7888,BlackWiz,NORTHEPTION,Astra,0.54,119,9,15,2,62,74,35,0,3,-3
112288,1014,2022,Bind,4462,MaKo,KIWOOM DRX,Viper,1.74,295,15,5,5,93,196,27,1,0,1
112288,1014,2022,Bind,772,Zest,KIWOOM DRX,Brimstone,1.51,236,12,4,10,93,152,46,2,1,1
112288,1014,2022,Bind,804,BuZz,KIWOOM DRX,Chamber,1.49,240,14,5,0,86,158,45,4,2,2
112288,1014,2022,Bind,488,Rb,KIWOOM DRX,Raze,1.48,267,13,6,4,100,163,29,2,2,0
112288,1014,2022,Bind,485,stax,KIWOOM DRX,Skye,1.44,203,12,4,4,79,138,57,0,0,0
112288,1014,2022,Bind,13039,Meteor,NORTHEPTION,Neon,0.7,143,6,13,3,64,90,20,2,1,1
112288,1014,2022,Bind,7888,BlackWiz,NORTHEPTION,Fade,0.49,124,6,13,2,43,82,24,1,1,0
112288,1014,2022,Bind,7718,xnfri,NORTHEPTION,Chamber,0.41,109,5,13,0,43,75,36,0,2,-2
112288,1014,2022,Bind,2134,Derialy,NORTHEPTION,Brimstone,0.38,107,5,14,1,36,67,57,1,4,-3
112288,1014,2022,Bind,4663,JoXJo,NORTHEPTION,Breach,0.19,73,2,13,3,29,70,25,1,1,0
112290,1014,2022,Split,23062,Surf,XERXIA Esports,Chamber,1.43,244,20,13,5,86,170,22,2,3,-1
112290,1014,2022,Split,6723,foxz,XERXIA Esports,Fade,1.31,203,17,10,8,86,134,30,1,1,0
112290,1014,2022,Split,3977,Crws,XERXIA Esports,Breach,1.28,223,19,12,6,82,154,34,3,0,3
112290,1014,2022,Split,4382,sScary,XERXIA Esports,Omen,1.05,212,16,15,9,82,145,27,3,3,0
112290,1014,2022,Split,3342,Sushiboys,XERXIA Esports,Raze,0.79,170,11,16,7,73,116,11,3,3,0
112290,1014,2022,Split,7718,xnfri,NORTHEPTION,Chamber,1.03,215,16,16,2,73,137,29,2,1,1
112290,1014,2022,Split,4663,JoXJo,NORTHEPTION,Breach,1.02,168,15,14,6,68,104,25,0,2,-2
112290,1014,2022,Split,13039,Meteor,NORTHEPTION,Jett,1.0,243,17,18,6,73,159,30,6,3,3
112290,1014,2022,Split,7888,BlackWiz,NORTHEPTION,Omen,0.79,169,15,17,1,59,111,18,1,2,-1
112290,1014,2022,Split,2134,Derialy,NORTHEPTION,Sage,0.26,52,3,18,5,59,37,10,1,4,-3
112290,1014,2022,Haven,6723,foxz,XERXIA Esports,Sova,1.41,267,19,16,7,62,166,23,3,2,1
112290,1014,2022,Haven,3342,Sushiboys,XERXIA Esports,Killjoy,1.0,200,13,16,4,62,141,14,5,2,3
112290,1014,2022,Haven,4382,sScary,XERXIA Esports,Astra,0.74,159,11,17,9,52,111,26,0,4,-4
112290,1014,2022,Haven,3977,Crws,XERXIA Esports,Breach,0.66,147,10,17,5,52,98,20,0,0,0
112290,1014,2022,Haven,23062,Surf,XERXIA Esports,Jett,0.31,89,6,16,0,52,62,0,1,4,-3
112290,1014,2022,Haven,13039,Meteor,NORTHEPTION,Jett,1.38,268,21,11,4,76,181,23,3,3,0
112290,1014,2022,Haven,2134,Derialy,NORTHEPTION,Killjoy,1.35,264,20,13,4,76,167,37,4,2,2
112290,1014,2022,Haven,4663,JoXJo,NORTHEPTION,Breach,1.26,234,18,10,11,86,155,29,0,1,-1
112290,1014,2022,Haven,7718,xnfri,NORTHEPTION,Skye,1.12,147,11,11,13,81,104,30,1,1,0
112290,1014,2022,Haven,7888,BlackWiz,NORTHEPTION,Omen,0.85,155,12,14,5,76,109,43,4,2,2
112290,1014,2022,Bind,4382,sScary,XERXIA Esports,Viper,1.13,174,15,18,15,71,118,13,2,1,1
112290,1014,2022,Bind,23062,Surf,XERXIA Esports,Chamber,1.06,204,19,19,5,75,125,19,8,5,3
112290,1014,2022,Bind,3977,Crws,XERXIA Esports,Brimstone,1.03,202,19,21,9,68,133,19,1,2,-1
112290,1014,2022,Bind,6723,foxz,XERXIA Esports,Skye,0.78,172,19,21,6,64,105,27,1,4,-3
112290,1014,2022,Bind,3342,Sushiboys,XERXIA Esports,Raze,0.73,149,14,23,7,64,96,5,1,3,-2
112290,1014,2022,Bind,13039,Meteor,NORTHEPTION,Chamber,1.42,257,27,14,1,79,160,30,9,4,5
112290,1014,2022,Bind,4663,JoXJo,NORTHEPTION,Skye,1.18,238,24,16,5,71,156,36,1,1,0
112290,1014,2022,Bind,7718,xnfri,NORTHEPTION,Raze,1.04,229,21,19,9,71,168,17,2,3,-1
112290,1014,2022,Bind,7888,BlackWiz,NORTHEPTION,Viper,0.86,187,18,18,7,64,114,32,3,5,-2
112290,1014,2022,Bind,2134,Derialy,NORTHEPTION,Brimstone,0.85,143,12,19,15,68,101,24,0,0,0
112291,1014,2022,Fracture,98,ardiis,FunPlus Phoenix,Chamber,1.35,301,24,14,2,73,184,22,3,2,1
112291,1014,2022,Fracture,11,Zyppan,FunPlus Phoenix,Raze,1.27,281,23,15,4,68,194,30,5,1,4
112291,1014,2022,Fracture,384,Shao,FunPlus Phoenix,Fade,1.17,167,15,12,3,77,108,42,1,0,1
112291,1014,2022,Fracture,217,SEIDER,FunPlus Phoenix,Viper,0.87,172,13,15,7,73,126,36,1,2,-1
112291,1014,2022,Fracture,109,ANGE1,FunPlus Phoenix,Omen,0.84,203,14,17,5,64,129,36,4,3,1
112291,1014,2022,Fracture,4663,JoXJo,NORTHEPTION,Breach,1.12,220,17,16,9,77,136,38,2,0,2
112291,1014,2022,Fracture,13039,Meteor,NORTHEPTION,Chamber,0.95,180,15,16,1,68,115,29,4,4,0
112291,1014,2022,Fracture,7718,xnfri,NORTHEPTION,Raze,0.82,184,14,18,4,64,126,18,2,3,-1
112291,1014,2022,Fracture,2134,Derialy,NORTHEPTION,Neon,0.72,210,16,20,2,55,135,15,0,6,-6
112291,1014,2022,Fracture,7888,BlackWiz,NORTHEPTION,Brimstone,0.67,151,11,19,7,59,101,18,0,1,-1
112291,1014,2022,Ascent,98,ardiis,FunPlus Phoenix,Chamber,1.64,383,29,17,3,82,242,25,6,1,5
112291,1014,2022,Ascent,384,Shao,FunPlus Phoenix,Fade,1.31,233,21,15,7,82,152,32,1,4,-3
112291,1014,2022,Ascent,109,ANGE1,FunPlus Phoenix,Omen,1.03,189,14,14,12,68,122,28,0,5,-5
112291,1014,2022,Ascent,11,Zyppan,FunPlus Phoenix,Kayo,0.95,184,13,15,8,73,124,20,1,2,-1
112291,1014,2022,Ascent,217,SEIDER,FunPlus Phoenix,Sage,0.91,145,12,13,8,73,107,38,1,1,0
112291,1014,2022,Ascent,2134,Derialy,NORTHEPTION,Killjoy,1.15,223,16,15,2,68,150,17,3,2,1
112291,1014,2022,Ascent,13039,Meteor,NORTHEPTION,Chamber,1.08,274,21,18,4,82,180,35,4,2,2
112291,1014,2022,Ascent,4663,JoXJo,NORTHEPTION,Fade,1.01,209,16,17,6,73,129,15,2,3,-1
112291,1014,2022,Ascent,7888,BlackWiz,NORTHEPTION,Astra,0.69,178,13,19,11,82,108,27,2,2,0
112291,1014,2022,Ascent,7718,xnfri,NORTHEPTION,Kayo,0.49,133,8,20,10,68,98,21,2,0,2
112283,1014,2022,Fracture,727,saadhak,LOUD,Sage,1.7,328,25,15,8,70,220,35,6,3,3
112283,1014,2022,Fracture,683,pANcada,LOUD,Brimstone,1.41,252,21,13,10,83,151,30,0,0,0
112283,1014,2022,Fracture,8480,aspas,LOUD,Raze,0.9,152,12,14,3,65,113,17,2,3,-1
112283,1014,2022,Fracture,659,Sacy,LOUD,Breach,0.76,135,10,17,11,70,96,21,1,0,1
112283,1014,2022,Fracture,8447,Less,LOUD,Chamber,0.64,145,10,18,3,57,99,23,4,4,0
112283,1014,2022,Fracture,1294,NagZ,KRÜ Esports,Chamber,1.25,223,21,15,2,74,159,26,3,4,-1
112283,1014,2022,Fracture,2462,keznit,KRÜ Esports,Raze,1.19,241,20,15,1,65,161,22,3,3,0
112283,1014,2022,Fracture,7603,Mazino,KRÜ Esports,Sage,0.89,220,18,17,9,65,148,23,2,2,0
112283,1014,2022,Fracture,2468,delz1k,KRÜ Esports,Brimstone,0.69,130,8,15,11,87,88,23,2,3,-1
112283,1014,2022,Fracture,2610,Klaus,KRÜ Esports,Breach,0.58,136,10,16,5,65,94,25,0,1,-1
112283,1014,2022,Haven,683,pANcada,LOUD,Omen,1.15,227,18,15,2,82,151,65,3,1,2
112283,1014,2022,Haven,727,saadhak,LOUD,Breach,0.93,220,14,16,7,73,154,28,2,0,2
112283,1014,2022,Haven,8480,aspas,LOUD,Raze,0.87,206,15,17,4,73,149,13,4,3,1
112283,1014,2022,Haven,659,Sacy,LOUD,Fade,0.79,186,14,16,8,64,107,32,1,5,-4
112283,1014,2022,Haven,8447,Less,LOUD,Chamber,0.71,153,12,15,2,64,101,20,2,1,1
112283,1014,2022,Haven,2462,keznit,KRÜ Esports,Raze,1.69,324,24,15,8,86,198,25,7,4,3
112283,1014,2022,Haven,2610,Klaus,KRÜ Esports,Breach,1.24,189,17,14,12,77,109,27,0,1,-1
112283,1014,2022,Haven,7603,Mazino,KRÜ Esports,Fade,1.08,189,17,14,6,73,131,33,1,2,-1
112283,1014,2022,Haven,1294,NagZ,KRÜ Esports,Chamber,0.77,148,13,15,3,59,101,21,2,4,-2
112283,1014,2022,Haven,2468,delz1k,KRÜ Esports,Omen,0.73,130,8,15,13,73,87,17,0,1,-1
112283,1014,2022,Icebox,8447,Less,LOUD,Viper,1.18,244,20,14,11,74,147,17,2,2,0
112283,1014,2022,Icebox,683,pANcada,LOUD,Sage,1.06,201,17,15,3,70,123,40,1,0,1
112283,1014,2022,Icebox,659,Sacy,LOUD,Fade,0.95,154,13,14,4,74,94,24,2,1,1
112283,1014,2022,Icebox,8480,aspas,LOUD,Chamber,0.83,175,14,15,4,70,127,25,3,4,-1
112283,1014,2022,Icebox,727,saadhak,LOUD,Kayo,0.73,186,12,20,10,70,132,18,4,4,0
112283,1014,2022,Icebox,7603,Mazino,KRÜ Esports,Sage,1.4,282,24,16,6,61,188,35,3,2,1
112283,1014,2022,Icebox,2468,delz1k,KRÜ Esports,Sova,1.26,211,16,14,5,61,145,26,4,0,4
112283,1014,2022,Icebox,2610,Klaus,KRÜ Esports,Viper,1.22,185,14,13,14,65,125,19,0,2,-2
112283,1014,2022,Icebox,2462,keznit,KRÜ Esports,Kayo,0.92,197,15,16,9,74,139,16,2,3,-1
112283,1014,2022,Icebox,1294,NagZ,KRÜ Esports,Chamber,0.6,123,9,17,2,65,85,17,2,5,-3
112285,1014,2022,Ascent,4,crashies,OpTic Gaming,Sova,1.15,202,15,14,6,52,127,22,1,1,0
112285,1014,2022,Ascent,817,FiNESSE,OpTic Gaming,Fade,1.06,229,17,16,2,52,135,14,3,2,1
112285,1014,2022,Ascent,881,yay,OpTic Gaming,Chamber,0.92,193,14,17,3,57,127,27,2,3,-1
112285,1014,2022,Ascent,261,Victor,OpTic Gaming,Kayo,0.53,110,5,16,7,43,78,24,1,3,-2
112285,1014,2022,Ascent,263,Marved,OpTic Gaming,Astra,0.38,119,7,18,3,52,84,26,2,3,-1
112285,1014,2022,Ascent,8480,aspas,LOUD,Jett,1.57,299,24,10,2,71,178,24,6,5,1
112285,1014,2022,Ascent,727,saadhak,LOUD,Kayo,1.33,255,18,12,9,81,171,29,2,1,1
112285,1014,2022,Ascent,683,pANcada,LOUD,Omen,1.05,188,14,13,9,71,117,28,3,0,3
112285,1014,2022,Ascent,659,Sacy,LOUD,Sova,0.99,163,14,12,3,86,117,54,0,3,-3
112285,1014,2022,Ascent,8447,Less,LOUD,Killjoy,0.95,160,11,11,5,76,122,24,1,0,1
112285,1014,2022,Fracture,881,yay,OpTic Gaming,Chamber,1.57,268,21,10,2,86,169,18,2,0,2
112285,1014,2022,Fracture,263,Marved,OpTic Gaming,Brimstone,1.36,314,23,16,6,81,191,33,4,3,1
112285,1014,2022,Fracture,261,Victor,OpTic Gaming,Neon,1.05,272,19,16,6,86,171,33,6,1,5
112285,1014,2022,Fracture,4,crashies,OpTic Gaming,Kayo,1.0,165,13,13,11,67,108,30,2,0,2
112285,1014,2022,Fracture,817,FiNESSE,OpTic Gaming,Breach,0.86,139,11,12,6,81,94,23,1,2,-1
112285,1014,2022,Fracture,8480,aspas,LOUD,Raze,1.27,318,22,18,3,76,194,24,4,3,1
112285,1014,2022,Fracture,727,saadhak,LOUD,Sage,0.95,170,14,17,7,57,96,27,1,4,-3
112285,1014,2022,Fracture,683,pANcada,LOUD,Brimstone,0.94,178,12,16,12,62,130,43,0,4,-4
112285,1014,2022,Fracture,8447,Less,LOUD,Chamber,0.56,138,11,18,3,62,97,28,1,2,-1
112285,1014,2022,Fracture,659,Sacy,LOUD,Breach,0.53,134,8,18,6,62,100,18,0,2,-2
112285,1014,2022,Split,261,Victor,OpTic Gaming,Raze,1.2,249,22,19,7,77,162,24,4,5,-1
112285,1014,2022,Split,881,yay,OpTic Gaming,Chamber,1.19,271,24,19,3,62,171,23,6,7,-1
112285,1014,2022,Split,4,crashies,OpTic Gaming,Kayo,1.19,201,19,15,9,77,144,21,0,1,-1
112285,1014,2022,Split,263,Marved,OpTic Gaming,Astra,1.11,166,18,13,4,77,111,39,0,1,-1
112285,1014,2022,Split,817,FiNESSE,OpTic Gaming,Fade,0.66,107,8,17,5,58,85,14,0,2,-2
112285,1014,2022,Split,727,saadhak,LOUD,Fade,1.14,210,17,18,11,77,149,24,6,3,3
112285,1014,2022,Split,8447,Less,LOUD,Viper,1.07,195,17,17,8,65,119,23,4,0,4
112285,1014,2022,Split,8480,aspas,LOUD,Raze,0.87,242,22,20,5,65,175,23,4,3,1
112285,1014,2022,Split,659,Sacy,LOUD,Breach,0.82,154,14,19,5,73,98,24,1,0,1
112285,1014,2022,Split,683,pANcada,LOUD,Astra,0.74,129,13,18,4,62,99,36,1,4,-3
112323,1014,2022,Haven,4147,Cryocells,XSET,Chamber,1.43,282,20,14,3,80,175,26,1,0,1
112323,1014,2022,Haven,4004,zekken,XSET,Jett,1.13,252,19,17,3,85,140,25,6,4,2
112323,1014,2022,Haven,864,BcJ,XSET,Skye,0.8,137,8,13,7,75,95,13,1,2,-1
112323,1014,2022,Haven,824,AYRIN,XSET,Omen,0.56,121,9,17,6,65,74,23,0,1,-1
112323,1014,2022,Haven,882,dephh,XSET,Breach,0.33,73,4,16,7,50,52,17,0,5,-5
112323,1014,2022,Haven,881,yay,OpTic Gaming,Chamber,1.37,254,18,10,4,70,152,14,2,2,0
112323,1014,2022,Haven,261,Victor,OpTic Gaming,Neon,1.19,289,19,14,4,75,175,26,7,3,4
112323,1014,2022,Haven,817,FiNESSE,OpTic Gaming,Breach,1.09,166,14,12,6,85,121,34,1,1,0
112323,1014,2022,Haven,263,Marved,OpTic Gaming,Omen,1.0,184,13,13,8,80,112,36,1,0,1
112323,1014,2022,Haven,4,crashies,OpTic Gaming,Skye,0.93,167,13,11,4,65,108,18,1,2,-1
112323,1014,2022,Bind,4147,Cryocells,XSET,Chamber,1.35,240,16,11,1,79,152,23,4,0,4
112323,1014,2022,Bind,882,dephh,XSET,Brimstone,0.85,153,10,12,5,68,121,32,0,4,-4
112323,1014,2022,Bind,824,AYRIN,XSET,Viper,0.75,175,11,16,5,63,98,20,3,2,1
112323,1014,2022,Bind,4004,zekken,XSET,Raze,0.64,177,11,16,2,58,120,18,1,4,-3
112323,1014,2022,Bind,864,BcJ,XSET,Skye,0.58,137,8,16,5,63,99,18,0,1,-1
112323,1014,2022,Bind,4,crashies,OpTic Gaming,Skye,1.8,309,22,9,5,79,214,30,1,0,1
112323,1014,2022,Bind,817,FiNESSE,OpTic Gaming,Viper,1.12,204,14,11,5,53,125,21,2,1,1
112323,1014,2022,Bind,261,Victor,OpTic Gaming,Raze,1.08,232,14,12,4,63,163,18,6,3,3
112323,1014,2022,Bind,263,Marved,OpTic Gaming,Brimstone,0.91,163,12,12,3,84,106,58,0,1,-1
112323,1014,2022,Bind,881,yay,OpTic Gaming,Chamber,0.86,143,9,12,5,68,100,10,2,3,-1
112284,1014,2022,Bind,1380,Leo,Guild Esports,Fade,1.64,281,28,15,9,85,193,32,1,0,1
112284,1014,2022,Bind,312,Sayf,Guild Esports,Skye,1.14,229,22,18,1,58,132,31,3,3,0
112284,1014,2022,Bind,2168,trexx,Guild Esports,Raze,1.03,247,18,20,13,85,170,14,7,6,1
112284,1014,2022,Bind,339,koldamenta,Guild Esports,Astra,0.93,134,13,15,8,69,94,26,1,2,-1
112284,1014,2022,Bind,1162,Russ,Guild Esports,Viper,0.41,86,5,18,7,50,64,17,0,3,-3
112284,1014,2022,Bind,2462,keznit,KRÜ Esports,Raze,1.26,273,22,17,6,73,179,18,7,2,5
112284,1014,2022,Bind,2468,delz1k,KRÜ Esports,Brimstone,1.22,176,19,14,9,85,95,14,1,3,-2
112284,1014,2022,Bind,1294,NagZ,KRÜ Esports,Chamber,1.14,196,20,16,3,85,139,17,1,1,0
112284,1014,2022,Bind,7603,Mazino,KRÜ Esports,Skye,0.81,190,15,20,11,73,124,23,2,2,0
112284,1014,2022,Bind,2610,Klaus,KRÜ Esports,Viper,0.57,140,10,19,16,62,87,17,3,4,-1
112284,1014,2022,Fracture,2168,trexx,Guild Esports,Raze,1.87,325,20,10,13,84,262,21,1,1,0
112284,1014,2022,Fracture,312,Sayf,Guild Esports,Chamber,1.32,242,17,9,2,74,138,20,1,1,0
112284,1014,2022,Fracture,1380,Leo,Guild Esports,Breach,1.18,225,17,12,3,89,114,10,4,0,4
112284,1014,2022,Fracture,339,koldamenta,Guild Esports,Brimstone,1.15,164,12,8,9,79,106,19,2,2,0
112284,1014,2022,Fracture,1162,Russ,Guild Esports,Sage,0.85,147,9,11,10,84,89,23,2,5,-3
112284,1014,2022,Fracture,2462,keznit,KRÜ Esports,Raze,0.98,229,13,16,3,58,168,9,4,2,2
112284,1014,2022,Fracture,2610,Klaus,KRÜ Esports,Breach,0.88,139,11,12,2,63,94,18,0,0,0
112284,1014,2022,Fracture,2468,delz1k,KRÜ Esports,Brimstone,0.64,148,9,14,1,53,98,17,1,1,0
112284,1014,2022,Fracture,1294,NagZ,KRÜ Esports,Chamber,0.59,127,8,14,3,58,86,24,1,5,-4
112284,1014,2022,Fracture,7603,Mazino,KRÜ Esports,Sage,0.48,168,9,19,6,53,107,12,3,2,1
112284,1014,2022,Icebox,2168,trexx,Guild Esports,Kayo,1.43,260,31,19,7,80,174,33,0,6,-6
112284,1014,2022,Icebox,1380,Leo,Guild Esports,Sova,1.2,249,26,22,9,77,183,24,1,0,1
112284,1014,2022,Icebox,339,koldamenta,Guild Esports,Viper,0.95,178,18,20,14,77,120,31,1,2,-1
112284,1014,2022,Icebox,312,Sayf,Guild Esports,Chamber,0.89,232,25,22,7,70,151,24,4,7,-3
112284,1014,2022,Icebox,1162,Russ,Guild Esports,Sage,0.81,201,18,25,13,77,130,35,8,1,7
112284,1014,2022,Icebox,7603,Mazino,KRÜ Esports,Sage,1.43,286,29,22,14,80,169,22,3,1,2
112284,1014,2022,Icebox,1294,NagZ,KRÜ Esports,Chamber,1.09,231,24,23,2,70,154,33,7,3,4
112284,1014,2022,Icebox,2462,keznit,KRÜ Esports,Kayo,0.91,228,23,26,8,67,152,26,4,6,-2
112284,1014,2022,Icebox,2610,Klaus,KRÜ Esports,Viper,0.9,200,19,24,15,77,137,33,1,2,-1
112284,1014,2022,Icebox,2468,delz1k,KRÜ Esports,Sova,0.68,122,13,23,10,63,93,23,1,2,-1
112322,1014,2022,Ascent,3828,Tacolilla,LEVIATÁN,Chamber,1.81,303,23,9,0,74,181,29,5,2,3
112322,1014,2022,Ascent,8549,kiNgg,LEVIATÁN,Kayo,1.53,291,20,10,8,84,190,31,5,1,4
112322,1014,2022,Ascent,24007,Shyy,LEVIATÁN,Fade,0.99,164,13,11,3,95,115,29,1,1,0
112322,1014,2022,Ascent,3826,adverso,LEVIATÁN,Sova,0.94,231,14,14,4,79,146,29,3,1,2
112322,1014,2022,Ascent,1311,Melser,LEVIATÁN,Astra,0.6,134,8,13,9,68,87,18,0,0,0
112322,1014,2022,Ascent,4462,MaKo,KIWOOM DRX,Astra,1.41,263,17,14,9,79,170,32,1,2,-1
112322,1014,2022,Ascent,804,BuZz,KIWOOM DRX,Killjoy,1.07,222,15,14,2,58,142,24,1,2,-1
112322,1014,2022,Ascent,485,stax,KIWOOM DRX,Kayo,0.75,155,10,15,6,68,99,32,1,1,0
112322,1014,2022,Ascent,488,Rb,KIWOOM DRX,Jett,0.5,143,10,17,1,37,88,16,2,7,-5
112322,1014,2022,Ascent,772,Zest,KIWOOM DRX,Fade,0.3,91,5,18,5,53,65,45,0,2,-2
112322,1014,2022,Breeze,3826,adverso,LEVIATÁN,Sova,1.31,243,15,14,5,78,166,38,4,0,4
112322,1014,2022,Breeze,3828,Tacolilla,LEVIATÁN,Chamber,0.99,185,10,15,3,50,121,27,2,1,1
112322,1014,2022,Breeze,24007,Shyy,LEVIATÁN,Skye,0.92,184,13,15,4,56,115,33,2,2,0
112322,1014,2022,Breeze,1311,Melser,LEVIATÁN,Viper,0.58,152,8,15,2,50,104,32,1,2,-1
112322,1014,2022,Breeze,8549,kiNgg,LEVIATÁN,Kayo,0.19,76,2,16,7,39,61,4,1,3,-2
112322,1014,2022,Breeze,4462,MaKo,KIWOOM DRX,Viper,1.57,239,13,8,24,100,141,28,1,0,1
112322,1014,2022,Breeze,804,BuZz,KIWOOM DRX,Chamber,1.36,179,14,6,4,78,136,17,0,1,-1
112322,1014,2022,Breeze,485,stax,KIWOOM DRX,Skye,1.16,225,16,10,5,89,131,30,2,2,0
112322,1014,2022,Breeze,488,Rb,KIWOOM DRX,Jett,1.06,246,16,12,6,61,161,17,4,7,-3
112322,1014,2022,Breeze,772,Zest,KIWOOM DRX,Sova,1.05,240,16,12,3,83,157,28,1,0,1
112322,1014,2022,Haven,8549,kiNgg,LEVIATÁN,Raze,1.12,213,17,16,5,63,147,15,3,3,0
112322,1014,2022,Haven,1311,Melser,LEVIATÁN,Omen,0.95,158,14,16,7,67,108,30,0,2,-2
112322,1014,2022,Haven,3828,Tacolilla,LEVIATÁN,Chamber,0.92,195,17,17,2,63,121,26,5,1,4
112322,1014,2022,Haven,3826,adverso,LEVIATÁN,Breach,0.85,160,15,17,3,83,97,34,5,1,4
112322,1014,2022,Haven,24007,Shyy,LEVIATÁN,Fade,0.82,170,14,18,7,71,105,36,1,3,-2
112322,1014,2022,Haven,804,BuZz,KIWOOM DRX,Killjoy,1.27,252,21,15,3,79,161,17,1,4,-3
112322,1014,2022,Haven,485,stax,KIWOOM DRX,Breach,1.27,244,21,16,10,75,167,43,0,3,-3
112322,1014,2022,Haven,4462,MaKo,KIWOOM DRX,Omen,0.96,177,13,15,18,67,118,22,0,1,-1
112322,1014,2022,Haven,488,Rb,KIWOOM DRX,Jett,0.91,198,17,16,0,63,119,33,6,4,2
112322,1014,2022,Haven,772,Zest,KIWOOM DRX,Sova,0.91,159,12,15,6,67,110,29,3,2,1
112289,1014,2022,Haven,384,Shao,FunPlus Phoenix,Fade,2.18,386,29,11,8,81,253,44,1,1,0
112289,1014,2022,Haven,98,ardiis,FunPlus Phoenix,Chamber,1.39,296,24,15,1,81,191,26,4,1,3
112289,1014,2022,Haven,11,Zyppan,FunPlus Phoenix,Raze,0.71,184,12,16,9,76,135,13,1,1,0
112289,1014,2022,Haven,217,SEIDER,FunPlus Phoenix,Omen,0.6,136,11,17,3,76,85,36,0,5,-5
112289,1014,2022,Haven,109,ANGE1,FunPlus Phoenix,Breach,0.49,109,8,17,7,62,66,47,2,5,-3
112289,1014,2022,Haven,488,Rb,KIWOOM DRX,Jett,1.45,297,23,16,2,62,150,13,10,4,6
112289,1014,2022,Haven,4462,MaKo,KIWOOM DRX,Astra,0.97,226,17,17,6,86,146,22,1,0,1
112289,1014,2022,Haven,485,stax,KIWOOM DRX,Breach,0.83,186,15,18,6,71,124,33,0,2,-2
112289,1014,2022,Haven,804,BuZz,KIWOOM DRX,Killjoy,0.7,166,10,17,5,57,138,27,2,2,0
112289,1014,2022,Haven,772,Zest,KIWOOM DRX,Sova,0.6,141,11,16,4,71,94,30,0,0,0
112289,1014,2022,Fracture,98,ardiis,FunPlus Phoenix,Chamber,1.14,235,16,13,1,63,155,31,1,3,-2
112289,1014,2022,Fracture,11,Zyppan,FunPlus Phoenix,Raze,0.96,253,15,18,4,63,159,26,4,2,2
112289,1014,2022,Fracture,384,Shao,FunPlus Phoenix,Fade,0.93,151,10,14,8,58,106,33,1,1,0
112289,1014,2022,Fracture,217,SEIDER,FunPlus Phoenix,Viper,0.7,122,8,14,6,68,94,19,0,0,0
112289,1014,2022,Fracture,109,ANGE1,FunPlus Phoenix,Omen,0.21,75,5,16,4,53,46,11,1,6,-5
112289,1014,2022,Fracture,485,stax,KIWOOM DRX,Kayo,1.45,242,17,10,14,89,134,18,3,2,1
112289,1014,2022,Fracture,4462,MaKo,KIWOOM DRX,Brimstone,1.4,215,16,8,7,95,140,22,1,0,1
112289,1014,2022,Fracture,804,BuZz,KIWOOM DRX,Chamber,1.12,219,16,12,1,84,133,21,3,1,2
112289,1014,2022,Fracture,772,Zest,KIWOOM DRX,Fade,1.06,220,13,11,8,74,134,34,2,0,2
112289,1014,2022,Fracture,488,Rb,KIWOOM DRX,Neon,0.94,213,13,13,7,84,131,14,3,4,-1
112289,1014,2022,Breeze,384,Shao,FunPlus Phoenix,Jett,1.46,292,19,15,3,74,189,38,7,2,5
112289,1014,2022,Breeze,98,ardiis,FunPlus Phoenix,Chamber,0.96,191,14,15,2,58,123,48,1,1,0
112289,1014,2022,Breeze,11,Zyppan,FunPlus Phoenix,Kayo,0.79,184,10,15,8,63,143,22,0,2,-2
112289,1014,2022,Breeze,217,SEIDER,FunPlus Phoenix,Viper,0.68,150,8,16,6,53,109,45,1,0,1
112289,1014,2022,Breeze,109,ANGE1,FunPlus Phoenix,Fade,0.55,102,7,14,7,58,67,38,0,5,-5
112289,1014,2022,Breeze,485,stax,KIWOOM DRX,Skye,1.53,298,22,11,5,89,207,39,2,1,1
112289,1014,2022,Breeze,804,BuZz,KIWOOM DRX,Chamber,1.35,224,17,9,1,74,146,35,1,2,-1
112289,1014,2022,Breeze,4462,MaKo,KIWOOM DRX,Viper,1.31,224,13,10,14,79,140,20,1,0,1
112289,1014,2022,Breeze,772,Zest,KIWOOM DRX,Sova,0.73,132,9,13,5,68,90,44,3,1,2
112289,1014,2022,Breeze,488,Rb,KIWOOM DRX,Jett,0.7,194,14,15,2,63,134,34,3,5,-2
112332,1014,2022,Split,2858,SUYGETSU,FunPlus Phoenix,Killjoy,1.43,303,30,19,4,64,201,29,4,2,2
112332,1014,2022,Split,98,ardiis,FunPlus Phoenix,Kayo,0.97,179,15,18,16,82,122,16,1,1,0
112332,1014,2022,Split,11,Zyppan,FunPlus Phoenix,Raze,0.89,207,19,22,3,71,145,21,4,3,1
112332,1014,2022,Split,384,Shao,FunPlus Phoenix,Astra,0.85,127,14,16,2,75,88,28,2,2,0
112332,1014,2022,Split,109,ANGE1,FunPlus Phoenix,Viper,0.71,175,15,21,10,61,125,20,3,6,-3
112332,1014,2022,Split,5022,Derke,FNATIC,Chamber,1.21,260,25,20,5,79,182,31,8,4,4
112332,1014,2022,Split,9810,Alfajer,FNATIC,Raze,1.09,234,21,20,8,71,173,18,4,3,1
112332,1014,2022,Split,114,Enzo,FNATIC,Fade,1.07,163,18,18,6,79,108,27,0,1,-1
112332,1014,2022,Split,438,Boaster,FNATIC,Omen,1.02,168,17,16,6,64,105,15,0,3,-3
112332,1014,2022,Split,1457,Mistic,FNATIC,Viper,0.83,160,15,19,10,82,117,22,2,3,-1
112332,1014,2022,Bind,2858,SUYGETSU,FunPlus Phoenix,Viper,1.52,286,22,13,4,80,177,33,1,2,-1
112332,1014,2022,Bind,384,Shao,FunPlus Phoenix,Fade,1.2,198,15,11,4,75,127,27,1,2,-1
112332,1014,2022,Bind,11,Zyppan,FunPlus Phoenix,Raze,1.08,241,16,15,7,75,168,26,2,2,0
112332,1014,2022,Bind,109,ANGE1,FunPlus Phoenix,Brimstone,1.04,220,16,13,4,75,143,37,5,4,1
112332,1014,2022,Bind,98,ardiis,FunPlus Phoenix,Kayo,0.86,167,11,13,12,75,106,14,1,1,0
112332,1014,2022,Bind,9810,Alfajer,FNATIC,Viper,1.11,243,17,15,3,75,160,25,1,0,1
112332,1014,2022,Bind,5022,Derke,FNATIC,Raze,1.04,257,16,17,6,70,175,31,6,5,1
112332,1014,2022,Bind,114,Enzo,FNATIC,Fade,0.8,127,9,15,5,65,89,36,0,0,0
112332,1014,2022,Bind,1457,Mistic,FNATIC,Skye,0.76,170,12,16,7,85,120,26,1,3,-2
112332,1014,2022,Bind,438,Boaster,FNATIC,Astra,0.57,149,10,17,4,80,102,16,2,1,1
112332,1014,2022,Fracture,384,Shao,FunPlus Phoenix,Fade,1.6,262,17,9,10,83,177,26,0,1,-1
112332,1014,2022,Fracture,2858,SUYGETSU,FunPlus Phoenix,Viper,1.53,279,20,9,4,89,173,31,1,1,0
112332,1014,2022,Fracture,11,Zyppan,FunPlus Phoenix,Raze,1.44,236,15,9,7,83,163,26,3,0,3
112332,1014,2022,Fracture,98,ardiis,FunPlus Phoenix,Chamber,1.11,236,16,11,1,61,134,23,4,3,1
112332,1014,2022,Fracture,109,ANGE1,FunPlus Phoenix,Omen,0.65,134,8,13,4,78,92,20,2,3,-1
112332,1014,2022,Fracture,5022,Derke,FNATIC,Chamber,0.86,217,13,16,2,50,135,29,4,2,2
112332,1014,2022,Fracture,9810,Alfajer,FNATIC,Raze,0.85,246,14,16,3,56,177,38,4,2,2
112332,1014,2022,Fracture,114,Enzo,FNATIC,Viper,0.8,160,10,14,2,67,107,33,0,1,-1
112332,1014,2022,Fracture,1457,Mistic,FNATIC,Breach,0.59,101,7,14,3,61,71,26,0,1,-1
112332,1014,2022,Fracture,438,Boaster,FNATIC,Brimstone,0.48,125,7,16,5,67,73,15,0,4,-4
112331,1014,2022,Fracture,9810,Alfajer,FNATIC,Raze,1.29,289,25,17,5,77,207,35,6,3,3
112331,1014,2022,Fracture,5022,Derke,FNATIC,Chamber,1.16,245,23,19,2,77,154,23,5,6,-1
112331,1014,2022,Fracture,114,Enzo,FNATIC,Viper,1.1,203,18,17,12,81,137,22,1,1,0
112331,1014,2022,Fracture,1457,Mistic,FNATIC,Breach,1.0,163,14,15,15,77,113,29,1,1,0
112331,1014,2022,Fracture,438,Boaster,FNATIC,Brimstone,0.96,163,15,17,14,73,94,16,1,1,0
112331,1014,2022,Fracture,3828,Tacolilla,LEVIATÁN,Chamber,1.3,209,20,14,0,65,132,32,2,0,2
112331,1014,2022,Fracture,24007,Shyy,LEVIATÁN,Kayo,1.16,235,19,18,12,65,152,25,2,1,1
112331,1014,2022,Fracture,3826,adverso,LEVIATÁN,Breach,1.05,194,18,17,7,69,130,40,0,2,-2
112331,1014,2022,Fracture,1311,Melser,LEVIATÁN,Brimstone,0.73,158,15,21,10,65,100,13,0,2,-2
112331,1014,2022,Fracture,8549,kiNgg,LEVIATÁN,Neon,0.44,169,13,25,5,62,100,16,8,9,-1
112331,1014,2022,Ascent,9810,Alfajer,FNATIC,Sage,1.07,193,16,15,5,78,129,43,3,4,-1
112331,1014,2022,Ascent,5022,Derke,FNATIC,Chamber,1.07,214,17,16,4,65,139,37,5,3,2
112331,1014,2022,Ascent,1457,Mistic,FNATIC,Kayo,1.04,180,14,13,7,61,116,38,0,1,-1
112331,1014,2022,Ascent,114,Enzo,FNATIC,Fade,0.92,140,11,13,6,61,92,16,1,1,0
112331,1014,2022,Ascent,438,Boaster,FNATIC,Omen,0.52,158,8,20,11,57,117,19,2,3,-1
112331,1014,2022,Ascent,1311,Melser,LEVIATÁN,Astra,1.37,225,20,11,7,74,143,38,1,2,-1
112331,1014,2022,Ascent,3828,Tacolilla,LEVIATÁN,Chamber,1.16,220,18,12,2,74,122,31,4,2,2
112331,1014,2022,Ascent,3826,adverso,LEVIATÁN,Sova,1.08,246,18,16,6,65,154,18,3,3,0
112331,1014,2022,Ascent,24007,Shyy,LEVIATÁN,Fade,0.87,116,9,11,8,78,79,32,1,1,0
112331,1014,2022,Ascent,8549,kiNgg,LEVIATÁN,Kayo,0.68,156,12,16,10,70,103,19,3,3,0
112331,1014,2022,Bind,438,Boaster,FNATIC,Astra,1.44,296,31,20,16,78,194,23,3,3,0
112331,1014,2022,Bind,114,Enzo,FNATIC,Fade,1.32,210,24,16,15,84,129,24,2,1,1
112331,1014,2022,Bind,9810,Alfajer,FNATIC,Viper,1.08,207,24,21,11,84,131,34,3,2,1
112331,1014,2022,Bind,1457,Mistic,FNATIC,Skye,0.95,164,20,21,11,81,96,21,2,1,1
112331,1014,2022,Bind,5022,Derke,FNATIC,Raze,0.68,178,16,25,10,75,118,19,7,8,-1
112331,1014,2022,Bind,3826,adverso,LEVIATÁN,Viper,1.17,254,29,24,7,63,173,36,3,6,-3
112331,1014,2022,Bind,3828,Tacolilla,LEVIATÁN,Chamber,0.96,159,19,20,5,78,108,29,1,2,-1
112331,1014,2022,Bind,1311,Melser,LEVIATÁN,Brimstone,0.93,181,20,22,7,72,113,23,4,2,2
112331,1014,2022,Bind,24007,Shyy,LEVIATÁN,Skye,0.81,142,16,24,14,69,87,22,1,1,0
112331,1014,2022,Bind,8549,kiNgg,LEVIATÁN,Raze,0.75,199,19,25,10,69,139,20,6,6,0
112327,1014,2022,Bind,7378,Jinggg,Paper Rex,Raze,1.14,287,14,14,4,75,182,31,4,2,2
112327,1014,2022,Bind,9800,mindfreak,Paper Rex,Brimstone,0.81,157,9,14,8,56,99,30,0,2,-2
112327,1014,2022,Bind,9802,Benkai,Paper Rex,Breach,0.54,127,8,14,3,69,65,31,1,0,1
112327,1014,2022,Bind,9803,d4v41,Paper Rex,Fade,0.46,96,5,14,7,69,64,24,0,1,-1
112327,1014,2022,Bind,9801,f0rsakeN,Paper Rex,Yoru,0.31,126,6,15,4,56,88,41,2,4,-2
112327,1014,2022,Bind,384,Shao,FunPlus Phoenix,Sage,1.77,296,18,7,9,94,203,53,1,2,-1
112327,1014,2022,Bind,109,ANGE1,FunPlus Phoenix,Brimstone,1.75,321,18,8,6,88,190,40,3,0,3
112327,1014,2022,Bind,2858,SUYGETSU,FunPlus Phoenix,Viper,1.33,174,13,6,2,81,120,61,1,0,1
112327,1014,2022,Bind,11,Zyppan,FunPlus Phoenix,Raze,1.13,266,14,11,3,88,176,29,4,2,2
112327,1014,2022,Bind,98,ardiis,FunPlus Phoenix,Kayo,0.81,129,8,10,4,75,86,19,0,3,-3
112327,1014,2022,Icebox,9802,Benkai,Paper Rex,Fade,1.4,238,16,12,11,85,139,24,2,1,1
112327,1014,2022,Icebox,9803,d4v41,Paper Rex,Chamber,1.06,210,15,14,7,70,144,16,2,1,1
112327,1014,2022,Icebox,7378,Jinggg,Paper Rex,Sage,1.01,290,20,18,6,70,188,25,3,2,1
112327,1014,2022,Icebox,9800,mindfreak,Paper Rex,Viper,0.97,163,13,13,7,70,104,34,1,1,0
112327,1014,2022,Icebox,9801,f0rsakeN,Paper Rex,Jett,0.89,185,14,14,2,60,126,25,2,5,-3
112327,1014,2022,Icebox,11,Zyppan,FunPlus Phoenix,Kayo,1.19,264,19,16,4,75,157,52,3,2,1
112327,1014,2022,Icebox,2858,SUYGETSU,FunPlus Phoenix,Viper,1.15,240,16,15,7,80,152,29,2,1,1
112327,1014,2022,Icebox,384,Shao,FunPlus Phoenix,Sage,1.05,233,14,16,11,90,150,41,0,1,-1
112327,1014,2022,Icebox,109,ANGE1,FunPlus Phoenix,Fade,0.84,199,15,17,4,65,143,44,2,1,1
112327,1014,2022,Icebox,98,ardiis,FunPlus Phoenix,Chamber,0.55,113,7,14,2,60,73,13,3,5,-2
112327,1014,2022,Fracture,9803,d4v41,Paper Rex,Chamber,1.03,215,14,14,2,70,133,14,1,1,0
112327,1014,2022,Fracture,9800,mindfreak,Paper Rex,Viper,0.97,156,12,14,2,70,118,55,0,1,-1
112327,1014,2022,Fracture,7378,Jinggg,Paper Rex,Raze,0.92,219,16,17,4,65,137,20,2,2,0
112327,1014,2022,Fracture,9802,Benkai,Paper Rex,Breach,0.71,156,12,17,4,65,89,46,0,1,-1
112327,1014,2022,Fracture,9801,f0rsakeN,Paper Rex,Neon,0.63,163,10,16,4,65,111,22,6,6,0
112327,1014,2022,Fracture,2858,SUYGETSU,FunPlus Phoenix,Viper,1.59,289,22,12,5,75,170,23,2,1,1
112327,1014,2022,Fracture,384,Shao,FunPlus Phoenix,Fade,1.28,218,15,11,10,75,183,33,3,2,1
112327,1014,2022,Fracture,98,ardiis,FunPlus Phoenix,Chamber,1.01,185,14,12,3,75,126,18,1,1,0
112327,1014,2022,Fracture,109,ANGE1,FunPlus Phoenix,Omen,0.85,166,12,14,4,60,109,18,2,2,0
112327,1014,2022,Fracture,11,Zyppan,FunPlus Phoenix,Raze,0.82,216,15,15,1,60,143,14,3,3,0
112327,1014,2022,Haven,9801,f0rsakeN,Paper Rex,Chamber,1.44,312,23,14,4,85,193,36,4,2,2
112327,1014,2022,Haven,9800,mindfreak,Paper Rex,Astra,1.37,173,14,8,3,80,115,31,0,0,0
112327,1014,2022,Haven,7378,Jinggg,Paper Rex,Raze,1.36,343,25,17,1,75,202,18,7,3,4
112327,1014,2022,Haven,9803,d4v41,Paper Rex,Fade,0.89,173,11,13,12,75,114,24,1,1,0
112327,1014,2022,Haven,9802,Benkai,Paper Rex,Sage,0.57,115,8,14,12,65,63,20,1,1,0
112327,1014,2022,Haven,384,Shao,FunPlus Phoenix,Fade,1.14,254,18,16,4,65,160,35,2,0,2
112327,1014,2022,Haven,11,Zyppan,FunPlus Phoenix,Raze,1.06,232,16,16,3,70,150,42,2,4,-2
112327,1014,2022,Haven,98,ardiis,FunPlus Phoenix,Chamber,0.76,151,11,15,1,55,93,17,1,3,-2
112327,1014,2022,Haven,109,ANGE1,FunPlus Phoenix,Omen,0.71,195,13,19,5,65,130,26,2,4,-2
112327,1014,2022,Haven,2858,SUYGETSU,FunPlus Phoenix,Sage,0.66,132,8,15,8,55,107,16,0,2,-2
112327,1014,2022,Breeze,9803,d4v41,Paper Rex,Breach,1.33,246,20,14,9,91,140,22,1,0,1
112327,1014,2022,Breeze,7378,Jinggg,Paper Rex,Neon,1.08,275,20,18,5,73,175,27,5,6,-1
112327,1014,2022,Breeze,9800,mindfreak,Paper Rex,Astra,1.06,204,17,15,3,68,132,21,1,1,0
112327,1014,2022,Breeze,9802,Benkai,Paper Rex,Fade,0.61,123,9,16,6,59,88,30,0,2,-2
112327,1014,2022,Breeze,9801,f0rsakeN,Paper Rex,Yoru,0.48,184,14,21,2,55,126,44,1,5,-4
112327,1014,2022,Breeze,384,Shao,FunPlus Phoenix,Sova,1.24,232,17,14,6,73,145,50,2,1,1
112327,1014,2022,Breeze,98,ardiis,FunPlus Phoenix,Jett,1.23,270,21,16,6,82,160,31,4,2,2
112327,1014,2022,Breeze,2858,SUYGETSU,FunPlus Phoenix,Cypher,1.08,242,19,17,4,64,167,45,2,0,2
112327,1014,2022,Breeze,11,Zyppan,FunPlus Phoenix,Skye,0.96,188,15,16,5,77,126,37,3,2,1
112327,1014,2022,Breeze,109,ANGE1,FunPlus Phoenix,Viper,0.73,160,12,17,7,64,106,21,3,3,0
112324,1014,2022,Ascent,9800,mindfreak,Paper Rex,Astra,1.6,318,28,14,8,79,201,37,1,0,1
112324,1014,2022,Ascent,9801,f0rsakeN,Paper Rex,Chamber,1.31,295,25,19,5,75,185,35,6,2,4
112324,1014,2022,Ascent,7378,Jinggg,Paper Rex,Raze,1.06,264,21,19,4,67,165,20,5,5,0
112324,1014,2022,Ascent,9803,d4v41,Paper Rex,Kayo,0.91,163,12,16,19,71,95,15,2,1,1
112324,1014,2022,Ascent,9802,Benkai,Paper Rex,Fade,0.81,156,13,17,8,71,105,35,0,2,-2
112324,1014,2022,Ascent,9810,Alfajer,FNATIC,Sage,1.29,274,24,20,7,75,183,39,3,4,-1
112324,1014,2022,Ascent,438,Boaster,FNATIC,Omen,1.09,243,20,19,13,75,150,8,0,1,-1
112324,1014,2022,Ascent,1457,Mistic,FNATIC,Kayo,0.78,159,12,18,9,67,104,20,2,2,0
112324,1014,2022,Ascent,5022,Derke,FNATIC,Chamber,0.76,179,16,21,2,63,123,21,3,3,0
112324,1014,2022,Ascent,114,Enzo,FNATIC,Fade,0.58,160,13,21,8,58,99,24,2,4,-2
112324,1014,2022,Bind,7378,Jinggg,Paper Rex,Raze,1.34,319,25,19,5,78,187,22,8,3,5
112324,1014,2022,Bind,9801,f0rsakeN,Paper Rex,Yoru,1.21,224,20,12,4,61,156,31,1,7,-6
112324,1014,2022,Bind,9802,Benkai,Paper Rex,Breach,1.05,173,12,13,15,74,124,27,0,1,-1
112324,1014,2022,Bind,9803,d4v41,Paper Rex,Fade,1.04,142,12,12,8,78,91,29,2,0,2
112324,1014,2022,Bind,9800,mindfreak,Paper Rex,Brimstone,0.99,176,15,15,8,78,117,44,1,0,1
112324,1014,2022,Bind,9810,Alfajer,FNATIC,Viper,1.37,265,22,15,8,83,173,33,4,2,2
112324,1014,2022,Bind,114,Enzo,FNATIC,Fade,1.07,184,16,15,5,65,116,26,1,1,0
112324,1014,2022,Bind,438,Boaster,FNATIC,Astra,0.94,165,12,15,8,70,114,19,2,3,-1
112324,1014,2022,Bind,5022,Derke,FNATIC,Raze,0.81,216,16,20,3,65,145,17,4,2,2
112324,1014,2022,Bind,1457,Mistic,FNATIC,Skye,0.27,71,5,19,2,61,56,24,0,4,-4
112326,1014,2022,Haven,9803,d4v41,Paper Rex,Fade,1.69,250,14,5,9,100,164,35,0,1,-1
112326,1014,2022,Haven,9801,f0rsakeN,Paper Rex,Chamber,1.46,310,18,10,0,63,199,67,5,1,4
112326,1014,2022,Haven,7378,Jinggg,Paper Rex,Raze,1.41,297,16,10,3,81,209,15,3,0,3
112326,1014,2022,Haven,9802,Benkai,Paper Rex,Sage,1.06,175,10,10,5,88,115,11,2,2,0
112326,1014,2022,Haven,9800,mindfreak,Paper Rex,Astra,0.66,135,9,11,5,75,87,43,0,2,-2
112326,1014,2022,Haven,881,yay,OpTic Gaming,Chamber,1.2,314,18,14,3,75,183,22,2,3,-1
112326,1014,2022,Haven,261,Victor,OpTic Gaming,Neon,1.04,256,13,13,2,69,161,29,3,1,2
112326,1014,2022,Haven,817,FiNESSE,OpTic Gaming,Breach,0.61,114,7,13,3,56,69,26,0,0,0
112326,1014,2022,Haven,263,Marved,OpTic Gaming,Omen,0.43,120,5,14,6,50,94,11,1,4,-3
112326,1014,2022,Haven,4,crashies,OpTic Gaming,Skye,0.28,78,3,13,2,56,60,18,0,2,-2
112326,1014,2022,Bind,9800,mindfreak,Paper Rex,Brimstone,1.24,261,20,17,7,82,156,36,2,1,1
112326,1014,2022,Bind,9801,f0rsakeN,Paper Rex,Chamber,1.21,260,20,18,5,77,156,29,5,2,3
112326,1014,2022,Bind,9802,Benkai,Paper Rex,Viper,0.87,131,11,14,4,55,86,24,1,2,-1
112326,1014,2022,Bind,9803,d4v41,Paper Rex,Fade,0.68,130,9,18,12,50,87,14,0,0,0
112326,1014,2022,Bind,7378,Jinggg,Paper Rex,Raze,0.41,139,9,20,7,50,90,15,2,7,-5
112326,1014,2022,Bind,881,yay,OpTic Gaming,Chamber,1.45,274,23,13,2,73,164,18,4,3,1
112326,1014,2022,Bind,4,crashies,OpTic Gaming,Skye,1.23,232,18,13,7,82,145,30,1,1,0
112326,1014,2022,Bind,261,Victor,OpTic Gaming,Raze,1.06,242,18,15,3,86,149,16,3,5,-2
112326,1014,2022,Bind,817,FiNESSE,OpTic Gaming,Viper,1.0,170,14,12,6,82,107,13,0,0,0
112326,1014,2022,Bind,263,Marved,OpTic Gaming,Brimstone,0.76,189,14,16,7,68,125,17,4,1,3
112326,1014,2022,Fracture,9802,Benkai,Paper Rex,Breach,1.55,270,18,9,10,89,155,18,0,1,-1
112326,1014,2022,Fracture,9803,d4v41,Paper Rex,Chamber,1.39,208,17,8,0,78,134,32,1,1,0
112326,1014,2022,Fracture,7378,Jinggg,Paper Rex,Raze,1.19,246,15,11,5,78,157,15,4,1,3
112326,1014,2022,Fracture,9800,mindfreak,Paper Rex,Viper,1.05,155,10,9,3,83,109,35,1,0,1
112326,1014,2022,Fracture,9801,f0rsakeN,Paper Rex,Neon,0.76,228,13,15,4,67,146,20,3,6,-3
112326,1014,2022,Fracture,881,yay,OpTic Gaming,Chamber,1.07,268,16,15,1,56,164,29,3,5,-2
112326,1014,2022,Fracture,4,crashies,OpTic Gaming,Kayo,0.88,169,10,14,6,78,118,23,1,1,0
112326,1014,2022,Fracture,261,Victor,OpTic Gaming,Neon,0.84,189,11,15,4,67,123,26,3,2,1
112326,1014,2022,Fracture,263,Marved,OpTic Gaming,Brimstone,0.64,149,9,14,2,50,84,15,1,1,0
112326,1014,2022,Fracture,817,FiNESSE,OpTic Gaming,Breach,0.38,99,6,16,7,67,61,3,1,0,1
112282,1014,2022,Icebox,263,Marved,OpTic Gaming,Brimstone,1.33,288,22,19,8,71,211,33,1,3,-2
112282,1014,2022,Icebox,4,crashies,OpTic Gaming,Fade,1.04,167,15,18,12,79,103,31,1,1,0
112282,1014,2022,Icebox,261,Victor,OpTic Gaming,Kayo,0.78,171,13,21,14,71,133,16,0,4,-4
112282,1014,2022,Icebox,817,FiNESSE,OpTic Gaming,Viper,0.74,201,14,20,6,71,158,19,2,3,-1
112282,1014,2022,Icebox,881,yay,OpTic Gaming,Chamber,0.62,171,12,21,5,58,115,16,4,5,-1
112282,1014,2022,Icebox,312,Sayf,Guild Esports,Chamber,1.48,284,24,15,6,88,180,38,6,2,4
112282,1014,2022,Icebox,1380,Leo,Guild Esports,Sova,1.42,243,23,13,8,88,138,23,3,2,1
112282,1014,2022,Icebox,339,koldamenta,Guild Esports,Viper,1.3,277,24,16,7,79,173,22,4,3,1
112282,1014,2022,Icebox,2168,trexx,Guild Esports,Kayo,1.21,249,20,16,19,92,164,19,2,0,2
112282,1014,2022,Icebox,1162,Russ,Guild Esports,Sage,0.6,101,8,16,13,79,70,29,1,1,0
112282,1014,2022,Split,263,Marved,OpTic Gaming,Astra,1.28,253,27,21,7,83,163,29,4,2,2
112282,1014,2022,Split,817,FiNESSE,OpTic Gaming,Fade,1.04,222,22,23,8,70,138,17,2,1,1
112282,1014,2022,Split,4,crashies,OpTic Gaming,Kayo,0.99,183,19,20,6,67,119,19,1,2,-1
112282,1014,2022,Split,261,Victor,OpTic Gaming,Raze,0.73,221,19,27,10,67,144,19,5,8,-3
112282,1014,2022,Split,881,yay,OpTic Gaming,Chamber,0.73,127,13,20,2,57,84,13,3,2,1
112282,1014,2022,Split,1380,Leo,Guild Esports,Breach,1.41,246,29,17,6,80,150,30,3,0,3
112282,1014,2022,Split,2168,trexx,Guild Esports,Raze,1.15,269,25,23,8,77,175,16,7,5,2
112282,1014,2022,Split,1162,Russ,Guild Esports,Sage,0.97,204,21,21,10,77,141,36,2,4,-2
112282,1014,2022,Split,312,Sayf,Guild Esports,Cypher,0.87,156,17,18,2,60,113,27,1,4,-3
112282,1014,2022,Split,339,koldamenta,Guild Esports,Omen,0.82,179,19,21,11,70,112,24,2,2,0
112334,1014,2022,Split,881,yay,OpTic Gaming,Chamber,1.29,278,19,14,3,63,183,53,5,6,-1
112334,1014,2022,Split,263,Marved,OpTic Gaming,Astra,1.15,192,14,13,8,84,127,42,2,2,0
112334,1014,2022,Split,4,crashies,OpTic Gaming,Kayo,0.61,124,8,15,5,63,77,17,1,0,1
112334,1014,2022,Split,261,Victor,OpTic Gaming,Raze,0.53,149,9,18,6,63,106,28,0,3,-3
112334,1014,2022,Split,817,FiNESSE,OpTic Gaming,Fade,0.52,127,8,15,4,53,85,18,0,0,0
112334,1014,2022,Split,384,Shao,FunPlus Phoenix,Omen,1.52,280,21,12,2,74,193,53,3,2,1
112334,1014,2022,Split,2858,SUYGETSU,FunPlus Phoenix,Killjoy,1.32,242,17,12,2,84,180,37,2,0,2
112334,1014,2022,Split,98,ardiis,FunPlus Phoenix,Kayo,1.31,234,16,11,9,84,156,31,4,1,3
112334,1014,2022,Split,11,Zyppan,FunPlus Phoenix,Raze,1.04,203,15,12,2,63,153,28,2,4,-2
112334,1014,2022,Split,109,ANGE1,FunPlus Phoenix,Viper,0.84,141,6,11,8,79,112,19,0,1,-1
112334,1014,2022,Icebox,817,FiNESSE,OpTic Gaming,Viper,1.09,239,18,16,3,67,150,23,2,2,0
112334,1014,2022,Icebox,263,Marved,OpTic Gaming,Kayo,0.93,184,14,16,7,76,121,37,1,1,0
112334,1014,2022,Icebox,881,yay,OpTic Gaming,Chamber,0.91,186,13,16,4,62,133,18,3,2,1
112334,1014,2022,Icebox,4,crashies,OpTic Gaming,Sova,0.81,182,12,17,4,71,129,28,1,0,1
112334,1014,2022,Icebox,261,Victor,OpTic Gaming,Neon,0.42,124,8,18,5,57,84,20,3,6,-3
112334,1014,2022,Icebox,98,ardiis,FunPlus Phoenix,Chamber,1.47,303,23,12,2,76,185,27,3,1,2
112334,1014,2022,Icebox,384,Shao,FunPlus Phoenix,Sage,1.38,201,15,11,14,81,143,34,2,0,2
112334,1014,2022,Icebox,11,Zyppan,FunPlus Phoenix,Kayo,1.32,253,19,12,2,76,170,38,2,2,0
112334,1014,2022,Icebox,109,ANGE1,FunPlus Phoenix,Fade,0.94,181,13,14,4,57,133,37,2,5,-3
112334,1014,2022,Icebox,2858,SUYGETSU,FunPlus Phoenix,Viper,0.81,176,13,16,5,76,129,39,2,2,0
112334,1014,2022,Bind,4,crashies,OpTic Gaming,Skye,1.83,281,21,7,10,95,171,22,4,1,3
112334,1014,2022,Bind,261,Victor,OpTic Gaming,Raze,1.24,261,18,13,7,84,163,12,4,2,2
112334,1014,2022,Bind,263,Marved,OpTic Gaming,Brimstone,1.07,231,16,12,4,79,146,32,0,1,-1
112334,1014,2022,Bind,881,yay,OpTic Gaming,Chamber,0.94,191,14,11,2,79,137,29,1,2,-1
112334,1014,2022,Bind,817,FiNESSE,OpTic Gaming,Viper,0.9,161,11,11,8,84,98,27,3,1,2
112334,1014,2022,Bind,384,Shao,FunPlus Phoenix,Fade,1.07,225,15,14,2,74,154,52,3,2,1
112334,1014,2022,Bind,2858,SUYGETSU,FunPlus Phoenix,Viper,1.01,224,15,17,2,68,139,22,3,0,3
112334,1014,2022,Bind,98,ardiis,FunPlus Phoenix,Kayo,0.73,138,8,16,10,68,101,21,0,2,-2
112334,1014,2022,Bind,109,ANGE1,FunPlus Phoenix,Brimstone,0.69,139,7,16,7,53,99,36,0,3,-3
112334,1014,2022,Bind,11,Zyppan,FunPlus Phoenix,Raze,0.61,158,9,17,4,47,110,21,1,5,-4
112334,1014,2022,Fracture,881,yay,OpTic Gaming,Chamber,1.33,296,20,15,2,60,176,29,5,2,3
112334,1014,2022,Fracture,263,Marved,OpTic Gaming,Brimstone,0.97,190,14,15,7,70,137,31,1,2,-1
112334,1014,2022,Fracture,4,crashies,OpTic Gaming,Kayo,0.8,181,11,16,11,70,117,29,0,0,0
112334,1014,2022,Fracture,817,FiNESSE,OpTic Gaming,Breach,0.51,129,9,18,3,65,72,15,1,2,-1
112334,1014,2022,Fracture,261,Victor,OpTic Gaming,Neon,0.49,133,8,16,5,70,93,25,0,7,-7
112334,1014,2022,Fracture,384,Shao,FunPlus Phoenix,Fade,1.42,245,17,12,5,85,162,28,3,1,2
112334,1014,2022,Fracture,109,ANGE1,FunPlus Phoenix,Omen,1.33,247,19,12,5,85,175,44,5,1,4
112334,1014,2022,Fracture,2858,SUYGETSU,FunPlus Phoenix,Viper,1.13,198,15,12,5,85,130,29,1,1,0
112334,1014,2022,Fracture,98,ardiis,FunPlus Phoenix,Chamber,0.99,165,14,12,3,75,117,19,1,2,-1
112334,1014,2022,Fracture,11,Zyppan,FunPlus Phoenix,Raze,0.98,212,15,14,4,70,138,38,3,2,1
112330,1014,2022,Ascent,4462,MaKo,KIWOOM DRX,Astra,1.14,245,19,16,6,82,157,37,5,2,3
112330,1014,2022,Ascent,485,stax,KIWOOM DRX,Fade,1.1,234,17,16,10,73,150,47,1,1,0
112330,1014,2022,Ascent,488,Rb,KIWOOM DRX,Kayo,1.09,222,16,17,10,68,148,35,5,2,3
112330,1014,2022,Ascent,772,Zest,KIWOOM DRX,Sova,1.02,205,15,16,8,73,129,25,0,1,-1
112330,1014,2022,Ascent,804,BuZz,KIWOOM DRX,Chamber,0.41,71,6,17,3,64,48,11,0,5,-5
112330,1014,2022,Ascent,11,Zyppan,FunPlus Phoenix,Kayo,1.25,213,18,13,7,73,139,24,1,3,-2
112330,1014,2022,Ascent,2858,SUYGETSU,FunPlus Phoenix,Sage,1.21,194,17,12,7,86,134,32,0,1,-1
112330,1014,2022,Ascent,98,ardiis,FunPlus Phoenix,Jett,1.14,296,20,19,6,82,190,23,9,2,7
112330,1014,2022,Ascent,384,Shao,FunPlus Phoenix,Fade,1.02,190,14,13,7,77,129,35,1,2,-1
112330,1014,2022,Ascent,109,ANGE1,FunPlus Phoenix,Omen,0.79,165,13,16,10,77,117,29,0,3,-3
112330,1014,2022,Fracture,804,BuZz,KIWOOM DRX,Chamber,1.19,275,18,16,0,67,157,24,2,1,1
112330,1014,2022,Fracture,488,Rb,KIWOOM DRX,Neon,0.88,190,12,14,3,56,111,21,2,3,-1
112330,1014,2022,Fracture,772,Zest,KIWOOM DRX,Fade,0.82,211,12,16,6,67,135,38,0,2,-2
112330,1014,2022,Fracture,485,stax,KIWOOM DRX,Kayo,0.73,108,6,14,11,72,71,41,0,1,-1
112330,1014,2022,Fracture,4462,MaKo,KIWOOM DRX,Brimstone,0.17,88,3,17,5,61,55,40,0,7,-7
112330,1014,2022,Fracture,98,ardiis,FunPlus Phoenix,Chamber,1.67,337,24,10,2,89,209,21,3,0,3
112330,1014,2022,Fracture,109,ANGE1,FunPlus Phoenix,Omen,1.25,267,17,12,4,83,161,30,5,2,3
112330,1014,2022,Fracture,2858,SUYGETSU,FunPlus Phoenix,Viper,1.15,198,13,8,2,72,132,29,2,0,2
112330,1014,2022,Fracture,11,Zyppan,FunPlus Phoenix,Raze,0.98,218,13,12,5,72,159,18,2,2,0
112330,1014,2022,Fracture,384,Shao,FunPlus Phoenix,Fade,0.93,138,10,9,4,94,80,18,2,0,2
112320,1014,2022,Ascent,9802,Benkai,Paper Rex,Fade,1.37,134,10,5,9,82,72,13,0,1,-1
112320,1014,2022,Ascent,9800,mindfreak,Paper Rex,Astra,1.28,209,13,8,5,88,133,42,1,1,0
112320,1014,2022,Ascent,7378,Jinggg,Paper Rex,Raze,1.26,331,20,14,2,88,206,26,3,1,2
112320,1014,2022,Ascent,9803,d4v41,Paper Rex,Kayo,1.26,241,15,9,8,88,138,10,1,2,-1
112320,1014,2022,Ascent,9801,f0rsakeN,Paper Rex,Chamber,0.89,209,13,12,1,71,123,23,4,3,1
112320,1014,2022,Ascent,312,Sayf,Guild Esports,Chamber,1.43,305,17,14,1,76,178,32,4,0,4
112320,1014,2022,Ascent,2168,trexx,Guild Esports,Raze,0.7,187,10,15,1,47,138,26,1,2,-1
112320,1014,2022,Ascent,1380,Leo,Guild Esports,Fade,0.66,124,7,12,1,65,91,21,0,0,0
112320,1014,2022,Ascent,339,koldamenta,Guild Esports,Astra,0.49,132,7,14,4,47,93,20,0,4,-4
112320,1014,2022,Ascent,1162,Russ,Guild Esports,Kayo,0.25,117,7,16,2,47,66,43,3,3,0
112320,1014,2022,Fracture,9803,d4v41,Paper Rex,Chamber,1.29,241,23,17,5,62,159,29,4,1,3
112320,1014,2022,Fracture,9800,mindfreak,Paper Rex,Viper,1.21,215,21,15,7,69,126,30,0,2,-2
112320,1014,2022,Fracture,9801,f0rsakeN,Paper Rex,Neon,1.05,281,26,24,4,77,175,19,8,5,3
112320,1014,2022,Fracture,9802,Benkai,Paper Rex,Breach,0.96,197,19,16,8,81,124,19,2,0,2
112320,1014,2022,Fracture,7378,Jinggg,Paper Rex,Sage,0.61,135,10,19,13,69,90,13,2,2,0
112320,1014,2022,Fracture,339,koldamenta,Guild Esports,Brimstone,1.33,239,21,16,9,77,168,24,2,2,0
112320,1014,2022,Fracture,312,Sayf,Guild Esports,Chamber,1.27,277,26,21,7,65,185,28,3,5,-2
112320,1014,2022,Fracture,1380,Leo,Guild Esports,Breach,1.07,230,20,20,10,69,149,26,2,2,0
112320,1014,2022,Fracture,2168,trexx,Guild Esports,Raze,0.92,192,16,20,5,77,122,10,3,3,0
112320,1014,2022,Fracture,1162,Russ,Guild Esports,Sage,0.3,96,8,22,3,58,71,25,0,4,-4
112321,1014,2022,Icebox,5022,Derke,FNATIC,Chamber,1.62,341,29,14,3,83,214,20,9,4,5
112321,1014,2022,Icebox,438,Boaster,FNATIC,Viper,1.41,252,20,13,9,78,162,30,0,2,-2
112321,1014,2022,Icebox,1457,Mistic,FNATIC,Sage,0.82,183,16,17,7,70,101,18,1,3,-2
112321,1014,2022,Icebox,114,Enzo,FNATIC,Sova,0.77,146,9,16,8,78,118,26,0,0,0
112321,1014,2022,Icebox,9810,Alfajer,FNATIC,Killjoy,0.56,121,10,18,3,61,72,27,1,3,-2
112321,1014,2022,Icebox,384,Shao,FunPlus Phoenix,Sage,1.15,266,19,20,10,78,198,27,1,0,1
112321,1014,2022,Icebox,98,ardiis,FunPlus Phoenix,Chamber,1.13,222,19,15,1,61,142,23,8,3,5
112321,1014,2022,Icebox,217,SEIDER,FunPlus Phoenix,Viper,1.09,197,17,15,2,61,133,49,1,2,-1
112321,1014,2022,Icebox,11,Zyppan,FunPlus Phoenix,Raze,0.77,167,12,16,3,61,110,19,1,5,-4
112321,1014,2022,Icebox,109,ANGE1,FunPlus Phoenix,Fade,0.7,161,11,18,6,61,119,42,1,1,0
112321,1014,2022,Haven,5022,Derke,FNATIC,Chamber,1.97,372,24,8,0,88,229,38,6,1,5
112321,1014,2022,Haven,114,Enzo,FNATIC,Sova,1.47,190,13,5,6,82,137,29,0,1,-1
112321,1014,2022,Haven,438,Boaster,FNATIC,Omen,1.34,218,14,7,7,82,129,13,0,1,-1
112321,1014,2022,Haven,9810,Alfajer,FNATIC,Raze,1.24,279,15,11,6,82,198,29,2,4,-2
112321,1014,2022,Haven,1457,Mistic,FNATIC,Breach,0.6,85,6,8,3,71,55,21,0,2,-2
112321,1014,2022,Haven,98,ardiis,FunPlus Phoenix,Chamber,1.21,252,15,14,1,71,172,28,5,2,3
112321,1014,2022,Haven,11,Zyppan,FunPlus Phoenix,Raze,0.92,178,9,14,0,47,143,28,2,2,0
112321,1014,2022,Haven,384,Shao,FunPlus Phoenix,Fade,0.74,181,9,15,6,71,128,34,1,0,1
112321,1014,2022,Haven,217,SEIDER,FunPlus Phoenix,Omen,0.22,74,4,15,1,35,50,33,1,2,-1
112321,1014,2022,Haven,109,ANGE1,FunPlus Phoenix,Kayo,0.18,47,2,14,3,41,30,7,0,2,-2
130628,1015,2022,Fracture,4147,Cryocells,XSET,Chamber,1.43,296,26,16,4,88,181,29,5,2,3
130628,1015,2022,Fracture,824,AYRIN,XSET,Sage,1.16,198,18,16,6,83,157,32,1,0,1
130628,1015,2022,Fracture,4004,zekken,XSET,Neon,1.16,315,26,22,6,71,202,20,8,4,4
130628,1015,2022,Fracture,864,BcJ,XSET,Omen,0.87,177,13,17,8,71,114,22,1,2,-1
130628,1015,2022,Fracture,882,dephh,XSET,Breach,0.75,133,12,17,7,79,102,22,0,1,-1
130628,1015,2022,Fracture,4382,sScary,XERXIA Esports,Viper,1.22,253,21,15,7,83,169,18,0,2,-2
130628,1015,2022,Fracture,6723,foxz,XERXIA Esports,Phoenix,0.99,246,21,20,6,67,150,22,3,4,-1
130628,1015,2022,Fracture,3977,Crws,XERXIA Esports,Omen,0.96,214,19,21,7,71,144,26,2,3,-1
130628,1015,2022,Fracture,23062,Surf,XERXIA Esports,Chamber,0.91,192,17,19,1,54,142,45,3,4,-1
130628,1015,2022,Fracture,3342,Sushiboys,XERXIA Esports,Breach,0.53,136,10,20,6,75,95,21,1,2,-1
130628,1015,2022,Icebox,4004,zekken,XSET,Raze,1.92,366,30,14,3,87,234,28,5,1,4
130628,1015,2022,Icebox,864,BcJ,XSET,Fade,1.11,210,18,14,5,74,141,19,1,2,-1
130628,1015,2022,Icebox,4147,Cryocells,XSET,Chamber,1.03,211,16,16,3,65,137,27,6,0,6
130628,1015,2022,Icebox,824,AYRIN,XSET,Viper,0.67,144,11,18,8,70,87,24,2,2,0
130628,1015,2022,Icebox,882,dephh,XSET,Kayo,0.6,117,9,16,11,70,61,23,2,2,0
130628,1015,2022,Icebox,3977,Crws,XERXIA Esports,Astra,1.49,296,24,15,6,74,190,36,1,3,-2
130628,1015,2022,Icebox,23062,Surf,XERXIA Esports,Chamber,0.88,204,15,17,5,65,130,12,1,5,-4
130628,1015,2022,Icebox,6723,foxz,XERXIA Esports,Yoru,0.79,184,17,18,0,57,114,22,5,3,2
130628,1015,2022,Icebox,3342,Sushiboys,XERXIA Esports,Sova,0.74,151,12,17,9,57,97,17,0,3,-3
130628,1015,2022,Icebox,4382,sScary,XERXIA Esports,Viper,0.68,136,10,17,6,74,101,16,0,2,-2
130680,1015,2022,Breeze,881,yay,OpTic Gaming,Chamber,1.3,296,20,17,4,65,186,29,5,0,5
130680,1015,2022,Breeze,817,FiNESSE,OpTic Gaming,Viper,1.07,229,16,15,8,80,136,26,0,0,0
130680,1015,2022,Breeze,4,crashies,OpTic Gaming,Sova,1.06,195,14,14,4,75,142,39,1,0,1
130680,1015,2022,Breeze,263,Marved,OpTic Gaming,Breach,0.44,106,7,17,6,70,77,29,0,2,-2
130680,1015,2022,Breeze,261,Victor,OpTic Gaming,Neon,0.43,137,9,17,2,45,88,45,4,8,-4
130680,1015,2022,Breeze,92,ScreaM,Team Liquid,Phoenix,1.48,269,19,12,5,90,205,30,4,3,1
130680,1015,2022,Breeze,101,soulcas,Team Liquid,Kayo,1.38,295,22,14,12,95,182,39,1,1,0
130680,1015,2022,Breeze,9780,Jamppi,Team Liquid,Chamber,1.32,224,16,12,6,85,176,24,4,3,1
130680,1015,2022,Breeze,320,dimasick,Team Liquid,Sova,0.95,178,13,14,6,85,123,34,0,1,-1
130680,1015,2022,Breeze,14669,Nivera,Team Liquid,Viper,0.68,131,10,14,3,60,86,36,1,2,-1
130680,1015,2022,Bind,881,yay,OpTic Gaming,Chamber,1.3,258,19,14,4,81,155,24,8,0,8
130680,1015,2022,Bind,263,Marved,OpTic Gaming,Brimstone,1.28,272,20,14,11,76,175,28,1,0,1
130680,1015,2022,Bind,4,crashies,OpTic Gaming,Skye,1.22,229,20,13,7,81,133,31,1,2,-1
130680,1015,2022,Bind,261,Victor,OpTic Gaming,Raze,1.1,200,15,12,4,76,137,20,2,5,-3
130680,1015,2022,Bind,817,FiNESSE,OpTic Gaming,Viper,0.91,177,11,12,12,81,133,17,0,2,-2
130680,1015,2022,Bind,92,ScreaM,Team Liquid,Raze,1.2,266,17,16,10,62,175,19,3,3,0
130680,1015,2022,Bind,101,soulcas,Team Liquid,Skye,1.2,221,18,17,5,62,149,44,1,2,-1
130680,1015,2022,Bind,320,dimasick,Team Liquid,Brimstone,0.73,170,13,18,2,76,112,34,3,2,1
130680,1015,2022,Bind,14669,Nivera,Team Liquid,Viper,0.64,152,9,16,6,52,117,25,0,2,-2
130680,1015,2022,Bind,9780,Jamppi,Team Liquid,Sage,0.37,120,8,18,4,43,77,39,2,3,-1
130680,1015,2022,Ascent,881,yay,OpTic Gaming,Chamber,2.09,373,30,9,2,86,249,25,4,3,1
130680,1015,2022,Ascent,263,Marved,OpTic Gaming,Astra,1.44,228,16,9,11,81,150,25,2,1,1
130680,1015,2022,Ascent,261,Victor,OpTic Gaming,Kayo,1.12,221,17,14,7,76,143,31,4,0,4
130680,1015,2022,Ascent,817,FiNESSE,OpTic Gaming,Fade,0.77,129,8,14,8,67,92,38,1,4,-3
130680,1015,2022,Ascent,4,crashies,OpTic Gaming,Sova,0.69,112,7,12,9,62,79,23,0,2,-2
130680,1015,2022,Ascent,92,ScreaM,Team Liquid,Phoenix,1.01,203,14,16,2,67,142,32,3,2,1
130680,1015,2022,Ascent,9780,Jamppi,Team Liquid,Chamber,0.98,225,15,16,2,67,142,30,3,1,2
130680,1015,2022,Ascent,14669,Nivera,Team Liquid,Kayo,0.83,169,13,15,5,67,100,65,1,5,-4
130680,1015,2022,Ascent,101,soulcas,Team Liquid,Fade,0.58,138,9,16,6,52,86,33,2,2,0
130680,1015,2022,Ascent,320,dimasick,Team Liquid,Omen,0.49,101,7,15,4,52,74,38,1,1,0
130622,1015,2022,Breeze,4,crashies,OpTic Gaming,Sova,1.24,215,28,21,5,74,147,36,1,1,0
130622,1015,2022,Breeze,881,yay,OpTic Gaming,Chamber,1.21,232,29,22,4,76,135,19,8,2,6
130622,1015,2022,Breeze,261,Victor,OpTic Gaming,Jett,1.03,243,28,25,4,59,158,19,6,7,-1
130622,1015,2022,Breeze,263,Marved,OpTic Gaming,Kayo,0.85,165,20,23,10,65,114,27,4,2,2
130622,1015,2022,Breeze,817,FiNESSE,OpTic Gaming,Viper,0.53,99,9,24,13,62,71,13,0,3,-3
130622,1015,2022,Breeze,4871,xffero,BOOM Esports,Viper,1.51,311,38,22,11,79,214,35,7,4,3
130622,1015,2022,Breeze,7045,fl1pzjder,BOOM Esports,Kayo,1.03,180,20,22,10,71,124,34,4,5,-1
130622,1015,2022,Breeze,2348,Famouz,BOOM Esports,Chamber,0.99,177,20,22,4,74,113,16,2,2,0
130622,1015,2022,Breeze,1743,blaZek1ng,BOOM Esports,Sova,0.87,165,18,22,7,59,118,19,2,3,-1
130622,1015,2022,Breeze,4874,BerserX,BOOM Esports,Jett,0.67,158,19,26,2,56,107,23,0,5,-5
130622,1015,2022,Bind,881,yay,OpTic Gaming,Chamber,1.62,301,20,9,3,72,180,17,4,3,1
130622,1015,2022,Bind,4,crashies,OpTic Gaming,Skye,1.47,250,17,10,5,83,181,31,0,2,-2
130622,1015,2022,Bind,817,FiNESSE,OpTic Gaming,Viper,1.11,155,11,10,6,83,117,24,1,0,1
130622,1015,2022,Bind,263,Marved,OpTic Gaming,Brimstone,1.11,230,15,12,5,83,153,26,2,1,1
130622,1015,2022,Bind,261,Victor,OpTic Gaming,Raze,0.87,185,11,12,5,94,118,13,2,3,-1
130622,1015,2022,Bind,2348,Famouz,BOOM Esports,Raze,1.17,265,17,15,2,78,177,25,3,2,1
130622,1015,2022,Bind,4871,xffero,BOOM Esports,Astra,0.92,189,12,14,2,61,138,33,1,0,1
130622,1015,2022,Bind,1743,blaZek1ng,BOOM Esports,Fade,0.67,149,9,15,4,67,83,16,1,1,0
130622,1015,2022,Bind,7045,fl1pzjder,BOOM Esports,Viper,0.51,140,9,16,4,50,105,29,1,4,-3
130622,1015,2022,Bind,4874,BerserX,BOOM Esports,Skye,0.49,118,6,14,4,78,81,23,3,2,1
130622,1015,2022,Fracture,881,yay,OpTic Gaming,Chamber,2.07,317,19,4,3,100,207,19,4,0,4
130622,1015,2022,Fracture,4,crashies,OpTic Gaming,Kayo,1.59,310,18,9,12,75,203,19,3,0,3
130622,1015,2022,Fracture,817,FiNESSE,OpTic Gaming,Breach,1.04,187,11,9,5,75,119,24,1,0,1
130622,1015,2022,Fracture,261,Victor,OpTic Gaming,Neon,1.02,237,12,10,3,75,149,24,5,1,4
130622,1015,2022,Fracture,263,Marved,OpTic Gaming,Brimstone,0.88,163,9,11,9,88,110,18,0,2,-2
130622,1015,2022,Fracture,1743,blaZek1ng,BOOM Esports,Brimstone,1.56,318,18,12,7,75,195,31,1,0,1
130622,1015,2022,Fracture,4871,xffero,BOOM Esports,Breach,0.58,130,8,14,2,63,82,23,1,1,0
130622,1015,2022,Fracture,7045,fl1pzjder,BOOM Esports,Chamber,0.54,143,7,15,3,50,94,29,1,4,-3
130622,1015,2022,Fracture,4874,BerserX,BOOM Esports,Neon,0.52,148,8,14,3,63,86,25,0,4,-4
130622,1015,2022,Fracture,2348,Famouz,BOOM Esports,Kayo,0.35,64,2,14,6,63,46,19,0,4,-4
130629,1015,2022,Pearl,384,Shao,FunPlus Phoenix,Fade,1.31,223,17,14,10,80,156,30,1,1,0
130629,1015,2022,Pearl,11,Zyppan,FunPlus Phoenix,Raze,0.9,171,11,15,7,75,125,19,2,4,-2
130629,1015,2022,Pearl,109,ANGE1,FunPlus Phoenix,Omen,0.74,186,12,17,5,55,116,34,4,3,1
130629,1015,2022,Pearl,2858,SUYGETSU,FunPlus Phoenix,Viper,0.7,182,12,17,4,80,123,35,0,1,-1
130629,1015,2022,Pearl,98,ardiis,FunPlus Phoenix,Cypher,0.65,153,10,16,4,55,107,20,2,2,0
130629,1015,2022,Pearl,864,BcJ,XSET,Fade,2.07,309,24,7,9,95,185,18,4,2,2
130629,1015,2022,Pearl,4004,zekken,XSET,Neon,1.15,266,20,15,1,70,154,34,4,3,1
130629,1015,2022,Pearl,824,AYRIN,XSET,Astra,0.98,148,11,11,3,90,102,23,0,0,0
130629,1015,2022,Pearl,882,dephh,XSET,Kayo,0.88,198,13,15,14,85,126,26,2,1,1
130629,1015,2022,Pearl,4147,Cryocells,XSET,Chamber,0.72,155,11,14,5,70,98,11,1,3,-2
130629,1015,2022,Fracture,98,ardiis,FunPlus Phoenix,Chamber,2.19,438,29,10,1,94,248,24,6,0,6
130629,1015,2022,Fracture,2858,SUYGETSU,FunPlus Phoenix,Viper,1.35,224,13,8,12,88,158,34,1,1,0
130629,1015,2022,Fracture,384,Shao,FunPlus Phoenix,Fade,1.06,154,9,7,3,88,119,32,0,0,0
130629,1015,2022,Fracture,11,Zyppan,FunPlus Phoenix,Raze,1.03,187,10,11,5,82,123,22,4,0,4
130629,1015,2022,Fracture,109,ANGE1,FunPlus Phoenix,Omen,0.95,153,11,9,3,76,102,50,2,3,-1
130629,1015,2022,Fracture,4147,Cryocells,XSET,Chamber,0.91,237,13,15,3,65,145,25,3,5,-2
130629,1015,2022,Fracture,864,BcJ,XSET,Omen,0.78,161,8,13,6,65,105,14,0,0,0
130629,1015,2022,Fracture,882,dephh,XSET,Breach,0.73,169,9,15,5,71,115,39,0,0,0
130629,1015,2022,Fracture,824,AYRIN,XSET,Sage,0.72,151,10,13,1,41,97,28,0,2,-2
130629,1015,2022,Fracture,4004,zekken,XSET,Neon,0.19,91,5,16,1,47,59,29,1,6,-5
130629,1015,2022,Breeze,2858,SUYGETSU,FunPlus Phoenix,Cypher,0.99,207,14,14,2,72,148,45,1,0,1
130629,1015,2022,Breeze,384,Shao,FunPlus Phoenix,Sova,0.88,169,11,15,6,78,117,38,1,1,0
130629,1015,2022,Breeze,11,Zyppan,FunPlus Phoenix,Skye,0.78,207,13,15,3,72,118,62,2,1,1
130629,1015,2022,Breeze,109,ANGE1,FunPlus Phoenix,Viper,0.67,161,10,15,4,78,115,19,1,3,-2
130629,1015,2022,Breeze,98,ardiis,FunPlus Phoenix,Jett,0.59,190,10,18,5,72,126,27,5,3,2
130629,1015,2022,Breeze,882,dephh,XSET,Cypher,1.56,274,19,10,4,89,170,47,3,3,0
130629,1015,2022,Breeze,4147,Cryocells,XSET,Jett,1.54,278,20,11,2,89,171,21,2,1,1
130629,1015,2022,Breeze,4004,zekken,XSET,Kayo,1.34,249,18,12,9,89,173,35,0,2,-2
130629,1015,2022,Breeze,864,BcJ,XSET,Sova,0.9,208,13,15,9,78,128,15,3,3,0
130629,1015,2022,Breeze,824,AYRIN,XSET,Viper,0.82,130,7,10,9,72,99,23,0,1,-1
130687,1015,2022,Bind,9780,Jamppi,Team Liquid,Sage,0.95,213,13,15,5,74,151,35,1,3,-2
130687,1015,2022,Bind,92,ScreaM,Team Liquid,Raze,0.82,171,10,15,1,37,118,23,4,2,2
130687,1015,2022,Bind,320,dimasick,Team Liquid,Brimstone,0.81,147,10,14,2,53,105,44,0,1,-1
130687,1015,2022,Bind,101,soulcas,Team Liquid,Skye,0.6,109,7,13,2,53,72,35,1,4,-3
130687,1015,2022,Bind,14669,Nivera,Team Liquid,Viper,0.59,148,9,16,1,47,98,31,0,3,-3
130687,1015,2022,Bind,9810,Alfajer,FNATIC,Raze,1.55,325,22,10,5,74,217,42,2,2,0
130687,1015,2022,Bind,5022,Derke,FNATIC,Chamber,1.37,232,19,9,3,74,181,27,4,0,4
130687,1015,2022,Bind,114,Enzo,FNATIC,Viper,1.17,186,11,10,11,84,134,13,1,0,1
130687,1015,2022,Bind,438,Boaster,FNATIC,Brimstone,1.11,193,14,10,5,68,117,28,3,3,0
130687,1015,2022,Bind,1457,Mistic,FNATIC,Skye,0.97,120,7,10,9,89,76,26,3,1,2
130687,1015,2022,Haven,14669,Nivera,Team Liquid,Breach,1.3,266,19,16,7,60,170,28,1,1,0
130687,1015,2022,Haven,320,dimasick,Team Liquid,Omen,0.82,155,11,13,2,70,108,39,2,1,1
130687,1015,2022,Haven,9780,Jamppi,Team Liquid,Chamber,0.75,141,9,14,2,50,88,12,4,2,2
130687,1015,2022,Haven,92,ScreaM,Team Liquid,Raze,0.73,141,9,14,2,55,97,36,2,2,0
130687,1015,2022,Haven,101,soulcas,Team Liquid,Fade,0.54,98,7,15,7,50,70,23,0,5,-5
130687,1015,2022,Haven,9810,Alfajer,FNATIC,Raze,1.38,276,19,11,4,80,186,29,1,4,-3
130687,1015,2022,Haven,5022,Derke,FNATIC,Chamber,1.34,270,19,12,3,65,184,29,4,1,3
130687,1015,2022,Haven,438,Boaster,FNATIC,Omen,1.23,210,15,10,3,70,134,20,4,1,3
130687,1015,2022,Haven,114,Enzo,FNATIC,Fade,1.09,133,10,9,11,75,82,11,1,0,1
130687,1015,2022,Haven,1457,Mistic,FNATIC,Breach,0.73,137,9,13,6,80,87,22,1,3,-2
130632,1015,2022,Ascent,488,Rb,KIWOOM DRX,Kayo,1.4,260,27,20,15,77,174,58,3,4,-1
130632,1015,2022,Ascent,485,stax,KIWOOM DRX,Fade,1.17,188,23,20,10,77,115,31,0,0,0
130632,1015,2022,Ascent,772,Zest,KIWOOM DRX,Sova,0.93,174,18,22,5,67,113,24,1,3,-2
130632,1015,2022,Ascent,804,BuZz,KIWOOM DRX,Jett,0.9,211,20,25,7,67,142,22,8,7,1
130632,1015,2022,Ascent,4462,MaKo,KIWOOM DRX,Astra,0.89,218,22,24,11,77,137,19,1,3,-2
130632,1015,2022,Ascent,8872,mazin,FURIA,Kayo,1.12,253,28,23,13,77,160,19,3,4,-1
130632,1015,2022,Ascent,725,nzr,FURIA,Sova,1.02,200,22,19,6,70,137,27,1,1,0
130632,1015,2022,Ascent,1575,qck,FURIA,Killjoy,0.96,199,20,21,5,70,144,21,1,1,0
130632,1015,2022,Ascent,1711,Khalil,FURIA,Omen,0.91,176,18,23,16,73,118,28,3,1,2
130632,1015,2022,Ascent,8873,dgzin,FURIA,Jett,0.84,219,23,24,2,70,133,25,9,6,3
130632,1015,2022,Haven,804,BuZz,KIWOOM DRX,Jett,2.05,391,24,7,0,94,220,26,7,1,6
130632,1015,2022,Haven,4462,MaKo,KIWOOM DRX,Omen,1.35,217,13,6,11,100,137,33,2,1,1
130632,1015,2022,Haven,485,stax,KIWOOM DRX,Breach,1.13,193,13,8,7,88,112,46,2,0,2
130632,1015,2022,Haven,488,Rb,KIWOOM DRX,Killjoy,0.97,153,9,6,2,88,104,31,2,1,1
130632,1015,2022,Haven,772,Zest,KIWOOM DRX,Fade,0.92,82,4,5,9,88,57,27,0,0,0
130632,1015,2022,Haven,8873,dgzin,FURIA,Chamber,1.17,202,13,11,1,65,117,29,0,0,0
130632,1015,2022,Haven,725,nzr,FURIA,Fade,0.66,124,7,12,1,53,77,22,1,1,0
130632,1015,2022,Haven,1711,Khalil,FURIA,Omen,0.41,94,4,13,3,53,60,17,0,2,-2
130632,1015,2022,Haven,1575,qck,FURIA,Raze,0.38,120,6,14,2,41,87,24,3,8,-5
130632,1015,2022,Haven,8872,mazin,FURIA,Breach,0.27,50,2,13,3,35,39,18,0,3,-3
130682,1015,2022,Breeze,488,Rb,KIWOOM DRX,Chamber,1.18,243,21,15,1,67,157,38,3,1,2
130682,1015,2022,Breeze,4462,MaKo,KIWOOM DRX,Viper,1.18,187,16,15,14,79,118,39,2,3,-1
130682,1015,2022,Breeze,772,Zest,KIWOOM DRX,Sova,0.9,182,16,18,5,63,122,42,1,2,-1
130682,1015,2022,Breeze,485,stax,KIWOOM DRX,Skye,0.66,155,12,19,4,58,107,44,3,2,1
130682,1015,2022,Breeze,804,BuZz,KIWOOM DRX,Jett,0.46,186,12,23,4,46,119,27,3,4,-1
130682,1015,2022,Breeze,8447,Less,LOUD,Cypher,1.49,297,27,14,7,79,178,33,3,3,0
130682,1015,2022,Breeze,683,pANcada,LOUD,Viper,1.32,231,20,15,8,92,160,37,2,0,2
130682,1015,2022,Breeze,727,saadhak,LOUD,Kayo,1.12,214,18,17,8,75,135,32,5,4,1
130682,1015,2022,Breeze,8480,aspas,LOUD,Jett,0.99,200,16,16,4,67,132,24,2,2,0
130682,1015,2022,Breeze,659,Sacy,LOUD,Sova,0.74,120,9,15,11,63,89,31,0,3,-3
130682,1015,2022,Haven,488,Rb,KIWOOM DRX,Killjoy,1.05,219,13,15,4,68,138,31,2,0,2
130682,1015,2022,Haven,485,stax,KIWOOM DRX,Breach,0.81,173,12,15,4,74,102,55,0,3,-3
130682,1015,2022,Haven,772,Zest,KIWOOM DRX,Fade,0.81,149,10,15,4,58,94,28,2,0,2
130682,1015,2022,Haven,804,BuZz,KIWOOM DRX,Jett,0.68,146,9,16,4,63,105,42,2,6,-4
130682,1015,2022,Haven,4462,MaKo,KIWOOM DRX,Omen,0.6,149,9,16,5,63,94,22,0,4,-4
130682,1015,2022,Haven,659,Sacy,LOUD,Fade,1.76,252,18,7,11,89,168,33,1,0,1
130682,1015,2022,Haven,727,saadhak,LOUD,Breach,1.3,264,18,11,5,95,158,26,4,2,2
130682,1015,2022,Haven,8480,aspas,LOUD,Raze,1.08,245,15,14,8,95,166,28,3,1,2
130682,1015,2022,Haven,8447,Less,LOUD,Chamber,0.98,177,14,9,1,74,107,15,5,2,3
130682,1015,2022,Haven,683,pANcada,LOUD,Omen,0.88,151,12,12,10,79,85,21,0,1,-1
130685,1015,2022,Ascent,659,Sacy,LOUD,Sova,1.83,313,32,15,14,86,183,20,3,0,3
130685,1015,2022,Ascent,683,pANcada,LOUD,Omen,1.02,179,18,19,12,82,121,29,2,2,0
130685,1015,2022,Ascent,8447,Less,LOUD,Killjoy,1.01,198,19,20,4,68,135,20,2,2,0
130685,1015,2022,Ascent,727,saadhak,LOUD,Kayo,0.96,202,18,22,17,71,131,29,3,5,-2
130685,1015,2022,Ascent,8480,aspas,LOUD,Jett,0.86,219,21,23,8,82,141,25,5,4,1
130685,1015,2022,Ascent,817,FiNESSE,OpTic Gaming,Killjoy,1.11,218,20,20,8,71,156,19,0,0,0
130685,1015,2022,Ascent,881,yay,OpTic Gaming,Jett,1.03,247,27,23,0,64,149,27,5,4,1
130685,1015,2022,Ascent,4,crashies,OpTic Gaming,Sova,0.95,217,21,21,12,71,146,21,2,5,-3
130685,1015,2022,Ascent,263,Marved,OpTic Gaming,Omen,0.91,213,21,22,6,75,137,35,4,2,2
130685,1015,2022,Ascent,261,Victor,OpTic Gaming,Kayo,0.54,119,10,22,16,64,83,21,2,4,-2
130685,1015,2022,Bind,727,saadhak,LOUD,Skye,0.89,181,11,14,5,58,111,27,1,5,-4
130685,1015,2022,Bind,683,pANcada,LOUD,Brimstone,0.88,171,11,14,3,63,116,23,1,0,1
130685,1015,2022,Bind,8480,aspas,LOUD,Raze,0.83,170,11,14,1,74,118,28,2,1,1
130685,1015,2022,Bind,659,Sacy,LOUD,Fade,0.8,153,9,14,6,63,100,16,3,2,1
130685,1015,2022,Bind,8447,Less,LOUD,Viper,0.53,160,10,16,4,63,108,23,0,3,-3
130685,1015,2022,Bind,263,Marved,OpTic Gaming,Brimstone,1.45,243,18,10,6,100,159,30,2,1,1
130685,1015,2022,Bind,881,yay,OpTic Gaming,Chamber,1.26,246,18,12,2,79,168,19,4,2,2
130685,1015,2022,Bind,817,FiNESSE,OpTic Gaming,Viper,1.02,191,12,10,5,84,128,19,1,0,1
130685,1015,2022,Bind,4,crashies,OpTic Gaming,Skye,1.01,173,12,10,6,74,114,34,2,2,0
130685,1015,2022,Bind,261,Victor,OpTic Gaming,Raze,0.95,188,12,10,3,79,124,18,3,3,0
130685,1015,2022,Breeze,727,saadhak,LOUD,Kayo,1.21,207,21,17,11,73,127,17,0,5,-5
130685,1015,2022,Breeze,8480,aspas,LOUD,Jett,1.18,238,26,18,2,70,136,22,7,5,2
130685,1015,2022,Breeze,659,Sacy,LOUD,Sova,1.16,166,18,15,10,83,118,41,2,4,-2
130685,1015,2022,Breeze,8447,Less,LOUD,Cypher,1.16,222,23,18,2,57,145,45,2,3,-1
130685,1015,2022,Breeze,683,pANcada,LOUD,Viper,1.1,208,21,19,8,73,153,31,1,1,0
130685,1015,2022,Breeze,881,yay,OpTic Gaming,Chamber,1.04,212,22,21,4,63,137,22,3,2,1
130685,1015,2022,Breeze,4,crashies,OpTic Gaming,Sova,1.02,226,24,23,4,70,145,31,2,1,1
130685,1015,2022,Breeze,261,Victor,OpTic Gaming,Jett,0.97,204,22,22,1,60,136,30,8,4,4
130685,1015,2022,Breeze,263,Marved,OpTic Gaming,Kayo,0.56,113,11,22,8,53,85,28,3,3,0
130685,1015,2022,Breeze,817,FiNESSE,OpTic Gaming,Viper,0.43,90,8,21,5,53,66,14,2,2,0
130685,1015,2022,Haven,8447,Less,LOUD,Chamber,1.57,244,17,7,3,78,148,34,2,1,1
130685,1015,2022,Haven,659,Sacy,LOUD,Fade,1.28,173,11,7,14,83,105,28,0,1,-1
130685,1015,2022,Haven,683,pANcada,LOUD,Omen,1.27,256,15,10,16,78,160,41,2,2,0
130685,1015,2022,Haven,727,saadhak,LOUD,Breach,1.27,232,15,10,5,78,148,25,0,1,-1
130685,1015,2022,Haven,8480,aspas,LOUD,Raze,0.99,227,13,13,4,72,151,15,3,6,-3
130685,1015,2022,Haven,263,Marved,OpTic Gaming,Omen,1.15,196,12,12,7,56,115,26,1,1,0
130685,1015,2022,Haven,261,Victor,OpTic Gaming,Phoenix,0.88,220,13,15,5,61,133,22,4,0,4
130685,1015,2022,Haven,881,yay,OpTic Gaming,Chamber,0.81,164,11,12,1,56,100,44,2,2,0
130685,1015,2022,Haven,4,crashies,OpTic Gaming,Fade,0.36,113,6,15,2,39,85,16,0,4,-4
130685,1015,2022,Haven,817,FiNESSE,OpTic Gaming,Killjoy,0.3,109,5,17,5,67,78,15,4,0,4
130689,1015,2022,Icebox,485,stax,KIWOOM DRX,Sage,0.92,201,14,17,1,60,137,39,2,1,1
130689,1015,2022,Icebox,4462,MaKo,KIWOOM DRX,Viper,0.85,115,6,13,7,70,81,33,1,0,1
130689,1015,2022,Icebox,804,BuZz,KIWOOM DRX,Jett,0.75,151,10,14,1,45,98,21,4,7,-3
130689,1015,2022,Icebox,488,Rb,KIWOOM DRX,Killjoy,0.62,158,10,17,4,60,99,17,0,2,-2
130689,1015,2022,Icebox,772,Zest,KIWOOM DRX,Sova,0.45,99,5,16,5,55,72,21,1,2,-1
130689,1015,2022,Icebox,5022,Derke,FNATIC,Chamber,2.03,408,31,10,0,80,262,30,5,1,4
130689,1015,2022,Icebox,438,Boaster,FNATIC,Viper,1.15,171,11,8,10,90,99,21,2,1,1
130689,1015,2022,Icebox,1457,Mistic,FNATIC,Sage,1.14,194,14,12,15,90,113,34,4,2,2
130689,1015,2022,Icebox,114,Enzo,FNATIC,Sova,1.1,160,9,8,9,85,107,20,0,0,0
130689,1015,2022,Icebox,9810,Alfajer,FNATIC,Killjoy,1.0,143,12,7,1,75,103,20,1,4,-3
130689,1015,2022,Ascent,4462,MaKo,KIWOOM DRX,Astra,1.31,223,20,15,8,73,141,43,6,1,5
130689,1015,2022,Ascent,485,stax,KIWOOM DRX,Fade,1.12,221,20,19,9,81,151,28,2,0,2
130689,1015,2022,Ascent,772,Zest,KIWOOM DRX,Sova,0.9,200,21,20,4,65,123,40,1,5,-4
130689,1015,2022,Ascent,804,BuZz,KIWOOM DRX,Jett,0.78,173,14,18,2,58,121,22,3,6,-3
130689,1015,2022,Ascent,488,Rb,KIWOOM DRX,Kayo,0.55,149,12,21,5,65,91,26,2,0,2
130689,1015,2022,Ascent,9810,Alfajer,FNATIC,Killjoy,1.5,275,27,16,4,81,184,36,3,2,1
130689,1015,2022,Ascent,114,Enzo,FNATIC,Fade,1.16,192,19,14,8,81,127,21,0,2,-2
130689,1015,2022,Ascent,438,Boaster,FNATIC,Omen,1.07,199,19,18,5,69,133,22,2,1,1
130689,1015,2022,Ascent,5022,Derke,FNATIC,Jett,1.04,237,20,19,7,81,161,40,6,6,0
130689,1015,2022,Ascent,1457,Mistic,FNATIC,Kayo,0.61,117,8,20,18,77,83,24,1,3,-2
130689,1015,2022,Fracture,804,BuZz,KIWOOM DRX,Chamber,1.28,229,19,13,2,82,152,31,4,1,3
130689,1015,2022,Fracture,488,Rb,KIWOOM DRX,Neon,1.13,273,21,15,1,77,154,27,7,2,5
130689,1015,2022,Fracture,4462,MaKo,KIWOOM DRX,Brimstone,1.08,220,18,13,4,82,142,21,1,2,-1
130689,1015,2022,Fracture,772,Zest,KIWOOM DRX,Fade,1.01,180,13,12,8,77,130,31,2,2,0
130689,1015,2022,Fracture,485,stax,KIWOOM DRX,Breach,0.7,142,11,13,4,59,93,26,1,0,1
130689,1015,2022,Fracture,114,Enzo,FNATIC,Breach,1.24,234,17,16,7,68,153,27,0,1,-1
130689,1015,2022,Fracture,438,Boaster,FNATIC,Brimstone,0.99,200,11,17,15,73,150,28,1,2,-1
130689,1015,2022,Fracture,5022,Derke,FNATIC,Chamber,0.81,137,13,15,0,41,103,29,1,9,-8
130689,1015,2022,Fracture,1457,Mistic,FNATIC,Kayo,0.8,147,11,17,8,59,96,17,2,0,2
130689,1015,2022,Fracture,9810,Alfajer,FNATIC,Neon,0.8,179,14,17,1,45,121,41,3,3,0
130631,1015,2022,Icebox,2858,SUYGETSU,FunPlus Phoenix,Viper,1.57,271,21,12,13,82,178,57,1,1,0
130631,1015,2022,Icebox,11,Zyppan,FunPlus Phoenix,Kayo,1.15,240,18,16,12,64,147,35,4,1,3
130631,1015,2022,Icebox,98,ardiis,FunPlus Phoenix,Chamber,0.98,240,19,17,2,64,152,23,3,2,1
130631,1015,2022,Icebox,384,Shao,FunPlus Phoenix,Sage,0.93,220,16,18,12,68,136,29,2,3,-1
130631,1015,2022,Icebox,109,ANGE1,FunPlus Phoenix,Fade,0.63,151,13,18,5,68,97,42,3,2,1
130631,1015,2022,Icebox,2468,delz1k,KRÜ Esports,Viper,1.57,305,24,14,7,68,198,44,0,1,-1
130631,1015,2022,Icebox,1294,NagZ,KRÜ Esports,Chamber,1.02,251,19,18,2,73,147,28,4,5,-1
130631,1015,2022,Icebox,7603,Mazino,KRÜ Esports,Sage,0.84,179,15,17,4,64,109,22,1,2,-1
130631,1015,2022,Icebox,2610,Klaus,KRÜ Esports,Sova,0.73,175,13,20,7,82,115,24,2,1,1
130631,1015,2022,Icebox,2462,keznit,KRÜ Esports,Kayo,0.62,144,10,18,9,68,83,18,2,4,-2
130631,1015,2022,Ascent,384,Shao,FunPlus Phoenix,Fade,1.79,250,17,6,9,100,159,16,1,0,1
130631,1015,2022,Ascent,2858,SUYGETSU,FunPlus Phoenix,Sage,1.65,265,18,8,8,94,167,45,1,0,1
130631,1015,2022,Ascent,98,ardiis,FunPlus Phoenix,Chamber,1.09,254,17,13,2,65,159,24,5,3,2
130631,1015,2022,Ascent,109,ANGE1,FunPlus Phoenix,Omen,1.05,242,14,12,8,82,171,32,3,3,0
130631,1015,2022,Ascent,11,Zyppan,FunPlus Phoenix,Kayo,0.9,168,10,11,7,71,99,48,1,0,1
130631,1015,2022,Ascent,7603,Mazino,KRÜ Esports,Kayo,1.01,243,12,16,4,53,165,28,1,1,0
130631,1015,2022,Ascent,2462,keznit,KRÜ Esports,Jett,0.86,229,13,16,3,53,159,41,1,4,-3
130631,1015,2022,Ascent,1294,NagZ,KRÜ Esports,Killjoy,0.75,197,10,15,2,82,138,20,4,2,2
130631,1015,2022,Ascent,2610,Klaus,KRÜ Esports,Fade,0.48,120,8,14,4,59,77,24,0,2,-2
130631,1015,2022,Ascent,2468,delz1k,KRÜ Esports,Omen,0.48,108,7,15,2,53,70,36,0,2,-2
130688,1015,2022,Pearl,4147,Cryocells,XSET,Chamber,1.16,231,20,16,2,63,145,33,6,3,3
130688,1015,2022,Pearl,4004,zekken,XSET,Neon,1.05,222,18,18,7,71,153,21,3,3,0
130688,1015,2022,Pearl,864,BcJ,XSET,Fade,0.98,185,16,15,7,75,115,24,2,4,-2
130688,1015,2022,Pearl,824,AYRIN,XSET,Astra,0.94,173,13,17,6,58,106,16,0,0,0
130688,1015,2022,Pearl,882,dephh,XSET,Kayo,0.81,158,12,18,11,63,108,22,0,3,-3
130688,1015,2022,Pearl,11,Zyppan,FunPlus Phoenix,Skye,1.2,231,19,16,3,71,149,46,3,2,1
130688,1015,2022,Pearl,384,Shao,FunPlus Phoenix,Astra,1.12,204,17,14,8,79,138,32,1,1,0
130688,1015,2022,Pearl,98,ardiis,FunPlus Phoenix,Chamber,0.97,232,21,17,0,58,145,31,4,6,-2
130688,1015,2022,Pearl,2858,SUYGETSU,FunPlus Phoenix,Sage,0.88,161,14,15,7,79,101,32,1,1,0
130688,1015,2022,Pearl,109,ANGE1,FunPlus Phoenix,Kayo,0.83,173,13,17,9,71,122,28,4,1,3
130688,1015,2022,Bind,824,AYRIN,XSET,Viper,1.09,195,16,15,7,83,131,20,1,0,1
130688,1015,2022,Bind,882,dephh,XSET,Astra,1.0,175,16,17,6,78,115,28,1,1,0
130688,1015,2022,Bind,864,BcJ,XSET,Skye,0.97,252,19,17,9,65,150,13,3,3,0
130688,1015,2022,Bind,4147,Cryocells,XSET,Chamber,0.74,136,12,15,1,61,83,24,1,4,-3
130688,1015,2022,Bind,4004,zekken,XSET,Raze,0.49,150,10,19,7,70,106,7,3,6,-3
130688,1015,2022,Bind,2858,SUYGETSU,FunPlus Phoenix,Viper,1.55,284,24,14,6,78,178,34,2,1,1
130688,1015,2022,Bind,98,ardiis,FunPlus Phoenix,Kayo,1.27,246,18,16,15,78,159,16,5,0,5
130688,1015,2022,Bind,384,Shao,FunPlus Phoenix,Fade,1.15,185,13,11,14,74,126,38,0,3,-3
130688,1015,2022,Bind,109,ANGE1,FunPlus Phoenix,Brimstone,1.05,200,13,15,10,83,139,32,1,2,-1
130688,1015,2022,Bind,11,Zyppan,FunPlus Phoenix,Raze,0.96,191,15,17,4,65,117,18,6,3,3
130688,1015,2022,Ascent,4004,zekken,XSET,Sova,0.0,258,20,19,7,71,187,25,3,1,2
130688,1015,2022,Ascent,4147,Cryocells,XSET,Jett,0.0,249,23,16,2,63,146,21,7,6,1
130688,1015,2022,Ascent,864,BcJ,XSET,Omen,0.0,188,18,16,3,71,114,15,4,1,3
130688,1015,2022,Ascent,824,AYRIN,XSET,Killjoy,0.0,179,14,19,2,54,135,21,0,0,0
130688,1015,2022,Ascent,882,dephh,XSET,Kayo,0.0,150,11,16,12,75,111,27,0,2,-2
130688,1015,2022,Ascent,98,ardiis,FunPlus Phoenix,Jett,0.0,235,19,18,5,71,162,19,3,3,0
130688,1015,2022,Ascent,2858,SUYGETSU,FunPlus Phoenix,Sage,0.0,207,18,17,5,71,136,43,1,3,-2
130688,1015,2022,Ascent,109,ANGE1,FunPlus Phoenix,Omen,0.0,206,17,18,9,71,123,28,1,3,-2
130688,1015,2022,Ascent,384,Shao,FunPlus Phoenix,Fade,0.0,189,17,15,5,75,138,31,1,1,0
130688,1015,2022,Ascent,11,Zyppan,FunPlus Phoenix,Kayo,0.0,183,15,18,11,71,120,38,4,4,0
130623,1015,2022,Ascent,6668,SugarZ3ro,ZETA DIVISION,Astra,1.14,205,17,14,4,67,114,39,2,2,0
130623,1015,2022,Ascent,999,Laz,ZETA DIVISION,Kayo,0.87,189,13,17,7,57,126,30,1,4,-3
130623,1015,2022,Ascent,424,Dep,ZETA DIVISION,Jett,0.77,204,14,18,1,52,119,30,2,1,1
130623,1015,2022,Ascent,1395,TENNN,ZETA DIVISION,Killjoy,0.61,149,11,17,2,52,92,31,1,5,-4
130623,1015,2022,Ascent,1000,crow,ZETA DIVISION,Fade,0.56,133,8,17,7,48,92,20,1,2,-1
130623,1015,2022,Ascent,8447,Less,LOUD,Killjoy,1.63,274,22,11,3,76,186,28,4,1,3
130623,1015,2022,Ascent,683,pANcada,LOUD,Omen,1.29,204,16,11,10,86,135,24,1,2,-1
130623,1015,2022,Ascent,659,Sacy,LOUD,Sova,1.28,268,19,13,7,86,163,24,6,0,6
130623,1015,2022,Ascent,727,saadhak,LOUD,Kayo,1.03,193,13,13,10,71,121,16,3,1,2
130623,1015,2022,Ascent,8480,aspas,LOUD,Jett,0.71,154,13,15,7,67,110,24,0,3,-3
130623,1015,2022,Fracture,999,Laz,ZETA DIVISION,Chamber,1.55,303,25,15,2,73,184,22,5,0,5
130623,1015,2022,Fracture,6668,SugarZ3ro,ZETA DIVISION,Brimstone,0.78,178,13,19,10,68,133,25,2,2,0
130623,1015,2022,Fracture,424,Dep,ZETA DIVISION,Neon,0.72,189,14,19,5,64,122,21,4,1,3
130623,1015,2022,Fracture,1000,crow,ZETA DIVISION,Breach,0.63,107,10,15,8,73,71,33,0,1,-1
130623,1015,2022,Fracture,1395,TENNN,ZETA DIVISION,Raze,0.59,180,12,18,3,50,118,13,2,5,-3
130623,1015,2022,Fracture,727,saadhak,LOUD,Viper,1.6,314,26,14,5,77,183,24,2,2,0
130623,1015,2022,Fracture,683,pANcada,LOUD,Omen,1.23,200,18,13,5,68,123,55,1,0,1
130623,1015,2022,Fracture,8447,Less,LOUD,Chamber,1.22,270,20,16,6,68,176,14,3,7,-4
130623,1015,2022,Fracture,659,Sacy,LOUD,Fade,0.89,148,9,15,15,86,95,13,1,1,0
130623,1015,2022,Fracture,8480,aspas,LOUD,Raze,0.82,170,13,16,5,77,118,26,2,3,-1
130683,1015,2022,Haven,881,yay,OpTic Gaming,Chamber,1.39,260,23,14,3,73,155,27,3,1,2
130683,1015,2022,Haven,817,FiNESSE,OpTic Gaming,Killjoy,1.26,236,17,14,4,73,156,22,1,3,-2
130683,1015,2022,Haven,261,Victor,OpTic Gaming,Phoenix,1.14,249,21,17,4,68,154,26,5,4,1
130683,1015,2022,Haven,4,crashies,OpTic Gaming,Fade,1.02,154,13,14,13,82,102,33,0,1,-1
130683,1015,2022,Haven,263,Marved,OpTic Gaming,Omen,0.66,151,10,19,9,73,118,34,1,3,-2
130683,1015,2022,Haven,864,BcJ,XSET,Fade,1.24,251,21,17,8,86,172,18,3,1,2
130683,1015,2022,Haven,4147,Cryocells,XSET,Chamber,1.04,240,19,17,1,77,150,27,5,1,4
130683,1015,2022,Haven,824,AYRIN,XSET,Omen,0.88,165,13,15,10,68,102,13,0,2,-2
130683,1015,2022,Haven,882,dephh,XSET,Breach,0.75,142,10,15,5,82,97,35,1,2,-1
130683,1015,2022,Haven,4004,zekken,XSET,Raze,0.72,222,15,20,6,55,157,22,3,4,-1
130683,1015,2022,Ascent,4,crashies,OpTic Gaming,Sova,1.16,240,20,17,6,71,155,24,2,2,0
130683,1015,2022,Ascent,881,yay,OpTic Gaming,Chamber,1.08,213,19,16,1,75,130,19,3,3,0
130683,1015,2022,Ascent,263,Marved,OpTic Gaming,Astra,1.02,221,18,18,6,79,136,33,4,1,3
130683,1015,2022,Ascent,261,Victor,OpTic Gaming,Kayo,0.87,197,16,19,6,71,122,23,3,2,1
130683,1015,2022,Ascent,817,FiNESSE,OpTic Gaming,Fade,0.64,88,7,15,12,67,61,16,0,4,-4
130683,1015,2022,Ascent,824,AYRIN,XSET,Killjoy,1.35,234,22,14,6,75,152,19,1,2,-1
130683,1015,2022,Ascent,4004,zekken,XSET,Sova,1.28,248,20,16,5,71,173,24,5,1,4
130683,1015,2022,Ascent,882,dephh,XSET,Kayo,0.93,167,14,15,9,79,111,27,2,1,1
130683,1015,2022,Ascent,4147,Cryocells,XSET,Jett,0.88,213,18,19,5,67,130,14,1,5,-4
130683,1015,2022,Ascent,864,BcJ,XSET,Omen,0.78,139,11,16,11,71,85,12,3,3,0
130683,1015,2022,Pearl,881,yay,OpTic Gaming,Chamber,1.57,288,21,10,1,76,184,28,4,1,3
130683,1015,2022,Pearl,261,Victor,OpTic Gaming,Kayo,1.16,215,17,12,4,76,126,26,4,3,1
130683,1015,2022,Pearl,263,Marved,OpTic Gaming,Astra,1.12,235,17,15,5,67,156,37,3,2,1
130683,1015,2022,Pearl,4,crashies,OpTic Gaming,Fade,0.87,160,11,15,12,76,110,26,1,1,0
130683,1015,2022,Pearl,817,FiNESSE,OpTic Gaming,Viper,0.86,147,9,12,7,71,93,32,0,2,-2
130683,1015,2022,Pearl,4147,Cryocells,XSET,Chamber,1.23,220,16,11,4,67,135,17,4,3,1
130683,1015,2022,Pearl,882,dephh,XSET,Kayo,1.12,207,16,15,6,76,122,15,3,3,0
130683,1015,2022,Pearl,864,BcJ,XSET,Fade,0.89,180,12,15,10,76,120,19,1,3,-2
130683,1015,2022,Pearl,824,AYRIN,XSET,Astra,0.57,145,9,17,9,52,92,24,0,1,-1
130683,1015,2022,Pearl,4004,zekken,XSET,Neon,0.54,143,11,17,2,52,89,36,1,2,-1
130636,1015,2022,Bind,1533,Derrek,100 Thieves,Fade,1.04,211,12,15,10,67,129,28,0,2,-2
130636,1015,2022,Bind,733,stellar,100 Thieves,Viper,1.03,204,11,14,7,78,141,24,0,1,-1
130636,1015,2022,Bind,1411,Will,100 Thieves,Raze,0.78,184,11,15,2,61,115,10,5,2,3
130636,1015,2022,Bind,3880,bang,100 Thieves,Brimstone,0.71,157,9,14,5,61,109,44,2,1,1
130636,1015,2022,Bind,601,Asuna,100 Thieves,Skye,0.65,153,11,15,4,72,99,20,1,4,-3
130636,1015,2022,Bind,9810,Alfajer,FNATIC,Raze,1.87,369,21,10,10,94,239,25,4,1,3
130636,1015,2022,Bind,438,Boaster,FNATIC,Brimstone,1.26,177,13,8,7,83,130,27,2,0,2
130636,1015,2022,Bind,1457,Mistic,FNATIC,Skye,1.22,216,15,11,3,72,155,30,1,0,1
130636,1015,2022,Bind,5022,Derke,FNATIC,Chamber,1.12,243,17,12,2,56,178,40,2,3,-1
130636,1015,2022,Bind,114,Enzo,FNATIC,Viper,0.6,132,7,13,7,67,81,18,1,4,-3
130636,1015,2022,Ascent,3880,bang,100 Thieves,Omen,1.11,246,17,15,8,65,152,38,0,1,-1
130636,1015,2022,Ascent,1411,Will,100 Thieves,Chamber,0.87,190,13,15,3,75,122,23,4,3,1
130636,1015,2022,Ascent,1533,Derrek,100 Thieves,Fade,0.78,138,10,14,4,65,97,22,0,3,-3
130636,1015,2022,Ascent,733,stellar,100 Thieves,Sage,0.75,174,12,16,5,65,119,28,0,3,-3
130636,1015,2022,Ascent,601,Asuna,100 Thieves,Kayo,0.59,178,12,19,5,60,106,19,5,1,4
130636,1015,2022,Ascent,5022,Derke,FNATIC,Jett,1.39,290,21,14,5,85,178,40,6,3,3
130636,1015,2022,Ascent,9810,Alfajer,FNATIC,Killjoy,1.33,229,17,13,6,85,162,14,1,1,0
130636,1015,2022,Ascent,1457,Mistic,FNATIC,Kayo,1.26,213,17,13,11,80,136,28,3,2,1
130636,1015,2022,Ascent,438,Boaster,FNATIC,Omen,1.09,232,14,13,7,70,153,19,1,2,-1
130636,1015,2022,Ascent,114,Enzo,FNATIC,Fade,0.96,138,10,11,10,80,92,19,0,1,-1
130619,1015,2022,Haven,9800,mindfreak,Paper Rex,Astra,0.94,177,14,16,5,57,108,28,1,3,-2
130619,1015,2022,Haven,9801,f0rsakeN,Paper Rex,Chamber,0.88,189,12,16,3,62,126,28,2,2,0
130619,1015,2022,Haven,9803,d4v41,Paper Rex,Fade,0.75,156,12,18,2,57,95,42,0,1,-1
130619,1015,2022,Haven,9802,Benkai,Paper Rex,Sage,0.74,192,14,19,2,52,118,36,3,3,0
130619,1015,2022,Haven,7378,Jinggg,Paper Rex,Raze,0.42,168,9,21,5,52,116,7,3,3,0
130619,1015,2022,Haven,1311,Melser,LEVIATÁN,Omen,1.46,225,19,9,11,86,143,25,1,1,0
130619,1015,2022,Haven,24007,Shyy,LEVIATÁN,Fade,1.46,247,17,11,17,81,149,30,1,2,-1
130619,1015,2022,Haven,3828,Tacolilla,LEVIATÁN,Chamber,1.27,293,21,13,6,86,192,22,4,3,1
130619,1015,2022,Haven,8549,kiNgg,LEVIATÁN,Raze,1.03,195,15,13,6,76,111,14,4,3,1
130619,1015,2022,Haven,3826,adverso,LEVIATÁN,Breach,0.95,243,18,15,2,67,146,35,2,0,2
130619,1015,2022,Bind,9803,d4v41,Paper Rex,Fade,1.25,254,20,17,9,83,167,33,2,1,1
130619,1015,2022,Bind,7378,Jinggg,Paper Rex,Raze,0.87,255,20,22,5,71,157,11,4,2,2
130619,1015,2022,Bind,9802,Benkai,Paper Rex,Breach,0.74,158,13,19,6,75,103,33,0,2,-2
130619,1015,2022,Bind,9801,f0rsakeN,Paper Rex,Yoru,0.68,193,16,20,1,50,118,24,3,7,-4
130619,1015,2022,Bind,9800,mindfreak,Paper Rex,Brimstone,0.64,123,10,17,6,67,82,24,1,2,-1
130619,1015,2022,Bind,24007,Shyy,LEVIATÁN,Fade,1.72,319,28,15,8,75,193,34,1,2,-1
130619,1015,2022,Bind,8549,kiNgg,LEVIATÁN,Raze,1.33,308,24,17,6,75,186,24,7,3,4
130619,1015,2022,Bind,3828,Tacolilla,LEVIATÁN,Skye,0.96,169,16,17,10,83,105,31,2,2,0
130619,1015,2022,Bind,1311,Melser,LEVIATÁN,Brimstone,0.93,169,15,14,6,71,107,20,3,3,0
130619,1015,2022,Bind,3826,adverso,LEVIATÁN,Viper,0.81,147,12,16,6,63,102,14,1,0,1
130690,1015,2022,Icebox,11,Zyppan,FunPlus Phoenix,Raze,1.51,345,27,18,4,75,225,22,6,4,2
130690,1015,2022,Icebox,98,ardiis,FunPlus Phoenix,Chamber,1.03,255,22,20,3,75,161,24,6,3,3
130690,1015,2022,Icebox,2858,SUYGETSU,FunPlus Phoenix,Viper,1.0,201,17,16,7,71,122,33,2,0,2
130690,1015,2022,Icebox,384,Shao,FunPlus Phoenix,Sage,0.67,110,10,18,12,75,70,23,1,0,1
130690,1015,2022,Icebox,109,ANGE1,FunPlus Phoenix,Fade,0.34,84,5,20,9,75,72,23,0,2,-2
130690,1015,2022,Icebox,4462,MaKo,KIWOOM DRX,Viper,1.49,298,24,15,12,88,194,36,0,2,-2
130690,1015,2022,Icebox,804,BuZz,KIWOOM DRX,Chamber,1.45,264,22,15,5,79,174,21,1,1,0
130690,1015,2022,Icebox,772,Zest,KIWOOM DRX,Fade,0.95,189,15,17,11,79,123,33,2,1,1
130690,1015,2022,Icebox,488,Rb,KIWOOM DRX,Kayo,0.9,219,17,19,7,75,137,18,4,5,-1
130690,1015,2022,Icebox,485,stax,KIWOOM DRX,Sage,0.89,158,14,15,3,58,111,39,2,6,-4
130690,1015,2022,Haven,98,ardiis,FunPlus Phoenix,Chamber,1.15,257,20,16,3,86,165,19,5,2,3
130690,1015,2022,Haven,384,Shao,FunPlus Phoenix,Sova,1.03,171,12,13,8,82,109,25,0,1,-1
130690,1015,2022,Haven,2858,SUYGETSU,FunPlus Phoenix,Viper,1.03,218,16,16,7,68,161,28,1,2,-1
130690,1015,2022,Haven,11,Zyppan,FunPlus Phoenix,Raze,1.0,210,16,16,3,68,139,15,4,4,0
130690,1015,2022,Haven,109,ANGE1,FunPlus Phoenix,Omen,0.2,89,7,20,1,36,60,23,0,3,-3
130690,1015,2022,Haven,4462,MaKo,KIWOOM DRX,Omen,1.37,265,21,15,9,77,153,35,4,2,2
130690,1015,2022,Haven,804,BuZz,KIWOOM DRX,Jett,1.23,281,22,16,3,77,173,35,6,3,3
130690,1015,2022,Haven,772,Zest,KIWOOM DRX,Fade,1.18,212,17,13,5,64,142,54,2,2,0
130690,1015,2022,Haven,485,stax,KIWOOM DRX,Breach,1.02,154,12,12,8,77,103,44,0,1,-1
130690,1015,2022,Haven,488,Rb,KIWOOM DRX,Killjoy,0.69,126,9,15,4,64,82,15,0,2,-2
130681,1015,2022,Pearl,4147,Cryocells,XSET,Chamber,1.88,309,26,11,1,71,190,37,5,3,2
130681,1015,2022,Pearl,824,AYRIN,XSET,Astra,1.42,253,19,13,3,81,161,15,0,0,0
130681,1015,2022,Pearl,864,BcJ,XSET,Fade,0.63,100,5,13,9,67,74,9,1,1,0
130681,1015,2022,Pearl,882,dephh,XSET,Kayo,0.59,143,8,17,7,52,107,26,1,3,-2
130681,1015,2022,Pearl,4004,zekken,XSET,Neon,0.51,124,10,17,0,48,76,24,3,4,-1
130681,1015,2022,Pearl,1457,Mistic,FNATIC,Skye,1.16,212,17,12,2,81,128,23,3,0,3
130681,1015,2022,Pearl,5022,Derke,FNATIC,Chamber,1.15,248,19,14,2,71,157,50,4,3,1
130681,1015,2022,Pearl,438,Boaster,FNATIC,Astra,1.04,208,12,14,11,76,155,23,0,1,-1
130681,1015,2022,Pearl,114,Enzo,FNATIC,Fade,0.89,184,14,14,7,81,108,38,1,0,1
130681,1015,2022,Pearl,9810,Alfajer,FNATIC,Neon,0.59,128,9,14,4,62,85,25,3,6,-3
130681,1015,2022,Fracture,4147,Cryocells,XSET,Chamber,1.38,243,22,14,3,75,156,33,4,0,4
130681,1015,2022,Fracture,882,dephh,XSET,Breach,1.13,223,20,16,5,75,127,36,3,1,2
130681,1015,2022,Fracture,4004,zekken,XSET,Neon,1.07,204,17,15,5,71,147,25,3,4,-1
130681,1015,2022,Fracture,864,BcJ,XSET,Omen,0.97,235,17,19,12,75,161,12,3,2,1
130681,1015,2022,Fracture,824,AYRIN,XSET,Sage,0.64,100,9,16,9,67,65,10,1,3,-2
130681,1015,2022,Fracture,5022,Derke,FNATIC,Chamber,1.28,317,26,20,5,67,206,32,4,3,1
130681,1015,2022,Fracture,1457,Mistic,FNATIC,Kayo,1.27,220,19,15,12,71,124,27,2,2,0
130681,1015,2022,Fracture,114,Enzo,FNATIC,Breach,1.04,149,13,13,7,67,94,19,1,0,1
130681,1015,2022,Fracture,9810,Alfajer,FNATIC,Neon,0.69,166,12,17,7,54,102,22,2,6,-4
130681,1015,2022,Fracture,438,Boaster,FNATIC,Brimstone,0.61,146,10,20,12,71,89,6,1,3,-2
130634,1015,2022,Breeze,4462,MaKo,KIWOOM DRX,Viper,1.18,250,28,24,19,79,173,35,1,0,1
130634,1015,2022,Breeze,488,Rb,KIWOOM DRX,Chamber,1.07,227,27,24,5,71,150,30,5,3,2
130634,1015,2022,Breeze,485,stax,KIWOOM DRX,Skye,1.05,201,26,24,6,74,135,41,3,2,1
130634,1015,2022,Breeze,804,BuZz,KIWOOM DRX,Jett,0.98,271,28,28,9,71,175,23,8,8,0
130634,1015,2022,Breeze,772,Zest,KIWOOM DRX,Sova,0.75,144,17,24,8,62,99,24,3,1,2
130634,1015,2022,Breeze,3880,bang,100 Thieves,Viper,1.54,289,35,23,14,71,182,34,3,2,1
130634,1015,2022,Breeze,733,stellar,100 Thieves,Cypher,1.07,215,24,25,12,76,146,31,4,2,2
130634,1015,2022,Breeze,1411,Will,100 Thieves,Jett,1.05,236,28,26,8,68,160,22,4,9,-5
130634,1015,2022,Breeze,1533,Derrek,100 Thieves,Sova,0.91,191,22,24,8,74,134,39,2,0,2
130634,1015,2022,Breeze,601,Asuna,100 Thieves,Kayo,0.61,145,15,28,15,76,96,20,1,7,-6
130634,1015,2022,Fracture,488,Rb,KIWOOM DRX,Neon,1.3,259,20,14,6,82,161,25,5,5,0
130634,1015,2022,Fracture,485,stax,KIWOOM DRX,Breach,1.17,187,14,11,8,82,125,27,1,0,1
130634,1015,2022,Fracture,804,BuZz,KIWOOM DRX,Chamber,1.13,212,17,14,3,73,136,22,4,2,2
130634,1015,2022,Fracture,4462,MaKo,KIWOOM DRX,Brimstone,1.12,172,13,12,12,82,113,19,0,2,-2
130634,1015,2022,Fracture,772,Zest,KIWOOM DRX,Fade,1.12,200,16,13,7,68,123,20,2,1,1
130634,1015,2022,Fracture,1411,Will,100 Thieves,Chamber,1.11,208,17,15,1,64,121,39,4,1,3
130634,1015,2022,Fracture,601,Asuna,100 Thieves,Neon,0.92,229,17,16,5,59,132,26,3,3,0
130634,1015,2022,Fracture,3880,bang,100 Thieves,Brimstone,0.81,155,10,16,8,82,111,30,0,3,-3
130634,1015,2022,Fracture,1533,Derrek,100 Thieves,Breach,0.7,131,10,16,7,73,78,43,2,1,1
130634,1015,2022,Fracture,733,stellar,100 Thieves,Kayo,0.58,136,10,17,7,64,89,44,1,4,-3
130627,1015,2022,Icebox,384,Shao,FunPlus Phoenix,Sage,1.33,198,19,15,15,85,134,33,2,2,0
130627,1015,2022,Icebox,2858,SUYGETSU,FunPlus Phoenix,Viper,1.23,209,20,16,9,77,144,36,1,1,0
130627,1015,2022,Icebox,11,Zyppan,FunPlus Phoenix,Raze,1.23,267,23,21,5,81,190,26,5,6,-1
130627,1015,2022,Icebox,98,ardiis,FunPlus Phoenix,Chamber,1.08,236,21,17,7,85,155,23,3,2,1
130627,1015,2022,Icebox,109,ANGE1,FunPlus Phoenix,Fade,0.76,180,17,21,7,69,127,37,1,3,-2
130627,1015,2022,Icebox,1294,NagZ,KRÜ Esports,Chamber,1.16,236,24,19,1,73,157,33,5,3,2
130627,1015,2022,Icebox,7603,Mazino,KRÜ Esports,Sage,1.09,227,18,19,20,77,160,31,1,3,-2
130627,1015,2022,Icebox,2468,delz1k,KRÜ Esports,Viper,1.05,179,16,17,12,77,118,36,1,1,0
130627,1015,2022,Icebox,2610,Klaus,KRÜ Esports,Sova,0.81,178,16,20,4,62,126,23,1,1,0
130627,1015,2022,Icebox,2462,keznit,KRÜ Esports,Kayo,0.64,184,16,25,10,62,114,34,6,4,2
130627,1015,2022,Bind,384,Shao,FunPlus Phoenix,Fade,1.65,287,23,11,11,87,210,35,1,1,0
130627,1015,2022,Bind,11,Zyppan,FunPlus Phoenix,Raze,1.47,336,27,16,2,83,216,28,8,2,6
130627,1015,2022,Bind,2858,SUYGETSU,FunPlus Phoenix,Viper,1.0,181,14,14,6,74,137,28,2,0,2
130627,1015,2022,Bind,98,ardiis,FunPlus Phoenix,Kayo,0.98,135,10,12,14,70,84,14,2,0,2
130627,1015,2022,Bind,109,ANGE1,FunPlus Phoenix,Brimstone,0.75,175,13,16,4,65,102,25,2,5,-3
130627,1015,2022,Bind,7603,Mazino,KRÜ Esports,Skye,1.14,234,18,16,3,61,152,31,0,1,-1
130627,1015,2022,Bind,1294,NagZ,KRÜ Esports,Sage,1.12,191,15,15,9,74,127,27,4,3,1
130627,1015,2022,Bind,2462,keznit,KRÜ Esports,Raze,1.08,216,16,17,6,65,150,25,3,6,-3
130627,1015,2022,Bind,2610,Klaus,KRÜ Esports,Viper,0.77,164,13,18,7,57,109,23,1,3,-2
130627,1015,2022,Bind,2468,delz1k,KRÜ Esports,Brimstone,0.31,112,7,21,5,61,87,16,0,2,-2
130620,1015,2022,Bind,3520,ZmjjKK,EDward Gaming,Raze,1.33,294,18,14,2,67,182,25,4,2,2
130620,1015,2022,Bind,15559,CHICHOO,EDward Gaming,Astra,0.7,127,7,13,7,61,103,30,0,2,-2
130620,1015,2022,Bind,3017,nobody,EDward Gaming,Fade,0.58,128,8,16,6,61,80,19,1,1,0
130620,1015,2022,Bind,4720,Haodong,EDward Gaming,Breach,0.38,91,5,17,8,72,50,29,1,1,0
130620,1015,2022,Bind,3028,Life,EDward Gaming,Jett,0.34,102,6,16,2,39,71,40,1,5,-4
130620,1015,2022,Bind,92,ScreaM,Team Liquid,Raze,1.62,268,18,8,5,78,181,32,2,1,1
130620,1015,2022,Bind,14669,Nivera,Team Liquid,Viper,1.52,247,16,7,9,100,154,29,2,0,2
130620,1015,2022,Bind,320,dimasick,Team Liquid,Brimstone,1.43,249,16,9,8,83,159,36,2,1,1
130620,1015,2022,Bind,9780,Jamppi,Team Liquid,Sage,1.12,199,14,10,4,83,136,22,3,3,0
130620,1015,2022,Bind,101,soulcas,Team Liquid,Skye,0.87,169,12,10,1,78,127,48,2,2,0
130620,1015,2022,Breeze,3028,Life,EDward Gaming,Jett,1.16,242,21,18,4,58,161,26,3,5,-2
130620,1015,2022,Breeze,4720,Haodong,EDward Gaming,Skye,0.97,161,16,16,2,58,103,37,3,2,1
130620,1015,2022,Breeze,15559,CHICHOO,EDward Gaming,Viper,0.94,153,13,15,9,69,97,24,0,1,-1
130620,1015,2022,Breeze,3520,ZmjjKK,EDward Gaming,Chamber,0.91,213,19,20,4,73,129,25,5,3,2
130620,1015,2022,Breeze,3017,nobody,EDward Gaming,Sova,0.45,128,11,22,2,58,91,22,1,3,-2
130620,1015,2022,Breeze,92,ScreaM,Team Liquid,Phoenix,1.23,234,20,14,6,81,154,42,4,3,1
130620,1015,2022,Breeze,101,soulcas,Team Liquid,Kayo,1.14,232,20,17,11,69,144,32,2,1,1
130620,1015,2022,Breeze,14669,Nivera,Team Liquid,Viper,1.03,177,16,16,7,69,112,46,0,1,-1
130620,1015,2022,Breeze,320,dimasick,Team Liquid,Sova,1.03,146,14,17,12,77,98,31,1,3,-2
130620,1015,2022,Breeze,9780,Jamppi,Team Liquid,Chamber,1.02,231,21,16,2,73,143,15,7,4,3
130691,1015,2022,Bind,261,Victor,OpTic Gaming,Raze,1.22,275,20,13,4,86,172,21,3,1,2
130691,1015,2022,Bind,817,FiNESSE,OpTic Gaming,Viper,1.18,246,17,14,7,81,171,31,1,2,-1
130691,1015,2022,Bind,881,yay,OpTic Gaming,Chamber,1.13,220,16,14,3,71,155,30,4,2,2
130691,1015,2022,Bind,4,crashies,OpTic Gaming,Skye,0.86,124,10,11,2,57,91,21,1,3,-2
130691,1015,2022,Bind,263,Marved,OpTic Gaming,Brimstone,0.75,130,10,13,6,71,90,29,1,3,-2
130691,1015,2022,Bind,4462,MaKo,KIWOOM DRX,Viper,1.18,214,16,13,7,76,127,20,3,1,2
130691,1015,2022,Bind,804,BuZz,KIWOOM DRX,Raze,1.05,224,14,17,9,86,151,21,4,4,0
130691,1015,2022,Bind,485,stax,KIWOOM DRX,Skye,0.96,155,13,13,4,71,99,30,1,2,-1
130691,1015,2022,Bind,488,Rb,KIWOOM DRX,Astra,0.91,150,11,13,4,57,98,18,0,1,-1
130691,1015,2022,Bind,772,Zest,KIWOOM DRX,Fade,0.74,151,11,17,6,86,101,28,3,2,1
130691,1015,2022,Breeze,881,yay,OpTic Gaming,Chamber,1.71,282,19,5,0,94,171,21,5,2,3
130691,1015,2022,Breeze,4,crashies,OpTic Gaming,Sova,1.58,267,19,7,7,83,169,35,2,1,1
130691,1015,2022,Breeze,261,Victor,OpTic Gaming,Jett,1.3,190,12,6,3,78,112,30,3,1,2
130691,1015,2022,Breeze,817,FiNESSE,OpTic Gaming,Viper,1.29,197,11,7,12,83,128,22,1,1,0
130691,1015,2022,Breeze,263,Marved,OpTic Gaming,Kayo,1.05,176,10,8,12,72,113,26,2,0,2
130691,1015,2022,Breeze,804,BuZz,KIWOOM DRX,Jett,0.82,204,12,15,0,61,136,36,3,5,-2
130691,1015,2022,Breeze,4462,MaKo,KIWOOM DRX,Viper,0.74,137,6,15,7,67,95,25,2,0,2
130691,1015,2022,Breeze,772,Zest,KIWOOM DRX,Sova,0.6,106,6,14,3,56,62,8,0,2,-2
130691,1015,2022,Breeze,488,Rb,KIWOOM DRX,Chamber,0.53,115,7,14,0,39,78,39,0,4,-4
130691,1015,2022,Breeze,485,stax,KIWOOM DRX,Skye,0.26,49,2,13,3,28,35,20,0,2,-2
130691,1015,2022,Fracture,4,crashies,OpTic Gaming,Kayo,1.14,258,18,17,9,81,163,24,5,2,3
130691,1015,2022,Fracture,817,FiNESSE,OpTic Gaming,Breach,0.97,190,15,17,10,71,130,25,0,3,-3
130691,1015,2022,Fracture,263,Marved,OpTic Gaming,Brimstone,0.95,190,14,15,10,76,117,20,2,1,1
130691,1015,2022,Fracture,881,yay,OpTic Gaming,Chamber,0.88,220,17,15,1,62,137,26,2,1,1
130691,1015,2022,Fracture,261,Victor,OpTic Gaming,Neon,0.51,111,7,17,5,76,74,23,2,3,-1
130691,1015,2022,Fracture,4462,MaKo,KIWOOM DRX,Brimstone,1.86,373,27,13,9,90,246,33,1,2,-1
130691,1015,2022,Fracture,804,BuZz,KIWOOM DRX,Chamber,1.02,212,14,14,4,57,147,28,3,1,2
130691,1015,2022,Fracture,772,Zest,KIWOOM DRX,Fade,1.02,176,13,13,6,81,119,31,2,0,2
130691,1015,2022,Fracture,485,stax,KIWOOM DRX,Breach,0.82,134,12,15,4,62,110,34,0,1,-1
130691,1015,2022,Fracture,488,Rb,KIWOOM DRX,Neon,0.71,199,15,16,3,67,129,16,4,7,-3
130691,1015,2022,Ascent,881,yay,OpTic Gaming,Jett,1.09,245,16,14,1,58,148,41,6,5,1
130691,1015,2022,Ascent,261,Victor,OpTic Gaming,Kayo,1.02,211,11,13,11,74,145,29,0,2,-2
130691,1015,2022,Ascent,263,Marved,OpTic Gaming,Omen,0.95,192,13,17,6,79,121,29,2,1,1
130691,1015,2022,Ascent,4,crashies,OpTic Gaming,Sova,0.56,108,6,14,4,58,83,19,0,1,-1
130691,1015,2022,Ascent,817,FiNESSE,OpTic Gaming,Killjoy,0.36,105,6,16,3,53,87,19,0,2,-2
130691,1015,2022,Ascent,804,BuZz,KIWOOM DRX,Jett,1.78,386,26,12,4,79,247,32,7,4,3
130691,1015,2022,Ascent,4462,MaKo,KIWOOM DRX,Astra,1.32,188,13,8,13,95,139,29,0,0,0
130691,1015,2022,Ascent,485,stax,KIWOOM DRX,Fade,1.3,186,13,9,6,95,114,32,1,0,1
130691,1015,2022,Ascent,772,Zest,KIWOOM DRX,Sova,1.24,201,13,8,5,74,142,37,1,1,0
130691,1015,2022,Ascent,488,Rb,KIWOOM DRX,Kayo,0.62,137,9,15,10,79,89,25,2,3,-1
130691,1015,2022,Haven,263,Marved,OpTic Gaming,Omen,1.57,249,22,13,10,87,157,44,1,0,1
130691,1015,2022,Haven,881,yay,OpTic Gaming,Chamber,1.38,258,23,12,2,70,171,24,4,0,4
130691,1015,2022,Haven,261,Victor,OpTic Gaming,Phoenix,1.34,265,20,14,6,87,182,30,3,1,2
130691,1015,2022,Haven,817,FiNESSE,OpTic Gaming,Killjoy,1.15,208,15,12,7,74,129,22,1,3,-2
130691,1015,2022,Haven,4,crashies,OpTic Gaming,Fade,0.56,127,9,17,13,87,73,18,3,7,-4
130691,1015,2022,Haven,488,Rb,KIWOOM DRX,Killjoy,1.15,216,16,16,3,57,154,26,0,1,-1
130691,1015,2022,Haven,485,stax,KIWOOM DRX,Breach,0.8,152,13,17,4,65,116,43,1,0,1
130691,1015,2022,Haven,4462,MaKo,KIWOOM DRX,Omen,0.8,148,12,17,7,65,106,26,2,2,0
130691,1015,2022,Haven,804,BuZz,KIWOOM DRX,Jett,0.65,159,12,19,1,52,100,26,7,5,2
130691,1015,2022,Haven,772,Zest,KIWOOM DRX,Fade,0.63,191,15,20,3,70,128,36,1,4,-3
130686,1015,2022,Icebox,11,Zyppan,FunPlus Phoenix,Raze,1.42,348,22,14,3,79,239,33,6,4,2
130686,1015,2022,Icebox,98,ardiis,FunPlus Phoenix,Chamber,1.17,268,20,15,1,68,163,34,6,2,4
130686,1015,2022,Icebox,384,Shao,FunPlus Phoenix,Sage,1.15,144,9,8,10,89,89,26,0,0,0
130686,1015,2022,Icebox,2858,SUYGETSU,FunPlus Phoenix,Viper,1.0,184,13,12,7,68,119,30,0,0,0
130686,1015,2022,Icebox,109,ANGE1,FunPlus Phoenix,Fade,0.99,180,12,11,5,63,134,42,0,1,-1
130686,1015,2022,Icebox,8549,kiNgg,LEVIATÁN,Viper,1.17,210,13,14,7,63,146,40,2,2,0
130686,1015,2022,Icebox,3826,adverso,LEVIATÁN,Sova,1.09,236,15,15,3,63,150,27,1,3,-2
130686,1015,2022,Icebox,3828,Tacolilla,LEVIATÁN,Chamber,0.94,236,15,16,5,63,160,33,3,2,1
130686,1015,2022,Icebox,1311,Melser,LEVIATÁN,Sage,0.68,169,11,16,2,53,117,29,0,2,-2
130686,1015,2022,Icebox,24007,Shyy,LEVIATÁN,Kayo,0.59,113,6,15,11,63,78,23,1,3,-2
130686,1015,2022,Ascent,2858,SUYGETSU,FunPlus Phoenix,Cypher,1.33,212,17,13,5,67,147,40,2,1,1
130686,1015,2022,Ascent,11,Zyppan,FunPlus Phoenix,Kayo,1.21,221,17,15,12,71,139,23,2,1,1
130686,1015,2022,Ascent,384,Shao,FunPlus Phoenix,Fade,1.16,191,15,16,11,71,129,22,1,0,1
130686,1015,2022,Ascent,98,ardiis,FunPlus Phoenix,Jett,0.9,229,19,20,1,63,134,15,5,4,1
130686,1015,2022,Ascent,109,ANGE1,FunPlus Phoenix,Omen,0.06,70,6,22,1,38,46,24,0,8,-8
130686,1015,2022,Ascent,8549,kiNgg,LEVIATÁN,Kayo,1.43,269,21,13,9,79,166,25,7,4,3
130686,1015,2022,Ascent,1311,Melser,LEVIATÁN,Astra,1.4,241,20,13,12,79,163,26,1,0,1
130686,1015,2022,Ascent,3826,adverso,LEVIATÁN,Sova,1.06,231,18,16,10,79,169,21,0,2,-2
130686,1015,2022,Ascent,3828,Tacolilla,LEVIATÁN,Chamber,0.8,157,14,16,3,67,100,15,4,3,1
130686,1015,2022,Ascent,24007,Shyy,LEVIATÁN,Fade,0.77,140,13,16,9,75,77,33,2,1,1
130621,1015,2022,Haven,7378,Jinggg,Paper Rex,Reyna,1.3,296,30,21,2,64,194,29,5,1,4
130621,1015,2022,Haven,9803,d4v41,Paper Rex,Skye,1.09,208,19,18,15,86,139,20,1,1,0
130621,1015,2022,Haven,9800,mindfreak,Paper Rex,Astra,0.94,147,15,18,10,75,100,32,1,2,-1
130621,1015,2022,Haven,9802,Benkai,Paper Rex,Cypher,0.82,174,18,23,5,79,115,30,2,3,-1
130621,1015,2022,Haven,9801,f0rsakeN,Paper Rex,Jett,0.65,170,16,22,3,71,108,31,4,8,-4
130621,1015,2022,Haven,9780,Jamppi,Team Liquid,Chamber,1.6,305,29,18,3,75,195,32,9,1,8
130621,1015,2022,Haven,92,ScreaM,Team Liquid,Raze,1.01,205,19,17,5,75,138,30,1,6,-5
130621,1015,2022,Haven,320,dimasick,Team Liquid,Omen,0.94,173,18,20,8,79,111,51,2,2,0
130621,1015,2022,Haven,101,soulcas,Team Liquid,Fade,0.82,189,18,21,7,75,131,37,2,2,0
130621,1015,2022,Haven,14669,Nivera,Team Liquid,Breach,0.8,187,18,22,7,64,119,35,1,2,-1
130621,1015,2022,Pearl,9801,f0rsakeN,Paper Rex,Chamber,1.61,284,18,8,3,82,190,36,3,2,1
130621,1015,2022,Pearl,9803,d4v41,Paper Rex,Sage,1.46,218,14,8,9,88,135,25,1,1,0
130621,1015,2022,Pearl,9800,mindfreak,Paper Rex,Astra,1.16,191,11,8,2,76,134,21,2,1,1
130621,1015,2022,Pearl,9802,Benkai,Paper Rex,Fade,1.03,139,9,8,3,82,97,20,0,0,0
130621,1015,2022,Pearl,7378,Jinggg,Paper Rex,Raze,0.91,245,13,14,4,82,176,21,5,2,3
130621,1015,2022,Pearl,9780,Jamppi,Team Liquid,Chamber,1.36,299,17,13,2,65,182,15,2,5,-3
130621,1015,2022,Pearl,14669,Nivera,Team Liquid,Viper,0.83,163,9,11,6,76,101,26,0,1,-1
130621,1015,2022,Pearl,320,dimasick,Team Liquid,Astra,0.71,148,8,13,7,65,79,26,2,1,1
130621,1015,2022,Pearl,92,ScreaM,Team Liquid,Phoenix,0.58,169,9,16,4,65,128,18,2,3,-1
130621,1015,2022,Pearl,101,soulcas,Team Liquid,Fade,0.31,52,3,12,2,53,38,30,0,1,-1
130621,1015,2022,Ascent,9800,mindfreak,Paper Rex,Astra,0.93,178,10,15,8,71,121,24,0,2,-2
130621,1015,2022,Ascent,9802,Benkai,Paper Rex,Fade,0.81,164,10,15,12,62,108,30,0,2,-2
130621,1015,2022,Ascent,9803,d4v41,Paper Rex,Kayo,0.81,156,10,16,9,57,103,14,0,2,-2
130621,1015,2022,Ascent,9801,f0rsakeN,Paper Rex,Chamber,0.77,206,16,18,2,38,121,44,4,5,-1
130621,1015,2022,Ascent,7378,Jinggg,Paper Rex,Raze,0.69,161,12,16,2,48,100,13,1,5,-4
130621,1015,2022,Ascent,92,ScreaM,Team Liquid,Phoenix,1.55,273,18,9,7,76,181,31,7,2,5
130621,1015,2022,Ascent,14669,Nivera,Team Liquid,Kayo,1.24,236,18,15,7,76,165,30,7,1,6
130621,1015,2022,Ascent,9780,Jamppi,Team Liquid,Chamber,1.23,225,19,11,3,86,145,18,1,1,0
130621,1015,2022,Ascent,320,dimasick,Team Liquid,Omen,0.97,154,12,11,5,71,97,38,1,0,1
130621,1015,2022,Ascent,101,soulcas,Team Liquid,Fade,0.87,149,13,12,6,81,104,26,0,1,-1
130633,1015,2022,Pearl,5022,Derke,FNATIC,Chamber,1.5,275,23,15,4,74,191,38,2,1,1
130633,1015,2022,Pearl,1457,Mistic,FNATIC,Skye,1.0,219,18,17,6,65,144,41,1,2,-1
130633,1015,2022,Pearl,114,Enzo,FNATIC,Fade,0.74,132,9,15,8,78,95,22,1,2,-1
130633,1015,2022,Pearl,438,Boaster,FNATIC,Astra,0.68,174,13,20,10,70,122,12,1,3,-2
130633,1015,2022,Pearl,9810,Alfajer,FNATIC,Neon,0.6,185,14,20,3,61,123,30,3,7,-4
130633,1015,2022,Pearl,1411,Will,100 Thieves,Raze,1.44,330,26,17,9,83,201,12,6,2,4
130633,1015,2022,Pearl,3880,bang,100 Thieves,Astra,1.38,220,21,12,6,78,133,57,4,0,4
130633,1015,2022,Pearl,733,stellar,100 Thieves,Viper,1.05,168,13,13,7,70,121,28,0,1,-1
130633,1015,2022,Pearl,1533,Derrek,100 Thieves,Fade,0.79,145,14,18,7,74,105,35,1,3,-2
130633,1015,2022,Pearl,601,Asuna,100 Thieves,Sage,0.77,154,13,17,7,70,102,30,4,2,2
130633,1015,2022,Bind,1457,Mistic,FNATIC,Skye,1.59,289,23,9,3,80,176,33,0,3,-3
130633,1015,2022,Bind,9810,Alfajer,FNATIC,Raze,1.41,318,21,12,4,85,196,23,5,2,3
130633,1015,2022,Bind,5022,Derke,FNATIC,Chamber,1.39,234,17,9,2,80,157,39,4,0,4
130633,1015,2022,Bind,438,Boaster,FNATIC,Brimstone,0.7,120,8,13,10,70,67,12,1,3,-2
130633,1015,2022,Bind,114,Enzo,FNATIC,Viper,0.48,103,7,14,4,55,62,32,1,1,0
130633,1015,2022,Bind,1411,Will,100 Thieves,Raze,1.5,332,22,16,4,80,208,16,5,1,4
130633,1015,2022,Bind,601,Asuna,100 Thieves,Skye,0.94,186,13,14,8,70,99,13,1,2,-1
130633,1015,2022,Bind,1533,Derrek,100 Thieves,Fade,0.86,158,11,15,7,65,111,42,2,0,2
130633,1015,2022,Bind,3880,bang,100 Thieves,Brimstone,0.61,101,6,15,9,60,67,35,0,5,-5
130633,1015,2022,Bind,733,stellar,100 Thieves,Viper,0.44,87,5,16,4,65,59,26,1,3,-2
130633,1015,2022,Haven,9810,Alfajer,FNATIC,Raze,1.33,330,20,18,7,90,217,19,5,3,2
130633,1015,2022,Haven,5022,Derke,FNATIC,Chamber,1.05,219,17,15,0,60,148,39,3,6,-3
130633,1015,2022,Haven,438,Boaster,FNATIC,Astra,0.76,168,8,16,8,60,120,18,1,1,0
130633,1015,2022,Haven,114,Enzo,FNATIC,Fade,0.61,104,8,13,8,70,74,20,0,1,-1
130633,1015,2022,Haven,1457,Mistic,FNATIC,Breach,0.54,104,6,15,7,80,81,28,0,0,0
130633,1015,2022,Haven,3880,bang,100 Thieves,Omen,1.3,176,14,9,6,80,111,44,2,2,0
130633,1015,2022,Haven,1411,Will,100 Thieves,Chamber,1.16,237,18,12,3,75,148,17,3,3,0
130633,1015,2022,Haven,733,stellar,100 Thieves,Sage,1.13,156,12,10,10,85,109,23,0,1,-1
130633,1015,2022,Haven,601,Asuna,100 Thieves,Raze,1.02,248,17,15,6,75,160,24,2,3,-1
130633,1015,2022,Haven,1533,Derrek,100 Thieves,Fade,0.93,202,16,13,3,75,140,46,4,0,4
130635,1015,2022,Icebox,8873,dgzin,FURIA,Chamber,1.51,309,25,16,5,86,197,39,7,1,6
130635,1015,2022,Icebox,725,nzr,FURIA,Sova,1.25,233,20,15,3,82,160,29,1,0,1
130635,1015,2022,Icebox,1575,qck,FURIA,Sage,1.06,205,16,16,10,77,141,23,2,4,-2
130635,1015,2022,Icebox,1711,Khalil,FURIA,Viper,0.99,218,18,16,6,77,127,25,2,3,-1
130635,1015,2022,Icebox,8872,mazin,FURIA,Kayo,0.91,206,14,17,17,77,142,30,0,2,-2
130635,1015,2022,Icebox,1457,Mistic,FNATIC,Sage,1.51,307,24,16,6,77,194,21,4,1,3
130635,1015,2022,Icebox,114,Enzo,FNATIC,Sova,0.92,193,14,18,5,73,132,17,1,2,-1
130635,1015,2022,Icebox,5022,Derke,FNATIC,Chamber,0.75,197,15,19,5,64,134,20,1,4,-3
130635,1015,2022,Icebox,438,Boaster,FNATIC,Viper,0.69,180,12,19,9,59,120,21,1,4,-3
130635,1015,2022,Icebox,9810,Alfajer,FNATIC,Killjoy,0.68,204,15,21,3,64,143,29,3,1,2
130635,1015,2022,Breeze,1575,qck,FURIA,Chamber,1.31,229,17,12,2,75,135,31,1,1,0
130635,1015,2022,Breeze,725,nzr,FURIA,Sova,0.88,145,10,13,4,75,96,24,1,2,-1
130635,1015,2022,Breeze,8873,dgzin,FURIA,Kayo,0.8,178,13,15,3,60,114,43,2,1,1
130635,1015,2022,Breeze,1711,Khalil,FURIA,Viper,0.43,123,8,17,3,45,85,44,2,3,-1
130635,1015,2022,Breeze,8872,mazin,FURIA,Jett,0.4,96,7,16,1,40,73,50,0,7,-7
130635,1015,2022,Breeze,438,Boaster,FNATIC,Viper,1.48,228,17,9,10,80,139,24,2,0,2
130635,1015,2022,Breeze,1457,Mistic,FNATIC,Breach,1.26,227,17,11,8,70,151,22,2,0,2
130635,1015,2022,Breeze,5022,Derke,FNATIC,Chamber,1.17,223,16,11,2,80,135,31,5,3,2
130635,1015,2022,Breeze,9810,Alfajer,FNATIC,Neon,1.16,242,16,13,2,80,156,24,4,2,2
130635,1015,2022,Breeze,114,Enzo,FNATIC,Sova,0.84,120,7,11,15,95,78,23,1,1,0
130635,1015,2022,Haven,1575,qck,FURIA,Skye,1.06,212,18,17,8,79,133,27,4,0,4
130635,1015,2022,Haven,725,nzr,FURIA,Fade,1.05,224,20,17,4,75,142,16,2,2,0
130635,1015,2022,Haven,1711,Khalil,FURIA,Omen,0.95,162,16,14,2,71,111,16,0,1,-1
130635,1015,2022,Haven,8873,dgzin,FURIA,Chamber,0.89,212,18,18,4,79,131,38,6,3,3
130635,1015,2022,Haven,8872,mazin,FURIA,Sage,0.54,127,10,18,5,67,91,35,1,5,-4
130635,1015,2022,Haven,114,Enzo,FNATIC,Fade,1.37,226,19,14,8,71,155,33,1,1,0
130635,1015,2022,Haven,1457,Mistic,FNATIC,Breach,1.19,210,19,16,9,79,126,28,2,0,2
130635,1015,2022,Haven,9810,Alfajer,FNATIC,Raze,1.11,268,18,20,8,71,182,17,5,3,2
130635,1015,2022,Haven,5022,Derke,FNATIC,Chamber,1.05,188,19,16,2,67,128,36,2,4,-2
130635,1015,2022,Haven,438,Boaster,FNATIC,Omen,0.75,127,9,16,9,75,83,20,1,5,-4
130626,1015,2022,Bind,683,pANcada,LOUD,Brimstone,1.52,235,21,14,9,79,150,46,2,1,1
130626,1015,2022,Bind,8447,Less,LOUD,Viper,1.49,256,21,13,7,88,165,18,1,1,0
130626,1015,2022,Bind,8480,aspas,LOUD,Raze,1.13,256,21,18,7,67,184,31,3,3,0
130626,1015,2022,Bind,659,Sacy,LOUD,Fade,0.98,167,15,15,9,83,105,26,2,1,1
130626,1015,2022,Bind,727,saadhak,LOUD,Skye,0.77,153,13,17,8,63,95,17,1,9,-8
130626,1015,2022,Bind,999,Laz,ZETA DIVISION,Skye,1.07,194,17,17,3,67,130,35,2,1,1
130626,1015,2022,Bind,424,Dep,ZETA DIVISION,Jett,0.94,223,19,19,3,58,131,19,4,1,3
130626,1015,2022,Bind,6668,SugarZ3ro,ZETA DIVISION,Brimstone,0.81,189,15,18,4,63,119,30,2,2,0
130626,1015,2022,Bind,1395,TENNN,ZETA DIVISION,Raze,0.75,177,15,18,2,63,127,29,6,2,4
130626,1015,2022,Bind,1000,crow,ZETA DIVISION,Breach,0.55,137,11,19,12,75,98,38,1,3,-2
130626,1015,2022,Ascent,8480,aspas,LOUD,Jett,1.63,317,20,10,4,89,185,30,5,2,3
130626,1015,2022,Ascent,683,pANcada,LOUD,Omen,1.54,266,19,9,9,83,183,38,1,1,0
130626,1015,2022,Ascent,659,Sacy,LOUD,Sova,1.18,208,14,10,9,83,130,13,1,0,1
130626,1015,2022,Ascent,8447,Less,LOUD,Killjoy,1.07,232,16,11,2,72,161,31,0,3,-3
130626,1015,2022,Ascent,727,saadhak,LOUD,Kayo,0.75,107,6,10,13,78,71,8,0,5,-5
130626,1015,2022,Ascent,1395,TENNN,ZETA DIVISION,Killjoy,1.25,249,15,14,1,72,168,33,3,1,2
130626,1015,2022,Ascent,424,Dep,ZETA DIVISION,Jett,0.8,218,13,17,0,61,125,43,7,3,4
130626,1015,2022,Ascent,999,Laz,ZETA DIVISION,Kayo,0.76,170,8,14,9,61,120,21,0,2,-2
130626,1015,2022,Ascent,6668,SugarZ3ro,ZETA DIVISION,Astra,0.64,126,8,15,2,72,87,31,1,1,0
130626,1015,2022,Ascent,1000,crow,ZETA DIVISION,Sova,0.46,108,6,15,2,44,72,21,0,0,0
130617,1015,2022,Pearl,9802,Benkai,Paper Rex,Fade,1.44,242,22,16,13,88,156,34,1,0,1
130617,1015,2022,Pearl,9803,d4v41,Paper Rex,Sage,1.21,219,20,16,7,88,140,33,0,4,-4
130617,1015,2022,Pearl,9801,f0rsakeN,Paper Rex,Chamber,1.03,227,20,19,5,75,159,29,3,5,-2
130617,1015,2022,Pearl,9800,mindfreak,Paper Rex,Astra,1.03,200,16,16,7,83,134,30,2,2,0
130617,1015,2022,Pearl,7378,Jinggg,Paper Rex,Raze,0.85,219,17,21,6,88,149,17,2,5,-3
130617,1015,2022,Pearl,15559,CHICHOO,EDward Gaming,Viper,1.31,226,20,15,4,67,157,37,2,1,1
130617,1015,2022,Pearl,4742,Smoggy,EDward Gaming,Kayo,0.98,199,15,19,18,83,124,29,2,0,2
130617,1015,2022,Pearl,3017,nobody,EDward Gaming,Fade,0.92,216,19,20,2,67,146,33,2,2,0
130617,1015,2022,Pearl,3520,ZmjjKK,EDward Gaming,Chamber,0.78,247,19,22,5,79,144,20,8,0,8
130617,1015,2022,Pearl,4720,Haodong,EDward Gaming,Astra,0.65,191,15,19,5,63,134,30,2,5,-3
130617,1015,2022,Icebox,7378,Jinggg,Paper Rex,Sage,1.0,196,12,14,7,72,125,32,3,1,2
130617,1015,2022,Icebox,9803,d4v41,Paper Rex,Chamber,0.89,244,15,16,0,61,152,30,4,2,2
130617,1015,2022,Icebox,9801,f0rsakeN,Paper Rex,Jett,0.84,205,12,14,3,61,139,27,0,2,-2
130617,1015,2022,Icebox,9800,mindfreak,Paper Rex,Viper,0.62,120,8,14,3,56,87,29,1,3,-2
130617,1015,2022,Icebox,9802,Benkai,Paper Rex,Fade,0.54,114,6,14,3,67,93,32,1,1,0
130617,1015,2022,Icebox,4720,Haodong,EDward Gaming,Viper,1.39,275,19,10,3,78,185,35,1,0,1
130617,1015,2022,Icebox,3017,nobody,EDward Gaming,Sova,1.33,214,15,10,4,89,136,36,1,1,0
130617,1015,2022,Icebox,3520,ZmjjKK,EDward Gaming,Chamber,1.24,254,15,11,2,72,171,31,3,3,0
130617,1015,2022,Icebox,15559,CHICHOO,EDward Gaming,Sage,1.13,166,10,9,5,83,116,18,1,3,-2
130617,1015,2022,Icebox,4742,Smoggy,EDward Gaming,Jett,0.9,195,13,13,4,78,128,38,3,2,1
130617,1015,2022,Haven,7378,Jinggg,Paper Rex,Reyna,1.27,338,25,17,5,67,203,34,3,5,-2
130617,1015,2022,Haven,9800,mindfreak,Paper Rex,Astra,1.11,181,13,13,7,71,128,41,1,0,1
130617,1015,2022,Haven,9801,f0rsakeN,Paper Rex,Jett,1.08,253,19,16,2,67,160,30,5,3,2
130617,1015,2022,Haven,9802,Benkai,Paper Rex,Cypher,0.84,135,8,12,8,76,75,15,1,2,-1
130617,1015,2022,Haven,9803,d4v41,Paper Rex,Skye,0.65,91,8,14,5,62,50,15,0,1,-1
130617,1015,2022,Haven,3520,ZmjjKK,EDward Gaming,Chamber,1.18,231,17,15,3,76,141,30,5,2,3
130617,1015,2022,Haven,4742,Smoggy,EDward Gaming,Jett,1.18,271,22,15,2,76,181,31,1,3,-2
130617,1015,2022,Haven,15559,CHICHOO,EDward Gaming,Omen,1.16,202,14,14,12,81,136,32,1,1,0
130617,1015,2022,Haven,3017,nobody,EDward Gaming,Fade,0.77,143,9,14,6,81,93,30,1,2,-1
130617,1015,2022,Haven,4720,Haodong,EDward Gaming,Breach,0.72,155,10,15,5,62,110,30,3,2,1
130684,1015,2022,Bind,683,pANcada,LOUD,Brimstone,1.4,247,20,14,9,70,155,40,5,2,3
130684,1015,2022,Bind,8447,Less,LOUD,Viper,1.29,208,17,11,7,78,139,20,2,1,1
130684,1015,2022,Bind,8480,aspas,LOUD,Raze,1.05,225,17,18,9,70,163,20,3,1,2
130684,1015,2022,Bind,727,saadhak,LOUD,Skye,0.95,154,12,14,7,74,105,37,2,5,-3
130684,1015,2022,Bind,659,Sacy,LOUD,Fade,0.8,167,13,16,6,83,109,30,1,1,0
130684,1015,2022,Bind,881,yay,OpTic Gaming,Chamber,1.23,269,22,16,0,74,174,42,5,1,4
130684,1015,2022,Bind,4,crashies,OpTic Gaming,Skye,1.21,186,15,13,9,65,118,27,0,1,-1
130684,1015,2022,Bind,261,Victor,OpTic Gaming,Raze,1.05,244,18,17,4,65,156,20,4,5,-1
130684,1015,2022,Bind,263,Marved,OpTic Gaming,Brimstone,0.7,169,12,15,3,65,116,41,1,4,-3
130684,1015,2022,Bind,817,FiNESSE,OpTic Gaming,Viper,0.43,108,6,18,5,48,74,12,0,2,-2
130684,1015,2022,Ascent,683,pANcada,LOUD,Omen,1.54,226,15,6,11,88,142,37,1,0,1
130684,1015,2022,Ascent,8447,Less,LOUD,Killjoy,1.28,220,14,9,2,75,159,35,2,1,1
130684,1015,2022,Ascent,659,Sacy,LOUD,Sova,1.27,210,10,8,6,81,155,15,0,1,-1
130684,1015,2022,Ascent,727,saadhak,LOUD,Kayo,1.09,216,11,11,10,81,145,15,3,2,1
130684,1015,2022,Ascent,8480,aspas,LOUD,Jett,1.06,244,15,11,0,63,125,24,4,2,2
130684,1015,2022,Ascent,4,crashies,OpTic Gaming,Sova,1.17,280,13,13,6,81,189,22,3,1,2
130684,1015,2022,Ascent,881,yay,OpTic Gaming,Chamber,0.91,183,11,12,0,56,126,36,3,4,-1
130684,1015,2022,Ascent,263,Marved,OpTic Gaming,Astra,0.81,164,9,13,6,81,119,25,0,1,-1
130684,1015,2022,Ascent,261,Victor,OpTic Gaming,Kayo,0.65,174,7,14,9,63,127,33,0,4,-4
130684,1015,2022,Ascent,817,FiNESSE,OpTic Gaming,Fade,0.39,75,5,13,2,56,52,11,0,0,0
130624,1015,2022,Breeze,817,FiNESSE,OpTic Gaming,Viper,1.16,242,17,15,3,80,164,21,2,1,1
130624,1015,2022,Breeze,881,yay,OpTic Gaming,Chamber,0.94,234,17,15,0,55,134,16,4,1,3
130624,1015,2022,Breeze,261,Victor,OpTic Gaming,Jett,0.69,142,10,14,2,65,87,40,2,3,-1
130624,1015,2022,Breeze,4,crashies,OpTic Gaming,Sova,0.59,122,8,16,5,60,86,19,0,1,-1
130624,1015,2022,Breeze,263,Marved,OpTic Gaming,Kayo,0.36,105,7,16,3,45,73,19,0,6,-6
130624,1015,2022,Breeze,8480,aspas,LOUD,Jett,1.56,253,20,9,2,75,149,25,4,2,2
130624,1015,2022,Breeze,8447,Less,LOUD,Cypher,1.39,232,17,12,4,85,146,26,2,1,1
130624,1015,2022,Breeze,659,Sacy,LOUD,Sova,1.08,191,16,11,3,65,133,24,0,1,-1
130624,1015,2022,Breeze,727,saadhak,LOUD,Kayo,1.03,210,13,14,12,65,145,15,4,4,0
130624,1015,2022,Breeze,683,pANcada,LOUD,Viper,0.96,169,10,13,7,70,108,19,2,0,2
130624,1015,2022,Fracture,881,yay,OpTic Gaming,Chamber,1.8,340,29,13,1,87,198,21,5,1,4
130624,1015,2022,Fracture,4,crashies,OpTic Gaming,Kayo,1.32,201,16,13,17,74,110,26,3,1,2
130624,1015,2022,Fracture,261,Victor,OpTic Gaming,Neon,1.03,205,16,17,6,78,137,24,5,5,0
130624,1015,2022,Fracture,817,FiNESSE,OpTic Gaming,Breach,0.76,144,12,16,4,61,102,21,0,0,0
130624,1015,2022,Fracture,263,Marved,OpTic Gaming,Brimstone,0.53,130,8,18,12,57,92,23,0,3,-3
130624,1015,2022,Fracture,659,Sacy,LOUD,Fade,1.23,264,22,17,8,70,178,35,2,0,2
130624,1015,2022,Fracture,727,saadhak,LOUD,Viper,0.98,221,15,15,11,70,146,25,2,2,0
130624,1015,2022,Fracture,683,pANcada,LOUD,Omen,0.97,176,14,14,8,83,103,23,2,1,1
130624,1015,2022,Fracture,8447,Less,LOUD,Chamber,0.82,192,16,15,1,61,121,26,2,3,-1
130624,1015,2022,Fracture,8480,aspas,LOUD,Raze,0.41,125,10,20,3,48,79,15,2,7,-5
130624,1015,2022,Pearl,263,Marved,OpTic Gaming,Astra,1.62,294,19,8,4,88,174,25,6,1,5
130624,1015,2022,Pearl,881,yay,OpTic Gaming,Chamber,1.35,197,12,7,2,94,148,46,1,0,1
130624,1015,2022,Pearl,817,FiNESSE,OpTic Gaming,Viper,1.28,219,11,8,9,88,142,12,1,0,1
130624,1015,2022,Pearl,4,crashies,OpTic Gaming,Fade,1.22,228,12,9,11,81,145,17,1,0,1
130624,1015,2022,Pearl,261,Victor,OpTic Gaming,Kayo,1.16,237,15,9,7,88,144,30,2,4,-2
130624,1015,2022,Pearl,683,pANcada,LOUD,Astra,0.85,184,10,13,4,63,125,28,2,0,2
130624,1015,2022,Pearl,8480,aspas,LOUD,Chamber,0.78,194,11,15,2,56,114,25,2,4,-2
130624,1015,2022,Pearl,659,Sacy,LOUD,Fade,0.71,138,6,13,5,63,99,33,1,1,0
130624,1015,2022,Pearl,727,saadhak,LOUD,Kayo,0.57,138,7,14,4,44,93,28,0,5,-5
130624,1015,2022,Pearl,8447,Less,LOUD,Viper,0.54,134,7,14,2,38,80,18,0,1,-1
130625,1015,2022,Haven,7045,fl1pzjder,BOOM Esports,Killjoy,1.66,299,26,14,3,83,190,28,4,2,2
130625,1015,2022,Haven,1743,blaZek1ng,BOOM Esports,Astra,1.2,167,15,12,9,63,108,36,1,1,0
130625,1015,2022,Haven,4874,BerserX,BOOM Esports,Jett,0.99,258,21,20,5,71,147,22,6,6,0
130625,1015,2022,Haven,4871,xffero,BOOM Esports,Breach,0.8,191,17,20,7,75,121,31,0,0,0
130625,1015,2022,Haven,2348,Famouz,BOOM Esports,Sova,0.61,164,12,20,7,67,112,15,1,3,-2
130625,1015,2022,Haven,999,Laz,ZETA DIVISION,Chamber,1.55,278,25,14,2,79,174,23,4,3,1
130625,1015,2022,Haven,424,Dep,ZETA DIVISION,Neon,1.29,324,26,21,4,79,203,35,4,1,3
130625,1015,2022,Haven,1000,crow,ZETA DIVISION,Fade,0.79,160,14,17,9,71,97,33,1,1,0
130625,1015,2022,Haven,1395,TENNN,ZETA DIVISION,Kayo,0.6,144,11,20,16,71,89,26,2,5,-3
130625,1015,2022,Haven,6668,SugarZ3ro,ZETA DIVISION,Omen,0.59,140,10,19,14,67,85,31,1,2,-1
130625,1015,2022,Pearl,4871,xffero,BOOM Esports,Omen,1.29,212,20,14,6,63,147,49,2,3,-1
130625,1015,2022,Pearl,7045,fl1pzjder,BOOM Esports,Viper,0.92,160,13,17,7,71,109,42,1,1,0
130625,1015,2022,Pearl,1743,blaZek1ng,BOOM Esports,Fade,0.84,149,13,16,5,67,99,41,1,2,-1
130625,1015,2022,Pearl,2348,Famouz,BOOM Esports,Chamber,0.8,171,13,17,5,54,117,7,2,2,0
130625,1015,2022,Pearl,4874,BerserX,BOOM Esports,Neon,0.72,159,14,17,1,54,91,10,4,6,-2
130625,1015,2022,Pearl,999,Laz,ZETA DIVISION,Chamber,1.34,276,24,15,1,75,170,42,7,2,5
130625,1015,2022,Pearl,6668,SugarZ3ro,ZETA DIVISION,Viper,1.25,237,20,15,7,83,153,43,2,2,0
130625,1015,2022,Pearl,1395,TENNN,ZETA DIVISION,Raze,0.92,200,15,16,6,71,144,31,4,4,0
130625,1015,2022,Pearl,1000,crow,ZETA DIVISION,Skye,0.9,162,13,14,2,71,116,30,1,0,1
130625,1015,2022,Pearl,424,Dep,ZETA DIVISION,Omen,0.79,111,9,13,8,75,67,20,0,2,-2
130625,1015,2022,Fracture,7045,fl1pzjder,BOOM Esports,Chamber,1.19,205,13,12,2,60,135,14,2,1,1
130625,1015,2022,Fracture,4871,xffero,BOOM Esports,Breach,0.74,158,8,13,4,73,99,18,0,0,0
130625,1015,2022,Fracture,2348,Famouz,BOOM Esports,Raze,0.72,191,8,14,6,60,135,11,2,3,-1
130625,1015,2022,Fracture,4874,BerserX,BOOM Esports,Neon,0.33,94,4,14,1,47,68,11,3,2,1
130625,1015,2022,Fracture,1743,blaZek1ng,BOOM Esports,Brimstone,0.27,108,4,15,4,47,74,18,0,2,-2
130625,1015,2022,Fracture,999,Laz,ZETA DIVISION,Chamber,1.78,305,16,6,7,87,193,22,3,2,1
130625,1015,2022,Fracture,424,Dep,ZETA DIVISION,Neon,1.46,288,18,8,1,73,193,17,1,2,-1
130625,1015,2022,Fracture,6668,SugarZ3ro,ZETA DIVISION,Brimstone,1.39,259,14,8,7,100,158,18,1,0,1
130625,1015,2022,Fracture,1395,TENNN,ZETA DIVISION,Raze,1.24,240,13,8,3,80,180,21,2,2,0
130625,1015,2022,Fracture,1000,crow,ZETA DIVISION,Breach,0.96,151,7,8,8,87,126,24,1,1,0
130679,1015,2022,Icebox,8549,kiNgg,LEVIATÁN,Viper,1.61,274,26,13,8,81,171,37,3,0,3
130679,1015,2022,Icebox,3826,adverso,LEVIATÁN,Sova,1.02,210,17,20,9,69,145,17,3,3,0
130679,1015,2022,Icebox,1311,Melser,LEVIATÁN,Sage,0.81,145,13,17,6,73,99,29,1,1,0
130679,1015,2022,Icebox,3828,Tacolilla,LEVIATÁN,Chamber,0.75,167,14,21,6,65,118,22,4,4,0
130679,1015,2022,Icebox,24007,Shyy,LEVIATÁN,Kayo,0.64,147,13,19,7,77,103,12,2,5,-3
130679,1015,2022,Icebox,683,pANcada,LOUD,Sage,1.3,233,20,16,7,85,154,43,3,2,1
130679,1015,2022,Icebox,727,saadhak,LOUD,Kayo,1.21,237,19,16,13,73,162,18,1,4,-3
130679,1015,2022,Icebox,8447,Less,LOUD,Viper,0.96,170,18,17,6,73,105,16,0,1,-1
130679,1015,2022,Icebox,8480,aspas,LOUD,Chamber,0.95,217,18,18,3,62,144,33,6,5,1
130679,1015,2022,Icebox,659,Sacy,LOUD,Sova,0.94,178,15,16,9,65,116,23,3,1,2
130679,1015,2022,Haven,8549,kiNgg,LEVIATÁN,Raze,1.39,343,22,14,2,74,213,15,6,3,3
130679,1015,2022,Haven,1311,Melser,LEVIATÁN,Omen,1.0,162,10,11,7,74,102,26,0,1,-1
130679,1015,2022,Haven,3826,adverso,LEVIATÁN,Breach,0.76,126,9,13,5,63,91,38,2,1,1
130679,1015,2022,Haven,24007,Shyy,LEVIATÁN,Fade,0.52,107,7,14,8,63,70,23,0,1,-1
130679,1015,2022,Haven,3828,Tacolilla,LEVIATÁN,Chamber,0.4,113,8,15,1,53,76,21,1,4,-3
130679,1015,2022,Haven,683,pANcada,LOUD,Omen,1.55,243,17,9,7,89,157,49,1,1,0
130679,1015,2022,Haven,8447,Less,LOUD,Chamber,1.22,253,17,13,2,74,153,33,7,3,4
130679,1015,2022,Haven,659,Sacy,LOUD,Fade,1.15,182,12,10,8,68,114,26,1,0,1
130679,1015,2022,Haven,8480,aspas,LOUD,Raze,0.93,202,14,13,3,68,135,24,1,3,-2
130679,1015,2022,Haven,727,saadhak,LOUD,Breach,0.85,126,7,11,5,68,91,9,0,2,-2
130678,1015,2022,Ascent,772,Zest,KIWOOM DRX,Sova,1.19,248,31,26,10,78,165,39,6,1,5
130678,1015,2022,Ascent,485,stax,KIWOOM DRX,Fade,1.18,198,27,23,12,78,136,51,0,4,-4
130678,1015,2022,Ascent,804,BuZz,KIWOOM DRX,Jett,1.17,292,36,30,10,75,199,25,10,5,5
130678,1015,2022,Ascent,4462,MaKo,KIWOOM DRX,Astra,0.89,147,21,24,11,69,99,25,1,2,-1
130678,1015,2022,Ascent,488,Rb,KIWOOM DRX,Kayo,0.8,176,18,26,15,78,113,33,3,4,-1
130678,1015,2022,Ascent,384,Shao,FunPlus Phoenix,Fade,1.32,224,28,22,13,89,156,39,1,1,0
130678,1015,2022,Ascent,98,ardiis,FunPlus Phoenix,Chamber,1.13,241,30,28,7,72,164,24,6,6,0
130678,1015,2022,Ascent,11,Zyppan,FunPlus Phoenix,Kayo,1.03,252,30,31,14,81,158,24,4,3,1
130678,1015,2022,Ascent,2858,SUYGETSU,FunPlus Phoenix,Sage,0.95,166,23,23,5,72,111,29,2,2,0
130678,1015,2022,Ascent,109,ANGE1,FunPlus Phoenix,Omen,0.61,159,18,29,18,67,107,30,3,8,-5
130678,1015,2022,Breeze,4462,MaKo,KIWOOM DRX,Viper,1.59,219,15,5,13,89,138,39,2,1,1
130678,1015,2022,Breeze,772,Zest,KIWOOM DRX,Sova,1.56,248,19,9,3,83,168,47,0,1,-1
130678,1015,2022,Breeze,485,stax,KIWOOM DRX,Skye,1.54,263,17,7,8,83,167,29,1,0,1
130678,1015,2022,Breeze,488,Rb,KIWOOM DRX,Chamber,0.99,185,13,11,3,83,122,32,4,1,3
130678,1015,2022,Breeze,804,BuZz,KIWOOM DRX,Jett,0.69,205,13,15,5,67,125,17,6,2,4
130678,1015,2022,Breeze,384,Shao,FunPlus Phoenix,Sova,1.03,193,9,13,8,67,138,36,1,0,1
130678,1015,2022,Breeze,2858,SUYGETSU,FunPlus Phoenix,Viper,0.83,187,11,16,2,50,125,32,1,1,0
130678,1015,2022,Breeze,11,Zyppan,FunPlus Phoenix,Kayo,0.68,156,10,16,4,56,102,17,0,4,-4
130678,1015,2022,Breeze,109,ANGE1,FunPlus Phoenix,Omen,0.56,144,8,16,1,39,88,27,2,3,-1
130678,1015,2022,Breeze,98,ardiis,FunPlus Phoenix,Jett,0.52,143,9,16,3,67,98,7,1,5,-4
130630,1015,2022,Icebox,2462,keznit,KRÜ Esports,Kayo,1.92,312,20,6,10,88,212,22,3,2,1
130630,1015,2022,Icebox,7603,Mazino,KRÜ Esports,Sage,1.5,302,19,10,10,82,187,30,3,4,-1
130630,1015,2022,Icebox,1294,NagZ,KRÜ Esports,Chamber,1.45,240,16,7,1,88,145,19,3,0,3
130630,1015,2022,Icebox,2468,delz1k,KRÜ Esports,Viper,1.35,231,14,8,6,94,154,28,0,1,-1
130630,1015,2022,Icebox,2610,Klaus,KRÜ Esports,Sova,0.86,128,8,8,4,82,91,24,1,0,1
130630,1015,2022,Icebox,4382,sScary,XERXIA Esports,Viper,0.98,191,11,13,3,59,130,27,0,0,0
130630,1015,2022,Icebox,6723,foxz,XERXIA Esports,Sova,0.73,216,12,16,1,65,149,30,1,2,-1
130630,1015,2022,Icebox,23062,Surf,XERXIA Esports,Jett,0.47,166,8,16,2,47,108,21,3,5,-2
130630,1015,2022,Icebox,3342,Sushiboys,XERXIA Esports,Killjoy,0.45,114,5,16,2,47,86,17,2,3,-1
130630,1015,2022,Icebox,3977,Crws,XERXIA Esports,Sage,0.29,74,3,16,1,35,52,33,1,0,1
130630,1015,2022,Haven,1294,NagZ,KRÜ Esports,Chamber,0.96,190,14,16,1,55,122,19,3,1,2
130630,1015,2022,Haven,2462,keznit,KRÜ Esports,Fade,0.96,209,14,17,4,60,134,32,5,4,1
130630,1015,2022,Haven,7603,Mazino,KRÜ Esports,Sage,0.92,180,12,13,6,60,107,29,1,1,0
130630,1015,2022,Haven,2468,delz1k,KRÜ Esports,Omen,0.88,148,10,13,3,75,94,24,1,1,0
130630,1015,2022,Haven,2610,Klaus,KRÜ Esports,Kayo,0.64,142,8,16,10,55,93,12,1,2,-1
130630,1015,2022,Haven,3977,Crws,XERXIA Esports,Breach,1.44,268,18,11,9,80,166,38,3,2,1
130630,1015,2022,Haven,4382,sScary,XERXIA Esports,Omen,1.24,180,14,8,11,85,115,21,0,1,-1
130630,1015,2022,Haven,23062,Surf,XERXIA Esports,Chamber,1.03,208,16,12,1,70,126,24,2,2,0
130630,1015,2022,Haven,6723,foxz,XERXIA Esports,Skye,0.97,211,13,13,3,70,144,22,1,3,-2
130630,1015,2022,Haven,3342,Sushiboys,XERXIA Esports,Neon,0.91,223,14,14,6,60,146,27,3,3,0
130630,1015,2022,Ascent,2462,keznit,KRÜ Esports,Jett,1.81,368,23,12,9,79,240,27,7,3,4
130630,1015,2022,Ascent,7603,Mazino,KRÜ Esports,Kayo,1.31,200,14,9,11,74,136,30,3,1,2
130630,1015,2022,Ascent,2610,Klaus,KRÜ Esports,Fade,1.3,222,15,11,12,79,144,29,0,1,-1
130630,1015,2022,Ascent,1294,NagZ,KRÜ Esports,Killjoy,1.03,188,12,9,5,84,126,28,1,0,1
130630,1015,2022,Ascent,2468,delz1k,KRÜ Esports,Omen,0.93,135,11,9,1,58,85,28,1,2,-1
130630,1015,2022,Ascent,4382,sScary,XERXIA Esports,Omen,1.06,192,12,13,6,53,153,31,0,0,0
130630,1015,2022,Ascent,3342,Sushiboys,XERXIA Esports,Killjoy,1.02,217,13,15,6,74,149,22,3,2,1
130630,1015,2022,Ascent,3977,Crws,XERXIA Esports,Breach,0.72,151,10,15,4,58,92,37,0,2,-2
130630,1015,2022,Ascent,6723,foxz,XERXIA Esports,Fade,0.71,130,8,14,4,63,90,28,1,0,1
130630,1015,2022,Ascent,23062,Surf,XERXIA Esports,Jett,0.27,108,7,18,3,37,71,29,3,8,-5
130618,1015,2022,Haven,1311,Melser,LEVIATÁN,Omen,1.34,241,20,14,7,65,153,27,1,3,-2
130618,1015,2022,Haven,8549,kiNgg,LEVIATÁN,Raze,1.32,261,21,16,6,83,160,20,6,2,4
130618,1015,2022,Haven,3828,Tacolilla,LEVIATÁN,Chamber,1.05,181,15,14,4,74,118,28,2,6,-4
130618,1015,2022,Haven,3826,adverso,LEVIATÁN,Breach,0.98,156,12,13,7,70,86,13,0,1,-1
130618,1015,2022,Haven,24007,Shyy,LEVIATÁN,Fade,0.97,142,11,14,14,70,84,16,1,1,0
130618,1015,2022,Haven,9780,Jamppi,Team Liquid,Chamber,1.18,233,19,15,5,83,152,19,4,1,3
130618,1015,2022,Haven,101,soulcas,Team Liquid,Fade,0.93,184,15,14,5,78,129,40,2,2,0
130618,1015,2022,Haven,92,ScreaM,Team Liquid,Raze,0.84,201,15,16,2,52,132,24,4,3,1
130618,1015,2022,Haven,14669,Nivera,Team Liquid,Breach,0.76,140,11,15,6,57,90,31,2,2,0
130618,1015,2022,Haven,320,dimasick,Team Liquid,Omen,0.6,152,11,19,7,65,101,26,1,2,-1
130618,1015,2022,Ascent,3828,Tacolilla,LEVIATÁN,Chamber,1.36,244,21,14,4,61,151,39,3,1,2
130618,1015,2022,Ascent,24007,Shyy,LEVIATÁN,Fade,1.22,224,18,16,14,83,153,26,1,2,-1
130618,1015,2022,Ascent,8549,kiNgg,LEVIATÁN,Kayo,1.08,220,17,17,9,83,134,21,7,4,3
130618,1015,2022,Ascent,1311,Melser,LEVIATÁN,Astra,0.84,168,13,16,8,83,119,30,1,1,0
130618,1015,2022,Ascent,3826,adverso,LEVIATÁN,Sova,0.7,179,11,18,9,70,121,19,2,1,1
130618,1015,2022,Ascent,320,dimasick,Team Liquid,Omen,1.34,220,19,14,12,78,149,51,1,2,-1
130618,1015,2022,Ascent,92,ScreaM,Team Liquid,Phoenix,1.07,267,20,16,4,70,166,35,5,6,-1
130618,1015,2022,Ascent,101,soulcas,Team Liquid,Fade,0.9,187,13,15,10,74,127,18,0,1,-1
130618,1015,2022,Ascent,9780,Jamppi,Team Liquid,Chamber,0.83,209,17,17,3,74,124,19,3,3,0
130618,1015,2022,Ascent,14669,Nivera,Team Liquid,Kayo,0.65,155,12,18,13,74,99,37,0,2,-2
167391,1188,2023,Pearl,8480,aspas,LOUD,Jett,1.93,366,24,9,4,83,211,27,4,1,3
167391,1188,2023,Pearl,8447,Less,LOUD,Viper,1.24,220,14,10,6,72,143,29,2,1,1
167391,1188,2023,Pearl,727,saadhak,LOUD,Killjoy,1.16,180,11,9,4,83,122,27,4,3,1
167391,1188,2023,Pearl,6193,cauanzin,LOUD,Skye,1.13,224,16,13,3,72,125,35,1,2,-1
167391,1188,2023,Pearl,2408,tuyz,LOUD,Harbor,0.74,116,7,11,11,67,71,20,0,0,0
167391,1188,2023,Pearl,485,stax,KIWOOM DRX,Harbor,0.97,196,12,13,5,61,143,22,1,1,0
167391,1188,2023,Pearl,488,Rb,KIWOOM DRX,Skye,0.87,187,13,15,3,67,123,21,3,1,2
167391,1188,2023,Pearl,4462,MaKo,KIWOOM DRX,Viper,0.83,196,12,15,8,72,122,18,1,3,-2
167391,1188,2023,Pearl,772,Zest,KIWOOM DRX,Killjoy,0.71,156,8,13,4,72,107,22,1,1,0
167391,1188,2023,Pearl,804,BuZz,KIWOOM DRX,Jett,0.34,121,6,16,3,44,83,18,1,5,-4
167391,1188,2023,Icebox,8480,aspas,LOUD,Jett,1.68,354,27,13,3,86,210,25,4,2,2
167391,1188,2023,Icebox,6193,cauanzin,LOUD,Skye,1.36,251,21,13,9,81,151,26,1,3,-2
167391,1188,2023,Icebox,8447,Less,LOUD,Viper,1.31,240,17,12,6,76,158,28,1,3,-2
167391,1188,2023,Icebox,2408,tuyz,LOUD,Harbor,0.97,168,14,14,6,76,123,32,1,2,-1
167391,1188,2023,Icebox,727,saadhak,LOUD,Killjoy,0.56,121,6,14,5,71,93,14,1,3,-2
167391,1188,2023,Icebox,804,BuZz,KIWOOM DRX,Jett,1.17,285,21,16,3,76,172,21,6,3,3
167391,1188,2023,Icebox,4462,MaKo,KIWOOM DRX,Viper,0.87,223,15,18,6,62,136,21,4,0,4
167391,1188,2023,Icebox,772,Zest,KIWOOM DRX,Sova,0.78,155,12,17,5,62,104,25,1,0,1
167391,1188,2023,Icebox,488,Rb,KIWOOM DRX,Killjoy,0.63,144,10,17,3,57,92,23,0,2,-2
167391,1188,2023,Icebox,485,stax,KIWOOM DRX,Harbor,0.5,139,8,17,6,52,100,18,2,3,-1
167391,1188,2023,Split,8480,aspas,LOUD,Jett,1.55,295,23,13,3,75,172,21,8,1,7
167391,1188,2023,Split,727,saadhak,LOUD,Raze,0.92,209,13,15,4,70,142,22,2,3,-1
167391,1188,2023,Split,2408,tuyz,LOUD,Astra,0.88,146,10,16,11,75,95,40,2,0,2
167391,1188,2023,Split,8447,Less,LOUD,Viper,0.81,207,14,17,8,75,143,37,1,0,1
167391,1188,2023,Split,6193,cauanzin,LOUD,Skye,0.48,109,6,16,14,65,77,19,1,2,-1
167391,1188,2023,Split,804,BuZz,KIWOOM DRX,Raze,1.35,275,18,14,8,85,176,21,2,3,-1
167391,1188,2023,Split,485,stax,KIWOOM DRX,Skye,1.21,234,18,13,4,75,139,28,1,0,1
167391,1188,2023,Split,4462,MaKo,KIWOOM DRX,Viper,1.16,224,16,14,11,80,146,30,1,5,-4
167391,1188,2023,Split,488,Rb,KIWOOM DRX,Astra,1.12,186,14,11,7,80,114,39,1,1,0
167391,1188,2023,Split,772,Zest,KIWOOM DRX,Kayo,0.79,172,11,14,7,70,120,22,1,5,-4
167391,1188,2023,Fracture,6193,cauanzin,LOUD,Breach,1.08,226,18,16,7,65,137,36,2,1,1
167391,1188,2023,Fracture,2408,tuyz,LOUD,Brimstone,1.02,198,12,15,12,75,128,28,0,1,-1
167391,1188,2023,Fracture,727,saadhak,LOUD,Raze,0.9,219,13,15,5,75,150,19,2,5,-3
167391,1188,2023,Fracture,8447,Less,LOUD,Killjoy,0.74,136,9,14,0,70,92,23,2,2,0
167391,1188,2023,Fracture,8480,aspas,LOUD,Jett,0.54,141,9,17,3,45,92,26,2,3,-1
167391,1188,2023,Fracture,4462,MaKo,KIWOOM DRX,Brimstone,1.85,329,24,10,13,85,204,26,3,1,2
167391,1188,2023,Fracture,804,BuZz,KIWOOM DRX,Killjoy,1.45,282,20,11,5,95,180,20,5,1,4
167391,1188,2023,Fracture,488,Rb,KIWOOM DRX,Neon,0.99,215,15,13,4,75,148,19,3,3,0
167391,1188,2023,Fracture,772,Zest,KIWOOM DRX,Fade,0.8,115,9,12,4,70,80,19,0,2,-2
167391,1188,2023,Fracture,485,stax,KIWOOM DRX,Breach,0.61,120,9,15,8,65,69,13,1,1,0
167391,1188,2023,Ascent,6193,cauanzin,LOUD,Skye,1.62,268,22,12,7,81,170,33,4,0,4
167391,1188,2023,Ascent,8447,Less,LOUD,Killjoy,1.2,221,18,14,2,81,170,49,4,1,3
167391,1188,2023,Ascent,2408,tuyz,LOUD,Omen,1.14,161,11,12,15,86,101,27,2,0,2
167391,1188,2023,Ascent,727,saadhak,LOUD,Viper,0.99,185,14,12,6,86,119,18,2,2,0
167391,1188,2023,Ascent,8480,aspas,LOUD,Jett,0.83,170,10,15,7,71,139,31,3,3,0
167391,1188,2023,Ascent,4462,MaKo,KIWOOM DRX,Omen,1.41,268,19,13,13,81,162,22,2,2,0
167391,1188,2023,Ascent,485,stax,KIWOOM DRX,Kayo,0.96,160,11,13,5,52,115,14,0,5,-5
167391,1188,2023,Ascent,772,Zest,KIWOOM DRX,Sova,0.77,155,11,15,4,67,101,30,1,2,-1
167391,1188,2023,Ascent,804,BuZz,KIWOOM DRX,Jett,0.65,195,14,18,4,62,115,34,3,5,-2
167391,1188,2023,Ascent,488,Rb,KIWOOM DRX,Killjoy,0.63,153,10,16,1,57,108,20,0,1,-1
167350,1188,2023,Pearl,771,k1Ng,Gen.G,Viper,1.64,291,21,14,9,77,187,32,2,1,1
167350,1188,2023,Pearl,1960,eKo,Gen.G,Skye,0.96,170,12,15,14,77,116,19,2,1,1
167350,1188,2023,Pearl,983,TS,Gen.G,Astra,0.83,128,10,14,12,64,78,5,1,5,-4
167350,1188,2023,Pearl,4054,Secret,Gen.G,Kayo,0.77,153,13,17,7,59,85,9,0,1,-1
167350,1188,2023,Pearl,13039,Meteor,Gen.G,Jett,0.77,213,15,18,3,59,132,20,7,2,5
167350,1188,2023,Pearl,6193,cauanzin,LOUD,Skye,1.36,316,25,17,9,73,209,27,1,1,0
167350,1188,2023,Pearl,727,saadhak,LOUD,Killjoy,1.31,228,16,12,3,68,156,26,4,3,1
167350,1188,2023,Pearl,8480,aspas,LOUD,Jett,1.05,203,15,13,5,68,127,19,4,5,-1
167350,1188,2023,Pearl,8447,Less,LOUD,Viper,0.82,169,12,15,10,64,125,34,1,1,0
167350,1188,2023,Pearl,2408,tuyz,LOUD,Harbor,0.76,114,10,14,8,73,64,30,0,2,-2
167350,1188,2023,Fracture,983,TS,Gen.G,Brimstone,1.33,258,27,18,12,85,149,19,3,1,2
167350,1188,2023,Fracture,771,k1Ng,Gen.G,Kayo,1.28,244,23,18,14,88,156,37,3,0,3
167350,1188,2023,Fracture,13039,Meteor,Gen.G,Raze,1.25,265,24,19,7,77,173,30,3,3,0
167350,1188,2023,Fracture,4054,Secret,Gen.G,Breach,0.65,139,12,20,15,85,78,19,0,4,-4
167350,1188,2023,Fracture,1960,eKo,Gen.G,Neon,0.59,146,12,20,7,62,97,13,3,6,-3
167350,1188,2023,Fracture,2408,tuyz,LOUD,Brimstone,1.18,239,22,21,12,81,158,36,0,0,0
167350,1188,2023,Fracture,8447,Less,LOUD,Killjoy,1.13,195,19,18,5,73,148,25,4,2,2
167350,1188,2023,Fracture,8480,aspas,LOUD,Jett,1.05,217,20,19,5,73,150,16,4,3,1
167350,1188,2023,Fracture,6193,cauanzin,LOUD,Breach,1.03,186,16,17,15,77,121,21,1,2,-1
167350,1188,2023,Fracture,727,saadhak,LOUD,Raze,0.85,218,18,23,7,77,141,16,5,5,0
167360,1188,2023,Split,4164,s0m,NRG,Astra,0.98,201,11,13,5,69,132,44,2,1,1
167360,1188,2023,Split,98,ardiis,NRG,Kayo,0.82,180,9,14,7,50,118,29,3,2,1
167360,1188,2023,Split,4,crashies,NRG,Killjoy,0.68,170,10,13,0,75,105,15,0,1,-1
167360,1188,2023,Split,261,Victor,NRG,Raze,0.61,171,10,15,1,63,100,12,3,3,0
167360,1188,2023,Split,817,FiNESSE,NRG,Viper,0.43,149,4,16,8,63,111,13,1,0,1
167360,1188,2023,Split,2408,tuyz,LOUD,Astra,1.9,280,20,6,9,88,180,25,0,0,0
167360,1188,2023,Split,8480,aspas,LOUD,Jett,1.47,309,19,10,0,81,200,28,4,2,2
167360,1188,2023,Split,727,saadhak,LOUD,Raze,1.21,240,13,10,6,81,156,18,0,3,-3
167360,1188,2023,Split,6193,cauanzin,LOUD,Skye,1.09,191,10,10,11,88,126,33,1,1,0
167360,1188,2023,Split,8447,Less,LOUD,Viper,0.86,162,9,9,5,81,115,21,2,3,-1
167360,1188,2023,Pearl,4,crashies,NRG,Killjoy,1.46,284,29,18,6,75,185,18,2,2,0
167360,1188,2023,Pearl,98,ardiis,NRG,Raze,1.38,283,27,20,12,89,200,18,3,4,-1
167360,1188,2023,Pearl,261,Victor,NRG,Skye,1.1,198,16,17,24,82,125,18,2,0,2
167360,1188,2023,Pearl,4164,s0m,NRG,Harbor,0.8,171,17,22,10,75,123,25,3,4,-1
167360,1188,2023,Pearl,817,FiNESSE,NRG,Viper,0.7,182,18,22,4,57,107,13,3,5,-2
167360,1188,2023,Pearl,8447,Less,LOUD,Viper,1.32,266,27,19,3,75,169,27,2,1,1
167360,1188,2023,Pearl,6193,cauanzin,LOUD,Skye,1.13,235,23,21,6,75,166,22,2,4,-2
167360,1188,2023,Pearl,8480,aspas,LOUD,Jett,1.07,216,21,21,5,61,142,32,6,4,2
167360,1188,2023,Pearl,2408,tuyz,LOUD,Harbor,0.76,162,15,22,12,68,112,25,1,0,1
167360,1188,2023,Pearl,727,saadhak,LOUD,Killjoy,0.61,168,13,24,8,64,116,16,4,4,0
167360,1188,2023,Fracture,4,crashies,NRG,Breach,1.36,268,33,24,9,79,172,31,4,0,4
167360,1188,2023,Fracture,4164,s0m,NRG,Brimstone,1.13,201,22,20,18,79,122,17,3,4,-1
167360,1188,2023,Fracture,98,ardiis,NRG,Jett,1.04,236,29,25,2,74,145,20,8,4,4
167360,1188,2023,Fracture,817,FiNESSE,NRG,Cypher,0.93,204,22,26,10,71,149,20,3,1,2
167360,1188,2023,Fracture,261,Victor,NRG,Kayo,0.53,134,12,28,16,71,98,15,2,5,-3
167360,1188,2023,Fracture,8480,aspas,LOUD,Jett,1.2,255,30,24,7,79,159,23,8,3,5
167360,1188,2023,Fracture,2408,tuyz,LOUD,Brimstone,1.14,197,25,22,14,71,130,29,0,1,-1
167360,1188,2023,Fracture,6193,cauanzin,LOUD,Breach,1.11,206,23,22,16,74,130,17,0,1,-1
167360,1188,2023,Fracture,8447,Less,LOUD,Killjoy,1.09,204,26,22,7,74,141,24,3,4,-1
167360,1188,2023,Fracture,727,saadhak,LOUD,Raze,0.73,184,19,28,8,68,129,19,3,11,-8
167368,1188,2023,Haven,9,TenZ,Sentinels,Jett,1.15,193,14,13,3,63,125,20,2,5,-3
167368,1188,2023,Haven,659,Sacy,Sentinels,Skye,0.81,182,13,16,7,74,115,32,1,2,-1
167368,1188,2023,Haven,683,pANcada,Sentinels,Omen,0.71,157,11,17,6,58,112,33,0,1,-1
167368,1188,2023,Haven,4004,zekken,Sentinels,Breach,0.59,124,8,16,9,68,74,32,2,2,0
167368,1188,2023,Haven,882,dephh,Sentinels,Killjoy,0.46,141,7,17,6,58,97,18,1,3,-2
167368,1188,2023,Haven,1380,Leo,FNATIC,Sova,1.38,274,17,12,8,89,175,20,2,0,2
167368,1188,2023,Haven,5022,Derke,FNATIC,Jett,1.38,286,20,11,2,68,192,33,3,3,0
167368,1188,2023,Haven,458,Chronicle,FNATIC,Breach,1.3,252,17,12,15,89,125,23,5,0,5
167368,1188,2023,Haven,9810,Alfajer,FNATIC,Killjoy,1.19,148,11,7,2,79,116,22,1,1,0
167368,1188,2023,Haven,438,Boaster,FNATIC,Astra,1.13,193,14,11,11,84,105,16,2,2,0
167368,1188,2023,Split,683,pANcada,Sentinels,Viper,1.1,240,17,13,2,80,157,46,1,1,0
167368,1188,2023,Split,9,TenZ,Sentinels,Sage,0.86,174,12,14,5,60,120,25,3,1,2
167368,1188,2023,Split,659,Sacy,Sentinels,Skye,0.8,161,11,15,3,70,111,40,2,4,-2
167368,1188,2023,Split,882,dephh,Sentinels,Astra,0.68,120,9,13,1,70,94,24,1,2,-1
167368,1188,2023,Split,4004,zekken,Sentinels,Raze,0.46,115,7,16,2,55,80,19,2,3,-1
167368,1188,2023,Split,5022,Derke,FNATIC,Jett,1.44,317,23,12,0,80,188,27,6,3,3
167368,1188,2023,Split,9810,Alfajer,FNATIC,Cypher,1.33,231,17,11,3,85,152,32,1,1,0
167368,1188,2023,Split,1380,Leo,FNATIC,Sage,1.1,123,9,7,4,75,71,16,0,0,0
167368,1188,2023,Split,458,Chronicle,FNATIC,Raze,0.99,195,14,14,1,70,120,13,1,2,-1
167368,1188,2023,Split,438,Boaster,FNATIC,Omen,0.84,130,8,12,7,80,83,25,3,3,0
167367,1188,2023,Icebox,733,stellar,100 Thieves,Killjoy,1.38,245,20,14,8,70,178,22,1,0,1
167367,1188,2023,Icebox,3880,bang,100 Thieves,Viper,1.14,263,18,19,8,61,183,44,4,4,0
167367,1188,2023,Icebox,4147,Cryocells,100 Thieves,Omen,1.13,204,17,15,9,65,123,15,2,7,-5
167367,1188,2023,Icebox,1533,Derrek,100 Thieves,Sova,1.07,186,15,16,9,74,129,36,2,2,0
167367,1188,2023,Icebox,601,Asuna,100 Thieves,Sage,0.45,115,10,20,3,65,86,24,0,1,-1
167367,1188,2023,Icebox,15559,CHICHOO,EDward Gaming,Killjoy,1.29,248,18,14,3,74,182,27,4,0,4
167367,1188,2023,Icebox,3520,ZmjjKK,EDward Gaming,Jett,1.24,242,21,14,2,65,141,22,5,4,1
167367,1188,2023,Icebox,3017,nobody,EDward Gaming,Sova,1.04,231,17,15,7,78,160,21,2,2,0
167367,1188,2023,Icebox,4742,Smoggy,EDward Gaming,Harbor,0.79,182,16,18,4,70,121,35,1,1,0
167367,1188,2023,Icebox,4720,Haodong,EDward Gaming,Viper,0.7,174,12,19,8,74,124,29,2,2,0
167367,1188,2023,Lotus,733,stellar,100 Thieves,Cypher,1.27,235,21,14,3,73,155,28,2,3,-1
167367,1188,2023,Lotus,3880,bang,100 Thieves,Astra,1.24,200,16,16,11,59,125,42,3,3,0
167367,1188,2023,Lotus,1533,Derrek,100 Thieves,Fade,0.86,168,14,17,4,59,113,44,1,3,-2
167367,1188,2023,Lotus,4147,Cryocells,100 Thieves,Raze,0.78,181,11,17,7,64,125,15,2,5,-3
167367,1188,2023,Lotus,601,Asuna,100 Thieves,Kayo,0.66,138,9,17,7,59,99,27,0,0,0
167367,1188,2023,Lotus,15559,CHICHOO,EDward Gaming,Killjoy,1.34,280,21,14,5,73,185,24,2,2,0
167367,1188,2023,Lotus,4720,Haodong,EDward Gaming,Omen,1.24,217,17,12,8,73,146,36,3,1,2
167367,1188,2023,Lotus,3017,nobody,EDward Gaming,Breach,0.92,166,13,14,10,86,103,21,0,0,0
167367,1188,2023,Lotus,4742,Smoggy,EDward Gaming,Raze,0.91,179,14,15,2,68,111,33,3,2,1
167367,1188,2023,Lotus,3520,ZmjjKK,EDward Gaming,Jett,0.79,196,16,16,3,73,116,11,6,3,3
167367,1188,2023,Pearl,733,stellar,100 Thieves,Killjoy,1.4,271,25,15,6,81,190,21,1,1,0
167367,1188,2023,Pearl,4147,Cryocells,100 Thieves,Jett,1.21,240,22,17,5,73,140,10,5,5,0
167367,1188,2023,Pearl,3880,bang,100 Thieves,Astra,1.15,228,22,19,10,77,139,41,3,4,-1
167367,1188,2023,Pearl,601,Asuna,100 Thieves,Breach,1.09,216,18,19,13,85,146,19,1,2,-1
167367,1188,2023,Pearl,1533,Derrek,100 Thieves,Sova,0.9,160,15,17,8,69,126,36,1,3,-2
167367,1188,2023,Pearl,3520,ZmjjKK,EDward Gaming,Jett,1.19,278,25,20,6,77,171,26,5,4,1
167367,1188,2023,Pearl,15559,CHICHOO,EDward Gaming,Viper,1.15,231,23,21,5,62,156,20,3,1,2
167367,1188,2023,Pearl,4742,Smoggy,EDward Gaming,Fade,0.77,159,14,20,5,69,111,26,1,1,0
167367,1188,2023,Pearl,3017,nobody,EDward Gaming,Kayo,0.74,194,17,21,10,62,110,33,5,3,2
167367,1188,2023,Pearl,4720,Haodong,EDward Gaming,Astra,0.51,98,8,20,8,54,76,13,1,2,-1
180279,1188,2023,Lotus,17323,mimi,tarik,Killjoy,0.0,0,21,14,4,0,0,0,0,0,0
180279,1188,2023,Lotus,573,cNed,tarik,Jett,0.0,0,20,17,3,0,0,0,0,0,0
180279,1188,2023,Lotus,649,Paula,tarik,Skye,0.0,0,19,17,15,0,0,0,0,0,0
180279,1188,2023,Lotus,2194,SirMaza,tarik,Omen,0.0,0,13,17,11,0,0,0,0,0,0
180279,1188,2023,Lotus,31376,tarik,tarik,,0.0,0,10,18,3,0,0,0,0,0,0
180279,1188,2023,Lotus,683,pANcada,Team FRTTT,Astra,0.0,0,31,14,6,0,0,0,0,0,0
180279,1188,2023,Lotus,2858,SUYGETSU,Team FRTTT,Harbor,0.0,0,19,18,8,0,0,0,0,0,0
180279,1188,2023,Lotus,4095,SkRossi,Team FRTTT,Jett,0.0,0,13,17,6,0,0,0,0,0,0
180279,1188,2023,Lotus,3397,FRTTT,Team FRTTT,,0.0,0,10,19,3,0,0,0,0,0,0
180279,1188,2023,Lotus,36666,vela,Team FRTTT,Sova,0.0,0,10,15,7,0,0,0,0,0,0
167361,1188,2023,Fracture,4462,MaKo,KIWOOM DRX,Viper,1.12,253,17,16,8,65,164,18,3,2,1
167361,1188,2023,Fracture,772,Zest,KIWOOM DRX,Fade,1.05,222,19,18,8,83,133,30,1,4,-3
167361,1188,2023,Fracture,485,stax,KIWOOM DRX,Kayo,1.02,199,16,16,8,78,124,33,2,1,1
167361,1188,2023,Fracture,804,BuZz,KIWOOM DRX,Raze,0.93,203,17,16,3,70,124,16,2,5,-3
167361,1188,2023,Fracture,488,Rb,KIWOOM DRX,Omen,0.56,99,8,17,12,65,66,33,0,3,-3
167361,1188,2023,Fracture,6723,foxz,TALON,Kayo,1.35,202,17,14,10,70,137,33,2,0,2
167361,1188,2023,Fracture,3342,Sushiboys,TALON,Killjoy,1.28,261,21,15,4,74,168,23,5,1,4
167361,1188,2023,Fracture,18035,garnetS,TALON,Neon,1.16,230,20,16,3,74,152,27,4,3,1
167361,1188,2023,Fracture,3977,Crws,TALON,Brimstone,0.99,227,16,17,10,70,155,17,4,2,2
167361,1188,2023,Fracture,13788,JitBoyS,TALON,Breach,0.72,121,9,15,7,74,94,42,0,2,-2
167361,1188,2023,Ascent,772,Zest,KIWOOM DRX,Sova,1.46,239,16,10,5,68,149,41,1,1,0
167361,1188,2023,Ascent,4462,MaKo,KIWOOM DRX,Astra,1.46,270,18,10,13,89,186,34,3,1,2
167361,1188,2023,Ascent,488,Rb,KIWOOM DRX,Kayo,1.42,250,18,10,7,74,157,29,2,1,1
167361,1188,2023,Ascent,804,BuZz,KIWOOM DRX,Jett,1.33,240,16,12,4,74,159,22,3,1,2
167361,1188,2023,Ascent,485,stax,KIWOOM DRX,Fade,0.51,124,7,16,12,74,77,15,1,5,-4
167361,1188,2023,Ascent,6723,foxz,TALON,Fade,1.27,259,17,13,4,79,166,27,1,1,0
167361,1188,2023,Ascent,18035,garnetS,TALON,Jett,0.87,201,14,15,0,58,132,19,5,3,2
167361,1188,2023,Ascent,3977,Crws,TALON,Omen,0.86,148,10,15,9,68,114,28,0,1,-1
167361,1188,2023,Ascent,13788,JitBoyS,TALON,Kayo,0.62,180,10,17,9,68,110,43,3,2,1
167361,1188,2023,Ascent,3342,Sushiboys,TALON,Killjoy,0.45,115,6,15,6,53,89,16,0,3,-3
167361,1188,2023,Icebox,4462,MaKo,KIWOOM DRX,Viper,1.54,268,21,13,15,78,182,21,4,1,3
167361,1188,2023,Icebox,488,Rb,KIWOOM DRX,Killjoy,1.2,231,19,13,4,83,143,27,4,1,3
167361,1188,2023,Icebox,804,BuZz,KIWOOM DRX,Jett,1.04,226,19,14,4,78,134,13,2,6,-4
167361,1188,2023,Icebox,772,Zest,KIWOOM DRX,Sova,0.95,188,14,15,6,87,125,24,0,2,-2
167361,1188,2023,Icebox,485,stax,KIWOOM DRX,Harbor,0.94,168,14,15,9,78,108,25,1,2,-1
167361,1188,2023,Icebox,6723,foxz,TALON,Sova,1.16,212,15,15,5,70,156,17,2,1,1
167361,1188,2023,Icebox,18035,garnetS,TALON,Jett,1.08,203,19,17,3,65,137,37,4,2,2
167361,1188,2023,Icebox,3342,Sushiboys,TALON,Killjoy,0.72,156,12,18,5,74,115,16,3,4,-1
167361,1188,2023,Icebox,3977,Crws,TALON,Viper,0.67,138,10,18,6,65,104,18,3,2,1
167361,1188,2023,Icebox,13788,JitBoyS,TALON,Harbor,0.66,155,14,19,7,65,84,32,0,2,-2
167352,1188,2023,Pearl,10161,QutionerX,BBL Esports,Yoru,1.12,242,14,13,1,50,159,52,2,3,-1
167352,1188,2023,Pearl,556,SouhcNi,BBL Esports,Sova,0.72,142,8,13,3,63,100,28,1,3,-2
167352,1188,2023,Pearl,1481,AsLanM4shadoW,BBL Esports,Killjoy,0.58,157,8,15,4,56,111,14,2,0,2
167352,1188,2023,Pearl,8041,Brave,BBL Esports,Astra,0.54,181,10,15,4,75,109,46,2,2,0
167352,1188,2023,Pearl,568,Turko,BBL Esports,Breach,0.47,82,4,13,3,63,73,16,0,1,-1
167352,1188,2023,Pearl,488,Rb,KIWOOM DRX,Astra,1.68,198,12,3,6,94,121,30,1,0,1
167352,1188,2023,Pearl,4462,MaKo,KIWOOM DRX,Viper,1.44,273,14,10,12,94,157,24,1,0,1
167352,1188,2023,Pearl,804,BuZz,KIWOOM DRX,Jett,1.34,311,18,11,4,88,171,14,6,2,4
167352,1188,2023,Pearl,485,stax,KIWOOM DRX,Kayo,1.08,212,12,10,7,94,140,34,1,3,-2
167352,1188,2023,Pearl,772,Zest,KIWOOM DRX,Sova,1.03,194,13,10,7,94,125,31,0,2,-2
167352,1188,2023,Ascent,568,Turko,BBL Esports,Kayo,1.49,214,20,12,10,83,136,37,2,1,1
167352,1188,2023,Ascent,1481,AsLanM4shadoW,BBL Esports,Killjoy,0.98,150,15,15,1,71,114,30,0,1,-1
167352,1188,2023,Ascent,8041,Brave,BBL Esports,Omen,0.94,220,17,19,17,79,138,19,4,1,3
167352,1188,2023,Ascent,556,SouhcNi,BBL Esports,Sova,0.89,153,13,15,10,75,102,22,2,1,1
167352,1188,2023,Ascent,10161,QutionerX,BBL Esports,Jett,0.88,269,23,21,4,63,163,16,7,5,2
167352,1188,2023,Ascent,485,stax,KIWOOM DRX,Fade,1.21,229,19,17,10,75,165,30,0,0,0
167352,1188,2023,Ascent,4462,MaKo,KIWOOM DRX,Astra,1.18,207,15,15,16,79,138,35,1,2,-1
167352,1188,2023,Ascent,772,Zest,KIWOOM DRX,Sova,1.05,200,17,16,4,63,154,48,0,3,-3
167352,1188,2023,Ascent,804,BuZz,KIWOOM DRX,Jett,0.9,211,17,20,3,67,133,18,6,5,1
167352,1188,2023,Ascent,488,Rb,KIWOOM DRX,Kayo,0.82,187,14,20,13,79,113,19,2,5,-3
167352,1188,2023,Haven,8041,Brave,BBL Esports,Astra,1.1,218,14,15,5,65,146,33,2,3,-1
167352,1188,2023,Haven,10161,QutionerX,BBL Esports,Jett,0.9,213,14,18,2,75,124,41,2,4,-2
167352,1188,2023,Haven,556,SouhcNi,BBL Esports,Sova,0.81,168,12,15,4,60,104,43,0,3,-3
167352,1188,2023,Haven,1481,AsLanM4shadoW,BBL Esports,Killjoy,0.79,140,10,14,3,60,97,26,0,3,-3
167352,1188,2023,Haven,568,Turko,BBL Esports,Breach,0.45,90,6,16,5,60,63,31,0,3,-3
167352,1188,2023,Haven,488,Rb,KIWOOM DRX,Killjoy,1.66,291,22,9,3,85,203,32,5,0,5
167352,1188,2023,Haven,485,stax,KIWOOM DRX,Breach,1.2,239,18,12,9,85,147,50,3,0,3
167352,1188,2023,Haven,804,BuZz,KIWOOM DRX,Jett,1.11,244,17,13,5,75,172,26,4,3,1
167352,1188,2023,Haven,4462,MaKo,KIWOOM DRX,Omen,1.07,157,10,11,14,85,114,28,2,0,2
167352,1188,2023,Haven,772,Zest,KIWOOM DRX,Sova,0.94,151,11,11,6,65,88,33,2,1,1
167372,1188,2023,Lotus,10125,qw1,FUT Esports,Neon,1.28,376,31,19,3,73,220,27,6,4,2
167372,1188,2023,Lotus,3604,MOJJ,FUT Esports,Killjoy,1.05,173,13,12,2,64,118,27,2,2,0
167372,1188,2023,Lotus,8044,MrFaliN,FUT Esports,Omen,0.94,191,14,16,10,77,117,15,3,2,1
167372,1188,2023,Lotus,1139,qRaxs,FUT Esports,Kayo,0.92,177,11,16,11,68,129,22,1,0,1
167372,1188,2023,Lotus,6510,AtaKaptan,FUT Esports,Sage,0.78,129,12,13,3,73,100,42,0,2,-2
167372,1188,2023,Lotus,601,Asuna,100 Thieves,Kayo,1.23,230,19,17,10,77,134,31,3,4,-1
167372,1188,2023,Lotus,1533,Derrek,100 Thieves,Fade,1.15,256,20,18,9,82,169,38,3,0,3
167372,1188,2023,Lotus,3880,bang,100 Thieves,Astra,1.09,193,16,14,4,64,125,35,3,3,0
167372,1188,2023,Lotus,4147,Cryocells,100 Thieves,Raze,0.95,236,15,17,7,64,166,19,1,2,-1
167372,1188,2023,Lotus,733,stellar,100 Thieves,Cypher,0.58,94,6,15,8,59,71,17,0,3,-3
167372,1188,2023,Haven,1139,qRaxs,FUT Esports,Fade,1.61,294,25,15,8,71,213,32,3,0,3
167372,1188,2023,Haven,10125,qw1,FUT Esports,Jett,1.12,230,20,19,3,71,145,18,3,3,0
167372,1188,2023,Haven,8044,MrFaliN,FUT Esports,Omen,0.8,187,15,19,11,71,110,25,3,4,-1
167372,1188,2023,Haven,3604,MOJJ,FUT Esports,Killjoy,0.74,189,14,19,7,67,128,23,1,3,-2
167372,1188,2023,Haven,6510,AtaKaptan,FUT Esports,Breach,0.57,125,11,18,7,67,73,45,0,4,-4
167372,1188,2023,Haven,733,stellar,100 Thieves,Cypher,1.28,261,22,16,8,71,160,18,3,1,2
167372,1188,2023,Haven,601,Asuna,100 Thieves,Kayo,1.25,242,20,17,20,88,146,21,2,2,0
167372,1188,2023,Haven,4147,Cryocells,100 Thieves,Jett,1.08,233,21,18,2,75,140,19,6,2,4
167372,1188,2023,Haven,1533,Derrek,100 Thieves,Sova,0.97,159,11,16,14,83,122,16,1,1,0
167372,1188,2023,Haven,3880,bang,100 Thieves,Omen,0.91,179,16,18,10,83,132,42,2,4,-2
167372,1188,2023,Icebox,1139,qRaxs,FUT Esports,Fade,1.11,227,18,15,7,81,135,22,1,0,1
167372,1188,2023,Icebox,8044,MrFaliN,FUT Esports,Sova,0.91,196,12,17,10,62,132,14,1,3,-2
167372,1188,2023,Icebox,10125,qw1,FUT Esports,Jett,0.85,227,16,18,2,57,134,18,3,4,-1
167372,1188,2023,Icebox,3604,MOJJ,FUT Esports,Viper,0.75,204,14,19,5,57,131,20,3,4,-1
167372,1188,2023,Icebox,6510,AtaKaptan,FUT Esports,Sage,0.72,141,9,17,13,71,87,24,0,2,-2
167372,1188,2023,Icebox,3880,bang,100 Thieves,Viper,1.4,276,23,15,9,90,179,45,5,1,4
167372,1188,2023,Icebox,4147,Cryocells,100 Thieves,Omen,1.32,271,20,15,14,86,159,24,4,2,2
167372,1188,2023,Icebox,601,Asuna,100 Thieves,Sage,1.24,222,15,13,12,81,141,20,1,4,-3
167372,1188,2023,Icebox,1533,Derrek,100 Thieves,Sova,1.15,222,14,13,12,86,168,22,1,0,1
167372,1188,2023,Icebox,733,stellar,100 Thieves,Killjoy,0.93,170,14,13,3,81,116,14,2,1,1
167348,1188,2023,Icebox,2168,trexx,KOI,Sova,1.44,304,27,16,6,79,206,35,2,1,1
167348,1188,2023,Icebox,1428,sheydos,KOI,Killjoy,1.16,193,17,12,4,71,124,28,1,2,-1
167348,1188,2023,Icebox,9558,Wolfen,KOI,Jett,0.77,168,14,18,3,67,113,28,5,8,-3
167348,1188,2023,Icebox,565,starxo,KOI,Sage,0.68,134,10,18,11,50,92,23,0,4,-4
167348,1188,2023,Icebox,339,koldamenta,KOI,Viper,0.52,73,5,19,12,54,55,16,0,1,-1
167348,1188,2023,Icebox,4164,s0m,NRG,Viper,1.44,295,24,13,4,79,184,29,4,0,4
167348,1188,2023,Icebox,4,crashies,NRG,Sova,1.23,244,22,15,6,71,139,25,3,2,1
167348,1188,2023,Icebox,817,FiNESSE,NRG,Killjoy,0.96,165,12,14,3,79,115,17,4,0,4
167348,1188,2023,Icebox,261,Victor,NRG,Kayo,0.92,161,14,15,9,71,97,17,2,3,-1
167348,1188,2023,Icebox,98,ardiis,NRG,Sage,0.86,156,11,16,9,75,122,21,3,3,0
167348,1188,2023,Haven,2168,trexx,KOI,Sova,1.33,246,19,11,3,73,154,27,1,3,-2
167348,1188,2023,Haven,339,koldamenta,KOI,Omen,0.78,147,12,15,7,73,97,24,1,2,-1
167348,1188,2023,Haven,1428,sheydos,KOI,Killjoy,0.75,123,10,12,2,68,88,20,1,2,-1
167348,1188,2023,Haven,565,starxo,KOI,Breach,0.72,112,7,11,11,91,64,10,0,2,-2
167348,1188,2023,Haven,9558,Wolfen,KOI,Jett,0.64,205,14,20,4,55,133,38,5,5,0
167348,1188,2023,Haven,817,FiNESSE,NRG,Breach,1.25,180,12,10,15,86,104,17,1,0,1
167348,1188,2023,Haven,98,ardiis,NRG,Jett,1.21,224,16,12,3,77,136,15,7,1,6
167348,1188,2023,Haven,4,crashies,NRG,Sova,1.2,196,14,12,11,77,139,30,2,2,0
167348,1188,2023,Haven,4164,s0m,NRG,Omen,0.97,158,12,13,8,86,106,45,0,4,-4
167348,1188,2023,Haven,261,Victor,NRG,Killjoy,0.91,183,15,15,1,68,124,32,4,1,3
167365,1188,2023,Split,1137,Twisten,Team Vitality,Jett,1.74,330,23,8,2,94,206,25,3,1,2
167365,1188,2023,Split,1615,Destrian,Team Vitality,Omen,1.57,224,13,6,9,82,134,34,3,0,3
167365,1188,2023,Split,1281,MOLSI,Team Vitality,Raze,1.33,295,18,12,8,88,204,23,0,2,-2
167365,1188,2023,Split,4321,ceNder,Team Vitality,Cypher,1.32,269,17,10,4,76,151,28,3,2,1
167365,1188,2023,Split,3672,BONECOLD,Team Vitality,Sage,0.77,117,6,10,9,76,86,35,1,2,-1
167365,1188,2023,Split,805,Bazzi,Global Esports,Skye,0.92,221,11,15,5,65,137,13,1,0,1
167365,1188,2023,Split,824,AYRIN,Global Esports,Viper,0.79,211,12,16,4,59,121,19,3,2,1
167365,1188,2023,Split,8497,Monyet,Global Esports,Astra,0.67,152,8,14,6,47,99,14,2,3,-1
167365,1188,2023,Split,9196,t3xture,Global Esports,Raze,0.61,154,10,16,1,71,98,28,1,4,-3
167365,1188,2023,Split,4095,SkRossi,Global Esports,Sage,0.31,85,5,16,4,65,67,15,0,1,-1
167365,1188,2023,Pearl,1137,Twisten,Team Vitality,Jett,1.21,266,21,16,1,64,155,13,4,3,1
167365,1188,2023,Pearl,1281,MOLSI,Team Vitality,Kayo,0.98,214,18,18,18,91,107,22,2,2,0
167365,1188,2023,Pearl,3672,BONECOLD,Team Vitality,Fade,0.92,186,13,17,9,77,125,24,2,1,1
167365,1188,2023,Pearl,1615,Destrian,Team Vitality,Astra,0.91,152,11,15,11,82,108,40,1,3,-2
167365,1188,2023,Pearl,4321,ceNder,Team Vitality,Killjoy,0.77,167,13,17,4,68,127,35,1,3,-2
167365,1188,2023,Pearl,8497,Monyet,Global Esports,Astra,1.51,286,24,14,4,77,188,29,6,2,4
167365,1188,2023,Pearl,9196,t3xture,Global Esports,Jett,1.2,288,23,16,2,73,174,22,6,3,3
167365,1188,2023,Pearl,4095,SkRossi,Global Esports,Kayo,1.09,202,18,15,10,82,131,34,0,3,-3
167365,1188,2023,Pearl,805,Bazzi,Global Esports,Fade,0.75,135,9,16,12,82,86,16,0,2,-2
167365,1188,2023,Pearl,824,AYRIN,Global Esports,Killjoy,0.67,119,9,15,3,59,83,22,0,0,0
167365,1188,2023,Lotus,1281,MOLSI,Team Vitality,Fade,1.49,218,16,8,9,84,152,26,1,0,1
167365,1188,2023,Lotus,4321,ceNder,Team Vitality,Killjoy,1.37,248,17,11,2,79,159,35,3,1,2
167365,1188,2023,Lotus,1137,Twisten,Team Vitality,Raze,1.25,257,16,12,3,63,176,29,3,3,0
167365,1188,2023,Lotus,1615,Destrian,Team Vitality,Harbor,0.96,154,10,11,7,68,102,16,0,3,-3
167365,1188,2023,Lotus,3672,BONECOLD,Team Vitality,Breach,0.75,161,11,15,8,74,96,17,1,4,-3
167365,1188,2023,Lotus,824,AYRIN,Global Esports,Killjoy,1.02,222,15,14,0,53,140,23,1,2,-1
167365,1188,2023,Lotus,9196,t3xture,Global Esports,Jett,0.95,178,13,13,1,68,116,24,1,0,1
167365,1188,2023,Lotus,8497,Monyet,Global Esports,Omen,0.93,203,13,13,5,79,124,14,5,3,2
167365,1188,2023,Lotus,805,Bazzi,Global Esports,Breach,0.65,150,10,16,6,74,91,22,2,0,2
167365,1188,2023,Lotus,4095,SkRossi,Global Esports,Sova,0.5,105,6,14,5,53,68,22,2,3,-1
167353,1188,2023,Lotus,7873,leaf,Cloud9,Cypher,1.31,222,17,11,8,81,160,20,1,1,0
167353,1188,2023,Lotus,7871,Xeppaa,Cloud9,Skye,1.29,251,21,14,6,95,155,22,4,0,4
167353,1188,2023,Lotus,881,yay,Cloud9,Chamber,1.25,255,19,13,2,81,154,48,4,3,1
167353,1188,2023,Lotus,7870,vanity,Cloud9,Omen,1.23,193,14,12,18,86,106,10,1,0,1
167353,1188,2023,Lotus,729,Zellsis,Cloud9,Neon,0.84,186,13,15,7,76,145,24,2,5,-3
167353,1188,2023,Lotus,7378,Jinggg,Paper Rex,Raze,1.17,227,16,15,3,67,160,14,0,2,-2
167353,1188,2023,Lotus,9801,f0rsakeN,Paper Rex,Chamber,0.99,240,17,17,0,67,157,35,6,3,3
167353,1188,2023,Lotus,9802,Benkai,Paper Rex,Sage,0.88,173,13,17,8,90,113,24,1,2,-1
167353,1188,2023,Lotus,9800,mindfreak,Paper Rex,Omen,0.68,164,12,19,6,76,106,10,2,4,-2
167353,1188,2023,Lotus,9803,d4v41,Paper Rex,Skye,0.6,116,7,16,13,71,85,36,0,1,-1
167353,1188,2023,Pearl,7873,leaf,Cloud9,Killjoy,1.78,335,21,9,4,88,218,27,2,0,2
167353,1188,2023,Pearl,7871,Xeppaa,Cloud9,Skye,1.69,305,21,8,7,94,163,28,2,2,0
167353,1188,2023,Pearl,729,Zellsis,Cloud9,Phoenix,1.16,255,13,11,13,94,177,25,1,1,0
167353,1188,2023,Pearl,881,yay,Cloud9,Sage,1.06,178,11,9,7,88,123,15,3,2,1
167353,1188,2023,Pearl,7870,vanity,Cloud9,Astra,0.91,134,8,8,11,82,87,17,2,2,0
167353,1188,2023,Pearl,7378,Jinggg,Paper Rex,Sage,0.93,181,11,14,5,71,153,31,1,1,0
167353,1188,2023,Pearl,9800,mindfreak,Paper Rex,Astra,0.8,162,9,13,5,76,109,26,0,2,-2
167353,1188,2023,Pearl,9803,d4v41,Paper Rex,Fade,0.66,161,9,15,3,59,97,22,1,2,-1
167353,1188,2023,Pearl,9802,Benkai,Paper Rex,Killjoy,0.55,158,8,15,3,59,113,18,1,2,-1
167353,1188,2023,Pearl,9801,f0rsakeN,Paper Rex,Jett,0.54,180,8,17,2,53,138,14,4,3,1
167366,1188,2023,Lotus,8044,MrFaliN,FUT Esports,Omen,1.3,267,16,11,8,81,164,18,2,2,0
167366,1188,2023,Lotus,3604,MOJJ,FUT Esports,Killjoy,1.27,240,13,10,7,88,176,22,2,0,2
167366,1188,2023,Lotus,10125,qw1,FUT Esports,Neon,1.24,240,15,9,3,75,141,15,3,4,-1
167366,1188,2023,Lotus,6510,AtaKaptan,FUT Esports,Sage,1.15,201,12,8,4,75,121,29,2,1,1
167366,1188,2023,Lotus,1139,qRaxs,FUT Esports,Kayo,1.09,202,12,9,8,88,125,8,0,0,0
167366,1188,2023,Lotus,4871,xffero,Rex Regum Qeon,Omen,0.99,191,10,13,8,75,116,23,1,0,1
167366,1188,2023,Lotus,7764,Lmemore,Rex Regum Qeon,Cypher,0.95,219,12,14,3,56,148,48,3,1,2
167366,1188,2023,Lotus,9747,Emman,Rex Regum Qeon,Reyna,0.95,217,11,14,3,75,156,36,2,1,1
167366,1188,2023,Lotus,7403,EJAY,Rex Regum Qeon,Neon,0.74,189,10,14,3,69,128,25,0,6,-6
167366,1188,2023,Lotus,7045,fl1pzjder,Rex Regum Qeon,Breach,0.51,102,4,13,7,50,58,29,1,1,0
167366,1188,2023,Pearl,3604,MOJJ,FUT Esports,Viper,1.32,228,20,14,6,67,147,38,2,1,1
167366,1188,2023,Pearl,6510,AtaKaptan,FUT Esports,Astra,1.29,216,20,15,8,88,142,26,3,1,2
167366,1188,2023,Pearl,10125,qw1,FUT Esports,Jett,1.09,225,16,16,9,79,153,20,6,2,4
167366,1188,2023,Pearl,1139,qRaxs,FUT Esports,Kayo,0.95,163,13,15,16,79,111,19,0,1,-1
167366,1188,2023,Pearl,8044,MrFaliN,FUT Esports,Killjoy,0.55,162,12,21,4,63,113,12,3,5,-2
167366,1188,2023,Pearl,9747,Emman,Rex Regum Qeon,Kayo,1.35,249,21,15,15,88,162,34,2,2,0
167366,1188,2023,Pearl,7045,fl1pzjder,Rex Regum Qeon,Viper,1.2,254,19,16,11,88,172,18,6,8,-2
167366,1188,2023,Pearl,4871,xffero,Rex Regum Qeon,Fade,0.88,174,16,15,2,75,112,28,0,1,-1
167366,1188,2023,Pearl,7764,Lmemore,Rex Regum Qeon,Sage,0.81,187,15,17,9,63,120,27,2,2,0
167366,1188,2023,Pearl,9735,2GE,Rex Regum Qeon,Astra,0.47,111,10,18,6,58,83,29,0,1,-1
167362,1188,2023,Icebox,1427,Redgar,Team Liquid,Sova,1.4,309,20,15,6,76,202,31,5,3,2
167362,1188,2023,Icebox,312,Sayf,Team Liquid,Killjoy,1.07,220,18,14,3,76,151,30,2,0,2
167362,1188,2023,Icebox,9780,Jamppi,Team Liquid,Jett,0.97,234,15,17,7,86,143,17,4,2,2
167362,1188,2023,Icebox,457,nAts,Team Liquid,Viper,0.95,176,14,16,10,76,108,32,0,2,-2
167362,1188,2023,Icebox,101,soulcas,Team Liquid,Sage,0.47,119,10,16,3,52,72,35,1,2,-1
167362,1188,2023,Icebox,2334,JessieVash,Team Secret,Sova,1.32,296,21,17,8,81,203,30,5,2,3
167362,1188,2023,Icebox,8504,invy,Team Secret,Kayo,1.29,263,21,16,7,76,161,28,1,3,-2
167362,1188,2023,Icebox,2679,DubsteP,Team Secret,Killjoy,1.05,178,14,13,4,86,132,18,2,4,-2
167362,1188,2023,Icebox,7405,Jremy,Team Secret,Sage,0.88,158,13,15,10,71,90,13,1,1,0
167362,1188,2023,Icebox,2333,BORKUM,Team Secret,Viper,0.8,156,9,16,16,71,107,19,0,2,-2
167362,1188,2023,Fracture,457,nAts,Team Liquid,Cypher,1.57,340,26,14,3,80,203,36,0,3,-3
167362,1188,2023,Fracture,9780,Jamppi,Team Liquid,Raze,1.01,257,17,16,3,55,153,12,3,4,-1
167362,1188,2023,Fracture,101,soulcas,Team Liquid,Astra,0.57,106,6,14,7,60,68,16,0,2,-2
167362,1188,2023,Fracture,312,Sayf,Team Liquid,Kayo,0.52,125,8,17,6,50,78,20,1,1,0
167362,1188,2023,Fracture,1427,Redgar,Team Liquid,Breach,0.32,102,5,17,7,60,60,20,2,4,-2
167362,1188,2023,Fracture,8504,invy,Team Secret,Breach,1.53,246,18,10,11,100,158,21,1,0,1
167362,1188,2023,Fracture,7405,Jremy,Team Secret,Raze,1.34,263,19,14,4,90,160,8,6,0,6
167362,1188,2023,Fracture,2334,JessieVash,Team Secret,Fade,1.27,250,18,14,9,80,153,20,1,2,-1
167362,1188,2023,Fracture,2679,DubsteP,Team Secret,Cypher,1.2,186,14,10,7,75,113,27,4,1,3
167362,1188,2023,Fracture,2333,BORKUM,Team Secret,Brimstone,0.78,152,9,14,16,65,83,15,2,3,-1
167351,1188,2023,Lotus,4723,YuChEn,FunPlus Phoenix,Viper,1.1,198,12,15,12,84,117,32,1,2,-1
167351,1188,2023,Lotus,19530,AAAAY,FunPlus Phoenix,Skye,0.99,256,16,17,5,79,157,36,0,3,-3
167351,1188,2023,Lotus,11218,Yuicaw,FunPlus Phoenix,Killjoy,0.86,164,11,14,2,47,125,32,0,6,-6
167351,1188,2023,Lotus,4880,nizhaoTZH,FunPlus Phoenix,Omen,0.64,145,10,16,3,58,85,12,0,2,-2
167351,1188,2023,Lotus,7857,BerLIN,FunPlus Phoenix,Fade,0.46,118,7,17,8,74,75,13,1,4,-3
167351,1188,2023,Lotus,2625,sh1n,Karmine Corp,Viper,1.55,288,20,11,11,79,166,20,4,0,4
167351,1188,2023,Lotus,14669,Nivera,Karmine Corp,Omen,1.54,321,21,11,5,89,210,39,4,0,4
167351,1188,2023,Lotus,4603,xms,Karmine Corp,Killjoy,1.27,223,17,11,4,74,136,35,6,0,6
167351,1188,2023,Lotus,2622,Newzera,Karmine Corp,Sova,0.83,96,6,9,8,74,64,29,0,0,0
167351,1188,2023,Lotus,92,ScreaM,Karmine Corp,Skye,0.82,198,15,14,5,68,126,41,3,2,1
167351,1188,2023,Haven,11218,Yuicaw,FunPlus Phoenix,Chamber,1.38,235,20,11,2,86,161,22,3,3,0
167351,1188,2023,Haven,4723,YuChEn,FunPlus Phoenix,Viper,1.18,216,18,13,2,76,143,27,2,0,2
167351,1188,2023,Haven,7857,BerLIN,FunPlus Phoenix,Fade,1.11,249,17,15,8,86,168,40,4,3,1
167351,1188,2023,Haven,19530,AAAAY,FunPlus Phoenix,Skye,0.94,203,15,15,9,81,135,25,0,1,-1
167351,1188,2023,Haven,4880,nizhaoTZH,FunPlus Phoenix,Omen,0.68,150,11,14,8,62,86,31,2,3,-1
167351,1188,2023,Haven,92,ScreaM,Karmine Corp,Kayo,1.31,273,20,16,8,76,158,33,2,3,-1
167351,1188,2023,Haven,14669,Nivera,Karmine Corp,Omen,0.88,228,16,18,4,62,127,19,5,4,1
167351,1188,2023,Haven,2622,Newzera,Karmine Corp,Breach,0.86,151,11,15,7,76,92,40,1,1,0
167351,1188,2023,Haven,4603,xms,Karmine Corp,Cypher,0.83,144,9,15,5,62,104,30,0,0,0
167351,1188,2023,Haven,2625,sh1n,Karmine Corp,Fade,0.74,170,12,18,4,62,112,22,2,3,-1
167351,1188,2023,Pearl,4880,nizhaoTZH,FunPlus Phoenix,Astra,1.12,192,14,12,5,68,97,28,2,0,2
167351,1188,2023,Pearl,4723,YuChEn,FunPlus Phoenix,Viper,0.84,154,10,14,6,68,114,55,0,5,-5
167351,1188,2023,Pearl,11218,Yuicaw,FunPlus Phoenix,Jett,0.78,170,11,15,3,63,106,9,0,3,-3
167351,1188,2023,Pearl,7857,BerLIN,FunPlus Phoenix,Fade,0.75,179,10,15,7,68,120,27,2,4,-2
167351,1188,2023,Pearl,19530,AAAAY,FunPlus Phoenix,Skye,0.62,147,8,17,6,63,94,33,1,2,-1
167351,1188,2023,Pearl,2625,sh1n,Karmine Corp,Fade,1.92,379,25,9,4,84,239,41,6,0,6
167351,1188,2023,Pearl,14669,Nivera,Karmine Corp,Omen,1.36,254,17,11,6,79,149,31,5,0,5
167351,1188,2023,Pearl,92,ScreaM,Karmine Corp,Kayo,1.11,217,15,12,7,74,141,52,1,2,-1
167351,1188,2023,Pearl,4603,xms,Karmine Corp,Cypher,0.77,114,8,10,4,84,87,31,0,1,-1
167351,1188,2023,Pearl,2622,Newzera,Karmine Corp,Harbor,0.66,114,8,11,2,74,67,42,2,2,0
167354,1188,2023,Pearl,3582,keloqz,Team Heretics,Jett,1.32,278,23,15,0,76,169,37,5,4,1
167354,1188,2023,Pearl,562,zeek,Team Heretics,Kayo,1.06,212,14,16,14,86,134,35,2,3,-1
167354,1188,2023,Pearl,93,Mixwell,Team Heretics,Breach,0.95,208,14,16,10,81,125,20,1,0,1
167354,1188,2023,Pearl,1144,Boo,Team Heretics,Cypher,0.93,139,11,13,3,67,99,26,0,3,-3
167354,1188,2023,Pearl,1507,AvovA,Team Heretics,Astra,0.58,122,8,17,4,71,93,31,3,0,3
167354,1188,2023,Pearl,11225,Ethan,Evil Geniuses,Yoru,1.4,305,24,14,9,86,180,13,4,1,3
167354,1188,2023,Pearl,619,C0M,Evil Geniuses,Fade,1.09,199,16,15,10,67,126,12,1,0,1
167354,1188,2023,Pearl,604,Boostio,Evil Geniuses,Killjoy,0.95,171,13,11,4,67,120,22,0,3,-3
167354,1188,2023,Pearl,864,BcJ,Evil Geniuses,Astra,0.91,147,10,14,11,86,93,9,0,3,-3
167354,1188,2023,Pearl,3993,jawgemo,Evil Geniuses,Jett,0.86,191,14,16,5,81,119,17,5,4,1
167354,1188,2023,Ascent,93,Mixwell,Team Heretics,Kayo,1.2,238,16,18,16,76,150,30,2,2,0
167354,1188,2023,Ascent,562,zeek,Team Heretics,Killjoy,1.09,229,18,16,0,57,159,37,1,4,-3
167354,1188,2023,Ascent,3582,keloqz,Team Heretics,Jett,0.92,225,15,18,5,76,142,34,5,3,2
167354,1188,2023,Ascent,1507,AvovA,Team Heretics,Omen,0.67,173,12,20,12,62,101,11,0,2,-2
167354,1188,2023,Ascent,1144,Boo,Team Heretics,Sova,0.6,111,8,16,6,76,81,22,0,2,-2
167354,1188,2023,Ascent,11225,Ethan,Evil Geniuses,Kayo,1.72,301,21,11,20,95,199,19,3,1,2
167354,1188,2023,Ascent,864,BcJ,Evil Geniuses,Omen,1.26,234,17,13,18,86,144,16,2,2,0
167354,1188,2023,Ascent,604,Boostio,Evil Geniuses,Killjoy,1.2,251,20,14,4,86,163,26,0,1,-1
167354,1188,2023,Ascent,3993,jawgemo,Evil Geniuses,Jett,1.14,248,19,14,4,76,152,18,5,3,2
167354,1188,2023,Ascent,619,C0M,Evil Geniuses,Sova,0.77,168,11,17,11,71,108,6,3,1,2
167393,1188,2023,Ascent,727,saadhak,LOUD,Viper,1.06,245,17,16,9,76,164,28,4,4,0
167393,1188,2023,Ascent,8447,Less,LOUD,Killjoy,1.04,224,16,16,4,81,157,15,1,0,1
167393,1188,2023,Ascent,2408,tuyz,LOUD,Omen,1.01,165,13,14,7,67,105,36,2,0,2
167393,1188,2023,Ascent,6193,cauanzin,LOUD,Skye,0.82,198,15,17,7,71,117,24,4,2,2
167393,1188,2023,Ascent,8480,aspas,LOUD,Jett,0.51,104,8,16,2,67,73,48,1,3,-2
167393,1188,2023,Ascent,1380,Leo,FNATIC,Sova,1.67,329,23,12,13,86,219,26,0,1,-1
167393,1188,2023,Ascent,438,Boaster,FNATIC,Omen,1.18,198,14,13,11,76,123,18,1,4,-3
167393,1188,2023,Ascent,458,Chronicle,FNATIC,Kayo,1.16,218,16,15,15,76,144,20,1,1,0
167393,1188,2023,Ascent,5022,Derke,FNATIC,Jett,0.9,205,15,16,3,67,134,20,5,6,-1
167393,1188,2023,Ascent,9810,Alfajer,FNATIC,Killjoy,0.82,158,11,13,3,67,111,24,2,0,2
167393,1188,2023,Fracture,6193,cauanzin,LOUD,Breach,1.15,228,19,17,3,60,127,25,2,1,1
167393,1188,2023,Fracture,2408,tuyz,LOUD,Brimstone,0.97,214,16,17,5,70,137,36,2,1,1
167393,1188,2023,Fracture,8480,aspas,LOUD,Jett,0.93,195,14,16,4,80,128,29,2,2,0
167393,1188,2023,Fracture,8447,Less,LOUD,Killjoy,0.81,186,12,17,5,65,122,24,2,2,0
167393,1188,2023,Fracture,727,saadhak,LOUD,Raze,0.19,93,4,19,6,55,87,11,0,6,-6
167393,1188,2023,Fracture,1380,Leo,FNATIC,Fade,1.67,317,23,11,3,80,205,31,2,0,2
167393,1188,2023,Fracture,458,Chronicle,FNATIC,Breach,1.07,225,16,13,6,80,148,27,2,2,0
167393,1188,2023,Fracture,5022,Derke,FNATIC,Raze,0.97,243,18,16,4,85,154,20,5,4,1
167393,1188,2023,Fracture,438,Boaster,FNATIC,Brimstone,0.97,191,15,13,7,80,110,34,0,2,-2
167393,1188,2023,Fracture,9810,Alfajer,FNATIC,Killjoy,0.97,163,14,12,3,80,117,32,3,0,3
167393,1188,2023,Split,8447,Less,LOUD,Viper,1.5,285,24,14,5,68,197,28,1,1,0
167393,1188,2023,Split,8480,aspas,LOUD,Jett,1.28,216,19,13,5,82,126,22,2,2,0
167393,1188,2023,Split,2408,tuyz,LOUD,Astra,1.02,147,13,13,5,73,91,27,1,2,-1
167393,1188,2023,Split,6193,cauanzin,LOUD,Skye,0.75,185,13,19,8,68,128,15,6,2,4
167393,1188,2023,Split,727,saadhak,LOUD,Raze,0.74,165,11,16,11,73,122,15,1,4,-3
167393,1188,2023,Split,5022,Derke,FNATIC,Jett,1.06,252,19,20,3,68,145,24,8,5,3
167393,1188,2023,Split,9810,Alfajer,FNATIC,Cypher,1.04,218,18,14,5,82,135,28,0,0,0
167393,1188,2023,Split,1380,Leo,FNATIC,Sage,0.99,166,14,13,3,64,110,20,0,2,-2
167393,1188,2023,Split,458,Chronicle,FNATIC,Raze,0.8,191,13,17,5,64,138,15,2,1,1
167393,1188,2023,Split,438,Boaster,FNATIC,Omen,0.79,158,11,16,10,77,93,12,1,3,-2
167393,1188,2023,Lotus,8447,Less,LOUD,Killjoy,1.65,290,22,11,4,76,205,26,4,1,3
167393,1188,2023,Lotus,727,saadhak,LOUD,Viper,1.07,234,16,15,9,71,150,32,2,3,-1
167393,1188,2023,Lotus,2408,tuyz,LOUD,Harbor,0.91,135,12,13,5,76,100,41,1,1,0
167393,1188,2023,Lotus,6193,cauanzin,LOUD,Skye,0.8,163,13,14,5,81,95,12,4,2,2
167393,1188,2023,Lotus,8480,aspas,LOUD,Jett,0.52,109,8,14,2,62,87,30,1,2,-1
167393,1188,2023,Lotus,438,Boaster,FNATIC,Astra,1.29,235,19,14,5,71,131,32,4,2,2
167393,1188,2023,Lotus,9810,Alfajer,FNATIC,Killjoy,1.05,188,14,13,4,76,125,24,1,3,-2
167393,1188,2023,Lotus,1380,Leo,FNATIC,Fade,0.91,164,13,14,6,81,100,29,1,2,-1
167393,1188,2023,Lotus,458,Chronicle,FNATIC,Viper,0.8,161,9,14,8,62,124,19,1,1,0
167393,1188,2023,Lotus,5022,Derke,FNATIC,Raze,0.64,174,12,16,5,62,125,12,2,4,-2
167393,1188,2023,Icebox,8480,aspas,LOUD,Jett,1.57,292,30,15,0,62,171,34,4,2,2
167393,1188,2023,Icebox,8447,Less,LOUD,Viper,1.27,242,24,20,9,77,181,42,4,0,4
167393,1188,2023,Icebox,6193,cauanzin,LOUD,Skye,0.96,183,14,19,23,69,114,16,1,2,-1
167393,1188,2023,Icebox,727,saadhak,LOUD,Killjoy,0.91,207,17,20,8,73,138,34,2,6,-4
167393,1188,2023,Icebox,2408,tuyz,LOUD,Harbor,0.51,124,10,20,10,54,77,21,2,3,-1
167393,1188,2023,Icebox,5022,Derke,FNATIC,Jett,1.35,336,27,20,9,65,228,19,8,4,4
167393,1188,2023,Icebox,9810,Alfajer,FNATIC,Killjoy,1.0,203,19,17,3,65,152,34,0,3,-3
167393,1188,2023,Icebox,438,Boaster,FNATIC,Viper,0.99,180,16,18,8,81,125,21,2,3,-1
167393,1188,2023,Icebox,1380,Leo,FNATIC,Sova,0.91,174,16,18,7,88,116,18,0,1,-1
167393,1188,2023,Icebox,458,Chronicle,FNATIC,Sage,0.8,180,16,22,6,58,127,23,3,2,1
167373,1188,2023,Haven,458,Chronicle,FNATIC,Breach,1.38,235,28,20,16,76,155,23,2,2,0
167373,1188,2023,Haven,1380,Leo,FNATIC,Sova,1.29,200,25,20,12,79,138,19,1,0,1
167373,1188,2023,Haven,5022,Derke,FNATIC,Jett,1.2,260,32,26,6,71,167,36,10,4,6
167373,1188,2023,Haven,9810,Alfajer,FNATIC,Killjoy,1.02,203,21,24,12,76,142,34,3,2,1
167373,1188,2023,Haven,438,Boaster,FNATIC,Astra,0.47,112,11,28,13,71,67,12,2,8,-6
167373,1188,2023,Haven,939,mwzera,FURIA,Skye,1.23,276,34,25,7,76,163,21,2,5,-3
167373,1188,2023,Haven,8873,dgzin,FURIA,Jett,1.09,226,27,22,6,76,152,26,6,4,2
167373,1188,2023,Haven,1711,Khalil,FURIA,Killjoy,0.94,171,21,21,2,68,109,22,3,2,1
167373,1188,2023,Haven,1575,qck,FURIA,Viper,0.79,171,19,25,13,62,112,25,2,3,-1
167373,1188,2023,Haven,8872,mazin,FURIA,Harbor,0.65,146,17,24,11,74,85,36,3,4,-1
167373,1188,2023,Ascent,438,Boaster,FNATIC,Omen,1.45,262,20,13,15,86,162,14,2,2,0
167373,1188,2023,Ascent,1380,Leo,FNATIC,Sova,1.4,244,19,14,7,73,158,15,2,0,2
167373,1188,2023,Ascent,9810,Alfajer,FNATIC,Killjoy,1.25,212,16,13,7,86,153,26,2,0,2
167373,1188,2023,Ascent,5022,Derke,FNATIC,Jett,1.02,218,19,15,2,59,152,47,1,7,-6
167373,1188,2023,Ascent,458,Chronicle,FNATIC,Kayo,0.92,174,11,15,13,68,107,21,3,3,0
167373,1188,2023,Ascent,939,mwzera,FURIA,Sova,1.22,222,19,16,6,64,155,33,1,0,1
167373,1188,2023,Ascent,1575,qck,FURIA,Killjoy,0.82,202,15,16,2,55,128,36,4,4,0
167373,1188,2023,Ascent,8873,dgzin,FURIA,Jett,0.76,183,16,18,5,64,106,17,6,5,1
167373,1188,2023,Ascent,1711,Khalil,FURIA,Omen,0.63,117,9,17,8,77,72,44,0,1,-1
167373,1188,2023,Ascent,8872,mazin,FURIA,Kayo,0.6,153,11,18,9,59,97,42,1,0,1
167349,1188,2023,Haven,1003,Reita,DetonatioN FocusMe,Sova,0.99,263,15,15,2,59,175,44,2,3,-1
167349,1188,2023,Haven,4559,Suggest,DetonatioN FocusMe,Breach,0.83,150,10,13,6,76,90,40,3,1,2
167349,1188,2023,Haven,7718,xnfri,DetonatioN FocusMe,Astra,0.62,102,7,13,3,47,74,26,0,1,-1
167349,1188,2023,Haven,6700,Anthem,DetonatioN FocusMe,Killjoy,0.48,128,6,14,3,71,95,30,0,1,-1
167349,1188,2023,Haven,10584,Seoldam,DetonatioN FocusMe,Jett,0.22,129,7,16,2,53,80,31,2,4,-2
167349,1188,2023,Haven,4181,Cloud,Giants Gaming,Sova,2.04,372,26,9,1,94,244,38,3,1,2
167349,1188,2023,Haven,3070,nukkye,Giants Gaming,Breach,1.45,216,12,8,13,94,135,25,1,2,-1
167349,1188,2023,Haven,10,rhyme,Giants Gaming,Astra,1.36,204,13,8,10,82,125,36,1,1,0
167349,1188,2023,Haven,2690,hoody,Giants Gaming,Killjoy,1.15,178,10,8,3,94,129,14,2,1,1
167349,1188,2023,Haven,292,Fit1nho,Giants Gaming,Jett,0.84,159,10,12,4,88,112,17,3,2,1
167349,1188,2023,Icebox,1002,takej,DetonatioN FocusMe,Viper,1.08,197,13,13,5,60,120,42,2,1,1
167349,1188,2023,Icebox,6700,Anthem,DetonatioN FocusMe,Killjoy,0.93,190,13,15,3,65,121,33,3,1,2
167349,1188,2023,Icebox,7718,xnfri,DetonatioN FocusMe,Raze,0.78,200,12,17,3,65,136,16,1,1,0
167349,1188,2023,Icebox,1003,Reita,DetonatioN FocusMe,Sova,0.77,152,10,15,6,55,105,45,1,5,-4
167349,1188,2023,Icebox,4559,Suggest,DetonatioN FocusMe,Kayo,0.6,159,11,18,8,55,92,22,1,4,-3
167349,1188,2023,Icebox,3070,nukkye,Giants Gaming,Sage,1.38,249,20,10,4,80,165,39,4,2,2
167349,1188,2023,Icebox,2690,hoody,Giants Gaming,Killjoy,1.3,238,17,12,3,80,185,36,3,1,2
167349,1188,2023,Icebox,10,rhyme,Giants Gaming,Viper,1.17,198,15,13,9,80,137,37,2,3,-1
167349,1188,2023,Icebox,4181,Cloud,Giants Gaming,Sova,1.16,202,16,12,4,85,146,41,1,0,1
167349,1188,2023,Icebox,292,Fit1nho,Giants Gaming,Jett,0.85,162,10,12,4,65,110,24,2,2,0
167356,1188,2023,Lotus,4164,s0m,NRG,Omen,1.15,211,20,18,16,88,134,38,1,1,0
167356,1188,2023,Lotus,817,FiNESSE,NRG,Viper,1.14,252,23,19,9,73,150,17,5,4,1
167356,1188,2023,Lotus,98,ardiis,NRG,Killjoy,0.81,196,16,20,3,73,139,24,5,2,3
167356,1188,2023,Lotus,4,crashies,NRG,Sova,0.79,148,12,17,7,73,94,19,0,0,0
167356,1188,2023,Lotus,261,Victor,NRG,Skye,0.57,136,11,21,9,65,89,24,3,5,-2
167356,1188,2023,Lotus,292,Fit1nho,Giants Gaming,Raze,1.86,383,35,16,8,77,243,25,5,1,4
167356,1188,2023,Lotus,3070,nukkye,Giants Gaming,Breach,1.37,212,19,12,17,88,138,25,1,0,1
167356,1188,2023,Lotus,10,rhyme,Giants Gaming,Omen,0.92,193,17,19,12,69,134,30,1,6,-5
167356,1188,2023,Lotus,4181,Cloud,Giants Gaming,Sova,0.79,127,12,18,3,77,89,22,4,3,1
167356,1188,2023,Lotus,2690,hoody,Giants Gaming,Killjoy,0.67,133,12,17,3,65,98,22,1,4,-3
167356,1188,2023,Haven,4,crashies,NRG,Sova,1.83,312,17,5,4,79,187,15,2,0,2
167356,1188,2023,Haven,261,Victor,NRG,Killjoy,1.49,249,14,6,0,93,160,30,1,0,1
167356,1188,2023,Haven,98,ardiis,NRG,Jett,1.49,281,14,8,3,86,204,26,2,2,0
167356,1188,2023,Haven,4164,s0m,NRG,Omen,0.86,149,6,8,12,79,100,18,0,2,-2
167356,1188,2023,Haven,817,FiNESSE,NRG,Breach,0.85,170,8,10,11,86,99,9,1,4,-3
167356,1188,2023,Haven,4181,Cloud,Giants Gaming,Sova,1.27,238,11,11,2,64,160,37,3,1,2
167356,1188,2023,Haven,292,Fit1nho,Giants Gaming,Jett,0.83,212,10,11,1,79,129,36,4,0,4
167356,1188,2023,Haven,3070,nukkye,Giants Gaming,Breach,0.67,145,7,11,7,64,116,39,0,0,0
167356,1188,2023,Haven,2690,hoody,Giants Gaming,Killjoy,0.38,145,5,13,3,64,108,30,0,1,-1
167356,1188,2023,Haven,10,rhyme,Giants Gaming,Astra,0.19,89,4,13,2,64,56,40,1,4,-3
167356,1188,2023,Icebox,4164,s0m,NRG,Viper,1.6,310,23,11,9,90,207,33,2,2,0
167356,1188,2023,Icebox,98,ardiis,NRG,Sage,1.41,272,20,10,10,85,173,17,5,4,1
167356,1188,2023,Icebox,261,Victor,NRG,Kayo,1.21,230,16,11,12,85,136,25,3,0,3
167356,1188,2023,Icebox,4,crashies,NRG,Sova,1.02,160,10,11,13,80,119,19,3,1,2
167356,1188,2023,Icebox,817,FiNESSE,NRG,Killjoy,0.8,161,12,14,4,85,103,23,1,0,1
167356,1188,2023,Icebox,2690,hoody,Giants Gaming,Killjoy,1.15,251,17,15,4,60,159,18,0,1,-1
167356,1188,2023,Icebox,4181,Cloud,Giants Gaming,Sova,0.99,228,15,16,4,75,154,23,2,0,2
167356,1188,2023,Icebox,10,rhyme,Giants Gaming,Viper,0.77,131,8,15,10,65,88,30,1,2,-1
167356,1188,2023,Icebox,3070,nukkye,Giants Gaming,Sage,0.73,152,10,17,4,75,102,21,0,1,-1
167356,1188,2023,Icebox,292,Fit1nho,Giants Gaming,Jett,0.31,101,7,18,1,50,69,25,3,9,-6
167392,1188,2023,Haven,11,Zyppan,Natus Vincere,Kayo,1.25,208,20,16,12,75,141,30,3,2,1
167392,1188,2023,Haven,384,Shao,Natus Vincere,Omen,1.1,158,13,14,10,75,89,36,3,2,1
167392,1188,2023,Haven,2858,SUYGETSU,Natus Vincere,Killjoy,0.94,217,18,18,5,67,151,45,2,0,2
167392,1188,2023,Haven,573,cNed,Natus Vincere,Jett,0.77,195,16,19,4,71,128,19,4,4,0
167392,1188,2023,Haven,109,ANGE1,Natus Vincere,Sova,0.68,114,8,18,11,75,79,30,2,2,0
167392,1188,2023,Haven,1380,Leo,FNATIC,Sova,1.49,270,23,13,6,79,163,17,1,0,1
167392,1188,2023,Haven,5022,Derke,FNATIC,Jett,1.09,233,19,14,4,67,163,28,3,7,-4
167392,1188,2023,Haven,9810,Alfajer,FNATIC,Killjoy,1.03,171,16,14,3,67,102,18,1,1,0
167392,1188,2023,Haven,438,Boaster,FNATIC,Astra,0.88,195,14,17,8,71,119,14,4,3,1
167392,1188,2023,Haven,458,Chronicle,FNATIC,Breach,0.82,143,13,17,10,88,92,32,1,3,-2
167392,1188,2023,Lotus,2858,SUYGETSU,Natus Vincere,Killjoy,0.9,219,12,14,4,71,153,36,2,2,0
167392,1188,2023,Lotus,573,cNed,Natus Vincere,Raze,0.76,190,10,16,2,59,141,13,4,0,4
167392,1188,2023,Lotus,384,Shao,Natus Vincere,Fade,0.76,155,10,13,3,71,101,50,0,1,-1
167392,1188,2023,Lotus,109,ANGE1,Natus Vincere,Omen,0.65,161,9,14,4,41,111,39,2,4,-2
167392,1188,2023,Lotus,11,Zyppan,Natus Vincere,Kayo,0.33,91,6,15,1,47,60,36,1,1,0
167392,1188,2023,Lotus,9810,Alfajer,FNATIC,Killjoy,1.35,261,15,9,4,76,180,30,2,2,0
167392,1188,2023,Lotus,438,Boaster,FNATIC,Astra,1.31,229,15,9,3,88,131,17,2,1,1
167392,1188,2023,Lotus,5022,Derke,FNATIC,Raze,1.26,323,18,15,6,88,230,27,3,3,0
167392,1188,2023,Lotus,458,Chronicle,FNATIC,Viper,1.25,182,14,8,4,71,124,37,1,2,-1
167392,1188,2023,Lotus,1380,Leo,FNATIC,Fade,1.2,143,10,6,6,88,91,8,0,1,-1
167392,1188,2023,Fracture,384,Shao,Natus Vincere,Omen,1.14,205,18,15,7,88,135,42,3,1,2
167392,1188,2023,Fracture,2858,SUYGETSU,Natus Vincere,Viper,1.13,204,17,16,4,67,155,50,3,0,3
167392,1188,2023,Fracture,573,cNed,Natus Vincere,Raze,0.9,214,16,18,5,71,143,23,2,3,-1
167392,1188,2023,Fracture,11,Zyppan,Natus Vincere,Kayo,0.87,149,12,15,9,67,107,27,2,4,-2
167392,1188,2023,Fracture,109,ANGE1,Natus Vincere,Cypher,0.51,107,11,20,2,54,77,48,3,3,0
167392,1188,2023,Fracture,458,Chronicle,FNATIC,Breach,1.34,215,19,13,16,79,142,28,0,3,-3
167392,1188,2023,Fracture,1380,Leo,FNATIC,Fade,1.22,217,18,14,6,75,141,12,3,0,3
167392,1188,2023,Fracture,9810,Alfajer,FNATIC,Killjoy,1.09,212,19,15,6,71,142,26,1,2,-1
167392,1188,2023,Fracture,438,Boaster,FNATIC,Brimstone,1.01,179,15,16,9,71,119,23,3,2,1
167392,1188,2023,Fracture,5022,Derke,FNATIC,Raze,0.76,149,13,16,4,71,100,18,4,6,-2
167358,1188,2023,Pearl,4462,MaKo,KIWOOM DRX,Viper,1.2,288,14,13,2,63,196,20,4,2,2
167358,1188,2023,Pearl,772,Zest,KIWOOM DRX,Sova,0.58,158,7,14,5,56,113,27,1,0,1
167358,1188,2023,Pearl,488,Rb,KIWOOM DRX,Astra,0.55,114,7,14,5,50,80,22,0,1,-1
167358,1188,2023,Pearl,804,BuZz,KIWOOM DRX,Jett,0.53,171,9,16,1,50,101,6,4,2,2
167358,1188,2023,Pearl,485,stax,KIWOOM DRX,Kayo,0.48,149,6,15,9,69,108,28,1,1,0
167358,1188,2023,Pearl,7873,leaf,Cloud9,Killjoy,1.79,314,19,8,6,94,225,35,1,0,1
167358,1188,2023,Pearl,729,Zellsis,Cloud9,Phoenix,1.59,251,14,8,10,94,165,15,1,1,0
167358,1188,2023,Pearl,7871,Xeppaa,Cloud9,Skye,1.34,286,17,11,6,69,174,21,1,3,-2
167358,1188,2023,Pearl,7870,vanity,Cloud9,Astra,1.18,216,12,9,12,88,119,4,3,4,-1
167358,1188,2023,Pearl,881,yay,Cloud9,Sage,1.05,148,10,7,3,69,93,14,0,2,-2
167358,1188,2023,Haven,4462,MaKo,KIWOOM DRX,Omen,1.28,194,14,11,19,90,125,38,1,1,0
167358,1188,2023,Haven,804,BuZz,KIWOOM DRX,Jett,1.17,260,18,13,5,70,168,31,6,4,2
167358,1188,2023,Haven,485,stax,KIWOOM DRX,Breach,1.16,279,19,14,6,75,187,31,2,1,1
167358,1188,2023,Haven,772,Zest,KIWOOM DRX,Sova,1.09,169,15,9,4,80,109,18,0,0,0
167358,1188,2023,Haven,488,Rb,KIWOOM DRX,Killjoy,1.08,197,11,11,6,75,165,15,2,3,-1
167358,1188,2023,Haven,881,yay,Cloud9,Chamber,1.25,226,16,13,1,55,144,39,4,2,2
167358,1188,2023,Haven,729,Zellsis,Cloud9,Phoenix,1.07,219,14,15,5,65,144,11,2,3,-1
167358,1188,2023,Haven,7870,vanity,Cloud9,Omen,0.76,151,9,17,10,65,100,18,1,2,-1
167358,1188,2023,Haven,7873,leaf,Cloud9,Cypher,0.72,155,10,16,2,55,109,20,1,2,-1
167358,1188,2023,Haven,7871,Xeppaa,Cloud9,Skye,0.59,140,9,17,4,65,99,17,1,2,-1
167358,1188,2023,Icebox,485,stax,KIWOOM DRX,Harbor,1.81,279,16,5,5,80,177,24,1,1,0
167358,1188,2023,Icebox,4462,MaKo,KIWOOM DRX,Viper,1.49,221,10,6,13,87,134,33,2,0,2
167358,1188,2023,Icebox,804,BuZz,KIWOOM DRX,Jett,1.32,310,17,11,4,87,191,21,5,2,3
167358,1188,2023,Icebox,488,Rb,KIWOOM DRX,Killjoy,1.24,231,14,8,3,80,150,18,1,1,0
167358,1188,2023,Icebox,772,Zest,KIWOOM DRX,Sova,0.99,117,7,5,2,80,68,27,1,1,0
167358,1188,2023,Icebox,881,yay,Cloud9,Jett,0.92,201,11,12,0,60,110,19,2,2,0
167358,1188,2023,Icebox,7871,Xeppaa,Cloud9,Sova,0.85,166,9,12,2,67,100,33,1,0,1
167358,1188,2023,Icebox,7870,vanity,Cloud9,Killjoy,0.66,145,6,13,3,53,102,11,0,0,0
167358,1188,2023,Icebox,7873,leaf,Cloud9,Viper,0.37,143,5,14,6,67,100,26,1,4,-3
167358,1188,2023,Icebox,729,Zellsis,Cloud9,Sage,0.21,79,4,13,2,47,50,19,1,4,-3
167375,1188,2023,Fracture,601,Asuna,100 Thieves,Kayo,0.7,177,7,14,6,64,111,26,1,1,0
167375,1188,2023,Fracture,4147,Cryocells,100 Thieves,Raze,0.67,183,8,13,2,64,125,21,1,3,-2
167375,1188,2023,Fracture,733,stellar,100 Thieves,Cypher,0.49,131,7,13,0,43,87,35,1,5,-4
167375,1188,2023,Fracture,1533,Derrek,100 Thieves,Breach,0.37,118,6,14,2,57,71,36,0,0,0
167375,1188,2023,Fracture,3880,bang,100 Thieves,Omen,0.19,101,4,14,1,36,66,41,1,1,0
167375,1188,2023,Fracture,1380,Leo,FNATIC,Fade,2.07,313,18,3,4,100,175,16,2,0,2
167375,1188,2023,Fracture,458,Chronicle,FNATIC,Breach,1.62,236,12,5,8,100,156,28,1,0,1
167375,1188,2023,Fracture,5022,Derke,FNATIC,Raze,1.43,262,13,7,3,93,190,34,2,1,1
167375,1188,2023,Fracture,9810,Alfajer,FNATIC,Killjoy,1.18,253,14,9,5,93,175,17,2,1,1
167375,1188,2023,Fracture,438,Boaster,FNATIC,Brimstone,1.16,199,10,8,9,86,112,20,3,2,1
167375,1188,2023,Icebox,601,Asuna,100 Thieves,Sage,1.23,263,20,18,5,83,182,28,2,3,-1
167375,1188,2023,Icebox,4147,Cryocells,100 Thieves,Omen,0.97,206,17,18,8,78,118,21,2,6,-4
167375,1188,2023,Icebox,1533,Derrek,100 Thieves,Sova,0.92,217,17,20,1,61,165,31,3,2,1
167375,1188,2023,Icebox,3880,bang,100 Thieves,Viper,0.88,161,14,16,6,65,104,24,1,1,0
167375,1188,2023,Icebox,733,stellar,100 Thieves,Killjoy,0.48,117,8,19,6,70,88,13,0,3,-3
167375,1188,2023,Icebox,5022,Derke,FNATIC,Jett,1.44,335,26,16,7,74,213,22,8,3,5
167375,1188,2023,Icebox,458,Chronicle,FNATIC,Sage,1.24,231,20,13,12,87,132,43,2,2,0
167375,1188,2023,Icebox,1380,Leo,FNATIC,Sova,1.19,216,15,15,15,83,154,20,1,0,1
167375,1188,2023,Icebox,9810,Alfajer,FNATIC,Killjoy,1.03,194,16,16,6,78,148,24,2,2,0
167375,1188,2023,Icebox,438,Boaster,FNATIC,Viper,0.92,175,14,16,9,78,109,26,2,1,1
167374,1188,2023,Ascent,384,Shao,Natus Vincere,Fade,1.74,291,23,11,12,91,178,39,2,0,2
167374,1188,2023,Ascent,2858,SUYGETSU,Natus Vincere,Cypher,1.15,194,15,13,8,70,117,36,4,1,3
167374,1188,2023,Ascent,109,ANGE1,Natus Vincere,Omen,0.99,213,19,15,4,65,128,26,1,6,-5
167374,1188,2023,Ascent,573,cNed,Natus Vincere,Jett,0.91,208,17,16,2,61,124,35,2,4,-2
167374,1188,2023,Ascent,11,Zyppan,Natus Vincere,Kayo,0.74,134,10,16,11,70,91,41,2,1,1
167374,1188,2023,Ascent,24007,Shyy,LEVIATÁN,Killjoy,1.31,221,17,13,5,83,146,23,4,1,3
167374,1188,2023,Ascent,3828,Tacolilla,LEVIATÁN,Jett,1.04,233,19,18,2,57,147,22,4,5,-1
167374,1188,2023,Ascent,725,nzr,LEVIATÁN,Sova,0.77,132,10,16,6,70,111,19,0,0,0
167374,1188,2023,Ascent,8549,kiNgg,LEVIATÁN,Kayo,0.77,199,14,21,10,70,135,22,3,3,0
167374,1188,2023,Ascent,7603,Mazino,LEVIATÁN,Omen,0.56,131,11,16,6,61,77,18,1,2,-1
167374,1188,2023,Fracture,573,cNed,Natus Vincere,Raze,1.57,285,14,7,7,93,188,20,4,1,3
167374,1188,2023,Fracture,2858,SUYGETSU,Natus Vincere,Viper,1.46,239,14,6,4,93,127,55,2,0,2
167374,1188,2023,Fracture,11,Zyppan,Natus Vincere,Kayo,1.42,206,12,7,6,100,141,36,0,1,-1
167374,1188,2023,Fracture,384,Shao,Natus Vincere,Omen,1.3,167,10,6,6,93,115,27,2,2,0
167374,1188,2023,Fracture,109,ANGE1,Natus Vincere,Cypher,0.9,201,11,9,2,80,117,26,1,1,0
167374,1188,2023,Fracture,3828,Tacolilla,LEVIATÁN,Raze,0.76,157,8,10,1,67,110,19,1,2,-1
167374,1188,2023,Fracture,8549,kiNgg,LEVIATÁN,Viper,0.52,178,8,14,2,47,128,33,2,3,-1
167374,1188,2023,Fracture,7603,Mazino,LEVIATÁN,Brimstone,0.52,136,6,12,3,53,87,29,0,3,-3
167374,1188,2023,Fracture,725,nzr,LEVIATÁN,Breach,0.49,120,6,12,3,67,68,17,2,1,1
167374,1188,2023,Fracture,24007,Shyy,LEVIATÁN,Killjoy,0.46,138,7,13,2,60,95,16,1,1,0
167363,1188,2023,Ascent,11,Zyppan,Natus Vincere,Kayo,1.7,278,18,8,12,83,171,39,5,0,5
167363,1188,2023,Ascent,109,ANGE1,Natus Vincere,Omen,1.6,278,18,8,13,89,188,44,1,1,0
167363,1188,2023,Ascent,384,Shao,Natus Vincere,Fade,1.39,189,12,6,11,94,116,46,2,2,0
167363,1188,2023,Ascent,573,cNed,Natus Vincere,Jett,1.32,237,14,9,7,89,172,33,2,4,-2
167363,1188,2023,Ascent,2858,SUYGETSU,Natus Vincere,Cypher,0.91,149,11,10,6,72,106,29,0,1,-1
167363,1188,2023,Ascent,2021,axeddy,KRÜ Esports,Sova,0.88,194,12,14,5,56,116,15,2,2,0
167363,1188,2023,Ascent,1311,Melser,KRÜ Esports,Omen,0.63,123,7,15,6,67,83,24,0,3,-3
167363,1188,2023,Ascent,681,xand,KRÜ Esports,Kayo,0.61,131,7,16,10,72,88,28,3,2,1
167363,1188,2023,Ascent,2764,DaveeyS,KRÜ Esports,Killjoy,0.59,127,8,14,1,44,98,33,0,2,-2
167363,1188,2023,Ascent,1294,NagZ,KRÜ Esports,Jett,0.56,120,7,14,2,56,89,17,3,1,2
167363,1188,2023,Lotus,11,Zyppan,Natus Vincere,Kayo,1.58,317,26,16,8,91,219,45,3,1,2
167363,1188,2023,Lotus,109,ANGE1,Natus Vincere,Omen,1.44,328,27,15,13,78,192,42,4,5,-1
167363,1188,2023,Lotus,384,Shao,Natus Vincere,Fade,1.09,117,12,8,4,87,96,29,1,1,0
167363,1188,2023,Lotus,573,cNed,Natus Vincere,Raze,1.08,218,17,14,6,74,150,14,2,1,1
167363,1188,2023,Lotus,2858,SUYGETSU,Natus Vincere,Killjoy,0.73,150,9,13,5,78,103,24,2,3,-1
167363,1188,2023,Lotus,681,xand,KRÜ Esports,Neon,1.09,227,18,18,5,61,146,36,3,5,-2
167363,1188,2023,Lotus,2764,DaveeyS,KRÜ Esports,Raze,1.07,240,19,19,4,78,165,22,5,1,4
167363,1188,2023,Lotus,1311,Melser,KRÜ Esports,Omen,0.83,147,13,17,5,70,88,43,3,3,0
167363,1188,2023,Lotus,2021,axeddy,KRÜ Esports,Breach,0.61,134,9,18,10,65,94,27,0,2,-2
167363,1188,2023,Lotus,1294,NagZ,KRÜ Esports,Killjoy,0.44,93,7,19,1,61,70,18,0,1,-1
167370,1188,2023,Icebox,2334,JessieVash,Team Secret,Sova,1.15,263,20,19,4,81,171,40,1,3,-2
167370,1188,2023,Icebox,2333,BORKUM,Team Secret,Viper,0.89,199,14,18,8,62,122,19,1,3,-2
167370,1188,2023,Icebox,8504,invy,Team Secret,Kayo,0.74,180,12,20,11,67,111,20,1,2,-1
167370,1188,2023,Icebox,7405,Jremy,Team Secret,Sage,0.74,157,11,16,8,57,87,28,2,3,-1
167370,1188,2023,Icebox,2679,DubsteP,Team Secret,Killjoy,0.31,104,7,19,0,43,84,24,1,4,-3
167370,1188,2023,Icebox,384,Shao,Natus Vincere,Sage,1.48,234,20,8,6,90,143,31,3,0,3
167370,1188,2023,Icebox,573,cNed,Natus Vincere,Jett,1.33,336,24,16,3,76,208,31,4,2,2
167370,1188,2023,Icebox,11,Zyppan,Natus Vincere,Kayo,1.22,236,16,14,16,95,161,29,4,0,4
167370,1188,2023,Icebox,2858,SUYGETSU,Natus Vincere,Viper,1.19,268,18,13,12,90,185,40,1,1,0
167370,1188,2023,Icebox,109,ANGE1,Natus Vincere,Cypher,0.86,168,14,13,2,67,102,29,3,3,0
167370,1188,2023,Pearl,2333,BORKUM,Team Secret,Harbor,0.87,195,10,15,3,47,127,32,1,1,0
167370,1188,2023,Pearl,2334,JessieVash,Team Secret,Fade,0.81,223,12,17,4,53,149,38,2,3,-1
167370,1188,2023,Pearl,8504,invy,Team Secret,Killjoy,0.7,113,7,12,1,53,70,27,0,3,-3
167370,1188,2023,Pearl,2679,DubsteP,Team Secret,Astra,0.36,88,4,15,2,35,65,33,1,1,0
167370,1188,2023,Pearl,7405,Jremy,Team Secret,Kayo,0.21,74,4,15,2,41,44,24,1,4,-3
167370,1188,2023,Pearl,384,Shao,Natus Vincere,Astra,1.94,307,19,3,5,94,201,38,2,0,2
167370,1188,2023,Pearl,11,Zyppan,Natus Vincere,Kayo,1.56,192,13,5,8,88,129,43,2,1,1
167370,1188,2023,Pearl,573,cNed,Natus Vincere,Jett,1.39,272,18,10,1,71,176,20,3,1,2
167370,1188,2023,Pearl,109,ANGE1,Natus Vincere,Sova,1.3,270,13,10,9,88,179,24,5,1,4
167370,1188,2023,Pearl,2858,SUYGETSU,Natus Vincere,Killjoy,0.7,144,11,9,0,65,114,33,0,2,-2
167357,1188,2023,Pearl,8447,Less,LOUD,Viper,1.81,328,26,13,12,83,223,25,3,1,2
167357,1188,2023,Pearl,2408,tuyz,LOUD,Harbor,1.45,225,21,12,1,78,167,37,1,1,0
167357,1188,2023,Pearl,6193,cauanzin,LOUD,Skye,0.86,187,15,18,11,74,114,19,3,3,0
167357,1188,2023,Pearl,727,saadhak,LOUD,Killjoy,0.66,170,13,18,3,65,116,26,2,3,-1
167357,1188,2023,Pearl,8480,aspas,LOUD,Jett,0.46,114,9,18,6,74,76,16,3,3,0
167357,1188,2023,Pearl,14669,Nivera,Karmine Corp,Omen,1.38,274,23,17,10,91,165,33,4,2,2
167357,1188,2023,Pearl,2625,sh1n,Karmine Corp,Fade,1.3,265,21,17,8,87,169,21,4,1,3
167357,1188,2023,Pearl,2622,Newzera,Karmine Corp,Harbor,0.93,195,16,17,4,65,130,55,3,4,-1
167357,1188,2023,Pearl,4603,xms,Karmine Corp,Cypher,0.79,155,10,16,8,65,118,16,0,0,0
167357,1188,2023,Pearl,92,ScreaM,Karmine Corp,Kayo,0.56,117,9,17,7,61,78,28,0,5,-5
167357,1188,2023,Split,8447,Less,LOUD,Viper,1.54,290,23,14,4,81,196,30,5,1,4
167357,1188,2023,Split,8480,aspas,LOUD,Jett,1.44,257,19,12,4,81,176,33,3,1,2
167357,1188,2023,Split,727,saadhak,LOUD,Raze,0.91,201,16,13,3,71,117,18,4,3,1
167357,1188,2023,Split,6193,cauanzin,LOUD,Skye,0.8,165,11,15,9,71,106,32,1,1,0
167357,1188,2023,Split,2408,tuyz,LOUD,Astra,0.62,120,7,15,13,67,85,10,1,1,0
167357,1188,2023,Split,14669,Nivera,Karmine Corp,Astra,1.24,237,16,13,12,86,146,40,1,3,-2
167357,1188,2023,Split,2622,Newzera,Karmine Corp,Breach,0.99,140,12,12,8,76,104,38,0,2,-2
167357,1188,2023,Split,2625,sh1n,Karmine Corp,Raze,0.92,280,19,19,1,62,167,32,4,2,2
167357,1188,2023,Split,92,ScreaM,Karmine Corp,Kayo,0.79,145,10,16,7,57,107,31,0,3,-3
167357,1188,2023,Split,4603,xms,Karmine Corp,Cypher,0.7,153,12,17,4,52,97,30,2,4,-2
167355,1188,2023,Haven,8673,heat,MIBR,Raze,1.38,309,22,16,6,76,209,32,3,5,-2
167355,1188,2023,Haven,651,frz,MIBR,Killjoy,1.27,243,18,14,6,86,166,31,3,0,3
167355,1188,2023,Haven,783,murizzz,MIBR,Breach,1.18,203,17,14,8,71,130,39,2,2,0
167355,1188,2023,Haven,5351,RgLMeister,MIBR,Omen,0.66,183,11,17,16,71,108,22,1,2,-1
167355,1188,2023,Haven,13093,jzz,MIBR,Fade,0.43,119,9,19,4,67,75,27,1,2,-1
167355,1188,2023,Haven,3977,Crws,TALON,Omen,1.48,278,21,12,11,81,163,34,4,1,3
167355,1188,2023,Haven,3342,Sushiboys,TALON,Killjoy,1.39,237,18,13,5,81,157,24,2,1,1
167355,1188,2023,Haven,18035,garnetS,TALON,Raze,0.97,258,18,19,5,71,172,28,3,4,-1
167355,1188,2023,Haven,6723,foxz,TALON,Skye,0.87,199,15,16,7,76,127,28,0,2,-2
167355,1188,2023,Haven,13788,JitBoyS,TALON,Breach,0.48,113,8,17,10,62,73,32,2,2,0
167355,1188,2023,Fracture,13093,jzz,MIBR,Breach,1.45,269,23,17,10,67,157,29,2,0,2
167355,1188,2023,Fracture,783,murizzz,MIBR,Kayo,1.09,196,15,17,18,71,134,30,3,3,0
167355,1188,2023,Fracture,651,frz,MIBR,Cypher,1.04,203,19,18,7,71,133,37,2,2,0
167355,1188,2023,Fracture,5351,RgLMeister,MIBR,Brimstone,0.98,166,12,15,12,71,113,16,1,1,0
167355,1188,2023,Fracture,8673,heat,MIBR,Neon,0.73,191,15,20,4,58,125,33,5,5,0
167355,1188,2023,Fracture,6723,foxz,TALON,Kayo,1.31,252,21,15,11,71,171,20,3,3,0
167355,1188,2023,Fracture,13788,JitBoyS,TALON,Breach,1.11,231,22,16,4,67,122,20,1,4,-3
167355,1188,2023,Fracture,3342,Sushiboys,TALON,Killjoy,1.02,222,19,16,3,75,153,23,2,2,0
167355,1188,2023,Fracture,18035,garnetS,TALON,Neon,0.88,218,16,19,5,67,141,26,5,2,3
167355,1188,2023,Fracture,3977,Crws,TALON,Brimstone,0.59,132,9,18,8,63,92,22,0,2,-2
167371,1188,2023,Haven,8549,kiNgg,LEVIATÁN,Breach,1.47,244,27,18,15,70,168,33,2,2,0
167371,1188,2023,Haven,24007,Shyy,LEVIATÁN,Killjoy,1.32,263,30,22,6,77,159,23,5,1,4
167371,1188,2023,Haven,3828,Tacolilla,LEVIATÁN,Raze,0.82,191,17,24,10,63,127,9,5,6,-1
167371,1188,2023,Haven,725,nzr,LEVIATÁN,Fade,0.7,119,12,20,9,70,83,18,1,2,-1
167371,1188,2023,Haven,7603,Mazino,LEVIATÁN,Omen,0.7,161,17,23,11,57,103,23,3,3,0
167371,1188,2023,Haven,1281,MOLSI,Team Vitality,Breach,1.31,248,27,19,11,87,157,35,3,0,3
167371,1188,2023,Haven,1137,Twisten,Team Vitality,Jett,1.25,277,29,22,7,70,185,23,6,5,1
167371,1188,2023,Haven,4321,ceNder,Team Vitality,Killjoy,1.1,236,24,21,5,70,155,26,1,2,-1
167371,1188,2023,Haven,3672,BONECOLD,Team Vitality,Sova,0.87,156,15,19,9,70,104,29,2,5,-3
167371,1188,2023,Haven,1615,Destrian,Team Vitality,Omen,0.54,113,11,22,16,67,76,26,2,4,-2
167371,1188,2023,Pearl,3828,Tacolilla,LEVIATÁN,Jett,1.78,379,22,11,5,81,226,17,7,3,4
167371,1188,2023,Pearl,24007,Shyy,LEVIATÁN,Killjoy,1.75,344,22,10,5,81,226,23,2,0,2
167371,1188,2023,Pearl,8549,kiNgg,LEVIATÁN,Viper,1.27,197,12,9,10,94,141,27,1,0,1
167371,1188,2023,Pearl,725,nzr,LEVIATÁN,Skye,1.11,198,12,8,8,81,130,23,0,1,-1
167371,1188,2023,Pearl,7603,Mazino,LEVIATÁN,Astra,0.76,145,8,10,8,63,94,44,0,2,-2
167371,1188,2023,Pearl,4321,ceNder,Team Vitality,Killjoy,1.11,249,14,14,4,56,167,23,1,1,0
167371,1188,2023,Pearl,1137,Twisten,Team Vitality,Jett,0.71,189,10,15,3,50,128,25,2,3,-1
167371,1188,2023,Pearl,1281,MOLSI,Team Vitality,Kayo,0.64,197,10,16,7,81,118,14,1,1,0
167371,1188,2023,Pearl,1615,Destrian,Team Vitality,Astra,0.61,151,7,15,8,56,105,17,1,2,-1
167371,1188,2023,Pearl,3672,BONECOLD,Team Vitality,Fade,0.46,136,7,16,4,63,98,23,1,3,-2
167364,1188,2023,Ascent,424,Dep,ZETA DIVISION,Jett,0.82,163,11,14,0,47,106,48,0,3,-3
167364,1188,2023,Ascent,6668,SugarZ3ro,ZETA DIVISION,Omen,0.7,155,7,14,10,71,101,18,1,1,0
167364,1188,2023,Ascent,999,Laz,ZETA DIVISION,Killjoy,0.59,134,6,12,2,59,91,21,1,0,1
167364,1188,2023,Ascent,1395,TENNN,ZETA DIVISION,Kayo,0.59,156,8,15,5,53,93,25,2,6,-4
167364,1188,2023,Ascent,1000,crow,ZETA DIVISION,Sova,0.36,103,5,15,3,53,81,21,0,3,-3
167364,1188,2023,Ascent,7603,Mazino,LEVIATÁN,Omen,1.9,305,19,5,13,88,188,29,3,0,3
167364,1188,2023,Ascent,24007,Shyy,LEVIATÁN,Killjoy,1.41,238,13,7,4,94,157,14,6,0,6
167364,1188,2023,Ascent,8549,kiNgg,LEVIATÁN,Kayo,1.18,227,14,9,7,82,137,43,2,2,0
167364,1188,2023,Ascent,3828,Tacolilla,LEVIATÁN,Jett,1.16,243,15,9,2,82,146,16,2,2,0
167364,1188,2023,Ascent,725,nzr,LEVIATÁN,Sova,0.92,127,9,7,3,82,88,20,0,0,0
167364,1188,2023,Pearl,999,Laz,ZETA DIVISION,Killjoy,1.13,209,18,14,4,79,159,36,1,1,0
167364,1188,2023,Pearl,6668,SugarZ3ro,ZETA DIVISION,Astra,1.11,201,17,16,6,75,137,49,0,1,-1
167364,1188,2023,Pearl,1000,crow,ZETA DIVISION,Kayo,0.79,168,12,18,13,75,98,21,2,2,0
167364,1188,2023,Pearl,424,Dep,ZETA DIVISION,Jett,0.79,194,15,16,4,67,118,26,4,7,-3
167364,1188,2023,Pearl,1395,TENNN,ZETA DIVISION,Sova,0.49,109,9,19,3,58,78,21,1,6,-5
167364,1188,2023,Pearl,8549,kiNgg,LEVIATÁN,Viper,1.43,223,20,11,8,88,159,23,4,0,4
167364,1188,2023,Pearl,24007,Shyy,LEVIATÁN,Killjoy,1.22,220,20,14,3,71,146,22,2,0,2
167364,1188,2023,Pearl,7603,Mazino,LEVIATÁN,Astra,1.11,236,21,16,10,79,135,46,2,3,-1
167364,1188,2023,Pearl,725,nzr,LEVIATÁN,Skye,0.98,171,12,15,10,71,110,21,4,0,4
167364,1188,2023,Pearl,3828,Tacolilla,LEVIATÁN,Jett,0.71,134,10,15,3,67,91,12,4,4,0
167359,1188,2023,Haven,11225,Ethan,Evil Geniuses,Breach,1.08,196,16,18,10,71,135,21,3,1,2
167359,1188,2023,Haven,864,BcJ,Evil Geniuses,Omen,1.05,196,15,17,12,67,131,16,1,5,-4
167359,1188,2023,Haven,604,Boostio,Evil Geniuses,Killjoy,0.87,183,14,18,4,79,118,18,1,1,0
167359,1188,2023,Haven,619,C0M,Evil Geniuses,Kayo,0.85,157,13,17,18,75,90,16,1,5,-4
167359,1188,2023,Haven,3993,jawgemo,Evil Geniuses,Jett,0.84,192,17,19,3,58,116,19,3,3,0
167359,1188,2023,Haven,13788,JitBoyS,TALON,Breach,1.45,276,24,14,10,96,177,40,2,2,0
167359,1188,2023,Haven,18035,garnetS,TALON,Jett,1.22,256,21,16,3,79,159,19,6,0,6
167359,1188,2023,Haven,3342,Sushiboys,TALON,Killjoy,0.99,155,14,13,4,79,119,26,1,3,-2
167359,1188,2023,Haven,6723,foxz,TALON,Skye,0.97,192,16,15,5,71,130,18,3,2,1
167359,1188,2023,Haven,3977,Crws,TALON,Omen,0.95,193,14,17,16,79,125,32,3,2,1
167359,1188,2023,Split,3993,jawgemo,Evil Geniuses,Raze,1.33,251,20,16,5,74,177,21,6,3,3
167359,1188,2023,Split,864,BcJ,Evil Geniuses,Astra,1.02,192,14,16,9,74,123,26,1,2,-1
167359,1188,2023,Split,619,C0M,Evil Geniuses,Kayo,0.99,206,16,17,15,70,131,17,1,3,-2
167359,1188,2023,Split,604,Boostio,Evil Geniuses,Killjoy,0.99,216,18,18,2,70,144,21,3,2,1
167359,1188,2023,Split,11225,Ethan,Evil Geniuses,Breach,0.69,148,10,18,9,74,96,10,1,1,0
167359,1188,2023,Split,18035,garnetS,TALON,Raze,1.14,244,20,15,5,78,171,19,3,3,0
167359,1188,2023,Split,13788,JitBoyS,TALON,Kayo,1.11,231,19,16,9,70,147,33,2,0,2
167359,1188,2023,Split,6723,foxz,TALON,Skye,1.1,204,15,15,7,70,137,25,1,2,-1
167359,1188,2023,Split,3342,Sushiboys,TALON,Astra,0.94,164,15,14,4,78,104,28,2,3,-1
167359,1188,2023,Split,3977,Crws,TALON,Viper,0.83,200,16,18,5,70,121,13,3,4,-1
167369,1188,2023,Pearl,5129,ban,T1,Killjoy,0.84,194,13,15,2,75,118,18,2,0,2
167369,1188,2023,Pearl,2489,Munchkin,T1,Astra,0.83,157,11,15,9,55,101,18,0,5,-5
167369,1188,2023,Pearl,31207,carpe,T1,Sova,0.82,172,12,17,4,60,115,28,0,0,0
167369,1188,2023,Pearl,4545,Sayaplayer,T1,Jett,0.82,196,14,17,0,70,137,50,5,5,0
167369,1188,2023,Pearl,474,xeta,T1,Kayo,0.71,172,10,16,14,75,106,29,0,3,-3
167369,1188,2023,Pearl,8872,mazin,FURIA,Skye,1.43,205,16,9,10,80,124,27,1,1,0
167369,1188,2023,Pearl,939,mwzera,FURIA,Fade,1.39,268,18,13,11,90,183,12,4,0,4
167369,1188,2023,Pearl,8873,dgzin,FURIA,Neon,1.33,291,21,13,3,70,181,31,4,4,0
167369,1188,2023,Pearl,1575,qck,FURIA,Cypher,1.0,199,14,14,3,80,141,34,2,2,0
167369,1188,2023,Pearl,1711,Khalil,FURIA,Astra,0.97,155,11,11,9,70,86,40,2,0,2
167369,1188,2023,Icebox,31207,carpe,T1,Sova,0.0,0,17,13,1,0,0,0,0,0,0
167369,1188,2023,Icebox,4545,Sayaplayer,T1,Jett,0.0,0,12,16,2,0,0,0,0,0,0
167369,1188,2023,Icebox,474,xeta,T1,Kayo,0.0,0,7,14,5,0,0,0,0,0,0
167369,1188,2023,Icebox,2489,Munchkin,T1,Viper,0.0,0,7,15,5,0,0,0,0,0,0
167369,1188,2023,Icebox,5129,ban,T1,Killjoy,0.0,0,3,17,1,0,0,0,0,0,0
167369,1188,2023,Icebox,1575,qck,FURIA,Sage,0.0,0,21,10,1,0,0,0,0,0,0
167369,1188,2023,Icebox,8872,mazin,FURIA,Viper,0.0,0,19,9,7,0,0,0,0,0,0
167369,1188,2023,Icebox,8873,dgzin,FURIA,Jett,0.0,0,16,7,3,0,0,0,0,0,0
167369,1188,2023,Icebox,939,mwzera,FURIA,Sova,0.0,0,14,11,9,0,0,0,0,0,0
167369,1188,2023,Icebox,1711,Khalil,FURIA,Killjoy,0.0,0,5,9,4,0,0,0,0,0,0
220447,1494,2023,Lotus,5022,Derke,FNATIC,Raze,1.57,323,18,7,2,94,203,26,7,1,6
220447,1494,2023,Lotus,9810,Alfajer,FNATIC,Killjoy,1.46,240,16,5,1,81,149,26,2,0,2
220447,1494,2023,Lotus,458,Chronicle,FNATIC,Viper,1.46,298,16,9,7,88,207,26,2,1,1
220447,1494,2023,Lotus,1380,Leo,FNATIC,Fade,1.33,178,12,4,4,94,89,11,0,1,-1
220447,1494,2023,Lotus,438,Boaster,FNATIC,Astra,1.15,175,9,8,13,88,105,11,2,0,2
220447,1494,2023,Lotus,3993,jawgemo,Evil Geniuses,Omen,0.77,195,9,13,3,69,130,30,1,3,-2
220447,1494,2023,Lotus,604,Boostio,Evil Geniuses,Killjoy,0.69,158,9,14,0,25,100,19,0,5,-5
220447,1494,2023,Lotus,26171,Demon1,Evil Geniuses,Jett,0.48,134,7,16,2,44,84,33,2,4,-2
220447,1494,2023,Lotus,619,C0M,Evil Geniuses,Breach,0.47,93,5,14,2,56,61,47,0,1,-1
220447,1494,2023,Lotus,11225,Ethan,Evil Geniuses,Skye,0.43,86,3,14,7,56,62,22,0,0,0
220447,1494,2023,Fracture,1380,Leo,FNATIC,Fade,1.21,183,14,12,9,68,115,15,0,1,-1
220447,1494,2023,Fracture,9810,Alfajer,FNATIC,Killjoy,1.05,196,16,14,2,68,131,19,3,3,0
220447,1494,2023,Fracture,458,Chronicle,FNATIC,Breach,1.04,230,19,17,10,73,136,15,0,1,-1
220447,1494,2023,Fracture,438,Boaster,FNATIC,Brimstone,0.9,164,12,15,9,73,101,16,0,2,-2
220447,1494,2023,Fracture,5022,Derke,FNATIC,Raze,0.76,186,13,17,4,59,119,17,7,5,2
220447,1494,2023,Fracture,604,Boostio,Evil Geniuses,Killjoy,1.41,264,21,13,2,82,170,18,5,1,4
220447,1494,2023,Fracture,3993,jawgemo,Evil Geniuses,Raze,1.08,252,19,16,3,68,156,23,6,5,1
220447,1494,2023,Fracture,26171,Demon1,Evil Geniuses,Brimstone,0.95,158,13,14,7,68,100,42,1,3,-2
220447,1494,2023,Fracture,619,C0M,Evil Geniuses,Sova,0.88,133,10,14,6,68,89,29,0,1,-1
220447,1494,2023,Fracture,11225,Ethan,Evil Geniuses,Breach,0.68,167,12,17,12,82,95,21,0,0,0
220447,1494,2023,Split,1380,Leo,FNATIC,Skye,1.91,326,26,11,11,79,214,22,3,0,3
220447,1494,2023,Split,458,Chronicle,FNATIC,Breach,1.19,235,21,16,10,71,163,32,1,3,-2
220447,1494,2023,Split,438,Boaster,FNATIC,Omen,1.11,188,14,15,15,88,120,17,3,1,2
220447,1494,2023,Split,9810,Alfajer,FNATIC,Cypher,1.02,202,18,15,3,63,121,31,2,0,2
220447,1494,2023,Split,5022,Derke,FNATIC,Raze,0.4,141,11,22,3,50,96,19,6,5,1
220447,1494,2023,Split,11225,Ethan,Evil Geniuses,Skye,1.2,236,19,15,10,71,133,17,3,2,1
220447,1494,2023,Split,26171,Demon1,Evil Geniuses,Jett,1.03,217,19,19,6,79,137,46,1,1,0
220447,1494,2023,Split,619,C0M,Evil Geniuses,Viper,0.98,181,15,16,9,75,109,21,1,4,-3
220447,1494,2023,Split,3993,jawgemo,Evil Geniuses,Raze,0.74,178,14,19,6,54,137,9,2,5,-3
220447,1494,2023,Split,604,Boostio,Evil Geniuses,Astra,0.67,169,12,21,10,67,116,14,2,3,-1
220444,1494,2023,Fracture,8480,aspas,LOUD,Neon,1.24,277,20,16,1,65,164,31,4,2,2
220444,1494,2023,Fracture,8447,Less,LOUD,Viper,0.96,164,11,14,3,65,107,13,1,2,-1
220444,1494,2023,Fracture,6193,cauanzin,LOUD,Breach,0.84,177,13,17,5,55,126,35,3,2,1
220444,1494,2023,Fracture,2408,tuyz,LOUD,Omen,0.59,120,7,16,9,55,81,33,1,0,1
220444,1494,2023,Fracture,727,saadhak,LOUD,Kayo,0.51,111,6,16,8,65,75,25,1,4,-3
220444,1494,2023,Fracture,619,C0M,Evil Geniuses,Sova,1.56,235,17,8,11,85,171,26,1,0,1
220444,1494,2023,Fracture,3993,jawgemo,Evil Geniuses,Raze,1.4,286,22,13,3,75,180,23,3,5,-2
220444,1494,2023,Fracture,26171,Demon1,Evil Geniuses,Brimstone,1.26,253,18,12,5,85,171,38,2,3,-1
220444,1494,2023,Fracture,11225,Ethan,Evil Geniuses,Breach,1.1,184,13,11,11,75,132,30,0,1,-1
220444,1494,2023,Fracture,604,Boostio,Evil Geniuses,Killjoy,0.66,150,9,13,6,70,100,19,4,1,3
220444,1494,2023,Ascent,2408,tuyz,LOUD,Omen,1.22,268,17,15,3,67,164,33,2,2,0
220444,1494,2023,Ascent,6193,cauanzin,LOUD,Sova,0.9,183,11,15,4,56,120,19,1,2,-1
220444,1494,2023,Ascent,8480,aspas,LOUD,Jett,0.62,184,10,17,4,67,118,18,3,3,0
220444,1494,2023,Ascent,727,saadhak,LOUD,Kayo,0.54,133,8,16,7,67,86,18,0,1,-1
220444,1494,2023,Ascent,8447,Less,LOUD,Killjoy,0.54,157,9,17,3,72,109,32,0,4,-4
220444,1494,2023,Ascent,3993,jawgemo,Evil Geniuses,Omen,1.78,300,21,11,10,89,195,29,3,0,3
220444,1494,2023,Ascent,26171,Demon1,Evil Geniuses,Jett,1.37,231,18,8,0,83,155,44,3,3,0
220444,1494,2023,Ascent,11225,Ethan,Evil Geniuses,Kayo,1.27,315,19,14,10,83,194,16,3,0,3
220444,1494,2023,Ascent,619,C0M,Evil Geniuses,Sova,1.23,172,12,8,12,89,99,13,0,2,-2
220444,1494,2023,Ascent,604,Boostio,Evil Geniuses,Killjoy,0.63,161,10,14,5,72,109,27,3,1,2
220452,1494,2023,Fracture,9800,mindfreak,Paper Rex,Brimstone,1.36,227,21,15,9,92,155,35,3,1,2
220452,1494,2023,Fracture,9803,d4v41,Paper Rex,Killjoy,1.32,243,23,17,6,77,171,32,3,0,3
220452,1494,2023,Fracture,7378,Jinggg,Paper Rex,Raze,1.17,284,26,21,7,69,183,13,3,6,-3
220452,1494,2023,Fracture,9801,f0rsakeN,Paper Rex,Neon,0.92,223,19,22,7,77,138,19,5,3,2
220452,1494,2023,Fracture,24679,cgrs,Paper Rex,Breach,0.58,125,10,21,13,73,75,20,1,1,0
220452,1494,2023,Fracture,15559,CHICHOO,EDward Gaming,Killjoy,1.26,301,27,20,5,81,191,18,2,4,-2
220452,1494,2023,Fracture,3520,ZmjjKK,EDward Gaming,Jett,1.17,280,26,20,5,69,176,19,5,4,1
220452,1494,2023,Fracture,4742,Smoggy,EDward Gaming,Breach,1.16,168,19,16,7,69,104,37,1,0,1
220452,1494,2023,Fracture,3017,nobody,EDward Gaming,Skye,0.58,142,12,21,6,65,89,15,0,3,-3
220452,1494,2023,Fracture,4720,Haodong,EDward Gaming,Brimstone,0.5,139,12,22,9,69,99,24,3,4,-1
220452,1494,2023,Split,9803,d4v41,Paper Rex,Viper,1.39,234,19,12,4,77,149,26,1,1,0
220452,1494,2023,Split,9801,f0rsakeN,Paper Rex,Jett,0.89,228,16,19,7,64,141,25,6,4,2
220452,1494,2023,Split,24679,cgrs,Paper Rex,Skye,0.79,132,11,14,6,77,74,26,1,3,-2
220452,1494,2023,Split,9800,mindfreak,Paper Rex,Astra,0.67,134,10,17,2,55,102,24,0,0,0
220452,1494,2023,Split,7378,Jinggg,Paper Rex,Raze,0.59,189,14,21,5,64,126,13,3,3,0
220452,1494,2023,Split,4720,Haodong,EDward Gaming,Astra,1.36,266,21,15,5,77,165,41,4,3,1
220452,1494,2023,Split,4742,Smoggy,EDward Gaming,Jett,1.34,255,21,12,2,82,162,36,3,1,2
220452,1494,2023,Split,15559,CHICHOO,EDward Gaming,Viper,0.98,167,12,13,11,91,120,23,0,0,0
220452,1494,2023,Split,3017,nobody,EDward Gaming,Skye,0.94,147,12,12,5,77,90,45,1,3,-2
220452,1494,2023,Split,3520,ZmjjKK,EDward Gaming,Raze,0.92,222,17,18,4,73,150,22,3,4,-1
220452,1494,2023,Lotus,7378,Jinggg,Paper Rex,Raze,1.34,346,25,18,6,90,217,15,3,1,2
220452,1494,2023,Lotus,9803,d4v41,Paper Rex,Skye,1.16,234,17,16,12,81,138,27,3,2,1
220452,1494,2023,Lotus,24679,cgrs,Paper Rex,Gekko,1.16,135,12,10,9,81,89,17,0,0,0
220452,1494,2023,Lotus,9800,mindfreak,Paper Rex,Omen,1.15,196,14,14,10,67,135,21,4,4,0
220452,1494,2023,Lotus,9801,f0rsakeN,Paper Rex,Cypher,0.92,178,14,15,11,81,131,18,1,3,-2
220452,1494,2023,Lotus,3017,nobody,EDward Gaming,Skye,1.09,226,15,15,14,76,150,22,1,2,-1
220452,1494,2023,Lotus,4742,Smoggy,EDward Gaming,Raze,0.97,218,16,16,5,81,133,21,2,1,1
220452,1494,2023,Lotus,3520,ZmjjKK,EDward Gaming,Jett,0.94,235,18,18,2,57,143,24,6,4,2
220452,1494,2023,Lotus,4720,Haodong,EDward Gaming,Omen,0.81,173,13,17,9,76,106,22,1,3,-2
220452,1494,2023,Lotus,15559,CHICHOO,EDward Gaming,Cypher,0.71,127,11,16,1,71,92,24,0,1,-1
220448,1494,2023,Lotus,9810,Alfajer,FNATIC,Killjoy,1.6,285,23,11,3,76,177,31,2,1,1
220448,1494,2023,Lotus,1380,Leo,FNATIC,Fade,1.56,269,22,11,9,81,172,17,0,0,0
220448,1494,2023,Lotus,438,Boaster,FNATIC,Astra,1.11,183,13,12,6,71,106,14,2,2,0
220448,1494,2023,Lotus,5022,Derke,FNATIC,Raze,0.97,230,16,15,4,67,140,17,5,6,-1
220448,1494,2023,Lotus,458,Chronicle,FNATIC,Viper,0.67,128,9,14,9,67,79,15,0,3,-3
220448,1494,2023,Lotus,11225,Ethan,Evil Geniuses,Skye,1.16,211,15,15,12,67,134,30,2,1,1
220448,1494,2023,Lotus,604,Boostio,Evil Geniuses,Killjoy,1.05,274,19,18,2,67,170,25,4,2,2
220448,1494,2023,Lotus,619,C0M,Evil Geniuses,Viper,0.7,150,10,17,6,52,93,17,2,3,-1
220448,1494,2023,Lotus,26171,Demon1,Evil Geniuses,Jett,0.62,139,11,17,1,67,85,35,2,2,0
220448,1494,2023,Lotus,3993,jawgemo,Evil Geniuses,Omen,0.46,119,8,16,6,71,79,11,2,1,1
220448,1494,2023,Split,1380,Leo,FNATIC,Skye,1.31,191,15,12,13,75,131,17,0,0,0
220448,1494,2023,Split,458,Chronicle,FNATIC,Breach,1.27,232,20,15,9,79,163,27,3,2,1
220448,1494,2023,Split,9810,Alfajer,FNATIC,Cypher,1.03,190,17,16,1,88,121,30,1,1,0
220448,1494,2023,Split,5022,Derke,FNATIC,Raze,0.91,268,19,20,4,63,175,24,6,8,-2
220448,1494,2023,Split,438,Boaster,FNATIC,Omen,0.88,137,11,15,13,67,75,8,0,3,-3
220448,1494,2023,Split,11225,Ethan,Evil Geniuses,Skye,1.25,211,16,14,21,75,132,17,1,2,-1
220448,1494,2023,Split,26171,Demon1,Evil Geniuses,Jett,1.22,224,21,16,1,75,174,35,4,0,4
220448,1494,2023,Split,3993,jawgemo,Evil Geniuses,Raze,1.16,255,21,17,6,67,159,13,5,5,0
220448,1494,2023,Split,604,Boostio,Evil Geniuses,Astra,0.86,145,12,15,10,71,75,11,2,1,1
220448,1494,2023,Split,619,C0M,Evil Geniuses,Viper,0.35,113,8,20,4,63,79,16,2,2,0
220448,1494,2023,Bind,9810,Alfajer,FNATIC,Cypher,1.52,262,25,15,8,88,151,32,4,0,4
220448,1494,2023,Bind,5022,Derke,FNATIC,Raze,1.47,303,28,17,5,65,190,24,5,8,-3
220448,1494,2023,Bind,458,Chronicle,FNATIC,Viper,1.03,170,15,14,11,73,113,29,2,2,0
220448,1494,2023,Bind,1380,Leo,FNATIC,Skye,0.97,141,10,14,16,73,97,11,2,0,2
220448,1494,2023,Bind,438,Boaster,FNATIC,Brimstone,0.85,140,10,16,16,77,86,17,1,2,-1
220448,1494,2023,Bind,619,C0M,Evil Geniuses,Brimstone,1.09,176,14,15,13,73,120,29,0,2,-2
220448,1494,2023,Bind,26171,Demon1,Evil Geniuses,Chamber,1.09,233,23,19,0,65,156,29,6,2,4
220448,1494,2023,Bind,11225,Ethan,Evil Geniuses,Skye,1.07,157,13,12,11,77,103,14,0,1,-1
220448,1494,2023,Bind,604,Boostio,Evil Geniuses,Reyna,0.69,149,15,19,2,62,87,26,4,5,-1
220448,1494,2023,Bind,3993,jawgemo,Evil Geniuses,Raze,0.37,144,11,23,4,58,108,9,2,4,-2
220450,1494,2023,Lotus,3017,nobody,EDward Gaming,Skye,1.66,302,22,11,4,89,206,34,0,0,0
220450,1494,2023,Lotus,3520,ZmjjKK,EDward Gaming,Jett,1.18,280,20,12,4,74,176,18,4,5,-1
220450,1494,2023,Lotus,4742,Smoggy,EDward Gaming,Raze,1.16,216,15,13,8,79,141,20,3,3,0
220450,1494,2023,Lotus,4720,Haodong,EDward Gaming,Omen,1.03,175,12,11,13,79,117,29,0,2,-2
220450,1494,2023,Lotus,15559,CHICHOO,EDward Gaming,Cypher,0.99,149,11,8,3,95,95,21,1,1,0
220450,1494,2023,Lotus,8480,aspas,LOUD,Neon,1.15,276,16,17,5,74,172,27,3,2,1
220450,1494,2023,Lotus,727,saadhak,LOUD,Viper,0.79,148,10,15,7,63,95,8,2,3,-1
220450,1494,2023,Lotus,2408,tuyz,LOUD,Omen,0.76,134,9,15,7,58,74,15,3,0,3
220450,1494,2023,Lotus,8447,Less,LOUD,Killjoy,0.72,150,11,16,3,53,111,28,1,2,-1
220450,1494,2023,Lotus,6193,cauanzin,LOUD,Skye,0.59,146,9,17,4,63,94,31,2,1,1
220450,1494,2023,Fracture,15559,CHICHOO,EDward Gaming,Killjoy,1.24,206,19,13,3,74,134,29,0,0,0
220450,1494,2023,Fracture,4720,Haodong,EDward Gaming,Brimstone,1.15,225,19,15,9,87,140,24,3,1,2
220450,1494,2023,Fracture,3520,ZmjjKK,EDward Gaming,Jett,1.03,249,19,17,6,70,158,8,5,4,1
220450,1494,2023,Fracture,3017,nobody,EDward Gaming,Skye,0.99,228,18,19,9,61,136,32,4,4,0
220450,1494,2023,Fracture,4742,Smoggy,EDward Gaming,Breach,0.77,142,11,15,12,70,90,30,1,1,0
220450,1494,2023,Fracture,8447,Less,LOUD,Viper,1.56,327,26,17,7,70,205,20,1,1,0
220450,1494,2023,Fracture,8480,aspas,LOUD,Neon,1.35,271,20,15,5,70,176,32,7,9,-2
220450,1494,2023,Fracture,6193,cauanzin,LOUD,Breach,0.77,175,15,18,8,74,102,23,1,1,0
220450,1494,2023,Fracture,2408,tuyz,LOUD,Omen,0.76,132,10,18,12,74,81,41,0,0,0
220450,1494,2023,Fracture,727,saadhak,LOUD,Kayo,0.6,128,8,18,10,65,95,21,1,2,-1
220441,1494,2023,Split,9800,mindfreak,Paper Rex,Astra,1.43,216,20,13,10,83,129,35,3,0,3
220441,1494,2023,Split,7378,Jinggg,Paper Rex,Raze,1.35,318,26,17,3,83,189,17,7,1,6
220441,1494,2023,Split,9801,f0rsakeN,Paper Rex,Jett,1.2,248,20,16,6,78,155,24,5,3,2
220441,1494,2023,Split,9803,d4v41,Paper Rex,Viper,1.01,163,13,14,7,70,118,28,2,1,1
220441,1494,2023,Split,24679,cgrs,Paper Rex,Skye,0.61,107,6,16,15,78,67,19,0,1,-1
220441,1494,2023,Split,4462,MaKo,KIWOOM DRX,Viper,1.13,240,19,17,6,74,164,44,1,4,-3
220441,1494,2023,Split,488,Rb,KIWOOM DRX,Neon,0.98,237,21,17,0,57,152,26,1,5,-4
220441,1494,2023,Split,804,BuZz,KIWOOM DRX,Raze,0.9,237,18,19,1,74,150,19,3,5,-2
220441,1494,2023,Split,772,Zest,KIWOOM DRX,Astra,0.75,109,8,14,14,74,62,26,0,2,-2
220441,1494,2023,Split,485,stax,KIWOOM DRX,Skye,0.67,128,10,18,8,57,87,28,1,1,0
220441,1494,2023,Bind,7378,Jinggg,Paper Rex,Raze,1.52,328,27,17,5,83,218,21,2,3,-1
220441,1494,2023,Bind,9803,d4v41,Paper Rex,Skye,1.17,187,16,12,7,78,128,35,3,1,2
220441,1494,2023,Bind,9800,mindfreak,Paper Rex,Brimstone,1.03,181,15,15,9,83,112,21,1,4,-3
220441,1494,2023,Bind,24679,cgrs,Paper Rex,Gekko,0.98,182,16,15,7,74,107,36,4,2,2
220441,1494,2023,Bind,9801,f0rsakeN,Paper Rex,Harbor,0.72,124,9,17,9,83,92,26,1,2,-1
220441,1494,2023,Bind,4462,MaKo,KIWOOM DRX,Viper,1.22,195,17,15,13,83,141,26,0,1,-1
220441,1494,2023,Bind,772,Zest,KIWOOM DRX,Fade,0.98,225,21,18,5,74,125,45,3,2,1
220441,1494,2023,Bind,488,Rb,KIWOOM DRX,Astra,0.94,157,14,15,6,74,93,32,3,0,3
220441,1494,2023,Bind,804,BuZz,KIWOOM DRX,Raze,0.79,230,17,21,4,70,151,12,6,5,1
220441,1494,2023,Bind,485,stax,KIWOOM DRX,Skye,0.73,111,7,14,10,65,84,25,0,3,-3
220297,1494,2023,Split,3604,MOJJ,FUT Esports,Cypher,0.89,174,12,13,2,67,104,19,0,0,0
220297,1494,2023,Split,6510,AtaKaptan,FUT Esports,Astra,0.81,143,8,14,3,56,99,41,2,2,0
220297,1494,2023,Split,8044,MrFaliN,FUT Esports,Skye,0.77,171,11,14,3,50,111,26,4,2,2
220297,1494,2023,Split,1139,qRaxs,FUT Esports,Kayo,0.73,190,9,16,8,72,135,27,1,0,1
220297,1494,2023,Split,10125,qw1,FUT Esports,Jett,0.62,139,8,13,2,56,86,16,3,4,-1
220297,1494,2023,Split,619,C0M,Evil Geniuses,Viper,1.56,244,17,7,4,83,142,19,2,1,1
220297,1494,2023,Split,11225,Ethan,Evil Geniuses,Skye,1.32,225,14,9,8,78,133,18,1,2,-1
220297,1494,2023,Split,3993,jawgemo,Evil Geniuses,Raze,1.15,205,13,10,2,78,129,12,3,3,0
220297,1494,2023,Split,26171,Demon1,Evil Geniuses,Jett,1.06,217,15,11,1,61,150,35,2,3,-1
220297,1494,2023,Split,604,Boostio,Evil Geniuses,Astra,0.82,160,11,11,3,72,133,22,0,1,-1
220297,1494,2023,Lotus,6510,AtaKaptan,FUT Esports,Viper,1.37,260,22,17,14,77,166,25,2,1,1
220297,1494,2023,Lotus,8044,MrFaliN,FUT Esports,Omen,1.04,188,18,17,9,73,125,31,2,0,2
220297,1494,2023,Lotus,1139,qRaxs,FUT Esports,Kayo,0.96,234,19,23,13,62,149,37,4,0,4
220297,1494,2023,Lotus,3604,MOJJ,FUT Esports,Killjoy,0.86,144,13,18,5,69,106,22,1,3,-2
220297,1494,2023,Lotus,10125,qw1,FUT Esports,Neon,0.66,188,18,22,2,54,117,27,5,8,-3
220297,1494,2023,Lotus,604,Boostio,Evil Geniuses,Killjoy,1.67,382,35,19,5,81,245,28,5,3,2
220297,1494,2023,Lotus,11225,Ethan,Evil Geniuses,Skye,1.4,218,20,15,16,81,140,19,0,1,-1
220297,1494,2023,Lotus,26171,Demon1,Evil Geniuses,Jett,0.85,168,15,18,5,69,123,32,5,6,-1
220297,1494,2023,Lotus,3993,jawgemo,Evil Geniuses,Omen,0.83,186,15,19,6,65,135,17,1,2,-1
220297,1494,2023,Lotus,619,C0M,Evil Geniuses,Breach,0.67,138,12,19,12,77,88,12,1,2,-1
220295,1494,2023,Fracture,474,xeta,T1,Breach,0.79,143,8,14,2,59,98,37,0,1,-1
220295,1494,2023,Fracture,31207,carpe,T1,Brimstone,0.76,149,8,15,8,65,104,32,1,1,0
220295,1494,2023,Fracture,2489,Munchkin,T1,Killjoy,0.75,195,10,14,2,47,138,15,0,6,-6
220295,1494,2023,Fracture,4545,Sayaplayer,T1,Raze,0.59,127,7,14,3,71,85,15,0,0,0
220295,1494,2023,Fracture,5129,ban,T1,Jett,0.48,136,6,15,3,47,91,14,2,6,-4
220295,1494,2023,Fracture,15559,CHICHOO,EDward Gaming,Killjoy,1.67,244,16,5,4,88,168,23,4,1,3
220295,1494,2023,Fracture,3520,ZmjjKK,EDward Gaming,Jett,1.46,305,19,11,3,94,185,19,7,1,6
220295,1494,2023,Fracture,4742,Smoggy,EDward Gaming,Breach,1.33,190,14,6,5,76,114,52,2,0,2
220295,1494,2023,Fracture,4720,Haodong,EDward Gaming,Brimstone,1.21,201,12,8,15,94,113,24,0,0,0
220295,1494,2023,Fracture,3017,nobody,EDward Gaming,Skye,1.0,171,11,9,7,94,104,34,1,1,0
220295,1494,2023,Haven,31207,carpe,T1,Breach,1.14,233,16,14,8,68,142,27,0,1,-1
220295,1494,2023,Haven,2489,Munchkin,T1,Killjoy,1.11,249,17,14,1,68,158,35,5,4,1
220295,1494,2023,Haven,5129,ban,T1,Omen,0.87,171,12,14,10,58,104,29,0,0,0
220295,1494,2023,Haven,474,xeta,T1,Sova,0.52,135,8,15,5,74,92,29,1,2,-1
220295,1494,2023,Haven,4545,Sayaplayer,T1,Jett,0.32,123,7,18,2,63,82,18,4,2,2
220295,1494,2023,Haven,3520,ZmjjKK,EDward Gaming,Jett,1.46,340,23,13,5,89,221,23,5,4,1
220295,1494,2023,Haven,3017,nobody,EDward Gaming,Sova,1.36,215,16,10,6,89,149,34,0,1,-1
220295,1494,2023,Haven,15559,CHICHOO,EDward Gaming,Cypher,1.34,215,15,10,4,74,143,45,1,3,-2
220295,1494,2023,Haven,4720,Haodong,EDward Gaming,Omen,1.25,196,14,11,12,79,118,19,2,0,2
220295,1494,2023,Haven,4742,Smoggy,EDward Gaming,Breach,0.53,114,7,16,9,79,84,26,1,2,-1
220442,1494,2023,Fracture,1380,Leo,FNATIC,Fade,1.57,240,20,8,6,95,154,24,2,0,2
220442,1494,2023,Fracture,9810,Alfajer,FNATIC,Killjoy,1.3,193,18,10,3,86,134,34,3,2,1
220442,1494,2023,Fracture,458,Chronicle,FNATIC,Breach,1.08,207,17,15,13,82,125,20,1,2,-1
220442,1494,2023,Fracture,438,Boaster,FNATIC,Brimstone,0.91,211,15,15,9,82,115,16,4,0,4
220442,1494,2023,Fracture,5022,Derke,FNATIC,Raze,0.68,180,13,16,3,64,120,23,4,4,0
220442,1494,2023,Fracture,4164,s0m,NRG,Brimstone,1.39,266,21,16,7,73,155,20,3,1,2
220442,1494,2023,Fracture,98,ardiis,NRG,Killjoy,0.8,180,12,17,3,64,128,18,3,4,-1
220442,1494,2023,Fracture,261,Victor,NRG,Raze,0.79,159,12,15,2,68,106,20,1,5,-4
220442,1494,2023,Fracture,4,crashies,NRG,Sova,0.74,141,11,17,1,59,95,33,1,3,-2
220442,1494,2023,Fracture,817,FiNESSE,NRG,Breach,0.57,109,8,18,5,68,80,12,0,1,-1
220442,1494,2023,Bind,9810,Alfajer,FNATIC,Cypher,1.88,284,19,6,5,94,167,34,3,1,2
220442,1494,2023,Bind,458,Chronicle,FNATIC,Viper,1.74,341,21,8,8,94,204,25,2,1,1
220442,1494,2023,Bind,5022,Derke,FNATIC,Raze,1.5,256,16,8,6,88,163,19,2,4,-2
220442,1494,2023,Bind,1380,Leo,FNATIC,Skye,1.24,149,8,5,10,88,85,16,1,0,1
220442,1494,2023,Bind,438,Boaster,FNATIC,Brimstone,1.12,162,9,8,10,82,104,18,2,1,1
220442,1494,2023,Bind,4,crashies,NRG,Skye,0.59,129,7,12,1,53,83,30,1,0,1
220442,1494,2023,Bind,261,Victor,NRG,Raze,0.53,194,11,16,1,47,135,27,2,5,-3
220442,1494,2023,Bind,4164,s0m,NRG,Harbor,0.53,125,7,16,4,35,75,12,3,1,2
220442,1494,2023,Bind,817,FiNESSE,NRG,Viper,0.48,93,6,14,2,53,81,35,0,3,-3
220442,1494,2023,Bind,98,ardiis,NRG,Sage,0.16,84,4,15,2,47,63,24,1,1,0
220446,1494,2023,Fracture,457,nAts,Team Liquid,Cypher,1.05,245,13,13,1,80,161,33,1,0,1
220446,1494,2023,Fracture,9780,Jamppi,Team Liquid,Skye,0.97,193,11,12,4,73,129,18,1,1,0
220446,1494,2023,Fracture,312,Sayf,Team Liquid,Raze,0.5,188,8,14,3,60,128,15,1,2,-1
220446,1494,2023,Fracture,1427,Redgar,Team Liquid,Omen,0.41,106,6,14,2,47,60,40,1,2,-1
220446,1494,2023,Fracture,101,soulcas,Team Liquid,Viper,0.2,123,5,14,5,53,75,16,2,4,-2
220446,1494,2023,Fracture,604,Boostio,Evil Geniuses,Killjoy,1.56,347,18,10,7,87,232,23,4,0,4
220446,1494,2023,Fracture,619,C0M,Evil Geniuses,Sova,1.54,282,17,9,3,80,195,26,2,1,1
220446,1494,2023,Fracture,11225,Ethan,Evil Geniuses,Breach,1.43,170,10,6,12,100,97,14,0,0,0
220446,1494,2023,Fracture,26171,Demon1,Evil Geniuses,Brimstone,1.13,170,11,8,4,80,112,41,1,0,1
220446,1494,2023,Fracture,3993,jawgemo,Evil Geniuses,Raze,1.0,200,11,10,4,80,160,31,2,5,-3
220446,1494,2023,Haven,457,nAts,Team Liquid,Killjoy,1.3,256,21,15,2,73,162,36,4,1,3
220446,1494,2023,Haven,101,soulcas,Team Liquid,Skye,0.97,180,15,14,6,91,133,42,0,1,-1
220446,1494,2023,Haven,9780,Jamppi,Team Liquid,Breach,0.94,191,12,16,14,77,125,29,1,2,-1
220446,1494,2023,Haven,312,Sayf,Team Liquid,Jett,0.87,204,15,18,5,59,134,21,3,5,-2
220446,1494,2023,Haven,1427,Redgar,Team Liquid,Omen,0.77,144,11,16,10,68,95,36,2,3,-1
220446,1494,2023,Haven,604,Boostio,Evil Geniuses,Killjoy,1.43,287,21,15,5,73,194,24,5,2,3
220446,1494,2023,Haven,3993,jawgemo,Evil Geniuses,Astra,1.2,182,16,12,8,77,131,31,0,0,0
220446,1494,2023,Haven,619,C0M,Evil Geniuses,Sova,1.04,197,16,14,6,68,128,18,2,3,-1
220446,1494,2023,Haven,11225,Ethan,Evil Geniuses,Breach,0.99,176,14,15,13,82,110,21,3,2,1
220446,1494,2023,Haven,26171,Demon1,Evil Geniuses,Jett,0.61,157,12,18,3,64,99,38,2,3,-1
220449,1494,2023,Pearl,488,Rb,KIWOOM DRX,Killjoy,1.43,279,23,15,5,75,180,35,4,0,4
220449,1494,2023,Pearl,485,stax,KIWOOM DRX,Skye,1.35,242,22,16,12,79,150,25,2,3,-1
220449,1494,2023,Pearl,804,BuZz,KIWOOM DRX,Jett,0.83,168,14,17,3,67,103,17,2,4,-2
220449,1494,2023,Pearl,4462,MaKo,KIWOOM DRX,Viper,0.83,169,12,17,9,79,100,13,6,2,4
220449,1494,2023,Pearl,772,Zest,KIWOOM DRX,Harbor,0.75,161,12,19,10,71,107,29,1,0,1
220449,1494,2023,Pearl,261,Victor,NRG,Killjoy,1.38,234,23,12,2,75,142,26,1,1,0
220449,1494,2023,Pearl,817,FiNESSE,NRG,Viper,1.15,189,16,15,11,79,134,27,2,1,1
220449,1494,2023,Pearl,4,crashies,NRG,Skye,1.03,198,17,17,15,92,130,21,0,1,-1
220449,1494,2023,Pearl,98,ardiis,NRG,Jett,0.71,186,14,20,8,75,120,13,5,7,-2
220449,1494,2023,Pearl,4164,s0m,NRG,Harbor,0.69,166,14,19,14,67,93,8,1,5,-4
220449,1494,2023,Haven,485,stax,KIWOOM DRX,Breach,0.93,188,13,15,3,72,110,36,1,0,1
220449,1494,2023,Haven,488,Rb,KIWOOM DRX,Killjoy,0.73,207,13,16,1,72,137,38,3,1,2
220449,1494,2023,Haven,804,BuZz,KIWOOM DRX,Jett,0.49,166,8,15,2,50,112,14,4,4,0
220449,1494,2023,Haven,772,Zest,KIWOOM DRX,Sova,0.39,107,5,16,6,33,70,15,1,1,0
220449,1494,2023,Haven,4462,MaKo,KIWOOM DRX,Omen,0.33,88,5,16,5,50,48,9,1,2,-1
220449,1494,2023,Haven,98,ardiis,NRG,Jett,1.81,350,23,9,7,94,230,19,4,3,1
220449,1494,2023,Haven,4164,s0m,NRG,Harbor,1.77,248,18,6,11,89,146,23,2,1,1
220449,1494,2023,Haven,4,crashies,NRG,Skye,1.44,214,15,10,14,83,136,30,0,5,-5
220449,1494,2023,Haven,261,Victor,NRG,Killjoy,1.31,241,15,10,7,89,155,21,0,0,0
220449,1494,2023,Haven,817,FiNESSE,NRG,Viper,0.78,114,7,9,8,78,66,3,2,1,1
220298,1494,2023,Fracture,488,Rb,KIWOOM DRX,Fade,1.14,279,17,15,3,78,176,30,3,0,3
220298,1494,2023,Fracture,804,BuZz,KIWOOM DRX,Killjoy,0.84,174,11,14,2,56,121,20,2,2,0
220298,1494,2023,Fracture,11600,Foxy9,KIWOOM DRX,Raze,0.83,179,11,14,1,61,122,29,2,5,-3
220298,1494,2023,Fracture,4462,MaKo,KIWOOM DRX,Brimstone,0.76,173,9,16,13,72,110,32,0,3,-3
220298,1494,2023,Fracture,485,stax,KIWOOM DRX,Breach,0.55,109,5,15,11,67,85,20,0,1,-1
220298,1494,2023,Fracture,3993,jawgemo,Evil Geniuses,Raze,1.62,299,22,11,2,78,209,17,6,2,4
220298,1494,2023,Fracture,604,Boostio,Evil Geniuses,Killjoy,1.44,283,20,11,2,78,182,24,1,1,0
220298,1494,2023,Fracture,26171,Demon1,Evil Geniuses,Brimstone,1.17,209,13,10,10,78,149,50,2,1,1
220298,1494,2023,Fracture,11225,Ethan,Evil Geniuses,Breach,1.08,177,10,10,16,83,103,19,1,3,-2
220298,1494,2023,Fracture,619,C0M,Evil Geniuses,Sova,0.88,150,9,11,8,78,103,19,1,0,1
220298,1494,2023,Ascent,4462,MaKo,KIWOOM DRX,Omen,1.28,225,16,14,14,64,142,42,0,2,-2
220298,1494,2023,Ascent,11600,Foxy9,KIWOOM DRX,Jett,1.03,236,16,16,7,64,157,22,6,6,0
220298,1494,2023,Ascent,488,Rb,KIWOOM DRX,Sova,0.93,201,15,17,4,68,145,31,1,1,0
220298,1494,2023,Ascent,804,BuZz,KIWOOM DRX,Killjoy,0.82,179,12,17,4,77,129,19,2,3,-1
220298,1494,2023,Ascent,485,stax,KIWOOM DRX,Kayo,0.47,111,7,17,9,59,81,28,0,1,-1
220298,1494,2023,Ascent,26171,Demon1,Evil Geniuses,Jett,1.67,284,23,11,4,86,183,33,7,0,7
220298,1494,2023,Ascent,11225,Ethan,Evil Geniuses,Kayo,1.18,225,19,13,11,73,120,15,1,5,-4
220298,1494,2023,Ascent,619,C0M,Evil Geniuses,Sova,0.94,164,10,14,12,82,119,12,1,1,0
220298,1494,2023,Ascent,3993,jawgemo,Evil Geniuses,Omen,0.92,183,14,15,12,82,128,19,1,2,-1
220298,1494,2023,Ascent,604,Boostio,Evil Geniuses,Killjoy,0.92,168,15,13,2,68,109,28,3,1,2
220300,1494,2023,Bind,488,Rb,KIWOOM DRX,Kayo,1.06,216,16,18,8,77,130,38,3,0,3
220300,1494,2023,Bind,804,BuZz,KIWOOM DRX,Raze,1.03,258,19,18,3,68,161,23,3,5,-2
220300,1494,2023,Bind,485,stax,KIWOOM DRX,Skye,0.78,158,14,17,3,55,96,24,1,3,-2
220300,1494,2023,Bind,4462,MaKo,KIWOOM DRX,Viper,0.7,139,9,16,9,59,111,34,1,2,-1
220300,1494,2023,Bind,772,Zest,KIWOOM DRX,Brimstone,0.68,126,9,16,13,77,82,25,0,4,-4
220300,1494,2023,Bind,10125,qw1,FUT Esports,Raze,1.71,329,28,13,3,82,193,24,8,0,8
220300,1494,2023,Bind,8044,MrFaliN,FUT Esports,Fade,1.44,231,18,11,9,82,152,21,2,2,0
220300,1494,2023,Bind,3604,MOJJ,FUT Esports,Viper,1.28,184,16,11,11,82,106,31,1,2,-1
220300,1494,2023,Bind,6510,AtaKaptan,FUT Esports,Brimstone,0.75,141,11,16,14,82,79,28,1,2,-1
220300,1494,2023,Bind,1139,qRaxs,FUT Esports,Kayo,0.68,159,12,16,8,77,101,39,2,2,0
220300,1494,2023,Fracture,4462,MaKo,KIWOOM DRX,Brimstone,1.4,232,16,11,10,86,159,42,2,0,2
220300,1494,2023,Fracture,488,Rb,KIWOOM DRX,Neon,1.18,242,18,16,2,76,144,28,6,0,6
220300,1494,2023,Fracture,804,BuZz,KIWOOM DRX,Killjoy,1.18,252,18,13,3,67,160,19,5,2,3
220300,1494,2023,Fracture,772,Zest,KIWOOM DRX,Fade,1.01,157,13,14,2,81,120,38,0,4,-4
220300,1494,2023,Fracture,485,stax,KIWOOM DRX,Breach,0.74,171,11,17,16,76,118,24,0,2,-2
220300,1494,2023,Fracture,1139,qRaxs,FUT Esports,Kayo,1.21,250,18,15,15,90,166,29,1,3,-2
220300,1494,2023,Fracture,10125,qw1,FUT Esports,Neon,1.18,254,21,16,3,86,170,24,3,3,0
220300,1494,2023,Fracture,6510,AtaKaptan,FUT Esports,Brimstone,0.86,173,12,15,11,76,111,23,1,3,-2
220300,1494,2023,Fracture,3604,MOJJ,FUT Esports,Cypher,0.73,147,12,15,2,62,94,15,2,1,1
220300,1494,2023,Fracture,8044,MrFaliN,FUT Esports,Breach,0.7,129,8,15,7,71,89,18,1,3,-2
220300,1494,2023,Haven,804,BuZz,KIWOOM DRX,Jett,1.59,286,18,8,3,82,179,31,3,0,3
220300,1494,2023,Haven,4462,MaKo,KIWOOM DRX,Omen,1.52,214,13,7,11,88,133,32,3,0,3
220300,1494,2023,Haven,772,Zest,KIWOOM DRX,Sova,1.36,198,12,6,8,88,119,22,1,2,-1
220300,1494,2023,Haven,485,stax,KIWOOM DRX,Breach,1.35,238,14,9,12,88,174,52,0,1,-1
220300,1494,2023,Haven,488,Rb,KIWOOM DRX,Killjoy,1.17,263,16,10,2,76,172,14,4,3,1
220300,1494,2023,Haven,10125,qw1,FUT Esports,Jett,0.85,190,11,13,1,59,117,42,3,5,-2
220300,1494,2023,Haven,3604,MOJJ,FUT Esports,Killjoy,0.72,152,8,14,2,47,113,26,0,1,-1
220300,1494,2023,Haven,6510,AtaKaptan,FUT Esports,Breach,0.59,127,8,14,5,53,88,32,2,2,0
220300,1494,2023,Haven,8044,MrFaliN,FUT Esports,Omen,0.58,122,6,16,10,59,72,17,1,0,1
220300,1494,2023,Haven,1139,qRaxs,FUT Esports,Gekko,0.47,131,7,16,3,65,94,27,0,3,-3
220453,1494,2023,Pearl,4164,s0m,NRG,Harbor,1.26,231,24,19,9,79,166,22,2,5,-3
220453,1494,2023,Pearl,817,FiNESSE,NRG,Viper,1.23,236,20,19,13,75,165,16,4,0,4
220453,1494,2023,Pearl,98,ardiis,NRG,Jett,0.96,215,20,21,7,79,142,15,5,5,0
220453,1494,2023,Pearl,261,Victor,NRG,Killjoy,0.78,141,14,20,5,71,110,19,1,3,-2
220453,1494,2023,Pearl,4,crashies,NRG,Skye,0.72,174,17,22,8,75,125,41,1,2,-1
220453,1494,2023,Pearl,9803,d4v41,Paper Rex,Skye,1.28,222,22,18,11,75,146,25,2,0,2
220453,1494,2023,Pearl,24679,cgrs,Paper Rex,Killjoy,1.17,241,23,18,6,75,160,20,1,1,0
220453,1494,2023,Pearl,7378,Jinggg,Paper Rex,Phoenix,1.02,232,22,20,4,75,149,22,3,5,-2
220453,1494,2023,Pearl,9801,f0rsakeN,Paper Rex,Jett,0.95,235,22,23,4,71,153,32,8,4,4
220453,1494,2023,Pearl,9800,mindfreak,Paper Rex,Astra,0.77,127,12,16,8,64,85,15,1,3,-2
220453,1494,2023,Lotus,4164,s0m,NRG,Omen,1.44,262,18,10,7,84,160,25,3,1,2
220453,1494,2023,Lotus,98,ardiis,NRG,Killjoy,1.42,256,18,8,4,89,162,22,2,1,1
220453,1494,2023,Lotus,817,FiNESSE,NRG,Viper,1.36,276,19,12,6,68,172,27,3,2,1
220453,1494,2023,Lotus,261,Victor,NRG,Raze,1.14,262,17,13,2,89,171,27,3,2,1
220453,1494,2023,Lotus,4,crashies,NRG,Skye,0.8,70,5,8,11,79,42,29,0,2,-2
220453,1494,2023,Lotus,7378,Jinggg,Paper Rex,Raze,1.09,237,13,13,4,74,158,22,2,1,1
220453,1494,2023,Lotus,24679,cgrs,Paper Rex,Gekko,0.77,179,12,15,1,68,109,26,0,1,-1
220453,1494,2023,Lotus,9803,d4v41,Paper Rex,Skye,0.72,130,9,15,10,68,79,23,0,0,0
220453,1494,2023,Lotus,9801,f0rsakeN,Paper Rex,Cypher,0.7,196,12,17,6,58,136,20,5,5,0
220453,1494,2023,Lotus,9800,mindfreak,Paper Rex,Omen,0.26,100,5,17,5,47,64,23,1,4,-3
220453,1494,2023,Bind,4164,s0m,NRG,Brimstone,1.14,252,20,19,12,83,174,27,2,0,2
220453,1494,2023,Bind,261,Victor,NRG,Raze,1.0,171,16,14,5,71,107,12,2,3,-1
220453,1494,2023,Bind,98,ardiis,NRG,Chamber,0.91,172,14,15,4,63,113,17,3,4,-1
220453,1494,2023,Bind,4,crashies,NRG,Skye,0.86,170,15,18,7,71,114,40,2,5,-3
220453,1494,2023,Bind,817,FiNESSE,NRG,Viper,0.84,188,14,18,9,75,133,21,2,1,1
220453,1494,2023,Bind,9801,f0rsakeN,Paper Rex,Harbor,1.54,287,24,14,10,71,183,31,3,3,0
220453,1494,2023,Bind,9800,mindfreak,Paper Rex,Brimstone,1.16,227,19,17,10,75,143,33,0,1,-1
220453,1494,2023,Bind,9803,d4v41,Paper Rex,Skye,1.03,168,12,15,17,79,120,31,1,2,-1
220453,1494,2023,Bind,7378,Jinggg,Paper Rex,Raze,0.94,205,16,19,3,67,149,21,5,4,1
220453,1494,2023,Bind,24679,cgrs,Paper Rex,Gekko,0.84,136,13,14,2,75,84,21,4,1,3
220299,1494,2023,Haven,10486,YHchen,Attacking Soul Esports,Breach,1.36,217,15,12,17,76,123,13,4,1,3
220299,1494,2023,Haven,14431,monk,Attacking Soul Esports,Killjoy,1.28,320,21,17,10,76,212,18,5,0,5
220299,1494,2023,Haven,25949,bunt,Attacking Soul Esports,Omen,1.2,209,20,14,9,71,132,22,0,1,-1
220299,1494,2023,Haven,7135,zjc,Attacking Soul Esports,Sova,1.11,194,14,13,5,67,127,20,2,2,0
220299,1494,2023,Haven,3028,Life,Attacking Soul Esports,Jett,0.93,179,13,13,3,76,113,20,4,2,2
220299,1494,2023,Haven,10125,qw1,FUT Esports,Jett,0.93,209,15,17,5,67,135,29,2,6,-4
220299,1494,2023,Haven,6510,AtaKaptan,FUT Esports,Breach,0.9,166,12,15,6,57,109,28,0,1,-1
220299,1494,2023,Haven,8044,MrFaliN,FUT Esports,Omen,0.88,197,13,17,8,67,131,15,1,3,-2
220299,1494,2023,Haven,3604,MOJJ,FUT Esports,Killjoy,0.86,225,18,17,2,71,136,25,1,2,-1
220299,1494,2023,Haven,1139,qRaxs,FUT Esports,Gekko,0.7,156,11,17,6,67,100,17,2,3,-1
220299,1494,2023,Ascent,25949,bunt,Attacking Soul Esports,Omen,1.01,183,12,14,8,72,109,44,0,2,-2
220299,1494,2023,Ascent,10486,YHchen,Attacking Soul Esports,Kayo,0.98,204,11,14,7,78,136,22,2,3,-1
220299,1494,2023,Ascent,14431,monk,Attacking Soul Esports,Killjoy,0.87,183,10,14,6,61,146,23,0,1,-1
220299,1494,2023,Ascent,3028,Life,Attacking Soul Esports,Jett,0.78,197,11,16,2,56,135,31,4,4,0
220299,1494,2023,Ascent,7135,zjc,Attacking Soul Esports,Sova,0.44,114,7,16,5,50,79,22,0,2,-2
220299,1494,2023,Ascent,10125,qw1,FUT Esports,Jett,1.5,262,20,9,1,78,163,33,6,2,4
220299,1494,2023,Ascent,8044,MrFaliN,FUT Esports,Sova,1.37,224,14,9,7,72,154,23,2,0,2
220299,1494,2023,Ascent,1139,qRaxs,FUT Esports,Kayo,1.24,224,14,10,7,89,145,30,1,1,0
220299,1494,2023,Ascent,6510,AtaKaptan,FUT Esports,Omen,1.22,207,15,12,13,72,128,22,2,1,1
220299,1494,2023,Ascent,3604,MOJJ,FUT Esports,Killjoy,0.81,180,11,11,4,72,128,17,1,2,-1
220299,1494,2023,Lotus,3028,Life,Attacking Soul Esports,Jett,1.19,255,17,17,2,68,168,27,2,3,-1
220299,1494,2023,Lotus,14431,monk,Attacking Soul Esports,Killjoy,0.99,199,13,15,2,53,151,21,2,3,-1
220299,1494,2023,Lotus,10486,YHchen,Attacking Soul Esports,Breach,0.93,198,11,16,13,79,140,24,1,2,-1
220299,1494,2023,Lotus,7135,zjc,Attacking Soul Esports,Skye,0.55,126,8,16,3,42,89,36,0,2,-2
220299,1494,2023,Lotus,25949,bunt,Attacking Soul Esports,Omen,0.55,184,11,18,4,53,121,31,1,3,-2
220299,1494,2023,Lotus,1139,qRaxs,FUT Esports,Kayo,1.57,310,21,11,11,100,191,40,3,0,3
220299,1494,2023,Lotus,6510,AtaKaptan,FUT Esports,Viper,1.52,241,16,9,9,89,155,22,2,1,1
220299,1494,2023,Lotus,3604,MOJJ,FUT Esports,Killjoy,1.25,272,20,13,3,74,170,34,3,0,3
220299,1494,2023,Lotus,10125,qw1,FUT Esports,Neon,0.94,232,16,13,4,53,154,34,3,3,0
220299,1494,2023,Lotus,8044,MrFaliN,FUT Esports,Omen,0.67,133,9,14,10,74,74,27,2,2,0
220294,1494,2023,Pearl,384,Shao,Natus Vincere,Astra,1.56,287,34,20,8,78,189,38,6,4,2
220294,1494,2023,Pearl,11,Zyppan,Natus Vincere,Kayo,0.98,182,19,23,20,72,116,35,5,2,3
220294,1494,2023,Pearl,573,cNed,Natus Vincere,Jett,0.94,233,27,27,9,75,161,14,4,5,-1
220294,1494,2023,Pearl,2858,SUYGETSU,Natus Vincere,Killjoy,0.87,165,18,20,5,72,114,25,0,1,-1
220294,1494,2023,Pearl,109,ANGE1,Natus Vincere,Sova,0.82,170,17,24,12,75,115,12,4,1,3
220294,1494,2023,Pearl,4742,Smoggy,EDward Gaming,Killjoy,1.43,254,31,19,3,72,177,35,4,2,2
220294,1494,2023,Pearl,3520,ZmjjKK,EDward Gaming,Jett,1.16,275,30,25,7,72,182,12,4,5,-1
220294,1494,2023,Pearl,4720,Haodong,EDward Gaming,Harbor,0.98,207,24,23,9,69,124,21,3,3,0
220294,1494,2023,Pearl,3017,nobody,EDward Gaming,Skye,0.66,157,18,27,6,56,108,26,2,6,-4
220294,1494,2023,Pearl,15559,CHICHOO,EDward Gaming,Viper,0.6,103,11,21,8,59,75,15,0,3,-3
220294,1494,2023,Bind,384,Shao,Natus Vincere,Brimstone,1.32,252,24,16,6,85,180,35,1,5,-4
220294,1494,2023,Bind,2858,SUYGETSU,Natus Vincere,Viper,1.3,233,23,16,7,77,175,51,1,3,-2
220294,1494,2023,Bind,573,cNed,Natus Vincere,Raze,1.16,261,24,21,5,77,158,25,5,3,2
220294,1494,2023,Bind,109,ANGE1,Natus Vincere,Kayo,0.87,171,14,21,15,81,106,33,4,1,3
220294,1494,2023,Bind,11,Zyppan,Natus Vincere,Skye,0.68,151,15,21,4,69,104,39,2,1,1
220294,1494,2023,Bind,15559,CHICHOO,EDward Gaming,Viper,1.09,237,22,20,9,77,141,28,3,1,2
220294,1494,2023,Bind,3017,nobody,EDward Gaming,Skye,1.02,223,21,20,12,73,140,19,1,3,-2
220294,1494,2023,Bind,3520,ZmjjKK,EDward Gaming,Gekko,0.98,200,18,20,6,73,137,25,6,4,2
220294,1494,2023,Bind,4720,Haodong,EDward Gaming,Harbor,0.9,184,17,20,10,81,112,23,2,2,0
220294,1494,2023,Bind,4742,Smoggy,EDward Gaming,Jett,0.83,185,17,20,6,81,132,42,1,3,-2
220451,1494,2023,Haven,457,nAts,Team Liquid,Killjoy,1.26,287,26,18,6,81,201,20,5,0,5
220451,1494,2023,Haven,312,Sayf,Team Liquid,Jett,1.21,214,21,14,1,77,129,20,5,6,-1
220451,1494,2023,Haven,101,soulcas,Team Liquid,Skye,1.0,168,16,16,3,73,107,31,2,1,1
220451,1494,2023,Haven,9780,Jamppi,Team Liquid,Breach,0.9,198,18,20,11,73,121,29,3,1,2
220451,1494,2023,Haven,1427,Redgar,Team Liquid,Omen,0.69,137,11,18,14,65,85,26,2,1,1
220451,1494,2023,Haven,4,crashies,NRG,Skye,1.26,190,18,17,11,77,130,31,1,3,-2
220451,1494,2023,Haven,817,FiNESSE,NRG,Viper,1.03,225,21,20,8,69,157,28,3,3,0
220451,1494,2023,Haven,98,ardiis,NRG,Jett,1.01,182,18,18,4,54,120,17,1,7,-6
220451,1494,2023,Haven,4164,s0m,NRG,Harbor,0.92,170,15,17,10,62,121,22,3,3,0
220451,1494,2023,Haven,261,Victor,NRG,Killjoy,0.76,171,14,20,7,77,121,31,1,1,0
220451,1494,2023,Ascent,101,soulcas,Team Liquid,Kayo,1.4,196,17,11,8,86,136,34,1,2,-1
220451,1494,2023,Ascent,457,nAts,Team Liquid,Cypher,1.37,292,23,15,4,81,183,35,1,1,0
220451,1494,2023,Ascent,312,Sayf,Team Liquid,Jett,1.28,289,20,17,7,81,190,31,3,2,1
220451,1494,2023,Ascent,9780,Jamppi,Team Liquid,Sova,1.13,160,13,10,5,71,97,13,0,2,-2
220451,1494,2023,Ascent,1427,Redgar,Team Liquid,Omen,0.57,130,9,17,10,81,78,47,4,5,-1
220451,1494,2023,Ascent,261,Victor,NRG,Kayo,1.08,233,15,17,17,71,155,18,1,1,0
220451,1494,2023,Ascent,4,crashies,NRG,Sova,1.02,215,14,14,6,81,142,29,1,0,1
220451,1494,2023,Ascent,98,ardiis,NRG,Jett,0.97,200,16,16,3,76,135,31,6,2,4
220451,1494,2023,Ascent,4164,s0m,NRG,Omen,0.93,195,15,17,6,71,133,25,2,1,1
220451,1494,2023,Ascent,817,FiNESSE,NRG,Killjoy,0.45,143,10,18,3,62,98,24,2,5,-3
220451,1494,2023,Split,101,soulcas,Team Liquid,Sage,0.94,181,11,14,4,50,103,26,1,0,1
220451,1494,2023,Split,312,Sayf,Team Liquid,Jett,0.78,198,11,15,5,61,117,17,5,4,1
220451,1494,2023,Split,457,nAts,Team Liquid,Cypher,0.76,152,10,13,2,67,97,21,1,0,1
220451,1494,2023,Split,9780,Jamppi,Team Liquid,Skye,0.52,154,8,16,7,61,97,22,2,2,0
220451,1494,2023,Split,1427,Redgar,Team Liquid,Omen,0.4,65,3,13,4,61,44,20,0,3,-3
220451,1494,2023,Split,261,Victor,NRG,Raze,1.84,346,22,8,6,72,230,27,3,1,2
220451,1494,2023,Split,4164,s0m,NRG,Astra,1.4,182,13,7,9,89,118,25,0,1,-1
220451,1494,2023,Split,817,FiNESSE,NRG,Viper,1.3,223,16,9,6,83,153,24,1,0,1
220451,1494,2023,Split,98,ardiis,NRG,Jett,1.08,201,12,10,2,72,157,18,4,5,-1
220451,1494,2023,Split,4,crashies,NRG,Skye,0.93,117,8,9,7,83,72,39,1,2,-1
220292,1494,2023,Fracture,3520,ZmjjKK,EDward Gaming,Jett,1.18,271,23,17,2,74,160,19,4,4,0
220292,1494,2023,Fracture,4742,Smoggy,EDward Gaming,Breach,1.16,197,16,15,8,87,135,41,1,2,-1
220292,1494,2023,Fracture,4720,Haodong,EDward Gaming,Brimstone,1.1,226,18,16,6,91,152,26,2,1,1
220292,1494,2023,Fracture,3017,nobody,EDward Gaming,Skye,1.0,186,16,17,7,83,127,26,1,2,-1
220292,1494,2023,Fracture,15559,CHICHOO,EDward Gaming,Killjoy,0.55,167,11,20,9,70,133,30,4,2,2
220292,1494,2023,Fracture,4545,Sayaplayer,T1,Raze,1.4,293,26,16,3,78,178,17,2,4,-2
220292,1494,2023,Fracture,31207,carpe,T1,Brimstone,1.2,200,18,14,8,70,125,26,3,0,3
220292,1494,2023,Fracture,5129,ban,T1,Jett,1.08,286,22,19,4,83,181,16,3,4,-1
220292,1494,2023,Fracture,2489,Munchkin,T1,Killjoy,0.86,170,12,18,6,70,121,24,2,2,0
220292,1494,2023,Fracture,474,xeta,T1,Breach,0.51,96,7,18,11,65,66,15,1,2,-1
220292,1494,2023,Haven,4742,Smoggy,EDward Gaming,Breach,1.49,299,22,12,7,100,189,29,1,0,1
220292,1494,2023,Haven,15559,CHICHOO,EDward Gaming,Cypher,1.41,233,17,8,7,90,164,22,1,1,0
220292,1494,2023,Haven,3520,ZmjjKK,EDward Gaming,Jett,1.29,301,22,13,1,80,172,12,4,2,2
220292,1494,2023,Haven,3017,nobody,EDward Gaming,Sova,0.95,192,15,12,4,75,136,23,2,2,0
220292,1494,2023,Haven,4720,Haodong,EDward Gaming,Omen,0.93,158,12,13,6,80,95,54,4,3,1
220292,1494,2023,Haven,474,xeta,T1,Sova,0.92,209,14,19,5,75,156,15,2,0,2
220292,1494,2023,Haven,4545,Sayaplayer,T1,Jett,0.91,198,15,17,1,60,125,28,3,5,-2
220292,1494,2023,Haven,2489,Munchkin,T1,Killjoy,0.88,205,13,18,6,55,141,17,1,4,-3
220292,1494,2023,Haven,5129,ban,T1,Omen,0.61,134,9,18,4,60,93,27,1,0,1
220292,1494,2023,Haven,31207,carpe,T1,Breach,0.6,128,7,16,10,55,80,35,1,3,-2
220292,1494,2023,Pearl,4742,Smoggy,EDward Gaming,Killjoy,1.15,229,23,17,4,85,159,29,1,1,0
220292,1494,2023,Pearl,15559,CHICHOO,EDward Gaming,Viper,1.13,203,18,16,7,77,141,21,3,1,2
220292,1494,2023,Pearl,3520,ZmjjKK,EDward Gaming,Jett,1.13,269,26,18,2,69,152,21,7,4,3
220292,1494,2023,Pearl,4720,Haodong,EDward Gaming,Harbor,0.85,166,14,18,5,85,111,22,2,5,-3
220292,1494,2023,Pearl,3017,nobody,EDward Gaming,Skye,0.84,177,15,19,8,81,111,18,1,1,0
220292,1494,2023,Pearl,2489,Munchkin,T1,Killjoy,1.28,238,20,17,7,77,169,26,6,2,4
220292,1494,2023,Pearl,474,xeta,T1,Viper,1.08,197,18,16,11,73,126,17,1,2,-1
220292,1494,2023,Pearl,4545,Sayaplayer,T1,Jett,0.98,254,23,23,4,69,174,32,2,7,-5
220292,1494,2023,Pearl,5129,ban,T1,Harbor,0.91,181,16,19,11,77,114,34,2,2,0
220292,1494,2023,Pearl,31207,carpe,T1,Skye,0.64,126,11,21,16,58,76,21,1,1,0
220293,1494,2023,Lotus,98,ardiis,NRG,Killjoy,1.3,270,21,18,3,71,201,29,5,1,4
220293,1494,2023,Lotus,4164,s0m,NRG,Omen,1.02,201,17,17,6,63,129,29,2,3,-1
220293,1494,2023,Lotus,4,crashies,NRG,Skye,0.98,173,15,16,8,83,110,45,0,0,0
220293,1494,2023,Lotus,261,Victor,NRG,Neon,0.86,195,15,19,5,63,136,29,2,7,-5
220293,1494,2023,Lotus,817,FiNESSE,NRG,Viper,0.57,107,7,17,7,54,74,17,1,3,-2
220293,1494,2023,Lotus,31207,carpe,T1,Skye,1.37,248,22,14,11,83,158,41,1,2,-1
220293,1494,2023,Lotus,2489,Munchkin,T1,Killjoy,1.25,252,20,14,1,67,180,27,5,3,2
220293,1494,2023,Lotus,4545,Sayaplayer,T1,Jett,0.97,224,20,18,3,71,154,33,5,3,2
220293,1494,2023,Lotus,5129,ban,T1,Viper,0.95,198,16,15,5,75,145,31,2,1,1
220293,1494,2023,Lotus,474,xeta,T1,Harbor,0.88,127,9,14,7,79,95,20,1,1,0
220293,1494,2023,Bind,261,Victor,NRG,Raze,1.85,327,24,10,10,90,237,21,1,1,0
220293,1494,2023,Bind,4164,s0m,NRG,Harbor,1.17,231,18,13,8,60,143,21,3,2,1
220293,1494,2023,Bind,817,FiNESSE,NRG,Viper,1.15,214,15,13,10,85,146,16,3,0,3
220293,1494,2023,Bind,4,crashies,NRG,Skye,0.99,211,15,15,10,70,137,24,3,2,1
220293,1494,2023,Bind,98,ardiis,NRG,Sage,0.71,145,10,14,9,60,77,24,3,2,1
220293,1494,2023,Bind,4545,Sayaplayer,T1,Raze,1.28,307,19,18,5,65,189,11,4,5,-1
220293,1494,2023,Bind,2489,Munchkin,T1,Skye,1.04,172,13,13,5,65,116,29,1,2,-1
220293,1494,2023,Bind,474,xeta,T1,Viper,0.97,189,13,15,8,70,120,17,1,1,0
220293,1494,2023,Bind,31207,carpe,T1,Gekko,0.75,206,13,19,10,75,133,18,1,1,0
220293,1494,2023,Bind,5129,ban,T1,Harbor,0.36,88,7,17,2,50,68,32,0,4,-4
220293,1494,2023,Pearl,4164,s0m,NRG,Harbor,1.39,257,21,14,14,92,169,25,2,0,2
220293,1494,2023,Pearl,98,ardiis,NRG,Jett,1.25,228,18,15,5,71,149,18,9,3,6
220293,1494,2023,Pearl,261,Victor,NRG,Killjoy,0.93,175,13,15,7,71,138,30,1,2,-1
220293,1494,2023,Pearl,4,crashies,NRG,Skye,0.79,124,11,14,7,67,94,18,1,2,-1
220293,1494,2023,Pearl,817,FiNESSE,NRG,Viper,0.76,145,12,17,10,71,93,14,2,2,0
220293,1494,2023,Pearl,5129,ban,T1,Harbor,1.3,260,22,14,5,67,151,26,1,2,-1
220293,1494,2023,Pearl,2489,Munchkin,T1,Killjoy,1.03,197,14,14,6,79,143,14,1,2,-1
220293,1494,2023,Pearl,474,xeta,T1,Viper,0.96,166,14,15,10,79,103,21,0,4,-4
220293,1494,2023,Pearl,4545,Sayaplayer,T1,Jett,0.86,174,15,16,3,71,99,41,7,5,2
220293,1494,2023,Pearl,31207,carpe,T1,Skye,0.85,123,10,16,12,67,88,24,0,2,-2
220445,1494,2023,Lotus,7378,Jinggg,Paper Rex,Raze,1.41,337,22,15,2,72,223,20,4,3,1
220445,1494,2023,Lotus,9803,d4v41,Paper Rex,Skye,0.81,152,9,16,14,72,86,30,2,0,2
220445,1494,2023,Lotus,9801,f0rsakeN,Paper Rex,Cypher,0.67,149,8,15,7,67,114,15,0,2,-2
220445,1494,2023,Lotus,9800,mindfreak,Paper Rex,Omen,0.53,94,7,13,2,50,55,24,1,0,1
220445,1494,2023,Lotus,24679,cgrs,Paper Rex,Gekko,0.34,104,6,17,6,67,64,15,1,5,-4
220445,1494,2023,Lotus,5022,Derke,FNATIC,Raze,1.86,369,24,11,5,94,243,31,4,3,1
220445,1494,2023,Lotus,9810,Alfajer,FNATIC,Killjoy,1.25,210,14,10,3,72,145,20,1,2,-1
220445,1494,2023,Lotus,1380,Leo,FNATIC,Fade,1.14,181,13,9,6,83,112,20,2,0,2
220445,1494,2023,Lotus,458,Chronicle,FNATIC,Viper,1.13,227,14,11,8,78,155,26,2,2,0
220445,1494,2023,Lotus,438,Boaster,FNATIC,Astra,1.05,180,11,11,7,78,131,13,1,1,0
220445,1494,2023,Bind,9801,f0rsakeN,Paper Rex,Harbor,1.2,258,17,16,7,70,174,32,4,1,3
220445,1494,2023,Bind,24679,cgrs,Paper Rex,Gekko,0.95,195,13,15,6,80,120,23,1,3,-2
220445,1494,2023,Bind,9800,mindfreak,Paper Rex,Brimstone,0.93,172,13,15,8,75,96,16,1,1,0
220445,1494,2023,Bind,7378,Jinggg,Paper Rex,Raze,0.88,191,13,15,3,55,124,20,2,3,-1
220445,1494,2023,Bind,9803,d4v41,Paper Rex,Skye,0.6,142,9,16,6,60,99,20,1,3,-2
220445,1494,2023,Bind,458,Chronicle,FNATIC,Viper,1.48,300,22,12,6,65,184,38,2,2,0
220445,1494,2023,Bind,9810,Alfajer,FNATIC,Cypher,1.33,230,18,11,5,85,148,35,2,2,0
220445,1494,2023,Bind,5022,Derke,FNATIC,Raze,1.11,217,15,14,6,70,156,17,5,3,2
220445,1494,2023,Bind,438,Boaster,FNATIC,Brimstone,0.96,173,12,12,12,80,116,16,1,2,-1
220445,1494,2023,Bind,1380,Leo,FNATIC,Skye,0.76,151,10,16,10,70,98,17,1,0,1
220443,1494,2023,Haven,312,Sayf,Team Liquid,Jett,1.55,349,26,16,6,86,213,24,8,4,4
220443,1494,2023,Haven,101,soulcas,Team Liquid,Skye,1.12,190,15,13,8,77,116,48,0,2,-2
220443,1494,2023,Haven,1427,Redgar,Team Liquid,Omen,1.01,153,14,12,11,59,102,46,0,3,-3
220443,1494,2023,Haven,9780,Jamppi,Team Liquid,Breach,0.98,162,15,12,6,64,107,33,0,2,-2
220443,1494,2023,Haven,457,nAts,Team Liquid,Killjoy,0.89,193,13,15,3,73,131,33,2,1,1
220443,1494,2023,Haven,4720,Haodong,EDward Gaming,Omen,1.11,205,16,15,4,77,130,27,3,1,2
220443,1494,2023,Haven,3520,ZmjjKK,EDward Gaming,Jett,0.85,226,17,19,3,59,145,22,4,5,-1
220443,1494,2023,Haven,15559,CHICHOO,EDward Gaming,Cypher,0.84,179,14,16,5,64,108,24,1,0,1
220443,1494,2023,Haven,3017,nobody,EDward Gaming,Sova,0.79,126,11,16,1,68,100,35,2,2,0
220443,1494,2023,Haven,4742,Smoggy,EDward Gaming,Breach,0.73,127,10,17,8,59,81,28,2,2,0
220443,1494,2023,Split,1427,Redgar,Team Liquid,Omen,0.99,164,12,14,14,81,98,25,2,1,1
220443,1494,2023,Split,9780,Jamppi,Team Liquid,Skye,0.98,204,14,16,7,67,132,30,1,2,-1
220443,1494,2023,Split,312,Sayf,Team Liquid,Jett,0.93,230,15,18,4,67,151,25,4,6,-2
220443,1494,2023,Split,457,nAts,Team Liquid,Cypher,0.84,129,11,12,1,76,76,31,2,1,1
220443,1494,2023,Split,101,soulcas,Team Liquid,Sage,0.59,152,12,18,5,67,106,44,0,2,-2
220443,1494,2023,Split,15559,CHICHOO,EDward Gaming,Viper,1.36,205,17,10,3,90,123,36,2,0,2
220443,1494,2023,Split,3520,ZmjjKK,EDward Gaming,Raze,1.29,296,21,14,7,71,190,18,6,3,3
220443,1494,2023,Split,4742,Smoggy,EDward Gaming,Jett,1.1,171,14,13,4,67,117,39,3,4,-1
220443,1494,2023,Split,3017,nobody,EDward Gaming,Skye,1.02,194,15,14,11,81,130,29,1,1,0
220443,1494,2023,Split,4720,Haodong,EDward Gaming,Astra,0.85,142,11,13,4,86,89,13,0,1,-1
220443,1494,2023,Lotus,312,Sayf,Team Liquid,Raze,1.43,296,23,17,8,71,188,23,3,3,0
220443,1494,2023,Lotus,101,soulcas,Team Liquid,Fade,1.31,224,18,16,10,75,150,28,1,1,0
220443,1494,2023,Lotus,1427,Redgar,Team Liquid,Omen,1.07,190,16,14,5,83,119,29,2,3,-1
220443,1494,2023,Lotus,9780,Jamppi,Team Liquid,Killjoy,0.67,159,15,19,4,63,113,22,1,7,-6
220443,1494,2023,Lotus,457,nAts,Team Liquid,Viper,0.66,156,13,19,7,71,97,30,1,2,-1
220443,1494,2023,Lotus,3520,ZmjjKK,EDward Gaming,Jett,1.42,358,30,19,2,79,209,23,12,1,11
220443,1494,2023,Lotus,4720,Haodong,EDward Gaming,Omen,0.94,148,13,15,8,79,97,26,1,3,-2
220443,1494,2023,Lotus,4742,Smoggy,EDward Gaming,Raze,0.92,165,15,15,4,79,112,26,1,1,0
220443,1494,2023,Lotus,3017,nobody,EDward Gaming,Skye,0.8,193,16,20,12,75,135,31,2,2,0
220443,1494,2023,Lotus,15559,CHICHOO,EDward Gaming,Cypher,0.73,139,11,17,5,63,106,31,0,1,-1
220290,1494,2023,Ascent,4164,s0m,NRG,Omen,1.35,247,20,12,11,86,159,27,1,3,-2
220290,1494,2023,Ascent,4,crashies,NRG,Sova,1.32,221,19,11,6,81,145,43,2,2,0
220290,1494,2023,Ascent,98,ardiis,NRG,Jett,1.1,268,19,15,7,57,189,18,3,7,-4
220290,1494,2023,Ascent,261,Victor,NRG,Kayo,1.03,160,11,13,14,86,106,17,1,0,1
220290,1494,2023,Ascent,817,FiNESSE,NRG,Killjoy,0.76,131,10,13,3,67,81,15,0,2,-2
220290,1494,2023,Ascent,2858,SUYGETSU,Natus Vincere,Cypher,1.06,220,15,16,7,71,154,38,3,2,1
220290,1494,2023,Ascent,573,cNed,Natus Vincere,Jett,1.05,232,17,17,1,62,133,43,8,1,7
220290,1494,2023,Ascent,384,Shao,Natus Vincere,Fade,1.03,172,12,15,6,57,112,39,0,0,0
220290,1494,2023,Ascent,11,Zyppan,Natus Vincere,Kayo,0.95,166,13,14,7,76,115,34,3,2,1
220290,1494,2023,Ascent,109,ANGE1,Natus Vincere,Omen,0.55,114,7,17,9,52,83,41,0,2,-2
220290,1494,2023,Lotus,817,FiNESSE,NRG,Viper,1.09,193,19,16,11,65,131,26,2,1,1
220290,1494,2023,Lotus,98,ardiis,NRG,Killjoy,1.09,220,21,17,3,73,143,11,0,2,-2
220290,1494,2023,Lotus,261,Victor,NRG,Neon,0.95,242,22,20,3,69,145,22,7,6,1
220290,1494,2023,Lotus,4,crashies,NRG,Skye,0.69,157,14,19,15,65,92,26,2,3,-1
220290,1494,2023,Lotus,4164,s0m,NRG,Omen,0.67,123,10,17,13,69,90,22,1,2,-1
220290,1494,2023,Lotus,2858,SUYGETSU,Natus Vincere,Viper,1.53,236,23,13,5,62,158,31,1,4,-3
220290,1494,2023,Lotus,573,cNed,Natus Vincere,Raze,1.15,273,23,23,7,81,173,28,9,5,4
220290,1494,2023,Lotus,109,ANGE1,Natus Vincere,Omen,1.01,178,15,17,9,73,119,30,2,2,0
220290,1494,2023,Lotus,384,Shao,Natus Vincere,Killjoy,0.93,139,13,15,5,77,96,26,1,0,1
220290,1494,2023,Lotus,11,Zyppan,Natus Vincere,Fade,0.85,155,15,18,6,65,105,52,1,1,0
220290,1494,2023,Split,4,crashies,NRG,Skye,1.3,165,11,10,12,84,109,19,2,0,2
220290,1494,2023,Split,4164,s0m,NRG,Astra,1.25,193,13,9,10,84,133,27,1,1,0
220290,1494,2023,Split,98,ardiis,NRG,Jett,1.2,220,15,11,5,74,146,26,3,3,0
220290,1494,2023,Split,261,Victor,NRG,Raze,1.13,243,17,15,2,79,166,20,2,2,0
220290,1494,2023,Split,817,FiNESSE,NRG,Viper,1.03,196,13,12,4,74,146,24,2,3,-1
220290,1494,2023,Split,573,cNed,Natus Vincere,Raze,0.96,239,15,15,5,58,154,14,1,3,-2
220290,1494,2023,Split,2858,SUYGETSU,Natus Vincere,Viper,0.95,175,12,13,4,79,128,22,1,2,-1
220290,1494,2023,Split,109,ANGE1,Natus Vincere,Omen,0.88,183,12,14,2,68,116,39,5,4,1
220290,1494,2023,Split,11,Zyppan,Natus Vincere,Skye,0.78,164,11,15,3,68,122,50,2,0,2
220290,1494,2023,Split,384,Shao,Natus Vincere,Killjoy,0.6,103,7,12,2,58,78,18,0,1,-1
220454,1494,2023,Fracture,11225,Ethan,Evil Geniuses,Breach,1.42,198,17,9,10,95,144,27,0,0,0
220454,1494,2023,Fracture,26171,Demon1,Evil Geniuses,Brimstone,1.41,227,18,12,9,80,150,68,1,0,1
220454,1494,2023,Fracture,619,C0M,Evil Geniuses,Sova,1.17,209,14,13,14,85,142,20,2,2,0
220454,1494,2023,Fracture,604,Boostio,Evil Geniuses,Killjoy,1.05,241,17,15,3,60,159,16,4,2,2
220454,1494,2023,Fracture,3993,jawgemo,Evil Geniuses,Raze,0.97,203,13,15,7,85,136,27,5,4,1
220454,1494,2023,Fracture,9803,d4v41,Paper Rex,Killjoy,0.98,210,14,15,4,80,148,27,2,0,2
220454,1494,2023,Fracture,9800,mindfreak,Paper Rex,Brimstone,0.89,167,12,15,7,65,105,40,0,0,0
220454,1494,2023,Fracture,9801,f0rsakeN,Paper Rex,Neon,0.88,211,15,17,3,55,133,43,3,6,-3
220454,1494,2023,Fracture,7378,Jinggg,Paper Rex,Raze,0.78,217,14,17,5,70,142,17,3,4,-1
220454,1494,2023,Fracture,24679,cgrs,Paper Rex,Breach,0.62,125,9,15,7,55,80,19,0,2,-2
220454,1494,2023,Lotus,26171,Demon1,Evil Geniuses,Jett,1.07,195,18,18,3,69,142,29,3,4,-1
220454,1494,2023,Lotus,11225,Ethan,Evil Geniuses,Skye,1.07,202,18,17,13,81,127,13,0,0,0
220454,1494,2023,Lotus,619,C0M,Evil Geniuses,Viper,0.96,229,19,19,5,69,156,17,2,1,1
220454,1494,2023,Lotus,3993,jawgemo,Evil Geniuses,Omen,0.95,166,14,17,12,81,108,25,1,1,0
220454,1494,2023,Lotus,604,Boostio,Evil Geniuses,Killjoy,0.82,209,20,21,2,58,134,16,6,8,-2
220454,1494,2023,Lotus,7378,Jinggg,Paper Rex,Raze,1.41,319,28,19,4,69,225,21,3,2,1
220454,1494,2023,Lotus,9800,mindfreak,Paper Rex,Omen,1.23,239,23,17,6,65,141,23,3,2,1
220454,1494,2023,Lotus,9803,d4v41,Paper Rex,Skye,1.07,176,15,16,10,85,117,29,4,3,1
220454,1494,2023,Lotus,9801,f0rsakeN,Paper Rex,Cypher,0.88,187,16,19,5,69,124,24,3,2,1
220454,1494,2023,Lotus,24679,cgrs,Paper Rex,Gekko,0.68,122,10,18,8,65,96,16,1,3,-2
220454,1494,2023,Split,619,C0M,Evil Geniuses,Viper,1.11,201,17,15,7,57,119,15,2,0,2
220454,1494,2023,Split,26171,Demon1,Evil Geniuses,Jett,1.1,223,20,17,2,65,144,25,3,1,2
220454,1494,2023,Split,3993,jawgemo,Evil Geniuses,Raze,1.01,221,16,17,6,83,148,18,6,3,3
220454,1494,2023,Split,604,Boostio,Evil Geniuses,Astra,0.92,211,17,17,4,70,133,18,4,2,2
220454,1494,2023,Split,11225,Ethan,Evil Geniuses,Skye,0.48,113,8,17,5,65,77,16,1,1,0
220454,1494,2023,Split,9803,d4v41,Paper Rex,Viper,1.35,226,19,13,11,87,164,31,0,1,-1
220454,1494,2023,Split,9800,mindfreak,Paper Rex,Astra,1.26,225,17,15,12,91,154,17,1,3,-2
220454,1494,2023,Split,9801,f0rsakeN,Paper Rex,Jett,1.06,228,19,15,0,57,135,26,3,4,-1
220454,1494,2023,Split,7378,Jinggg,Paper Rex,Raze,0.88,203,16,19,4,61,125,18,3,6,-3
220454,1494,2023,Split,24679,cgrs,Paper Rex,Skye,0.76,148,12,16,8,61,103,17,0,2,-2
220454,1494,2023,Pearl,604,Boostio,Evil Geniuses,Killjoy,1.45,283,20,13,6,79,196,34,2,2,0
220454,1494,2023,Pearl,619,C0M,Evil Geniuses,Viper,1.39,237,16,10,8,79,169,38,3,0,3
220454,1494,2023,Pearl,26171,Demon1,Evil Geniuses,Jett,1.28,215,15,10,3,79,142,46,4,1,3
220454,1494,2023,Pearl,3993,jawgemo,Evil Geniuses,Harbor,1.21,251,15,14,11,84,165,20,2,2,0
220454,1494,2023,Pearl,11225,Ethan,Evil Geniuses,Skye,0.92,130,7,10,14,79,78,18,2,1,1
220454,1494,2023,Pearl,9803,d4v41,Paper Rex,Skye,0.99,184,14,14,7,84,122,28,1,1,0
220454,1494,2023,Pearl,7378,Jinggg,Paper Rex,Phoenix,0.94,213,11,14,12,74,140,14,1,3,-2
220454,1494,2023,Pearl,9801,f0rsakeN,Paper Rex,Jett,0.74,212,13,17,2,58,136,23,4,5,-1
220454,1494,2023,Pearl,9800,mindfreak,Paper Rex,Astra,0.74,143,10,13,9,74,103,21,0,2,-2
220454,1494,2023,Pearl,24679,cgrs,Paper Rex,Killjoy,0.68,153,9,15,2,37,105,14,0,2,-2
220454,1494,2023,Ascent,26171,Demon1,Evil Geniuses,Jett,1.77,353,28,13,3,86,248,44,5,2,3
220454,1494,2023,Ascent,11225,Ethan,Evil Geniuses,Kayo,1.28,216,15,13,19,81,126,13,2,1,1
220454,1494,2023,Ascent,3993,jawgemo,Evil Geniuses,Omen,1.25,198,16,11,10,81,131,23,1,4,-3
220454,1494,2023,Ascent,619,C0M,Evil Geniuses,Sova,1.17,185,14,12,5,71,127,28,2,1,1
220454,1494,2023,Ascent,604,Boostio,Evil Geniuses,Killjoy,0.55,151,9,17,4,57,102,15,1,2,-1
220454,1494,2023,Ascent,9803,d4v41,Paper Rex,Kayo,1.05,154,11,14,8,67,105,29,1,1,0
220454,1494,2023,Ascent,9801,f0rsakeN,Paper Rex,Jett,1.01,262,19,17,2,81,163,31,4,4,0
220454,1494,2023,Ascent,9800,mindfreak,Paper Rex,Omen,0.84,171,13,16,8,62,96,27,1,2,-1
220454,1494,2023,Ascent,7378,Jinggg,Paper Rex,Sage,0.81,183,12,17,11,62,122,22,3,3,0
220454,1494,2023,Ascent,24679,cgrs,Paper Rex,Fade,0.62,166,11,18,9,67,113,21,1,1,0
220296,1494,2023,Fracture,4462,MaKo,KIWOOM DRX,Brimstone,1.61,272,24,14,18,87,172,22,0,2,-2
220296,1494,2023,Fracture,488,Rb,KIWOOM DRX,Fade,1.18,212,18,14,10,83,131,27,0,1,-1
220296,1494,2023,Fracture,804,BuZz,KIWOOM DRX,Killjoy,1.13,219,17,15,7,74,145,15,4,3,1
220296,1494,2023,Fracture,485,stax,KIWOOM DRX,Breach,0.97,162,15,16,10,78,105,24,0,2,-2
220296,1494,2023,Fracture,11600,Foxy9,KIWOOM DRX,Raze,0.76,207,14,20,6,78,135,17,5,6,-1
220296,1494,2023,Fracture,3028,Life,Attacking Soul Esports,Jett,1.05,260,22,20,5,87,159,16,9,2,7
220296,1494,2023,Fracture,10486,YHchen,Attacking Soul Esports,Breach,0.98,172,14,16,10,78,115,19,2,1,1
220296,1494,2023,Fracture,14431,monk,Attacking Soul Esports,Killjoy,0.97,190,16,16,1,70,131,25,0,0,0
220296,1494,2023,Fracture,25949,bunt,Attacking Soul Esports,Brimstone,0.79,170,13,19,9,61,100,23,1,2,-1
220296,1494,2023,Fracture,7135,zjc,Attacking Soul Esports,Raze,0.74,173,14,17,5,61,122,19,2,4,-2
220296,1494,2023,Pearl,488,Rb,KIWOOM DRX,Harbor,1.86,295,25,12,14,95,169,19,1,0,1
220296,1494,2023,Pearl,804,BuZz,KIWOOM DRX,Killjoy,1.49,253,17,10,8,80,181,21,0,2,-2
220296,1494,2023,Pearl,4462,MaKo,KIWOOM DRX,Viper,1.08,203,12,13,14,70,138,16,2,3,-1
220296,1494,2023,Pearl,485,stax,KIWOOM DRX,Skye,1.04,171,12,13,14,80,118,44,1,2,-1
220296,1494,2023,Pearl,11600,Foxy9,KIWOOM DRX,Jett,0.93,241,16,17,4,70,157,16,3,6,-3
220296,1494,2023,Pearl,10486,YHchen,Attacking Soul Esports,Kayo,1.1,242,16,16,13,65,162,14,2,1,1
220296,1494,2023,Pearl,3028,Life,Attacking Soul Esports,Jett,0.97,214,16,16,3,75,145,25,4,2,2
220296,1494,2023,Pearl,14431,monk,Attacking Soul Esports,Viper,0.83,191,11,16,13,80,128,14,2,1,1
220296,1494,2023,Pearl,7135,zjc,Attacking Soul Esports,Skye,0.75,150,12,15,4,70,95,35,3,2,1
220296,1494,2023,Pearl,25949,bunt,Attacking Soul Esports,Harbor,0.58,153,10,19,10,80,90,12,2,1,1
247103,1657,2023,Haven,312,Sayf,Team Liquid,Jett,0.93,235,11,14,3,60,170,27,3,3,0
247103,1657,2023,Haven,457,nAts,Team Liquid,Killjoy,0.88,192,8,10,1,60,144,26,1,2,-1
247103,1657,2023,Haven,101,soulcas,Team Liquid,Skye,0.64,135,7,13,3,60,82,25,1,0,1
247103,1657,2023,Haven,1427,Redgar,Team Liquid,Omen,0.47,139,6,13,5,60,90,39,1,1,0
247103,1657,2023,Haven,9780,Jamppi,Team Liquid,Breach,0.42,121,7,13,1,47,71,13,1,2,-1
247103,1657,2023,Haven,8447,Less,LOUD,Killjoy,1.86,266,18,6,0,73,190,19,2,0,2
247103,1657,2023,Haven,2408,tuyz,LOUD,Harbor,1.5,200,12,7,4,87,145,29,0,1,-1
247103,1657,2023,Haven,6193,cauanzin,LOUD,Skye,1.23,269,14,10,10,80,159,38,3,1,2
247103,1657,2023,Haven,8480,aspas,LOUD,Jett,1.04,195,11,7,2,87,127,38,0,1,-1
247103,1657,2023,Haven,727,saadhak,LOUD,Viper,0.93,194,8,9,8,73,136,22,3,4,-1
247103,1657,2023,Split,312,Sayf,Team Liquid,Raze,1.31,246,18,13,5,76,171,19,3,2,1
247103,1657,2023,Split,101,soulcas,Team Liquid,Skye,0.97,151,13,12,5,71,96,40,0,0,0
247103,1657,2023,Split,1427,Redgar,Team Liquid,Astra,0.88,206,14,16,8,76,133,30,1,1,0
247103,1657,2023,Split,9780,Jamppi,Team Liquid,Jett,0.67,142,11,15,1,52,92,29,3,8,-5
247103,1657,2023,Split,457,nAts,Team Liquid,Viper,0.56,127,8,15,3,81,82,19,1,2,-1
247103,1657,2023,Split,2408,tuyz,LOUD,Astra,1.44,229,16,10,9,76,157,21,1,0,1
247103,1657,2023,Split,6193,cauanzin,LOUD,Skye,1.16,192,15,11,2,86,126,26,3,1,2
247103,1657,2023,Split,727,saadhak,LOUD,Breach,1.07,204,17,14,7,67,116,21,3,3,0
247103,1657,2023,Split,8447,Less,LOUD,Killjoy,1.01,157,12,12,3,76,107,12,1,1,0
247103,1657,2023,Split,8480,aspas,LOUD,Raze,0.63,172,11,17,5,67,115,13,5,3,2
247086,1657,2023,Ascent,3993,jawgemo,Evil Geniuses,Omen,1.43,232,18,12,13,86,163,35,2,2,0
247086,1657,2023,Ascent,11225,Ethan,Evil Geniuses,Kayo,1.34,204,15,10,17,86,150,25,3,0,3
247086,1657,2023,Ascent,26171,Demon1,Evil Geniuses,Jett,1.19,267,21,13,1,71,177,40,5,1,4
247086,1657,2023,Ascent,619,C0M,Evil Geniuses,Sova,1.02,201,16,14,6,81,120,21,3,1,2
247086,1657,2023,Ascent,604,Boostio,Evil Geniuses,Killjoy,0.8,137,10,12,3,71,95,13,4,0,4
247086,1657,2023,Ascent,19530,AAAAY,FunPlus Phoenix,Skye,1.52,278,23,14,4,76,173,41,0,2,-2
247086,1657,2023,Ascent,37489,Lysoar,FunPlus Phoenix,Killjoy,0.91,202,13,16,4,62,133,30,0,4,-4
247086,1657,2023,Ascent,11218,Yuicaw,FunPlus Phoenix,Jett,0.79,185,12,18,3,57,118,19,3,5,-2
247086,1657,2023,Ascent,4880,nizhaoTZH,FunPlus Phoenix,Astra,0.74,100,8,14,4,62,71,20,0,1,-1
247086,1657,2023,Ascent,7857,BerLIN,FunPlus Phoenix,Omen,0.33,88,5,18,7,48,56,41,1,5,-4
247086,1657,2023,Pearl,3993,jawgemo,Evil Geniuses,Astra,1.43,259,22,14,4,71,177,43,0,2,-2
247086,1657,2023,Pearl,26171,Demon1,Evil Geniuses,Jett,1.33,276,22,15,2,62,178,49,2,6,-4
247086,1657,2023,Pearl,11225,Ethan,Evil Geniuses,Kayo,1.13,193,13,14,15,86,129,18,2,0,2
247086,1657,2023,Pearl,619,C0M,Evil Geniuses,Sova,1.01,237,17,18,7,76,152,31,1,3,-2
247086,1657,2023,Pearl,604,Boostio,Evil Geniuses,Killjoy,0.59,87,6,14,3,57,62,12,2,3,-1
247086,1657,2023,Pearl,4880,nizhaoTZH,FunPlus Phoenix,Astra,1.17,222,17,14,8,76,152,38,0,1,-1
247086,1657,2023,Pearl,19530,AAAAY,FunPlus Phoenix,Skye,1.03,203,16,15,4,62,132,32,1,0,1
247086,1657,2023,Pearl,37489,Lysoar,FunPlus Phoenix,Killjoy,0.94,245,18,17,2,71,157,27,5,1,4
247086,1657,2023,Pearl,11218,Yuicaw,FunPlus Phoenix,Jett,0.83,208,14,18,4,76,132,36,7,3,4
247086,1657,2023,Pearl,7857,BerLIN,FunPlus Phoenix,Omen,0.57,145,10,16,7,71,88,36,1,2,-1
248275,1657,2023,Fracture,804,BuZz,KIWOOM DRX,Raze,1.28,293,23,18,3,82,193,27,5,4,1
248275,1657,2023,Fracture,772,Zest,KIWOOM DRX,Viper,1.13,223,16,15,7,73,171,33,5,3,2
248275,1657,2023,Fracture,4462,MaKo,KIWOOM DRX,Brimstone,0.7,140,10,18,11,68,92,28,1,1,0
248275,1657,2023,Fracture,485,stax,KIWOOM DRX,Breach,0.53,109,7,17,9,55,71,29,0,0,0
248275,1657,2023,Fracture,488,Rb,KIWOOM DRX,Killjoy,0.38,101,7,17,2,59,68,18,1,2,-1
248275,1657,2023,Fracture,26171,Demon1,Evil Geniuses,Brimstone,1.93,332,28,9,9,86,228,39,2,1,1
248275,1657,2023,Fracture,619,C0M,Evil Geniuses,Sova,1.64,252,22,10,8,82,164,28,2,0,2
248275,1657,2023,Fracture,11225,Ethan,Evil Geniuses,Breach,0.88,112,8,12,13,91,68,25,1,2,-1
248275,1657,2023,Fracture,604,Boostio,Evil Geniuses,Killjoy,0.82,162,13,17,6,73,101,13,1,0,1
248275,1657,2023,Fracture,3993,jawgemo,Evil Geniuses,Raze,0.8,182,14,15,4,77,119,17,4,9,-5
248275,1657,2023,Lotus,772,Zest,KIWOOM DRX,Viper,1.01,223,11,13,5,59,146,38,3,2,1
248275,1657,2023,Lotus,485,stax,KIWOOM DRX,Fade,0.77,195,11,14,4,76,119,24,2,2,0
248275,1657,2023,Lotus,488,Rb,KIWOOM DRX,Killjoy,0.71,143,8,14,3,47,106,22,1,1,0
248275,1657,2023,Lotus,804,BuZz,KIWOOM DRX,Raze,0.71,209,12,16,2,71,127,39,4,2,2
248275,1657,2023,Lotus,4462,MaKo,KIWOOM DRX,Omen,0.51,114,7,15,4,65,70,23,0,0,0
248275,1657,2023,Lotus,26171,Demon1,Evil Geniuses,Astra,1.46,238,15,7,5,76,136,39,4,0,4
248275,1657,2023,Lotus,604,Boostio,Evil Geniuses,Killjoy,1.2,239,14,9,5,76,163,20,2,4,-2
248275,1657,2023,Lotus,11225,Ethan,Evil Geniuses,Skye,1.19,190,12,10,7,88,124,18,0,1,-1
248275,1657,2023,Lotus,619,C0M,Evil Geniuses,Viper,1.18,211,14,9,11,82,126,17,0,1,-1
248275,1657,2023,Lotus,3993,jawgemo,Evil Geniuses,Raze,1.15,264,17,14,3,82,178,26,1,4,-3
247096,1657,2023,Bind,424,Dep,ZETA DIVISION,Neon,0.0,0,29,22,1,0,0,0,0,0,0
247096,1657,2023,Bind,999,Laz,ZETA DIVISION,Viper,0.0,0,20,19,8,0,0,0,0,0,0
247096,1657,2023,Bind,6668,SugarZ3ro,ZETA DIVISION,Brimstone,0.0,0,17,17,7,0,0,0,0,0,0
247096,1657,2023,Bind,1395,TENNN,ZETA DIVISION,Raze,0.0,0,16,21,4,0,0,0,0,0,0
247096,1657,2023,Bind,1000,crow,ZETA DIVISION,Skye,0.0,0,13,20,10,0,0,0,0,0,0
247096,1657,2023,Bind,98,ardiis,NRG,Chamber,0.0,0,27,18,16,0,0,0,0,0,0
247096,1657,2023,Bind,261,Victor,NRG,Raze,0.0,0,21,23,8,0,0,0,0,0,0
247096,1657,2023,Bind,4164,s0m,NRG,Brimstone,0.0,0,21,16,12,0,0,0,0,0,0
247096,1657,2023,Bind,4,crashies,NRG,Skye,0.0,0,20,17,10,0,0,0,0,0,0
247096,1657,2023,Bind,817,FiNESSE,NRG,Viper,0.0,0,10,21,14,0,0,0,0,0,0
247096,1657,2023,Haven,424,Dep,ZETA DIVISION,Killjoy,1.36,323,15,12,3,64,188,26,2,2,0
247096,1657,2023,Haven,999,Laz,ZETA DIVISION,Chamber,0.51,106,5,11,0,43,62,57,0,3,-3
247096,1657,2023,Haven,1000,crow,ZETA DIVISION,Skye,0.48,119,4,11,4,50,86,17,0,2,-2
247096,1657,2023,Haven,1395,TENNN,ZETA DIVISION,Raze,0.32,115,4,13,0,36,82,13,1,2,-1
247096,1657,2023,Haven,6668,SugarZ3ro,ZETA DIVISION,Astra,0.2,59,3,12,2,50,27,0,0,2,-2
247096,1657,2023,Haven,98,ardiis,NRG,Jett,1.86,378,19,7,2,79,247,28,6,2,4
247096,1657,2023,Haven,4164,s0m,NRG,Harbor,1.7,231,13,4,7,86,147,33,2,0,2
247096,1657,2023,Haven,817,FiNESSE,NRG,Viper,1.24,205,10,6,5,86,116,17,2,1,1
247096,1657,2023,Haven,261,Victor,NRG,Killjoy,1.21,154,9,5,2,86,101,32,1,0,1
247096,1657,2023,Haven,4,crashies,NRG,Skye,0.97,166,8,9,10,79,111,19,0,0,0
247087,1657,2023,Pearl,3604,MOJJ,FUT Esports,Viper,1.65,340,22,11,6,82,231,26,1,3,-2
247087,1657,2023,Pearl,8044,MrFaliN,FUT Esports,Killjoy,1.33,251,15,11,8,94,174,23,1,1,0
247087,1657,2023,Pearl,6510,AtaKaptan,FUT Esports,Brimstone,1.14,189,11,10,10,76,124,38,1,0,1
247087,1657,2023,Pearl,1139,qRaxs,FUT Esports,Kayo,1.14,244,16,13,7,82,156,27,4,0,4
247087,1657,2023,Pearl,10125,qw1,FUT Esports,Jett,0.85,198,14,13,1,71,137,42,4,2,2
247087,1657,2023,Pearl,4545,Sayaplayer,T1,Jett,1.28,246,15,14,3,65,169,22,3,1,2
247087,1657,2023,Pearl,2489,Munchkin,T1,Killjoy,1.04,306,17,17,4,71,206,19,1,2,-1
247087,1657,2023,Pearl,474,xeta,T1,Viper,0.93,225,12,16,7,82,146,33,2,2,0
247087,1657,2023,Pearl,5129,ban,T1,Harbor,0.69,145,9,14,5,59,94,32,0,2,-2
247087,1657,2023,Pearl,31207,carpe,T1,Skye,0.12,89,5,17,3,29,48,14,0,4,-4
247087,1657,2023,Haven,10125,qw1,FUT Esports,Jett,1.33,281,21,11,1,85,157,28,8,3,5
247087,1657,2023,Haven,8044,MrFaliN,FUT Esports,Breach,1.27,170,12,8,15,100,90,8,0,0,0
247087,1657,2023,Haven,1139,qRaxs,FUT Esports,Gekko,1.27,243,20,12,5,90,159,34,0,0,0
247087,1657,2023,Haven,6510,AtaKaptan,FUT Esports,Omen,1.24,202,13,11,20,85,129,35,1,2,-1
247087,1657,2023,Haven,3604,MOJJ,FUT Esports,Killjoy,0.93,221,15,13,4,75,144,35,3,3,0
247087,1657,2023,Haven,2489,Munchkin,T1,Breach,0.99,169,13,15,4,55,113,34,3,3,0
247087,1657,2023,Haven,474,xeta,T1,Sova,0.98,189,12,14,4,75,133,17,0,2,-2
247087,1657,2023,Haven,5129,ban,T1,Omen,0.84,165,10,16,8,65,100,32,1,2,-1
247087,1657,2023,Haven,4545,Sayaplayer,T1,Jett,0.62,168,10,19,2,45,116,27,3,4,-1
247087,1657,2023,Haven,31207,carpe,T1,Killjoy,0.6,142,10,17,0,55,96,37,1,1,0
248279,1657,2023,Bind,4774,Knight,Bilibili Gaming,Cypher,1.18,295,17,15,1,71,186,35,3,2,1
248279,1657,2023,Bind,4885,whzy,Bilibili Gaming,Raze,0.93,206,11,12,3,59,141,21,0,3,-3
248279,1657,2023,Bind,3024,DK,Bilibili Gaming,Brimstone,0.55,121,8,14,1,53,72,25,1,1,0
248279,1657,2023,Bind,6022,yosemite,Bilibili Gaming,Viper,0.49,140,8,15,3,59,81,13,3,2,1
248279,1657,2023,Bind,3021,Biank,Bilibili Gaming,Skye,0.27,90,5,16,3,41,50,9,0,2,-2
248279,1657,2023,Bind,15559,CHICHOO,EDward Gaming,Viper,1.8,251,17,5,5,94,165,24,2,0,2
248279,1657,2023,Bind,4742,Smoggy,EDward Gaming,Raze,1.33,297,19,13,4,100,183,27,4,0,4
248279,1657,2023,Bind,3520,ZmjjKK,EDward Gaming,Chamber,1.27,262,16,11,4,76,183,29,3,3,0
248279,1657,2023,Bind,4720,Haodong,EDward Gaming,Brimstone,1.17,215,15,10,4,94,123,35,1,1,0
248279,1657,2023,Bind,3017,nobody,EDward Gaming,Skye,0.58,79,5,10,6,76,50,11,0,3,-3
248279,1657,2023,Split,4885,whzy,Bilibili Gaming,Raze,1.33,303,31,20,3,75,191,26,10,2,8
248279,1657,2023,Split,3021,Biank,Bilibili Gaming,Skye,1.22,229,22,20,18,86,154,33,6,2,4
248279,1657,2023,Split,4774,Knight,Bilibili Gaming,Cypher,1.06,188,18,16,5,64,133,27,1,3,-2
248279,1657,2023,Split,6022,yosemite,Bilibili Gaming,Viper,0.9,219,20,23,13,68,153,25,3,0,3
248279,1657,2023,Split,3024,DK,Bilibili Gaming,Omen,0.84,154,16,19,14,82,93,19,0,1,-1
248279,1657,2023,Split,4742,Smoggy,EDward Gaming,Jett,1.12,257,25,24,1,57,166,26,4,3,1
248279,1657,2023,Split,3017,nobody,EDward Gaming,Skye,1.0,171,18,20,11,64,117,37,1,4,-3
248279,1657,2023,Split,4720,Haodong,EDward Gaming,Astra,0.97,200,18,21,14,75,139,31,0,4,-4
248279,1657,2023,Split,15559,CHICHOO,EDward Gaming,Viper,0.95,190,18,20,6,68,126,13,3,1,2
248279,1657,2023,Split,3520,ZmjjKK,EDward Gaming,Raze,0.84,199,19,22,5,57,140,16,0,8,-8
248279,1657,2023,Haven,6022,yosemite,Bilibili Gaming,Killjoy,1.41,245,21,14,1,87,155,37,5,1,4
248279,1657,2023,Haven,4774,Knight,Bilibili Gaming,Breach,1.02,234,19,17,8,83,163,33,0,1,-1
248279,1657,2023,Haven,3021,Biank,Bilibili Gaming,Sova,1.01,245,20,18,2,74,170,38,1,1,0
248279,1657,2023,Haven,4885,whzy,Bilibili Gaming,Jett,0.6,163,13,20,5,78,101,16,5,3,2
248279,1657,2023,Haven,3024,DK,Bilibili Gaming,Omen,0.45,93,6,17,11,61,57,14,2,4,-2
248279,1657,2023,Haven,3017,nobody,EDward Gaming,Sova,1.63,306,27,14,5,87,202,37,3,1,2
248279,1657,2023,Haven,4720,Haodong,EDward Gaming,Omen,1.13,166,13,14,15,78,106,26,1,1,0
248279,1657,2023,Haven,3520,ZmjjKK,EDward Gaming,Jett,1.06,227,17,18,8,78,147,18,3,2,1
248279,1657,2023,Haven,15559,CHICHOO,EDward Gaming,Cypher,0.94,177,15,16,6,65,113,25,2,4,-2
248279,1657,2023,Haven,4742,Smoggy,EDward Gaming,Breach,0.75,146,14,17,5,78,100,36,1,5,-4
247090,1657,2023,Bind,8044,MrFaliN,FUT Esports,Fade,1.44,205,17,12,15,78,139,41,0,0,0
247090,1657,2023,Bind,1139,qRaxs,FUT Esports,Kayo,1.22,216,17,17,24,70,125,38,1,2,-1
247090,1657,2023,Bind,6510,AtaKaptan,FUT Esports,Brimstone,1.22,255,19,17,11,70,170,37,5,3,2
247090,1657,2023,Bind,3604,MOJJ,FUT Esports,Viper,1.14,164,13,15,11,65,110,35,3,2,1
247090,1657,2023,Bind,10125,qw1,FUT Esports,Raze,0.96,202,16,17,5,70,132,18,5,2,3
247090,1657,2023,Bind,2489,Munchkin,T1,Skye,1.07,235,17,17,7,74,139,41,5,2,3
247090,1657,2023,Bind,4545,Sayaplayer,T1,Jett,1.03,234,20,15,1,70,144,31,2,2,0
247090,1657,2023,Bind,5129,ban,T1,Harbor,0.94,187,16,16,8,74,119,31,0,3,-3
247090,1657,2023,Bind,31207,carpe,T1,Gekko,0.71,205,17,19,7,78,132,27,1,5,-4
247090,1657,2023,Bind,474,xeta,T1,Viper,0.62,120,8,15,6,70,76,29,1,2,-1
247090,1657,2023,Pearl,8044,MrFaliN,FUT Esports,Killjoy,1.63,281,28,13,5,77,191,24,2,1,1
247090,1657,2023,Pearl,1139,qRaxs,FUT Esports,Kayo,1.11,215,18,17,17,85,150,24,0,0,0
247090,1657,2023,Pearl,3604,MOJJ,FUT Esports,Viper,1.1,222,19,17,10,77,149,32,4,3,1
247090,1657,2023,Pearl,6510,AtaKaptan,FUT Esports,Brimstone,0.92,174,16,18,13,69,116,34,4,2,2
247090,1657,2023,Pearl,10125,qw1,FUT Esports,Jett,0.91,162,16,17,3,73,120,36,5,5,0
247090,1657,2023,Pearl,4545,Sayaplayer,T1,Jett,1.13,219,20,19,3,69,144,26,5,1,4
247090,1657,2023,Pearl,31207,carpe,T1,Skye,1.01,194,17,20,13,62,128,27,1,1,0
247090,1657,2023,Pearl,474,xeta,T1,Viper,0.89,181,17,18,6,62,113,17,1,4,-3
247090,1657,2023,Pearl,5129,ban,T1,Harbor,0.76,169,15,20,9,50,103,35,1,5,-4
247090,1657,2023,Pearl,2489,Munchkin,T1,Killjoy,0.76,169,13,20,2,46,139,24,3,4,-1
248274,1657,2023,Lotus,2408,tuyz,LOUD,Omen,1.08,184,20,17,15,68,116,35,2,2,0
248274,1657,2023,Lotus,6193,cauanzin,LOUD,Fade,1.06,212,20,21,12,86,130,33,4,3,1
248274,1657,2023,Lotus,8480,aspas,LOUD,Raze,1.01,222,21,20,5,75,140,23,4,3,1
248274,1657,2023,Lotus,8447,Less,LOUD,Killjoy,0.96,191,21,20,3,64,132,35,1,1,0
248274,1657,2023,Lotus,727,saadhak,LOUD,Viper,0.87,228,20,24,12,71,148,16,4,4,0
248274,1657,2023,Lotus,17086,something,Paper Rex,Jett,1.47,297,31,20,3,82,167,16,7,4,3
248274,1657,2023,Lotus,9803,d4v41,Paper Rex,Skye,1.02,186,18,20,17,82,128,40,0,1,-1
248274,1657,2023,Lotus,7378,Jinggg,Paper Rex,Raze,0.89,226,20,23,8,71,169,24,2,6,-4
248274,1657,2023,Lotus,9801,f0rsakeN,Paper Rex,Astra,0.82,194,20,21,9,71,121,13,2,1,1
248274,1657,2023,Lotus,9800,mindfreak,Paper Rex,Omen,0.72,131,13,19,8,68,82,36,2,3,-1
248274,1657,2023,Split,8447,Less,LOUD,Killjoy,2.33,424,24,7,5,87,258,23,3,0,3
248274,1657,2023,Split,727,saadhak,LOUD,Breach,1.46,179,10,5,13,93,104,26,0,0,0
248274,1657,2023,Split,6193,cauanzin,LOUD,Skye,1.28,238,14,8,4,87,145,26,2,2,0
248274,1657,2023,Split,2408,tuyz,LOUD,Astra,1.07,124,6,6,11,93,81,16,1,1,0
248274,1657,2023,Split,8480,aspas,LOUD,Raze,1.06,209,12,8,0,80,135,22,4,2,2
248274,1657,2023,Split,9803,d4v41,Paper Rex,Viper,0.82,182,8,13,4,60,136,15,1,0,1
248274,1657,2023,Split,9800,mindfreak,Paper Rex,Astra,0.57,166,9,14,4,60,107,23,1,0,1
248274,1657,2023,Split,17086,something,Paper Rex,Jett,0.57,133,6,13,2,53,96,19,2,3,-1
248274,1657,2023,Split,7378,Jinggg,Paper Rex,Raze,0.52,159,8,13,2,60,100,23,1,3,-2
248274,1657,2023,Split,9801,f0rsakeN,Paper Rex,Skye,0.38,78,3,13,7,60,65,28,0,4,-4
248274,1657,2023,Pearl,8480,aspas,LOUD,Jett,1.65,326,27,14,2,78,201,40,7,5,2
248274,1657,2023,Pearl,6193,cauanzin,LOUD,Fade,1.03,228,18,18,10,70,148,30,1,4,-3
248274,1657,2023,Pearl,2408,tuyz,LOUD,Astra,0.93,155,14,17,12,74,103,50,0,1,-1
248274,1657,2023,Pearl,8447,Less,LOUD,Killjoy,0.68,136,10,16,7,65,100,14,0,1,-1
248274,1657,2023,Pearl,727,saadhak,LOUD,Breach,0.65,145,8,19,14,78,113,11,2,2,0
248274,1657,2023,Pearl,17086,something,Paper Rex,Jett,1.28,221,18,13,3,74,142,17,4,2,2
248274,1657,2023,Pearl,7378,Jinggg,Paper Rex,Phoenix,1.22,288,23,18,10,74,189,30,3,4,-1
248274,1657,2023,Pearl,9801,f0rsakeN,Paper Rex,Killjoy,1.12,214,18,17,6,65,137,18,3,2,1
248274,1657,2023,Pearl,9803,d4v41,Paper Rex,Skye,0.93,202,16,16,11,74,125,33,1,0,1
248274,1657,2023,Pearl,9800,mindfreak,Paper Rex,Astra,0.85,111,9,13,11,74,75,23,2,2,0
247075,1657,2023,Split,9800,mindfreak,Paper Rex,Astra,1.16,148,11,9,8,70,92,23,1,1,0
247075,1657,2023,Split,17086,something,Paper Rex,Jett,1.1,264,19,14,4,80,158,21,4,4,0
247075,1657,2023,Split,7378,Jinggg,Paper Rex,Raze,1.09,270,19,15,4,80,166,23,2,3,-1
247075,1657,2023,Split,9801,f0rsakeN,Paper Rex,Skye,1.09,214,13,13,12,85,134,30,2,1,1
247075,1657,2023,Split,9803,d4v41,Paper Rex,Viper,0.92,126,9,10,1,70,92,47,1,1,0
247075,1657,2023,Split,2462,keznit,KRÜ Esports,Raze,1.2,272,16,17,11,85,188,14,3,1,2
247075,1657,2023,Split,2764,DaveeyS,KRÜ Esports,Chamber,1.05,167,13,10,2,70,111,24,1,2,-1
247075,1657,2023,Split,1311,Melser,KRÜ Esports,Astra,0.94,172,14,14,3,75,97,42,3,2,1
247075,1657,2023,Split,2610,Klaus,KRÜ Esports,Skye,0.86,160,11,14,11,70,90,30,2,4,-2
247075,1657,2023,Split,1294,NagZ,KRÜ Esports,Viper,0.59,120,7,16,8,60,82,10,1,1,0
247075,1657,2023,Pearl,9800,mindfreak,Paper Rex,Astra,1.53,243,19,10,9,81,174,29,2,0,2
247075,1657,2023,Pearl,9803,d4v41,Paper Rex,Skye,1.29,211,17,10,11,90,131,45,1,0,1
247075,1657,2023,Pearl,17086,something,Paper Rex,Jett,1.1,205,15,13,4,76,132,20,5,3,2
247075,1657,2023,Pearl,7378,Jinggg,Paper Rex,Phoenix,1.04,206,16,12,6,81,129,26,1,3,-2
247075,1657,2023,Pearl,9801,f0rsakeN,Paper Rex,Killjoy,0.71,158,9,14,8,71,120,23,2,4,-2
247075,1657,2023,Pearl,2462,keznit,KRÜ Esports,Jett,1.13,240,16,16,4,57,171,26,4,2,2
247075,1657,2023,Pearl,1294,NagZ,KRÜ Esports,Viper,0.94,190,13,13,4,62,118,32,1,1,0
247075,1657,2023,Pearl,2764,DaveeyS,KRÜ Esports,Killjoy,0.75,117,7,14,7,57,99,15,1,2,-1
247075,1657,2023,Pearl,2610,Klaus,KRÜ Esports,Skye,0.71,182,12,16,3,67,121,27,1,3,-2
247075,1657,2023,Pearl,1311,Melser,KRÜ Esports,Harbor,0.71,156,11,17,8,62,105,37,3,3,0
247098,1657,2023,Bind,6022,yosemite,Bilibili Gaming,Viper,1.65,305,26,14,8,74,197,24,3,1,2
247098,1657,2023,Bind,4885,whzy,Bilibili Gaming,Raze,1.39,298,24,16,5,74,185,18,8,1,7
247098,1657,2023,Bind,4774,Knight,Bilibili Gaming,Cypher,0.85,133,12,15,7,74,91,15,0,2,-2
247098,1657,2023,Bind,3021,Biank,Bilibili Gaming,Skye,0.81,202,15,20,12,74,133,20,3,4,-1
247098,1657,2023,Bind,3024,DK,Bilibili Gaming,Brimstone,0.63,119,9,17,10,61,88,15,0,1,-1
247098,1657,2023,Bind,261,Victor,NRG,Raze,1.11,263,22,19,4,87,181,26,4,4,0
247098,1657,2023,Bind,4,crashies,NRG,Skye,1.11,217,18,15,7,74,130,41,1,4,-3
247098,1657,2023,Bind,817,FiNESSE,NRG,Viper,1.05,212,16,16,7,74,164,25,2,1,1
247098,1657,2023,Bind,4164,s0m,NRG,Brimstone,1.04,176,15,16,12,83,115,38,0,1,-1
247098,1657,2023,Bind,98,ardiis,NRG,Chamber,0.6,149,11,20,5,70,96,29,2,4,-2
247098,1657,2023,Ascent,4885,whzy,Bilibili Gaming,Jett,1.48,327,21,12,2,78,195,27,4,2,2
247098,1657,2023,Ascent,3024,DK,Bilibili Gaming,Omen,1.38,184,11,8,16,83,109,28,1,1,0
247098,1657,2023,Ascent,4774,Knight,Bilibili Gaming,Kayo,1.27,249,17,12,12,61,134,24,1,3,-2
247098,1657,2023,Ascent,6022,yosemite,Bilibili Gaming,Killjoy,1.18,220,15,11,2,83,135,20,2,1,1
247098,1657,2023,Ascent,3021,Biank,Bilibili Gaming,Sova,0.57,109,6,12,4,67,83,18,1,2,-1
247098,1657,2023,Ascent,261,Victor,NRG,Kayo,1.44,304,20,14,7,72,179,43,3,2,1
247098,1657,2023,Ascent,98,ardiis,NRG,Jett,0.85,203,13,14,2,72,128,16,3,3,0
247098,1657,2023,Ascent,4,crashies,NRG,Sova,0.73,157,8,13,5,67,114,24,1,0,1
247098,1657,2023,Ascent,817,FiNESSE,NRG,Killjoy,0.61,157,9,15,3,56,115,14,2,4,-2
247098,1657,2023,Ascent,4164,s0m,NRG,Omen,0.45,87,5,14,5,61,52,11,0,0,0
247102,1657,2023,Bind,384,Shao,Natus Vincere,Skye,1.2,225,24,18,3,71,153,36,1,2,-1
247102,1657,2023,Bind,573,cNed,Natus Vincere,Sage,0.96,193,22,21,4,71,137,32,2,8,-6
247102,1657,2023,Bind,11,Zyppan,Natus Vincere,Raze,0.94,216,21,23,7,71,153,18,1,3,-2
247102,1657,2023,Bind,2858,SUYGETSU,Natus Vincere,Viper,0.78,174,17,22,2,54,109,26,2,3,-1
247102,1657,2023,Bind,109,ANGE1,Natus Vincere,Brimstone,0.39,151,11,27,15,71,107,13,2,4,-2
247102,1657,2023,Bind,485,stax,KIWOOM DRX,Skye,1.45,267,27,18,15,75,164,41,3,2,1
247102,1657,2023,Bind,772,Zest,KIWOOM DRX,Viper,1.38,261,26,18,11,79,155,27,2,0,2
247102,1657,2023,Bind,4462,MaKo,KIWOOM DRX,Brimstone,1.24,218,20,17,16,79,152,32,2,1,1
247102,1657,2023,Bind,488,Rb,KIWOOM DRX,Yoru,1.02,239,23,22,5,79,148,24,8,3,5
247102,1657,2023,Bind,804,BuZz,KIWOOM DRX,Raze,0.74,152,15,20,2,75,97,26,5,2,3
247102,1657,2023,Split,573,cNed,Natus Vincere,Jett,1.91,312,27,9,4,95,209,30,3,2,1
247102,1657,2023,Split,2858,SUYGETSU,Natus Vincere,Cypher,1.28,178,16,9,4,91,115,23,3,0,3
247102,1657,2023,Split,11,Zyppan,Natus Vincere,Raze,1.2,226,16,13,8,95,165,21,3,5,-2
247102,1657,2023,Split,384,Shao,Natus Vincere,Skye,1.0,147,12,10,4,82,97,44,1,0,1
247102,1657,2023,Split,109,ANGE1,Natus Vincere,Omen,0.81,148,10,15,15,77,97,28,2,3,-1
247102,1657,2023,Split,804,BuZz,KIWOOM DRX,Raze,1.13,262,21,17,3,77,169,20,5,5,0
247102,1657,2023,Split,485,stax,KIWOOM DRX,Skye,0.85,147,10,15,13,68,86,36,1,1,0
247102,1657,2023,Split,772,Zest,KIWOOM DRX,Viper,0.73,120,10,16,5,59,95,40,1,3,-2
247102,1657,2023,Split,4462,MaKo,KIWOOM DRX,Omen,0.73,128,9,16,12,77,80,22,2,1,1
247102,1657,2023,Split,488,Rb,KIWOOM DRX,Killjoy,0.52,103,6,17,4,55,79,15,1,2,-1
247102,1657,2023,Lotus,2858,SUYGETSU,Natus Vincere,Killjoy,1.41,227,22,14,4,81,170,38,2,0,2
247102,1657,2023,Lotus,384,Shao,Natus Vincere,Sova,1.33,235,22,17,11,81,156,32,3,0,3
247102,1657,2023,Lotus,109,ANGE1,Natus Vincere,Brimstone,0.74,185,17,21,11,69,116,22,4,5,-1
247102,1657,2023,Lotus,11,Zyppan,Natus Vincere,Breach,0.71,152,14,19,12,77,110,50,2,1,1
247102,1657,2023,Lotus,573,cNed,Natus Vincere,Raze,0.58,147,13,19,2,62,102,22,3,5,-2
247102,1657,2023,Lotus,488,Rb,KIWOOM DRX,Killjoy,1.43,221,23,14,4,73,149,31,3,0,3
247102,1657,2023,Lotus,804,BuZz,KIWOOM DRX,Raze,1.22,299,27,21,5,77,181,22,5,6,-1
247102,1657,2023,Lotus,4462,MaKo,KIWOOM DRX,Omen,0.96,143,12,17,18,69,92,42,2,2,0
247102,1657,2023,Lotus,485,stax,KIWOOM DRX,Fade,0.8,151,14,18,11,69,90,35,0,3,-3
247102,1657,2023,Lotus,772,Zest,KIWOOM DRX,Viper,0.78,154,14,19,6,58,91,41,2,4,-2
247079,1657,2023,Split,3520,ZmjjKK,EDward Gaming,Raze,1.45,316,23,11,3,68,187,22,3,3,0
247079,1657,2023,Split,15559,CHICHOO,EDward Gaming,Viper,1.31,209,15,10,7,79,139,27,1,1,0
247079,1657,2023,Split,3017,nobody,EDward Gaming,Skye,1.3,260,18,13,5,84,179,27,4,2,2
247079,1657,2023,Split,4742,Smoggy,EDward Gaming,Jett,0.99,204,14,12,3,68,140,36,1,2,-1
247079,1657,2023,Split,4720,Haodong,EDward Gaming,Astra,0.72,88,7,10,9,79,43,29,1,1,0
247079,1657,2023,Split,4181,Cloud,Giants Gaming,Skye,1.44,263,18,14,6,79,174,36,3,0,3
247079,1657,2023,Split,292,Fit1nho,Giants Gaming,Raze,1.09,229,15,16,5,84,156,16,4,4,0
247079,1657,2023,Split,10,rhyme,Giants Gaming,Breach,1.08,194,12,14,11,68,131,34,0,1,-1
247079,1657,2023,Split,2690,hoody,Giants Gaming,Omen,0.57,124,7,16,7,53,87,23,1,4,-3
247079,1657,2023,Split,3070,nukkye,Giants Gaming,Cypher,0.18,87,4,17,4,42,62,3,1,1,0
247079,1657,2023,Fracture,15559,CHICHOO,EDward Gaming,Killjoy,1.71,260,22,8,6,85,174,18,0,0,0
247079,1657,2023,Fracture,4720,Haodong,EDward Gaming,Brimstone,1.22,250,18,13,12,95,156,37,1,1,0
247079,1657,2023,Fracture,4742,Smoggy,EDward Gaming,Breach,1.08,178,15,10,6,85,100,37,3,1,2
247079,1657,2023,Fracture,3017,nobody,EDward Gaming,Skye,0.91,230,15,16,12,70,176,27,2,4,-2
247079,1657,2023,Fracture,3520,ZmjjKK,EDward Gaming,Jett,0.79,206,15,17,3,65,143,18,5,3,2
247079,1657,2023,Fracture,4181,Cloud,Giants Gaming,Sova,1.61,292,21,15,4,80,199,43,4,2,2
247079,1657,2023,Fracture,10,rhyme,Giants Gaming,Breach,1.02,205,14,15,10,85,141,30,0,0,0
247079,1657,2023,Fracture,2690,hoody,Giants Gaming,Brimstone,0.97,178,12,17,14,60,108,20,3,3,0
247079,1657,2023,Fracture,3070,nukkye,Giants Gaming,Killjoy,0.77,176,12,18,3,65,124,23,1,1,0
247079,1657,2023,Fracture,292,Fit1nho,Giants Gaming,Raze,0.18,88,5,20,4,50,64,10,1,5,-4
248270,1657,2023,Ascent,9810,Alfajer,FNATIC,Killjoy,1.5,313,25,16,5,83,214,26,1,0,1
248270,1657,2023,Ascent,1380,Leo,FNATIC,Sova,1.11,169,17,15,7,79,112,20,0,1,-1
248270,1657,2023,Ascent,458,Chronicle,FNATIC,Kayo,0.82,183,15,20,14,71,114,20,1,1,0
248270,1657,2023,Ascent,5022,Derke,FNATIC,Jett,0.82,181,13,16,5,50,117,16,8,5,3
248270,1657,2023,Ascent,438,Boaster,FNATIC,Omen,0.68,132,10,17,10,46,86,14,2,5,-3
248270,1657,2023,Ascent,6193,cauanzin,LOUD,Sova,1.48,264,22,13,7,88,173,26,3,0,3
248270,1657,2023,Ascent,8480,aspas,LOUD,Jett,1.24,251,23,17,6,79,143,29,4,2,2
248270,1657,2023,Ascent,8447,Less,LOUD,Killjoy,1.06,208,17,16,4,67,138,25,4,4,0
248270,1657,2023,Ascent,2408,tuyz,LOUD,Omen,0.85,112,10,14,12,71,81,31,0,2,-2
248270,1657,2023,Ascent,727,saadhak,LOUD,Kayo,0.73,178,12,20,18,63,109,12,1,4,-3
248270,1657,2023,Lotus,5022,Derke,FNATIC,Raze,1.14,240,16,13,1,63,173,15,6,5,1
248270,1657,2023,Lotus,438,Boaster,FNATIC,Astra,1.09,192,11,13,8,74,126,18,2,0,2
248270,1657,2023,Lotus,1380,Leo,FNATIC,Fade,0.9,172,12,13,3,68,123,20,0,1,-1
248270,1657,2023,Lotus,9810,Alfajer,FNATIC,Killjoy,0.77,130,8,12,2,63,88,17,2,2,0
248270,1657,2023,Lotus,458,Chronicle,FNATIC,Viper,0.42,98,4,14,5,53,80,14,0,1,-1
248270,1657,2023,Lotus,8480,aspas,LOUD,Raze,1.37,216,15,8,3,79,152,26,2,0,2
248270,1657,2023,Lotus,8447,Less,LOUD,Killjoy,1.36,237,17,9,1,74,156,42,1,2,-1
248270,1657,2023,Lotus,2408,tuyz,LOUD,Omen,0.97,159,10,10,14,79,109,30,2,3,-1
248270,1657,2023,Lotus,6193,cauanzin,LOUD,Fade,0.89,175,13,12,6,68,97,27,2,1,1
248270,1657,2023,Lotus,727,saadhak,LOUD,Viper,0.67,154,10,12,2,68,111,18,2,4,-2
247101,1657,2023,Lotus,485,stax,KIWOOM DRX,Fade,1.17,225,23,20,6,64,152,47,2,2,0
247101,1657,2023,Lotus,772,Zest,KIWOOM DRX,Viper,1.14,226,21,20,8,75,168,28,1,3,-2
247101,1657,2023,Lotus,488,Rb,KIWOOM DRX,Killjoy,0.94,185,16,19,9,68,121,30,1,3,-2
247101,1657,2023,Lotus,4462,MaKo,KIWOOM DRX,Omen,0.78,128,12,19,9,64,89,32,0,1,-1
247101,1657,2023,Lotus,804,BuZz,KIWOOM DRX,Raze,0.53,156,15,24,6,57,108,21,4,11,-7
247101,1657,2023,Lotus,8480,aspas,LOUD,Raze,1.44,297,29,18,9,86,193,19,7,2,5
247101,1657,2023,Lotus,6193,cauanzin,LOUD,Fade,1.15,224,22,18,8,68,150,22,2,1,1
247101,1657,2023,Lotus,727,saadhak,LOUD,Viper,1.05,162,16,14,3,68,111,18,4,1,3
247101,1657,2023,Lotus,8447,Less,LOUD,Killjoy,1.0,188,19,19,8,75,121,23,2,0,2
247101,1657,2023,Lotus,2408,tuyz,LOUD,Omen,0.95,159,16,18,21,86,95,32,5,4,1
247101,1657,2023,Split,4462,MaKo,KIWOOM DRX,Omen,1.5,223,17,8,7,74,138,27,0,0,0
247101,1657,2023,Split,804,BuZz,KIWOOM DRX,Raze,1.29,314,21,15,6,79,200,24,6,3,3
247101,1657,2023,Split,772,Zest,KIWOOM DRX,Viper,1.01,226,13,13,10,74,150,27,2,2,0
247101,1657,2023,Split,488,Rb,KIWOOM DRX,Killjoy,0.98,169,12,10,3,63,106,21,3,1,2
247101,1657,2023,Split,485,stax,KIWOOM DRX,Skye,0.78,146,11,13,3,63,85,20,0,2,-2
247101,1657,2023,Split,8480,aspas,LOUD,Raze,1.12,237,14,15,8,68,166,26,3,3,0
247101,1657,2023,Split,8447,Less,LOUD,Killjoy,1.01,218,16,16,3,74,155,33,2,3,-1
247101,1657,2023,Split,727,saadhak,LOUD,Breach,0.85,173,12,14,5,63,99,16,1,3,-2
247101,1657,2023,Split,2408,tuyz,LOUD,Astra,0.82,140,9,15,11,74,98,24,0,1,-1
247101,1657,2023,Split,6193,cauanzin,LOUD,Skye,0.74,142,8,14,11,63,81,17,2,1,1
247101,1657,2023,Ascent,488,Rb,KIWOOM DRX,Killjoy,1.35,264,21,14,4,67,178,21,0,3,-3
247101,1657,2023,Ascent,4462,MaKo,KIWOOM DRX,Omen,1.17,211,15,13,14,76,128,34,1,1,0
247101,1657,2023,Ascent,485,stax,KIWOOM DRX,Kayo,1.12,196,15,15,13,71,123,29,2,2,0
247101,1657,2023,Ascent,772,Zest,KIWOOM DRX,Sova,0.99,235,17,17,7,71,153,33,2,2,0
247101,1657,2023,Ascent,804,BuZz,KIWOOM DRX,Jett,0.74,171,12,16,3,43,104,17,4,4,0
247101,1657,2023,Ascent,6193,cauanzin,LOUD,Fade,1.21,255,19,16,12,76,148,20,3,1,2
247101,1657,2023,Ascent,8480,aspas,LOUD,Jett,1.0,238,18,18,4,71,156,33,4,3,1
247101,1657,2023,Ascent,2408,tuyz,LOUD,Omen,0.98,188,15,15,7,67,111,22,2,1,1
247101,1657,2023,Ascent,8447,Less,LOUD,Viper,0.97,198,14,14,7,71,116,19,2,2,0
247101,1657,2023,Ascent,727,saadhak,LOUD,Breach,0.57,125,9,17,7,62,93,20,1,2,-1
248273,1657,2023,Split,11225,Ethan,Evil Geniuses,Skye,1.05,189,17,18,11,77,122,26,1,1,0
248273,1657,2023,Split,26171,Demon1,Evil Geniuses,Astra,1.0,206,20,18,5,62,134,38,3,0,3
248273,1657,2023,Split,619,C0M,Evil Geniuses,Viper,0.99,181,17,17,2,54,119,34,3,1,2
248273,1657,2023,Split,3993,jawgemo,Evil Geniuses,Raze,0.85,218,17,21,5,77,145,22,6,4,2
248273,1657,2023,Split,604,Boostio,Evil Geniuses,Chamber,0.57,148,12,21,3,58,108,14,2,5,-3
248273,1657,2023,Split,15559,CHICHOO,EDward Gaming,Viper,1.29,234,22,15,5,77,156,33,1,1,0
248273,1657,2023,Split,4720,Haodong,EDward Gaming,Astra,1.17,153,12,13,17,73,114,28,1,0,1
248273,1657,2023,Split,4742,Smoggy,EDward Gaming,Jett,1.13,234,23,19,3,65,172,36,4,4,0
248273,1657,2023,Split,3017,nobody,EDward Gaming,Skye,1.1,213,17,17,12,77,130,16,4,4,0
248273,1657,2023,Split,3520,ZmjjKK,EDward Gaming,Raze,1.0,221,21,19,6,73,155,21,1,6,-5
248273,1657,2023,Ascent,26171,Demon1,Evil Geniuses,Jett,1.65,336,22,13,5,89,232,47,5,0,5
248273,1657,2023,Ascent,11225,Ethan,Evil Geniuses,Kayo,1.61,275,18,9,12,78,161,21,2,1,1
248273,1657,2023,Ascent,604,Boostio,Evil Geniuses,Killjoy,1.35,225,14,9,4,78,163,36,3,2,1
248273,1657,2023,Ascent,3993,jawgemo,Evil Geniuses,Omen,1.28,169,10,8,15,83,97,20,2,1,1
248273,1657,2023,Ascent,619,C0M,Evil Geniuses,Sova,0.86,158,10,11,7,67,106,15,1,1,0
248273,1657,2023,Ascent,3017,nobody,EDward Gaming,Sova,0.87,189,11,15,5,61,131,34,2,6,-4
248273,1657,2023,Ascent,15559,CHICHOO,EDward Gaming,Killjoy,0.87,204,11,15,6,61,141,21,0,1,-1
248273,1657,2023,Ascent,3520,ZmjjKK,EDward Gaming,Jett,0.76,210,13,16,3,61,126,23,2,3,-1
248273,1657,2023,Ascent,4742,Smoggy,EDward Gaming,Kayo,0.62,103,7,13,8,72,76,40,0,2,-2
248273,1657,2023,Ascent,4720,Haodong,EDward Gaming,Omen,0.52,122,8,15,7,56,72,22,1,1,0
248273,1657,2023,Pearl,26171,Demon1,Evil Geniuses,Jett,1.72,361,25,11,2,83,231,36,4,3,1
248273,1657,2023,Pearl,11225,Ethan,Evil Geniuses,Yoru,1.51,296,20,10,4,89,185,20,3,0,3
248273,1657,2023,Pearl,619,C0M,Evil Geniuses,Sova,1.21,200,14,9,6,94,130,24,1,0,1
248273,1657,2023,Pearl,604,Boostio,Evil Geniuses,Killjoy,1.1,214,13,12,6,72,164,30,2,0,2
248273,1657,2023,Pearl,3993,jawgemo,Evil Geniuses,Astra,0.81,130,8,11,10,83,82,22,3,2,1
248273,1657,2023,Pearl,4742,Smoggy,EDward Gaming,Killjoy,1.3,241,16,14,3,72,158,25,2,1,1
248273,1657,2023,Pearl,15559,CHICHOO,EDward Gaming,Viper,0.82,160,9,15,5,61,108,21,0,2,-2
248273,1657,2023,Pearl,4720,Haodong,EDward Gaming,Omen,0.54,168,10,18,8,72,110,29,0,1,-1
248273,1657,2023,Pearl,3017,nobody,EDward Gaming,Skye,0.53,164,10,16,3,56,95,20,3,4,-1
248273,1657,2023,Pearl,3520,ZmjjKK,EDward Gaming,Jett,0.48,141,8,17,4,50,85,26,0,5,-5
247078,1657,2023,Lotus,2764,DaveeyS,KRÜ Esports,Killjoy,1.26,266,21,13,4,78,188,31,2,0,2
247078,1657,2023,Lotus,2462,keznit,KRÜ Esports,Raze,1.12,250,18,17,4,61,163,19,8,3,5
247078,1657,2023,Lotus,1294,NagZ,KRÜ Esports,Viper,0.71,139,10,15,6,61,104,26,2,0,2
247078,1657,2023,Lotus,1311,Melser,KRÜ Esports,Omen,0.71,144,11,16,6,70,94,16,2,3,-1
247078,1657,2023,Lotus,2610,Klaus,KRÜ Esports,Skye,0.58,138,12,20,6,57,91,31,0,3,-3
247078,1657,2023,Lotus,3070,nukkye,Giants Gaming,Killjoy,1.44,259,21,14,5,78,174,23,3,1,2
247078,1657,2023,Lotus,2690,hoody,Giants Gaming,Viper,1.23,209,16,14,8,61,147,21,2,5,-3
247078,1657,2023,Lotus,10,rhyme,Giants Gaming,Omen,1.19,235,18,15,15,65,149,36,1,2,-1
247078,1657,2023,Lotus,292,Fit1nho,Giants Gaming,Raze,1.05,184,14,15,7,78,147,17,1,3,-2
247078,1657,2023,Lotus,4181,Cloud,Giants Gaming,Skye,1.01,141,12,14,15,78,84,38,2,3,-1
247078,1657,2023,Pearl,2462,keznit,KRÜ Esports,Jett,1.38,302,29,20,2,69,182,25,4,2,2
247078,1657,2023,Pearl,2764,DaveeyS,KRÜ Esports,Killjoy,1.14,179,17,15,2,81,119,17,2,0,2
247078,1657,2023,Pearl,1294,NagZ,KRÜ Esports,Viper,0.88,149,13,16,11,62,108,9,0,3,-3
247078,1657,2023,Pearl,2610,Klaus,KRÜ Esports,Skye,0.83,149,14,19,5,65,121,39,3,6,-3
247078,1657,2023,Pearl,1311,Melser,KRÜ Esports,Harbor,0.47,110,8,22,7,69,84,19,1,5,-4
247078,1657,2023,Pearl,2690,hoody,Giants Gaming,Skye,1.34,242,22,14,10,85,160,30,3,3,0
247078,1657,2023,Pearl,292,Fit1nho,Giants Gaming,Jett,1.19,256,24,18,3,73,166,26,7,3,4
247078,1657,2023,Pearl,4181,Cloud,Giants Gaming,Sova,1.05,198,18,16,9,65,134,19,3,1,2
247078,1657,2023,Pearl,10,rhyme,Giants Gaming,Astra,0.91,149,13,15,14,73,99,33,1,2,-1
247078,1657,2023,Pearl,3070,nukkye,Giants Gaming,Cypher,0.87,170,15,18,6,65,128,18,2,1,1
247088,1657,2023,Pearl,11225,Ethan,Evil Geniuses,Kayo,1.27,240,21,19,23,86,162,17,1,3,-2
247088,1657,2023,Pearl,604,Boostio,Evil Geniuses,Killjoy,1.2,276,26,23,10,71,194,27,3,1,2
247088,1657,2023,Pearl,619,C0M,Evil Geniuses,Sova,1.14,210,22,18,11,79,141,18,5,2,3
247088,1657,2023,Pearl,3993,jawgemo,Evil Geniuses,Astra,0.85,158,16,20,12,61,112,18,1,1,0
247088,1657,2023,Pearl,26171,Demon1,Evil Geniuses,Jett,0.79,149,16,20,3,61,111,32,4,7,-3
247088,1657,2023,Pearl,1139,qRaxs,FUT Esports,Kayo,1.2,218,20,19,15,79,137,20,2,3,-1
247088,1657,2023,Pearl,3604,MOJJ,FUT Esports,Viper,1.07,211,19,19,11,71,153,30,2,1,1
247088,1657,2023,Pearl,6510,AtaKaptan,FUT Esports,Brimstone,1.02,216,20,21,18,82,141,30,3,2,1
247088,1657,2023,Pearl,8044,MrFaliN,FUT Esports,Killjoy,1.01,216,21,21,5,61,141,21,2,3,-1
247088,1657,2023,Pearl,10125,qw1,FUT Esports,Jett,0.88,186,20,21,0,68,109,25,5,5,0
247088,1657,2023,Bind,3993,jawgemo,Evil Geniuses,Raze,1.32,309,21,16,7,73,203,17,5,3,2
247088,1657,2023,Bind,26171,Demon1,Evil Geniuses,Chamber,1.11,176,16,13,3,64,136,48,3,1,2
247088,1657,2023,Bind,619,C0M,Evil Geniuses,Viper,1.03,208,17,15,9,68,127,16,2,0,2
247088,1657,2023,Bind,604,Boostio,Evil Geniuses,Brimstone,0.97,176,16,14,5,64,105,39,2,3,-1
247088,1657,2023,Bind,11225,Ethan,Evil Geniuses,Skye,0.87,185,12,16,18,73,115,17,2,1,1
247088,1657,2023,Bind,10125,qw1,FUT Esports,Raze,1.08,241,18,17,3,73,153,25,1,3,-2
247088,1657,2023,Bind,3604,MOJJ,FUT Esports,Viper,1.06,253,19,18,6,68,159,39,7,2,5
247088,1657,2023,Bind,1139,qRaxs,FUT Esports,Kayo,0.93,194,14,16,6,59,122,50,0,2,-2
247088,1657,2023,Bind,8044,MrFaliN,FUT Esports,Fade,0.88,151,11,14,6,59,100,22,0,3,-3
247088,1657,2023,Bind,6510,AtaKaptan,FUT Esports,Brimstone,0.87,183,12,17,12,68,118,18,0,4,-4
248282,1657,2023,Split,9810,Alfajer,FNATIC,Cypher,1.01,220,15,13,0,71,155,38,1,0,1
248282,1657,2023,Split,438,Boaster,FNATIC,Omen,0.95,175,11,13,6,76,117,26,1,0,1
248282,1657,2023,Split,5022,Derke,FNATIC,Raze,0.93,243,12,14,5,65,177,13,4,4,0
248282,1657,2023,Split,1380,Leo,FNATIC,Skye,0.61,173,9,14,7,65,111,15,2,1,1
248282,1657,2023,Split,458,Chronicle,FNATIC,Breach,0.31,90,5,14,4,47,68,31,1,3,-2
248282,1657,2023,Split,8447,Less,LOUD,Killjoy,1.69,272,16,8,4,76,185,31,1,1,0
248282,1657,2023,Split,727,saadhak,LOUD,Breach,1.49,267,17,11,13,88,165,25,3,2,1
248282,1657,2023,Split,6193,cauanzin,LOUD,Skye,1.32,225,15,11,9,76,133,26,2,3,-1
248282,1657,2023,Split,2408,tuyz,LOUD,Astra,0.94,148,9,9,11,71,63,13,0,2,-2
248282,1657,2023,Split,8480,aspas,LOUD,Raze,0.82,177,11,13,5,82,114,13,2,1,1
248282,1657,2023,Ascent,1380,Leo,FNATIC,Sova,1.46,251,18,9,11,86,162,17,2,1,1
248282,1657,2023,Ascent,5022,Derke,FNATIC,Jett,1.25,210,18,13,5,68,134,29,2,6,-4
248282,1657,2023,Ascent,438,Boaster,FNATIC,Omen,1.2,213,18,14,11,77,119,23,2,4,-2
248282,1657,2023,Ascent,9810,Alfajer,FNATIC,Killjoy,0.97,220,17,16,2,77,165,24,0,3,-3
248282,1657,2023,Ascent,458,Chronicle,FNATIC,Kayo,0.64,146,11,16,5,59,101,21,0,2,-2
248282,1657,2023,Ascent,6193,cauanzin,LOUD,Sova,1.37,285,22,16,7,73,171,27,6,1,5
248282,1657,2023,Ascent,8480,aspas,LOUD,Jett,1.19,271,22,16,4,86,181,36,5,0,5
248282,1657,2023,Ascent,727,saadhak,LOUD,Kayo,0.78,142,11,17,11,86,86,11,3,2,1
248282,1657,2023,Ascent,2408,tuyz,LOUD,Omen,0.54,106,6,16,11,64,88,15,0,0,0
248282,1657,2023,Ascent,8447,Less,LOUD,Killjoy,0.45,105,6,17,2,50,78,10,2,3,-1
248282,1657,2023,Haven,1380,Leo,FNATIC,Sova,1.58,265,18,13,9,90,180,27,2,0,2
248282,1657,2023,Haven,5022,Derke,FNATIC,Jett,0.88,192,13,16,2,55,132,36,4,3,1
248282,1657,2023,Haven,438,Boaster,FNATIC,Astra,0.58,152,8,19,9,65,108,16,1,2,-1
248282,1657,2023,Haven,458,Chronicle,FNATIC,Breach,0.56,147,10,18,5,55,100,24,0,3,-3
248282,1657,2023,Haven,9810,Alfajer,FNATIC,Killjoy,0.53,142,10,17,2,45,94,21,1,4,-3
248282,1657,2023,Haven,8480,aspas,LOUD,Jett,1.76,327,26,10,3,80,202,21,6,1,5
248282,1657,2023,Haven,6193,cauanzin,LOUD,Skye,1.34,222,17,9,9,85,142,31,1,1,0
248282,1657,2023,Haven,8447,Less,LOUD,Killjoy,1.25,244,19,14,6,95,178,24,2,1,1
248282,1657,2023,Haven,727,saadhak,LOUD,Viper,0.89,177,10,12,13,80,124,21,1,2,-1
248282,1657,2023,Haven,2408,tuyz,LOUD,Harbor,0.71,136,11,14,6,80,102,38,2,3,-1
248281,1657,2023,Bind,2408,tuyz,LOUD,Brimstone,1.26,271,23,17,7,63,167,42,2,3,-1
248281,1657,2023,Bind,8480,aspas,LOUD,Raze,1.2,253,23,18,1,67,176,23,1,2,-1
248281,1657,2023,Bind,6193,cauanzin,LOUD,Skye,1.0,199,16,17,7,63,134,40,1,3,-2
248281,1657,2023,Bind,8447,Less,LOUD,Viper,0.64,165,12,19,4,54,111,21,2,2,0
248281,1657,2023,Bind,727,saadhak,LOUD,Omen,0.56,143,10,20,9,71,110,25,1,7,-6
248281,1657,2023,Bind,3520,ZmjjKK,EDward Gaming,Reyna,1.37,300,26,17,5,75,186,19,7,1,6
248281,1657,2023,Bind,3017,nobody,EDward Gaming,Skye,1.32,233,20,17,9,79,163,45,4,0,4
248281,1657,2023,Bind,15559,CHICHOO,EDward Gaming,Viper,1.09,170,15,13,8,67,108,20,0,2,-2
248281,1657,2023,Bind,4742,Smoggy,EDward Gaming,Raze,1.06,245,21,17,4,75,162,23,3,1,2
248281,1657,2023,Bind,4720,Haodong,EDward Gaming,Brimstone,0.55,130,9,20,11,75,78,26,3,3,0
248281,1657,2023,Ascent,2408,tuyz,LOUD,Omen,1.51,233,19,7,10,89,148,44,2,1,1
248281,1657,2023,Ascent,6193,cauanzin,LOUD,Sova,1.48,238,17,8,6,89,141,28,4,0,4
248281,1657,2023,Ascent,727,saadhak,LOUD,Kayo,1.37,237,11,10,25,89,148,19,2,0,2
248281,1657,2023,Ascent,8447,Less,LOUD,Killjoy,1.22,268,17,13,2,78,196,19,3,0,3
248281,1657,2023,Ascent,8480,aspas,LOUD,Jett,1.16,203,15,9,2,78,133,22,5,1,4
248281,1657,2023,Ascent,4742,Smoggy,EDward Gaming,Kayo,0.95,190,11,15,8,44,140,38,1,3,-2
248281,1657,2023,Ascent,15559,CHICHOO,EDward Gaming,Killjoy,0.86,200,10,16,6,61,148,13,0,1,-1
248281,1657,2023,Ascent,3520,ZmjjKK,EDward Gaming,Jett,0.67,150,10,16,1,50,101,27,0,5,-5
248281,1657,2023,Ascent,4720,Haodong,EDward Gaming,Omen,0.64,103,5,15,13,61,68,32,0,1,-1
248281,1657,2023,Ascent,3017,nobody,EDward Gaming,Sova,0.63,175,11,17,2,61,123,38,1,6,-5
248281,1657,2023,Haven,6193,cauanzin,LOUD,Skye,1.36,258,25,16,5,71,144,25,2,2,0
248281,1657,2023,Haven,8447,Less,LOUD,Killjoy,1.32,235,19,14,8,83,158,23,5,1,4
248281,1657,2023,Haven,8480,aspas,LOUD,Jett,1.02,185,17,14,2,71,128,20,4,1,3
248281,1657,2023,Haven,727,saadhak,LOUD,Viper,0.9,170,11,15,11,71,116,16,4,3,1
248281,1657,2023,Haven,2408,tuyz,LOUD,Harbor,0.71,122,9,17,9,67,88,25,1,1,0
248281,1657,2023,Haven,4742,Smoggy,EDward Gaming,Breach,1.32,279,23,17,10,75,186,51,0,1,-1
248281,1657,2023,Haven,15559,CHICHOO,EDward Gaming,Cypher,0.96,143,13,13,6,67,112,52,0,3,-3
248281,1657,2023,Haven,4720,Haodong,EDward Gaming,Omen,0.92,149,13,14,13,79,97,34,2,3,-1
248281,1657,2023,Haven,3520,ZmjjKK,EDward Gaming,Jett,0.81,222,17,19,3,46,139,8,3,6,-3
248281,1657,2023,Haven,3017,nobody,EDward Gaming,Sova,0.74,149,10,18,9,67,100,26,3,3,0
248278,1657,2023,Split,9810,Alfajer,FNATIC,Cypher,1.72,291,19,9,2,83,194,29,5,2,3
248278,1657,2023,Split,458,Chronicle,FNATIC,Breach,1.23,192,13,8,5,72,130,31,1,0,1
248278,1657,2023,Split,5022,Derke,FNATIC,Raze,1.2,275,17,13,4,67,181,30,6,3,3
248278,1657,2023,Split,1380,Leo,FNATIC,Skye,0.96,148,9,8,12,89,85,15,0,0,0
248278,1657,2023,Split,438,Boaster,FNATIC,Omen,0.92,147,9,11,7,72,84,24,1,0,1
248278,1657,2023,Split,6510,AtaKaptan,FUT Esports,Omen,1.12,226,13,12,9,67,145,43,1,2,-1
248278,1657,2023,Split,8044,MrFaliN,FUT Esports,Skye,1.01,218,14,13,7,78,142,20,0,2,-2
248278,1657,2023,Split,1139,qRaxs,FUT Esports,Kayo,0.66,138,9,13,0,44,98,43,1,0,1
248278,1657,2023,Split,3604,MOJJ,FUT Esports,Viper,0.58,118,7,14,1,50,75,24,3,3,0
248278,1657,2023,Split,10125,qw1,FUT Esports,Jett,0.29,94,6,15,0,33,58,38,0,6,-6
248278,1657,2023,Haven,9810,Alfajer,FNATIC,Killjoy,1.64,314,26,10,0,82,208,30,4,3,1
248278,1657,2023,Haven,458,Chronicle,FNATIC,Breach,1.45,222,17,9,11,86,141,22,4,0,4
248278,1657,2023,Haven,1380,Leo,FNATIC,Sova,1.34,228,17,10,9,77,150,39,2,0,2
248278,1657,2023,Haven,5022,Derke,FNATIC,Jett,0.88,176,14,13,1,68,119,26,3,2,1
248278,1657,2023,Haven,438,Boaster,FNATIC,Astra,0.83,144,11,13,7,73,85,37,3,1,2
248278,1657,2023,Haven,6510,AtaKaptan,FUT Esports,Omen,0.85,161,11,17,9,59,99,23,0,2,-2
248278,1657,2023,Haven,1139,qRaxs,FUT Esports,Gekko,0.81,169,12,16,1,59,116,38,3,3,0
248278,1657,2023,Haven,8044,MrFaliN,FUT Esports,Breach,0.75,149,11,18,5,45,99,38,1,1,0
248278,1657,2023,Haven,3604,MOJJ,FUT Esports,Killjoy,0.75,129,9,15,5,64,90,30,2,5,-3
248278,1657,2023,Haven,10125,qw1,FUT Esports,Jett,0.59,147,12,19,0,32,111,44,0,5,-5
248271,1657,2023,Ascent,17086,something,Paper Rex,Reyna,1.4,291,24,13,4,70,178,27,4,5,-1
248271,1657,2023,Ascent,9803,d4v41,Paper Rex,Skye,1.18,204,15,12,14,87,124,22,2,0,2
248271,1657,2023,Ascent,9801,f0rsakeN,Paper Rex,Harbor,1.08,237,19,18,10,83,153,25,1,1,0
248271,1657,2023,Ascent,7378,Jinggg,Paper Rex,Raze,1.02,228,21,15,2,70,140,18,4,5,-1
248271,1657,2023,Ascent,9800,mindfreak,Paper Rex,Viper,1.01,122,11,10,3,65,76,30,1,0,1
248271,1657,2023,Ascent,8044,MrFaliN,FUT Esports,Sova,1.31,276,21,18,5,74,190,31,1,2,-1
248271,1657,2023,Ascent,1139,qRaxs,FUT Esports,Kayo,0.88,157,14,17,8,74,110,29,0,0,0
248271,1657,2023,Ascent,10125,qw1,FUT Esports,Jett,0.76,182,15,20,2,57,119,29,6,4,2
248271,1657,2023,Ascent,3604,MOJJ,FUT Esports,Killjoy,0.67,115,9,17,2,52,82,22,2,1,1
248271,1657,2023,Ascent,6510,AtaKaptan,FUT Esports,Omen,0.6,125,9,18,8,65,90,16,2,5,-3
248271,1657,2023,Pearl,9803,d4v41,Paper Rex,Skye,1.83,320,20,9,11,100,202,40,2,0,2
248271,1657,2023,Pearl,9801,f0rsakeN,Paper Rex,Killjoy,1.5,298,17,10,3,82,209,30,2,0,2
248271,1657,2023,Pearl,17086,something,Paper Rex,Jett,1.28,229,15,9,1,76,148,36,6,1,5
248271,1657,2023,Pearl,9800,mindfreak,Paper Rex,Astra,0.68,113,8,9,4,71,70,21,0,1,-1
248271,1657,2023,Pearl,7378,Jinggg,Paper Rex,Phoenix,0.66,143,9,12,5,59,91,26,1,4,-3
248271,1657,2023,Pearl,6510,AtaKaptan,FUT Esports,Brimstone,0.93,236,12,13,6,53,162,31,2,3,-1
248271,1657,2023,Pearl,10125,qw1,FUT Esports,Jett,0.92,213,13,13,3,76,138,18,1,2,-1
248271,1657,2023,Pearl,8044,MrFaliN,FUT Esports,Killjoy,0.81,180,10,15,3,65,144,32,2,1,1
248271,1657,2023,Pearl,3604,MOJJ,FUT Esports,Viper,0.74,155,9,13,4,65,107,20,1,2,-1
248271,1657,2023,Pearl,1139,qRaxs,FUT Esports,Kayo,0.39,135,5,15,8,71,122,24,0,3,-3
248280,1657,2023,Bind,4462,MaKo,KIWOOM DRX,Brimstone,1.68,326,17,7,3,79,222,26,0,0,0
248280,1657,2023,Bind,485,stax,KIWOOM DRX,Skye,1.65,218,13,5,6,86,141,37,0,1,-1
248280,1657,2023,Bind,772,Zest,KIWOOM DRX,Viper,1.54,189,12,5,4,79,110,37,1,1,0
248280,1657,2023,Bind,488,Rb,KIWOOM DRX,Yoru,1.18,172,8,6,2,86,117,32,2,1,1
248280,1657,2023,Bind,804,BuZz,KIWOOM DRX,Raze,0.9,188,8,9,5,64,121,25,4,4,0
248280,1657,2023,Bind,458,Chronicle,FNATIC,Viper,0.93,185,8,10,2,71,126,25,3,0,3
248280,1657,2023,Bind,5022,Derke,FNATIC,Raze,0.71,180,9,12,1,64,123,22,3,3,0
248280,1657,2023,Bind,9810,Alfajer,FNATIC,Chamber,0.7,174,9,12,0,50,121,44,1,3,-2
248280,1657,2023,Bind,438,Boaster,FNATIC,Brimstone,0.31,82,2,12,6,50,66,23,0,1,-1
248280,1657,2023,Bind,1380,Leo,FNATIC,Skye,0.29,78,4,12,4,64,54,42,0,0,0
248280,1657,2023,Haven,804,BuZz,KIWOOM DRX,Jett,1.16,222,17,14,1,64,126,33,3,4,-1
248280,1657,2023,Haven,4462,MaKo,KIWOOM DRX,Omen,0.99,186,16,14,9,59,117,48,1,4,-3
248280,1657,2023,Haven,488,Rb,KIWOOM DRX,Killjoy,0.81,132,9,13,2,50,105,17,0,2,-2
248280,1657,2023,Haven,772,Zest,KIWOOM DRX,Viper,0.64,166,13,19,4,55,106,70,2,5,-3
248280,1657,2023,Haven,485,stax,KIWOOM DRX,Skye,0.48,112,10,17,1,55,69,26,1,0,1
248280,1657,2023,Haven,9810,Alfajer,FNATIC,Killjoy,1.47,239,20,13,5,77,164,28,4,1,3
248280,1657,2023,Haven,1380,Leo,FNATIC,Sova,1.34,207,16,11,10,82,146,39,1,0,1
248280,1657,2023,Haven,5022,Derke,FNATIC,Jett,1.1,195,15,11,3,68,130,32,7,4,3
248280,1657,2023,Haven,438,Boaster,FNATIC,Astra,0.96,199,15,16,8,73,122,24,3,1,2
248280,1657,2023,Haven,458,Chronicle,FNATIC,Breach,0.84,135,11,14,11,68,89,19,0,1,-1
248280,1657,2023,Split,4462,MaKo,KIWOOM DRX,Omen,1.12,228,14,17,10,74,134,26,2,1,1
248280,1657,2023,Split,485,stax,KIWOOM DRX,Skye,1.0,203,14,16,3,63,139,29,0,0,0
248280,1657,2023,Split,804,BuZz,KIWOOM DRX,Raze,0.75,148,9,15,4,68,108,7,2,4,-2
248280,1657,2023,Split,488,Rb,KIWOOM DRX,Killjoy,0.61,128,8,14,0,47,91,33,2,4,-2
248280,1657,2023,Split,772,Zest,KIWOOM DRX,Viper,0.24,104,6,18,5,42,79,21,1,3,-2
248280,1657,2023,Split,1380,Leo,FNATIC,Skye,1.9,326,25,7,13,100,177,29,1,0,1
248280,1657,2023,Split,458,Chronicle,FNATIC,Breach,1.32,244,16,11,7,89,150,22,3,1,2
248280,1657,2023,Split,438,Boaster,FNATIC,Omen,1.14,242,15,13,13,74,133,14,5,1,4
248280,1657,2023,Split,5022,Derke,FNATIC,Raze,1.1,186,14,10,4,79,125,21,3,4,-1
248280,1657,2023,Split,9810,Alfajer,FNATIC,Cypher,0.83,132,10,10,3,58,81,29,0,1,-1
248277,1657,2023,Split,9803,d4v41,Paper Rex,Viper,1.11,197,15,15,7,78,133,22,0,2,-2
248277,1657,2023,Split,9801,f0rsakeN,Paper Rex,Skye,1.02,223,17,18,10,78,161,24,4,4,0
248277,1657,2023,Split,17086,something,Paper Rex,Jett,0.98,197,16,18,4,74,131,29,4,4,0
248277,1657,2023,Split,9800,mindfreak,Paper Rex,Astra,0.93,171,16,17,5,70,109,36,0,1,-1
248277,1657,2023,Split,7378,Jinggg,Paper Rex,Raze,0.74,208,13,20,6,57,138,22,2,2,0
248277,1657,2023,Split,26171,Demon1,Evil Geniuses,Jett,1.61,303,27,14,1,70,211,41,6,1,5
248277,1657,2023,Split,3993,jawgemo,Evil Geniuses,Raze,1.4,287,25,15,5,83,186,15,4,2,2
248277,1657,2023,Split,604,Boostio,Evil Geniuses,Astra,1.01,212,16,17,10,83,145,29,2,2,0
248277,1657,2023,Split,11225,Ethan,Evil Geniuses,Skye,0.84,154,12,16,16,83,100,22,1,2,-1
248277,1657,2023,Split,619,C0M,Evil Geniuses,Viper,0.52,111,8,15,5,65,85,5,0,3,-3
248277,1657,2023,Ascent,17086,something,Paper Rex,Reyna,1.51,275,25,15,2,79,180,37,4,0,4
248277,1657,2023,Ascent,9803,d4v41,Paper Rex,Kayo,1.49,254,24,14,13,79,172,31,0,0,0
248277,1657,2023,Ascent,7378,Jinggg,Paper Rex,Raze,0.94,272,20,22,3,75,180,21,10,2,8
248277,1657,2023,Ascent,9801,f0rsakeN,Paper Rex,Harbor,0.85,142,12,16,8,58,91,23,1,2,-1
248277,1657,2023,Ascent,9800,mindfreak,Paper Rex,Viper,0.42,84,6,18,8,58,66,24,0,5,-5
248277,1657,2023,Ascent,11225,Ethan,Evil Geniuses,Kayo,1.12,192,18,16,15,71,122,24,0,4,-4
248277,1657,2023,Ascent,619,C0M,Evil Geniuses,Sova,1.1,249,21,19,5,75,156,16,3,0,3
248277,1657,2023,Ascent,604,Boostio,Evil Geniuses,Killjoy,1.09,246,19,19,8,71,167,17,2,5,-3
248277,1657,2023,Ascent,26171,Demon1,Evil Geniuses,Jett,0.96,189,16,16,4,67,136,32,3,3,0
248277,1657,2023,Ascent,3993,jawgemo,Evil Geniuses,Omen,0.75,140,11,17,11,67,97,20,1,3,-2
248277,1657,2023,Bind,17086,something,Paper Rex,Breach,1.0,178,11,15,8,61,119,11,2,0,2
248277,1657,2023,Bind,9800,mindfreak,Paper Rex,Brimstone,0.88,172,10,14,9,61,99,39,0,0,0
248277,1657,2023,Bind,7378,Jinggg,Paper Rex,Raze,0.73,188,11,17,6,56,118,18,4,4,0
248277,1657,2023,Bind,9801,f0rsakeN,Paper Rex,Yoru,0.67,160,9,15,6,56,97,22,3,3,0
248277,1657,2023,Bind,9803,d4v41,Paper Rex,Skye,0.66,138,8,14,9,67,106,29,0,2,-2
248277,1657,2023,Bind,3993,jawgemo,Evil Geniuses,Raze,1.65,360,23,12,4,78,219,13,5,3,2
248277,1657,2023,Bind,619,C0M,Evil Geniuses,Viper,1.54,246,18,7,4,78,145,26,1,1,0
248277,1657,2023,Bind,26171,Demon1,Evil Geniuses,Chamber,1.38,183,13,5,2,83,138,48,3,1,2
248277,1657,2023,Bind,11225,Ethan,Evil Geniuses,Skye,0.87,145,10,10,5,72,105,19,0,2,-2
248277,1657,2023,Bind,604,Boostio,Evil Geniuses,Brimstone,0.8,179,11,15,9,89,128,22,0,2,-2
248277,1657,2023,Lotus,7378,Jinggg,Paper Rex,Raze,1.2,268,19,18,5,70,187,18,3,3,0
248277,1657,2023,Lotus,9803,d4v41,Paper Rex,Skye,0.92,156,14,15,4,70,99,31,0,0,0
248277,1657,2023,Lotus,9801,f0rsakeN,Paper Rex,Astra,0.9,197,16,18,7,57,143,36,5,6,-1
248277,1657,2023,Lotus,9800,mindfreak,Paper Rex,Omen,0.82,182,14,18,7,61,124,29,0,0,0
248277,1657,2023,Lotus,17086,something,Paper Rex,Jett,0.72,177,14,18,4,65,114,26,3,3,0
248277,1657,2023,Lotus,26171,Demon1,Evil Geniuses,Astra,1.48,244,23,13,10,83,162,46,0,1,-1
248277,1657,2023,Lotus,3993,jawgemo,Evil Geniuses,Raze,1.32,338,26,18,5,78,225,18,7,3,4
248277,1657,2023,Lotus,604,Boostio,Evil Geniuses,Killjoy,1.1,198,16,16,1,65,131,36,2,2,0
248277,1657,2023,Lotus,11225,Ethan,Evil Geniuses,Skye,0.86,180,13,17,15,74,108,29,2,3,-1
248277,1657,2023,Lotus,619,C0M,Evil Geniuses,Viper,0.8,118,9,13,8,74,82,30,1,2,-1
247089,1657,2023,Lotus,11218,Yuicaw,FunPlus Phoenix,Raze,1.19,220,18,15,2,74,125,19,3,3,0
247089,1657,2023,Lotus,19530,AAAAY,FunPlus Phoenix,Gekko,1.03,189,17,14,1,74,120,39,0,2,-2
247089,1657,2023,Lotus,7857,BerLIN,FunPlus Phoenix,Harbor,0.88,163,13,16,7,57,116,57,2,4,-2
247089,1657,2023,Lotus,37489,Lysoar,FunPlus Phoenix,Killjoy,0.8,180,14,16,4,78,111,41,1,4,-3
247089,1657,2023,Lotus,4880,nizhaoTZH,FunPlus Phoenix,Viper,0.66,141,11,16,7,74,99,46,3,1,2
247089,1657,2023,Lotus,474,xeta,T1,Viper,1.24,198,17,13,6,70,135,30,2,1,1
247089,1657,2023,Lotus,4545,Sayaplayer,T1,Raze,1.2,266,21,16,3,70,179,22,4,2,2
247089,1657,2023,Lotus,2489,Munchkin,T1,Killjoy,1.07,198,16,14,3,65,130,21,4,2,2
247089,1657,2023,Lotus,5129,ban,T1,Omen,0.95,181,15,16,4,70,115,45,3,0,3
247089,1657,2023,Lotus,31207,carpe,T1,Fade,0.63,78,8,14,6,65,49,13,1,4,-3
247089,1657,2023,Bind,19530,AAAAY,FunPlus Phoenix,Skye,1.35,255,20,14,7,80,168,45,0,2,-2
247089,1657,2023,Bind,37489,Lysoar,FunPlus Phoenix,Viper,1.14,207,15,14,4,75,136,28,0,1,-1
247089,1657,2023,Bind,7857,BerLIN,FunPlus Phoenix,Raze,0.92,227,12,17,8,85,167,27,6,0,6
247089,1657,2023,Bind,11218,Yuicaw,FunPlus Phoenix,Jett,0.78,214,15,17,4,55,142,47,3,3,0
247089,1657,2023,Bind,4880,nizhaoTZH,FunPlus Phoenix,Harbor,0.43,86,6,15,4,50,58,50,2,3,-1
247089,1657,2023,Bind,4545,Sayaplayer,T1,Jett,1.44,251,19,11,3,75,164,28,6,2,4
247089,1657,2023,Bind,474,xeta,T1,Viper,1.24,213,16,11,5,70,133,23,1,2,-1
247089,1657,2023,Bind,5129,ban,T1,Harbor,0.97,211,15,16,9,80,127,26,1,4,-3
247089,1657,2023,Bind,2489,Munchkin,T1,Skye,0.95,193,14,14,9,75,122,15,0,2,-2
247089,1657,2023,Bind,31207,carpe,T1,Gekko,0.84,191,13,16,3,65,130,27,1,1,0
247093,1657,2023,Fracture,9810,Alfajer,FNATIC,Killjoy,1.82,339,23,7,5,89,228,32,4,0,4
247093,1657,2023,Fracture,5022,Derke,FNATIC,Raze,1.42,268,19,11,2,72,189,25,4,3,1
247093,1657,2023,Fracture,1380,Leo,FNATIC,Sova,1.27,194,12,7,5,89,145,36,2,0,2
247093,1657,2023,Fracture,458,Chronicle,FNATIC,Breach,0.95,124,9,11,10,78,75,14,1,0,1
247093,1657,2023,Fracture,438,Boaster,FNATIC,Brimstone,0.95,194,12,11,8,83,100,25,4,0,4
247093,1657,2023,Fracture,1395,TENNN,ZETA DIVISION,Raze,1.02,189,12,13,2,67,127,18,0,6,-6
247093,1657,2023,Fracture,6668,SugarZ3ro,ZETA DIVISION,Brimstone,0.83,136,8,14,7,72,77,33,0,2,-2
247093,1657,2023,Fracture,999,Laz,ZETA DIVISION,Chamber,0.58,168,11,16,1,56,88,21,2,5,-3
247093,1657,2023,Fracture,424,Dep,ZETA DIVISION,Neon,0.56,190,10,17,0,56,119,29,1,2,-1
247093,1657,2023,Fracture,1000,crow,ZETA DIVISION,Breach,0.45,102,6,15,3,50,75,22,0,0,0
247093,1657,2023,Haven,9810,Alfajer,FNATIC,Killjoy,1.79,302,22,10,4,84,211,34,3,2,1
247093,1657,2023,Haven,1380,Leo,FNATIC,Sova,1.77,319,20,8,10,95,212,30,1,1,0
247093,1657,2023,Haven,458,Chronicle,FNATIC,Breach,0.95,141,8,11,17,95,92,24,1,0,1
247093,1657,2023,Haven,438,Boaster,FNATIC,Astra,0.94,189,13,12,5,79,124,28,2,0,2
247093,1657,2023,Haven,5022,Derke,FNATIC,Jett,0.69,190,14,15,1,58,121,29,3,6,-3
247093,1657,2023,Haven,424,Dep,ZETA DIVISION,Killjoy,1.05,248,16,14,2,63,169,28,3,0,3
247093,1657,2023,Haven,999,Laz,ZETA DIVISION,Chamber,0.86,157,12,14,2,53,99,19,1,3,-2
247093,1657,2023,Haven,6668,SugarZ3ro,ZETA DIVISION,Astra,0.79,167,10,15,8,63,102,18,1,2,-1
247093,1657,2023,Haven,1395,TENNN,ZETA DIVISION,Raze,0.57,178,12,19,3,47,119,19,3,5,-2
247093,1657,2023,Haven,1000,crow,ZETA DIVISION,Skye,0.48,104,6,15,6,58,62,11,1,0,1
248276,1657,2023,Ascent,9800,mindfreak,Paper Rex,Viper,1.26,237,20,16,6,91,167,33,1,0,1
248276,1657,2023,Ascent,17086,something,Paper Rex,Reyna,1.16,235,20,16,3,65,157,15,5,2,3
248276,1657,2023,Ascent,7378,Jinggg,Paper Rex,Raze,1.12,259,20,18,6,83,166,18,3,2,1
248276,1657,2023,Ascent,9801,f0rsakeN,Paper Rex,Harbor,0.71,168,12,18,8,74,111,30,3,5,-2
248276,1657,2023,Ascent,9803,d4v41,Paper Rex,Skye,0.68,135,9,16,13,74,90,7,2,0,2
248276,1657,2023,Ascent,619,C0M,Evil Geniuses,Sova,1.79,304,28,12,6,78,189,33,1,0,1
248276,1657,2023,Ascent,3993,jawgemo,Evil Geniuses,Omen,1.04,217,18,16,6,74,130,25,1,1,0
248276,1657,2023,Ascent,11225,Ethan,Evil Geniuses,Kayo,0.84,173,12,17,13,70,127,13,2,5,-3
248276,1657,2023,Ascent,604,Boostio,Evil Geniuses,Killjoy,0.81,222,16,19,5,74,168,26,3,3,0
248276,1657,2023,Ascent,26171,Demon1,Evil Geniuses,Jett,0.57,115,10,18,2,52,86,33,2,5,-3
248276,1657,2023,Bind,7378,Jinggg,Paper Rex,Raze,1.3,291,22,16,4,77,179,16,3,3,0
248276,1657,2023,Bind,9803,d4v41,Paper Rex,Skye,1.15,238,20,15,2,73,149,41,1,2,-1
248276,1657,2023,Bind,9800,mindfreak,Paper Rex,Brimstone,1.13,166,14,12,12,77,117,44,1,1,0
248276,1657,2023,Bind,9801,f0rsakeN,Paper Rex,Harbor,1.07,189,16,14,5,59,119,27,1,2,-1
248276,1657,2023,Bind,17086,something,Paper Rex,Reyna,0.74,131,8,14,8,73,85,13,3,5,-2
248276,1657,2023,Bind,619,C0M,Evil Geniuses,Viper,1.34,238,21,14,6,77,147,18,1,0,1
248276,1657,2023,Bind,26171,Demon1,Evil Geniuses,Chamber,1.05,234,18,17,1,59,143,37,6,2,4
248276,1657,2023,Bind,11225,Ethan,Evil Geniuses,Skye,0.83,141,10,15,8,59,88,13,2,1,1
248276,1657,2023,Bind,3993,jawgemo,Evil Geniuses,Raze,0.82,191,15,17,6,68,122,8,4,3,1
248276,1657,2023,Bind,604,Boostio,Evil Geniuses,Brimstone,0.43,94,7,17,6,45,65,16,0,3,-3
248276,1657,2023,Pearl,9800,mindfreak,Paper Rex,Astra,1.47,235,23,14,14,75,170,33,0,3,-3
248276,1657,2023,Pearl,9801,f0rsakeN,Paper Rex,Killjoy,1.28,326,29,21,9,75,209,21,2,2,0
248276,1657,2023,Pearl,7378,Jinggg,Paper Rex,Phoenix,0.99,208,21,22,10,79,146,21,3,4,-1
248276,1657,2023,Pearl,9803,d4v41,Paper Rex,Skye,0.91,159,15,21,17,75,111,33,0,1,-1
248276,1657,2023,Pearl,17086,something,Paper Rex,Jett,0.79,171,16,21,5,64,109,16,5,8,-3
248276,1657,2023,Pearl,26171,Demon1,Evil Geniuses,Jett,1.42,271,28,19,2,82,210,33,4,0,4
248276,1657,2023,Pearl,3993,jawgemo,Evil Geniuses,Astra,1.29,232,19,19,26,82,166,24,1,2,-1
248276,1657,2023,Pearl,11225,Ethan,Evil Geniuses,Yoru,1.09,234,24,22,8,68,137,18,7,2,5
248276,1657,2023,Pearl,619,C0M,Evil Geniuses,Sova,0.66,156,15,21,7,82,112,22,1,1,0
248276,1657,2023,Pearl,604,Boostio,Evil Geniuses,Killjoy,0.51,157,13,24,9,68,111,20,5,5,0
248272,1657,2023,Lotus,4462,MaKo,KIWOOM DRX,Omen,1.37,236,20,14,12,83,156,34,3,0,3
248272,1657,2023,Lotus,804,BuZz,KIWOOM DRX,Raze,1.32,297,20,17,12,83,202,16,7,4,3
248272,1657,2023,Lotus,772,Zest,KIWOOM DRX,Viper,0.98,187,14,16,8,65,113,46,2,2,0
248272,1657,2023,Lotus,488,Rb,KIWOOM DRX,Killjoy,0.96,148,14,15,4,74,106,19,0,0,0
248272,1657,2023,Lotus,485,stax,KIWOOM DRX,Fade,0.72,117,10,16,6,70,76,25,2,3,-1
248272,1657,2023,Lotus,4885,whzy,Bilibili Gaming,Raze,1.26,257,22,15,2,70,172,16,2,6,-4
248272,1657,2023,Lotus,6022,yosemite,Bilibili Gaming,Viper,1.03,217,17,17,8,83,133,22,2,2,0
248272,1657,2023,Lotus,4774,Knight,Bilibili Gaming,Omen,0.89,182,14,16,10,83,112,30,1,3,-2
248272,1657,2023,Lotus,3021,Biank,Bilibili Gaming,Fade,0.79,155,12,15,8,61,94,17,0,1,-1
248272,1657,2023,Lotus,3024,DK,Bilibili Gaming,Killjoy,0.75,156,13,15,2,52,84,23,4,2,2
248272,1657,2023,Haven,772,Zest,KIWOOM DRX,Viper,1.65,298,24,12,11,82,189,44,4,0,4
248272,1657,2023,Haven,804,BuZz,KIWOOM DRX,Jett,1.3,254,21,14,2,77,173,25,6,2,4
248272,1657,2023,Haven,4462,MaKo,KIWOOM DRX,Omen,1.18,195,14,14,20,86,125,26,2,1,1
248272,1657,2023,Haven,485,stax,KIWOOM DRX,Skye,1.02,201,17,14,11,73,123,36,1,3,-2
248272,1657,2023,Haven,488,Rb,KIWOOM DRX,Killjoy,0.51,112,8,16,3,68,80,24,1,2,-1
248272,1657,2023,Haven,3021,Biank,Bilibili Gaming,Sova,1.29,266,18,17,12,77,191,24,1,1,0
248272,1657,2023,Haven,4774,Knight,Bilibili Gaming,Breach,0.99,169,13,13,10,73,118,34,1,3,-2
248272,1657,2023,Haven,3024,DK,Bilibili Gaming,Omen,0.96,158,14,16,13,82,87,16,0,0,0
248272,1657,2023,Haven,4885,whzy,Bilibili Gaming,Jett,0.77,216,17,21,1,55,122,28,5,6,-1
248272,1657,2023,Haven,6022,yosemite,Bilibili Gaming,Killjoy,0.65,132,8,17,5,68,100,26,1,4,-3
247094,1657,2023,Lotus,261,Victor,NRG,Raze,1.19,235,21,18,2,77,150,17,8,2,6
247094,1657,2023,Lotus,4164,s0m,NRG,Omen,1.17,241,23,17,9,81,142,40,4,1,3
247094,1657,2023,Lotus,98,ardiis,NRG,Killjoy,1.05,231,21,17,4,77,168,23,5,0,5
247094,1657,2023,Lotus,4,crashies,NRG,Skye,0.77,199,18,20,7,65,119,25,1,0,1
247094,1657,2023,Lotus,817,FiNESSE,NRG,Viper,0.76,153,12,16,12,81,102,11,3,2,1
247094,1657,2023,Lotus,3021,Biank,Bilibili Gaming,Fade,1.59,266,25,14,4,81,167,15,0,4,-4
247094,1657,2023,Lotus,4885,whzy,Bilibili Gaming,Raze,1.03,239,20,22,6,69,148,15,2,6,-4
247094,1657,2023,Lotus,3024,DK,Bilibili Gaming,Killjoy,0.94,178,15,18,1,58,130,27,1,2,-1
247094,1657,2023,Lotus,6022,yosemite,Bilibili Gaming,Viper,0.75,142,11,18,9,65,82,4,0,4,-4
247094,1657,2023,Lotus,4774,Knight,Bilibili Gaming,Omen,0.72,186,17,23,7,62,120,34,2,5,-3
247094,1657,2023,Split,4,crashies,NRG,Skye,1.29,220,18,15,5,81,137,30,0,1,-1
247094,1657,2023,Split,4164,s0m,NRG,Astra,0.88,166,11,15,8,62,125,15,1,3,-2
247094,1657,2023,Split,98,ardiis,NRG,Jett,0.85,211,15,18,3,62,130,13,3,5,-2
247094,1657,2023,Split,261,Victor,NRG,Raze,0.66,191,13,20,2,62,113,20,1,4,-3
247094,1657,2023,Split,817,FiNESSE,NRG,Viper,0.62,180,10,19,12,71,113,13,1,2,-1
247094,1657,2023,Split,4885,whzy,Bilibili Gaming,Raze,1.82,396,31,15,4,86,227,15,8,2,6
247094,1657,2023,Split,6022,yosemite,Bilibili Gaming,Viper,1.3,234,18,12,8,90,141,32,1,1,0
247094,1657,2023,Split,3021,Biank,Bilibili Gaming,Skye,0.99,167,12,12,13,81,107,19,2,0,2
247094,1657,2023,Split,4774,Knight,Bilibili Gaming,Cypher,0.89,215,16,16,7,81,141,30,3,1,2
247094,1657,2023,Split,3024,DK,Bilibili Gaming,Omen,0.85,131,10,12,10,71,80,27,1,2,-1
247076,1657,2023,Split,3017,nobody,EDward Gaming,Skye,1.08,236,22,23,12,75,169,30,3,2,1
247076,1657,2023,Split,3520,ZmjjKK,EDward Gaming,Raze,0.99,219,21,21,7,61,140,9,7,5,2
247076,1657,2023,Split,4720,Haodong,EDward Gaming,Astra,0.97,200,22,22,9,71,118,40,2,2,0
247076,1657,2023,Split,15559,CHICHOO,EDward Gaming,Viper,0.95,191,18,20,9,75,108,10,0,2,-2
247076,1657,2023,Split,4742,Smoggy,EDward Gaming,Jett,0.71,161,18,24,3,68,100,19,2,3,-1
247076,1657,2023,Split,292,Fit1nho,Giants Gaming,Raze,1.52,363,34,24,6,93,231,26,8,1,7
247076,1657,2023,Split,10,rhyme,Giants Gaming,Breach,1.12,190,20,18,12,79,121,37,1,4,-3
247076,1657,2023,Split,3070,nukkye,Giants Gaming,Cypher,1.07,225,22,20,6,61,160,23,1,4,-3
247076,1657,2023,Split,2690,hoody,Giants Gaming,Omen,1.06,184,18,18,18,86,126,19,1,2,-1
247076,1657,2023,Split,4181,Cloud,Giants Gaming,Skye,0.72,162,16,21,10,71,115,45,3,3,0
247076,1657,2023,Bind,3017,nobody,EDward Gaming,Skye,1.26,271,24,20,8,71,182,37,1,1,0
247076,1657,2023,Bind,4720,Haodong,EDward Gaming,Brimstone,1.1,218,20,16,9,75,130,29,1,3,-2
247076,1657,2023,Bind,3520,ZmjjKK,EDward Gaming,Chamber,1.05,195,17,17,4,71,127,24,4,1,3
247076,1657,2023,Bind,15559,CHICHOO,EDward Gaming,Viper,0.92,169,12,17,16,75,123,22,2,5,-3
247076,1657,2023,Bind,4742,Smoggy,EDward Gaming,Raze,0.37,128,9,20,3,50,93,19,2,4,-2
247076,1657,2023,Bind,4181,Cloud,Giants Gaming,Skye,1.25,210,19,15,12,75,134,35,1,2,-1
247076,1657,2023,Bind,292,Fit1nho,Giants Gaming,Raze,1.17,258,21,18,5,83,166,17,5,4,1
247076,1657,2023,Bind,3070,nukkye,Giants Gaming,Cypher,1.15,221,19,15,2,79,143,30,2,1,1
247076,1657,2023,Bind,2690,hoody,Giants Gaming,Viper,1.03,217,19,17,5,83,151,18,4,1,3
247076,1657,2023,Bind,10,rhyme,Giants Gaming,Brimstone,0.8,150,12,17,9,79,98,25,2,2,0
247076,1657,2023,Ascent,3017,nobody,EDward Gaming,Sova,1.4,256,22,13,3,81,165,35,3,0,3
247076,1657,2023,Ascent,15559,CHICHOO,EDward Gaming,Killjoy,1.23,263,20,15,5,90,181,22,0,2,-2
247076,1657,2023,Ascent,3520,ZmjjKK,EDward Gaming,Jett,0.98,215,15,15,6,62,129,14,4,6,-2
247076,1657,2023,Ascent,4720,Haodong,EDward Gaming,Omen,0.97,175,14,13,6,81,103,42,1,2,-1
247076,1657,2023,Ascent,4742,Smoggy,EDward Gaming,Kayo,0.87,207,14,16,13,86,140,38,3,0,3
247076,1657,2023,Ascent,2690,hoody,Giants Gaming,Kayo,1.26,278,19,17,12,71,184,29,2,1,1
247076,1657,2023,Ascent,4181,Cloud,Giants Gaming,Sova,1.2,248,19,16,6,76,161,38,2,3,-1
247076,1657,2023,Ascent,292,Fit1nho,Giants Gaming,Jett,1.06,213,17,16,1,62,128,37,5,4,1
247076,1657,2023,Ascent,3070,nukkye,Giants Gaming,Killjoy,0.81,162,12,17,5,62,105,17,0,1,-1
247076,1657,2023,Ascent,10,rhyme,Giants Gaming,Omen,0.41,95,5,19,16,67,61,26,1,2,-1
247104,1657,2023,Pearl,573,cNed,Natus Vincere,Jett,1.24,246,21,15,5,83,151,23,3,3,0
247104,1657,2023,Pearl,109,ANGE1,Natus Vincere,Sova,1.08,261,21,20,8,75,173,39,4,6,-2
247104,1657,2023,Pearl,2858,SUYGETSU,Natus Vincere,Killjoy,1.04,203,17,14,3,75,142,35,2,0,2
247104,1657,2023,Pearl,11,Zyppan,Natus Vincere,Kayo,0.82,185,16,20,11,71,116,38,2,2,0
247104,1657,2023,Pearl,384,Shao,Natus Vincere,Astra,0.77,98,9,14,11,67,65,33,0,2,-2
247104,1657,2023,Pearl,6193,cauanzin,LOUD,Fade,1.15,247,20,17,11,83,153,25,5,0,5
247104,1657,2023,Pearl,8447,Less,LOUD,Killjoy,1.0,230,19,17,3,67,168,33,0,1,-1
247104,1657,2023,Pearl,727,saadhak,LOUD,Breach,0.91,186,17,17,7,75,112,35,3,5,-2
247104,1657,2023,Pearl,2408,tuyz,LOUD,Astra,0.84,133,11,16,11,83,100,34,1,1,0
247104,1657,2023,Pearl,8480,aspas,LOUD,Jett,0.75,162,16,17,1,67,105,36,4,4,0
247104,1657,2023,Ascent,384,Shao,Natus Vincere,Fade,1.06,180,16,17,12,67,115,33,0,2,-2
247104,1657,2023,Ascent,573,cNed,Natus Vincere,Jett,0.97,225,18,19,3,63,141,31,3,4,-1
247104,1657,2023,Ascent,11,Zyppan,Natus Vincere,Kayo,0.83,208,15,20,9,58,146,35,3,5,-2
247104,1657,2023,Ascent,2858,SUYGETSU,Natus Vincere,Killjoy,0.79,177,15,19,1,54,118,38,1,3,-2
247104,1657,2023,Ascent,109,ANGE1,Natus Vincere,Omen,0.36,99,8,20,8,42,60,18,0,3,-3
247104,1657,2023,Ascent,6193,cauanzin,LOUD,Sova,1.38,221,18,12,14,83,147,20,2,1,1
247104,1657,2023,Ascent,727,saadhak,LOUD,Kayo,1.27,252,21,16,14,75,159,15,4,1,3
247104,1657,2023,Ascent,2408,tuyz,LOUD,Omen,1.21,174,16,10,10,79,123,26,0,0,0
247104,1657,2023,Ascent,8480,aspas,LOUD,Jett,1.06,209,19,16,2,79,122,18,7,3,4
247104,1657,2023,Ascent,8447,Less,LOUD,Killjoy,1.05,224,21,18,3,63,150,34,4,2,2
247104,1657,2023,Bind,573,cNed,Natus Vincere,Neon,1.17,276,24,18,4,71,189,32,6,3,3
247104,1657,2023,Bind,2858,SUYGETSU,Natus Vincere,Viper,1.16,206,20,17,6,88,116,17,3,0,3
247104,1657,2023,Bind,109,ANGE1,Natus Vincere,Brimstone,0.95,171,14,16,11,75,108,23,2,1,1
247104,1657,2023,Bind,11,Zyppan,Natus Vincere,Raze,0.89,183,15,16,6,67,124,17,2,4,-2
247104,1657,2023,Bind,384,Shao,Natus Vincere,Skye,0.63,96,7,15,10,63,66,30,2,1,1
247104,1657,2023,Bind,8447,Less,LOUD,Viper,1.71,308,28,12,5,83,187,40,1,1,0
247104,1657,2023,Bind,8480,aspas,LOUD,Raze,1.11,240,21,19,4,67,158,26,4,3,1
247104,1657,2023,Bind,2408,tuyz,LOUD,Brimstone,1.04,172,14,13,7,79,101,42,2,1,1
247104,1657,2023,Bind,727,saadhak,LOUD,Omen,0.9,148,13,15,7,54,94,21,1,4,-3
247104,1657,2023,Bind,6193,cauanzin,LOUD,Skye,0.41,117,6,21,11,58,88,16,1,6,-5
248283,1657,2023,Ascent,26171,Demon1,Evil Geniuses,Jett,1.45,266,26,19,2,73,177,44,5,1,4
248283,1657,2023,Ascent,11225,Ethan,Evil Geniuses,Kayo,1.07,195,16,17,21,85,136,18,0,2,-2
248283,1657,2023,Ascent,619,C0M,Evil Geniuses,Sova,0.97,179,14,18,13,62,122,15,2,6,-4
248283,1657,2023,Ascent,3993,jawgemo,Evil Geniuses,Omen,0.82,200,19,21,6,62,137,35,0,3,-3
248283,1657,2023,Ascent,604,Boostio,Evil Geniuses,Killjoy,0.72,174,17,18,2,77,107,18,4,3,1
248283,1657,2023,Ascent,8447,Less,LOUD,Killjoy,1.3,277,26,19,6,77,176,22,2,1,1
248283,1657,2023,Ascent,8480,aspas,LOUD,Jett,1.07,208,18,18,6,85,148,26,6,5,1
248283,1657,2023,Ascent,727,saadhak,LOUD,Kayo,0.99,230,20,21,14,69,131,22,4,4,0
248283,1657,2023,Ascent,6193,cauanzin,LOUD,Sova,0.92,173,13,17,13,73,118,24,2,1,1
248283,1657,2023,Ascent,2408,tuyz,LOUD,Omen,0.91,156,16,17,14,69,93,24,1,0,1
248283,1657,2023,Lotus,3993,jawgemo,Evil Geniuses,Raze,1.82,347,21,10,6,94,204,10,4,1,3
248283,1657,2023,Lotus,26171,Demon1,Evil Geniuses,Astra,1.75,297,20,10,9,82,194,38,1,0,1
248283,1657,2023,Lotus,11225,Ethan,Evil Geniuses,Skye,1.28,163,9,7,15,88,111,38,1,1,0
248283,1657,2023,Lotus,604,Boostio,Evil Geniuses,Killjoy,1.06,221,13,12,9,88,149,29,3,3,0
248283,1657,2023,Lotus,619,C0M,Evil Geniuses,Viper,0.94,146,10,9,4,94,94,29,1,2,-1
248283,1657,2023,Lotus,8447,Less,LOUD,Killjoy,1.25,276,16,14,3,76,181,20,4,0,4
248283,1657,2023,Lotus,727,saadhak,LOUD,Viper,0.63,160,8,15,6,59,120,17,0,1,-1
248283,1657,2023,Lotus,2408,tuyz,LOUD,Omen,0.59,145,9,15,3,65,96,30,1,1,0
248283,1657,2023,Lotus,8480,aspas,LOUD,Raze,0.54,133,8,14,3,59,96,18,2,4,-2
248283,1657,2023,Lotus,6193,cauanzin,LOUD,Fade,0.3,110,6,15,2,41,88,7,0,4,-4
248283,1657,2023,Pearl,26171,Demon1,Evil Geniuses,Jett,1.19,291,21,18,3,76,211,48,2,3,-1
248283,1657,2023,Pearl,619,C0M,Evil Geniuses,Sova,1.02,148,12,13,2,62,96,23,1,1,0
248283,1657,2023,Pearl,3993,jawgemo,Evil Geniuses,Astra,0.86,162,13,15,1,62,98,24,1,2,-1
248283,1657,2023,Pearl,11225,Ethan,Evil Geniuses,Yoru,0.5,172,11,19,10,76,111,23,2,4,-2
248283,1657,2023,Pearl,604,Boostio,Evil Geniuses,Killjoy,0.47,166,9,19,8,62,127,26,2,3,-1
248283,1657,2023,Pearl,8447,Less,LOUD,Viper,1.62,326,25,13,7,95,211,34,4,0,4
248283,1657,2023,Pearl,8480,aspas,LOUD,Jett,1.32,294,22,16,2,67,182,33,4,2,2
248283,1657,2023,Pearl,727,saadhak,LOUD,Killjoy,1.11,195,13,12,7,86,136,15,2,2,0
248283,1657,2023,Pearl,6193,cauanzin,LOUD,Skye,1.05,185,14,14,9,71,129,40,3,2,1
248283,1657,2023,Pearl,2408,tuyz,LOUD,Harbor,0.84,125,10,11,5,71,85,21,0,2,-2
248283,1657,2023,Split,604,Boostio,Evil Geniuses,Chamber,1.21,240,16,15,2,75,151,21,5,1,4
248283,1657,2023,Split,11225,Ethan,Evil Geniuses,Skye,1.03,211,14,16,11,75,135,30,1,1,0
248283,1657,2023,Split,619,C0M,Evil Geniuses,Viper,0.91,208,15,16,5,70,131,24,0,2,-2
248283,1657,2023,Split,26171,Demon1,Evil Geniuses,Astra,0.71,184,14,18,7,70,129,29,0,4,-4
248283,1657,2023,Split,3993,jawgemo,Evil Geniuses,Raze,0.45,151,10,17,1,35,94,9,1,5,-4
248283,1657,2023,Split,8480,aspas,LOUD,Raze,1.67,378,30,16,1,85,241,26,4,1,3
248283,1657,2023,Split,6193,cauanzin,LOUD,Skye,1.62,332,22,14,11,90,204,22,5,0,5
248283,1657,2023,Split,2408,tuyz,LOUD,Astra,1.17,180,13,12,11,75,127,29,1,0,1
248283,1657,2023,Split,727,saadhak,LOUD,Breach,1.03,156,10,11,11,80,93,24,2,0,2
248283,1657,2023,Split,8447,Less,LOUD,Killjoy,0.35,108,7,16,2,55,81,10,1,6,-5
248283,1657,2023,Bind,11225,Ethan,Evil Geniuses,Skye,1.25,220,18,13,8,81,139,22,1,0,1
248283,1657,2023,Bind,26171,Demon1,Evil Geniuses,Chamber,1.03,249,20,16,2,86,164,48,5,1,4
248283,1657,2023,Bind,604,Boostio,Evil Geniuses,Brimstone,0.99,169,14,13,5,71,110,21,2,2,0
248283,1657,2023,Bind,3993,jawgemo,Evil Geniuses,Raze,0.9,244,19,17,4,86,141,12,4,1,3
248283,1657,2023,Bind,619,C0M,Evil Geniuses,Viper,0.71,149,10,16,12,71,102,17,2,3,-1
248283,1657,2023,Bind,727,saadhak,LOUD,Omen,1.19,251,16,15,15,81,153,22,2,4,-2
248283,1657,2023,Bind,8447,Less,LOUD,Viper,1.15,204,17,15,4,81,131,15,2,2,0
248283,1657,2023,Bind,8480,aspas,LOUD,Raze,1.11,247,17,17,2,76,149,20,2,4,-2
248283,1657,2023,Bind,2408,tuyz,LOUD,Brimstone,0.88,163,10,14,16,71,104,23,0,2,-2
248283,1657,2023,Bind,6193,cauanzin,LOUD,Skye,0.87,205,15,20,11,86,126,19,1,2,-1
247077,1657,2023,Fracture,9800,mindfreak,Paper Rex,Brimstone,1.46,208,17,9,8,90,131,16,1,1,0
247077,1657,2023,Fracture,9801,f0rsakeN,Paper Rex,Skye,1.25,213,16,11,11,80,140,33,3,3,0
247077,1657,2023,Fracture,17086,something,Paper Rex,Breach,1.14,206,15,13,15,90,120,38,0,1,-1
247077,1657,2023,Fracture,7378,Jinggg,Paper Rex,Raze,1.1,263,19,16,4,80,164,23,6,3,3
247077,1657,2023,Fracture,9803,d4v41,Paper Rex,Killjoy,0.98,172,12,13,4,65,132,35,2,0,2
247077,1657,2023,Fracture,3520,ZmjjKK,EDward Gaming,Jett,1.45,300,21,16,1,75,191,19,4,0,4
247077,1657,2023,Fracture,15559,CHICHOO,EDward Gaming,Killjoy,0.87,201,12,17,7,70,155,21,1,2,-1
247077,1657,2023,Fracture,4720,Haodong,EDward Gaming,Brimstone,0.84,200,13,16,11,75,131,20,2,2,0
247077,1657,2023,Fracture,4742,Smoggy,EDward Gaming,Breach,0.62,137,11,15,2,50,92,43,1,3,-2
247077,1657,2023,Fracture,3017,nobody,EDward Gaming,Skye,0.41,93,5,15,6,65,80,30,0,5,-5
247077,1657,2023,Pearl,9801,f0rsakeN,Paper Rex,Killjoy,1.39,270,30,18,2,73,180,39,3,2,1
247077,1657,2023,Pearl,9803,d4v41,Paper Rex,Skye,1.38,205,23,14,15,87,132,34,0,0,0
247077,1657,2023,Pearl,7378,Jinggg,Paper Rex,Phoenix,1.12,269,24,22,11,70,192,23,8,4,4
247077,1657,2023,Pearl,9800,mindfreak,Paper Rex,Astra,0.93,146,14,18,16,70,99,30,1,1,0
247077,1657,2023,Pearl,17086,something,Paper Rex,Jett,0.82,152,16,20,3,70,103,27,6,5,1
247077,1657,2023,Pearl,4742,Smoggy,EDward Gaming,Killjoy,1.15,209,21,19,1,70,139,23,3,1,2
247077,1657,2023,Pearl,3520,ZmjjKK,EDward Gaming,Jett,1.09,240,27,21,3,63,139,15,4,5,-1
247077,1657,2023,Pearl,15559,CHICHOO,EDward Gaming,Viper,0.84,144,16,21,7,67,101,36,1,1,0
247077,1657,2023,Pearl,4720,Haodong,EDward Gaming,Omen,0.67,158,15,24,9,53,104,25,2,7,-5
247077,1657,2023,Pearl,3017,nobody,EDward Gaming,Fade,0.67,148,13,22,9,67,111,32,2,4,-2
247100,1657,2023,Fracture,457,nAts,Team Liquid,Viper,1.21,242,20,15,3,67,144,33,3,3,0
247100,1657,2023,Fracture,312,Sayf,Team Liquid,Breach,0.97,170,14,16,10,71,112,23,0,1,-1
247100,1657,2023,Fracture,101,soulcas,Team Liquid,Astra,0.88,152,13,14,9,63,94,36,1,2,-1
247100,1657,2023,Fracture,9780,Jamppi,Team Liquid,Neon,0.87,194,16,17,2,50,126,17,5,5,0
247100,1657,2023,Fracture,1427,Redgar,Team Liquid,Sova,0.63,125,10,18,8,71,92,20,1,3,-2
247100,1657,2023,Fracture,2858,SUYGETSU,Natus Vincere,Viper,1.27,179,17,10,7,75,117,37,1,0,1
247100,1657,2023,Fracture,573,cNed,Natus Vincere,Killjoy,1.15,179,16,11,6,83,121,28,1,2,-1
247100,1657,2023,Fracture,11,Zyppan,Natus Vincere,Raze,0.97,223,18,18,2,50,153,31,4,3,1
247100,1657,2023,Fracture,384,Shao,Natus Vincere,Fade,0.97,170,14,15,4,79,116,23,3,3,0
247100,1657,2023,Fracture,109,ANGE1,Natus Vincere,Omen,0.84,178,15,19,8,71,117,28,5,2,3
247100,1657,2023,Bind,457,nAts,Team Liquid,Viper,1.42,284,34,24,7,88,193,29,5,2,3
247100,1657,2023,Bind,312,Sayf,Team Liquid,Raze,1.08,240,26,25,8,78,171,19,4,4,0
247100,1657,2023,Bind,9780,Jamppi,Team Liquid,Chamber,0.96,193,22,21,2,66,124,25,3,3,0
247100,1657,2023,Bind,1427,Redgar,Team Liquid,Astra,0.86,181,19,24,11,66,119,38,4,4,0
247100,1657,2023,Bind,101,soulcas,Team Liquid,Skye,0.67,101,11,19,8,66,63,57,2,1,1
247100,1657,2023,Bind,2858,SUYGETSU,Natus Vincere,Viper,1.22,204,24,18,7,81,149,42,2,2,0
247100,1657,2023,Bind,109,ANGE1,Natus Vincere,Brimstone,1.06,221,24,23,13,78,152,33,2,5,-3
247100,1657,2023,Bind,384,Shao,Natus Vincere,Skye,1.05,196,22,23,15,69,134,30,2,1,1
247100,1657,2023,Bind,573,cNed,Natus Vincere,Neon,0.95,188,22,23,6,66,117,27,3,4,-1
247100,1657,2023,Bind,11,Zyppan,Natus Vincere,Raze,0.79,193,21,25,4,63,139,22,5,6,-1
247095,1657,2023,Haven,438,Boaster,FNATIC,Astra,1.98,305,19,7,7,100,210,37,2,0,2
247095,1657,2023,Haven,458,Chronicle,FNATIC,Breach,1.44,217,12,7,13,93,164,31,1,0,1
247095,1657,2023,Haven,5022,Derke,FNATIC,Jett,1.23,264,14,9,4,73,176,24,2,2,0
247095,1657,2023,Haven,9810,Alfajer,FNATIC,Killjoy,1.12,259,14,10,3,87,162,24,3,2,1
247095,1657,2023,Haven,1380,Leo,FNATIC,Sova,1.05,175,10,7,7,80,117,33,0,3,-3
247095,1657,2023,Haven,6022,yosemite,Bilibili Gaming,Killjoy,1.09,208,12,13,1,53,135,25,0,1,-1
247095,1657,2023,Haven,4885,whzy,Bilibili Gaming,Jett,0.87,223,11,13,4,60,140,14,3,2,1
247095,1657,2023,Haven,3021,Biank,Bilibili Gaming,Sova,0.67,183,8,15,5,67,117,20,1,1,0
247095,1657,2023,Haven,4774,Knight,Bilibili Gaming,Breach,0.38,109,5,14,4,47,84,20,1,2,-1
247095,1657,2023,Haven,3024,DK,Bilibili Gaming,Omen,0.35,96,4,14,3,33,67,29,2,2,0
247095,1657,2023,Lotus,458,Chronicle,FNATIC,Viper,1.39,244,17,13,7,71,161,26,4,2,2
247095,1657,2023,Lotus,1380,Leo,FNATIC,Fade,1.22,181,14,13,12,81,128,34,0,0,0
247095,1657,2023,Lotus,5022,Derke,FNATIC,Raze,1.22,258,18,14,6,71,167,24,5,4,1
247095,1657,2023,Lotus,9810,Alfajer,FNATIC,Killjoy,1.05,178,15,13,3,71,110,24,5,0,5
247095,1657,2023,Lotus,438,Boaster,FNATIC,Astra,0.82,120,9,11,9,71,81,36,0,1,-1
247095,1657,2023,Lotus,6022,yosemite,Bilibili Gaming,Viper,1.13,223,16,12,6,67,145,21,4,1,3
247095,1657,2023,Lotus,3024,DK,Bilibili Gaming,Killjoy,0.87,204,16,17,0,76,129,36,0,1,-1
247095,1657,2023,Lotus,4885,whzy,Bilibili Gaming,Raze,0.81,169,11,15,6,71,132,16,1,4,-3
247095,1657,2023,Lotus,3021,Biank,Bilibili Gaming,Fade,0.79,161,12,15,4,62,100,15,1,3,-2
247095,1657,2023,Lotus,4774,Knight,Bilibili Gaming,Omen,0.55,117,9,15,5,67,72,18,1,5,-4
312777,1921,2024,Split,2489,Munchkin,Gen.G,Viper,1.42,234,18,10,8,86,155,22,1,1,0
312777,1921,2024,Split,9196,t3xture,Gen.G,Raze,1.22,208,14,12,12,81,156,18,2,1,1
312777,1921,2024,Split,773,Lakia,Gen.G,Skye,1.13,211,17,14,8,71,141,20,4,3,1
312777,1921,2024,Split,34974,Karon,Gen.G,Omen,1.0,215,13,16,15,76,139,25,3,0,3
312777,1921,2024,Split,13039,Meteor,Gen.G,Jett,0.78,172,16,15,0,67,124,26,4,2,2
312777,1921,2024,Split,8497,Monyet,Paper Rex,Omen,1.2,272,20,17,12,86,174,40,2,2,0
312777,1921,2024,Split,9801,f0rsakeN,Paper Rex,Raze,1.15,235,16,16,5,62,166,28,3,3,0
312777,1921,2024,Split,9803,d4v41,Paper Rex,Skye,1.11,173,14,14,5,67,105,38,1,1,0
312777,1921,2024,Split,17086,something,Paper Rex,Jett,0.86,158,12,16,7,71,115,26,1,5,-4
312777,1921,2024,Split,9800,mindfreak,Paper Rex,Viper,0.57,95,5,15,10,67,71,22,0,3,-3
312777,1921,2024,Lotus,13039,Meteor,Gen.G,Killjoy,1.3,240,20,14,3,91,167,30,3,0,3
312777,1921,2024,Lotus,9196,t3xture,Gen.G,Raze,1.16,252,21,18,4,82,172,24,6,2,4
312777,1921,2024,Lotus,2489,Munchkin,Gen.G,Viper,1.06,227,18,14,6,86,149,15,0,2,-2
312777,1921,2024,Lotus,34974,Karon,Gen.G,Omen,0.99,214,17,15,8,77,144,28,4,1,3
312777,1921,2024,Lotus,773,Lakia,Gen.G,Fade,0.9,170,15,15,6,73,113,26,0,4,-4
312777,1921,2024,Lotus,9803,d4v41,Paper Rex,Skye,1.67,302,25,15,8,77,193,29,0,0,0
312777,1921,2024,Lotus,17086,something,Paper Rex,Jett,0.96,241,18,21,7,64,155,27,4,2,2
312777,1921,2024,Lotus,9801,f0rsakeN,Paper Rex,Cypher,0.8,167,14,17,3,77,122,42,2,3,-1
312777,1921,2024,Lotus,8497,Monyet,Paper Rex,Raze,0.63,148,11,19,7,64,113,33,2,5,-3
312777,1921,2024,Lotus,9800,mindfreak,Paper Rex,Omen,0.49,133,8,19,7,55,92,38,1,3,-2
312776,1921,2024,Split,729,Zellsis,Sentinels,Viper,1.7,294,19,8,6,88,186,24,1,0,1
312776,1921,2024,Split,9,TenZ,Sentinels,Omen,1.42,217,15,9,13,88,136,29,1,0,1
312776,1921,2024,Split,1265,johnqt,Sentinels,Cypher,1.22,230,15,10,5,82,128,31,3,1,2
312776,1921,2024,Split,4004,zekken,Sentinels,Raze,1.03,246,13,13,11,82,160,15,6,1,5
312776,1921,2024,Split,659,Sacy,Sentinels,Skye,0.88,178,10,12,8,88,108,27,4,0,4
312776,1921,2024,Split,6193,cauanzin,LOUD,Breach,1.56,340,18,14,6,82,224,29,0,2,-2
312776,1921,2024,Split,2408,tuyz,LOUD,Omen,1.05,178,11,12,4,65,122,31,0,1,-1
312776,1921,2024,Split,1575,qck,LOUD,Raze,0.54,168,10,16,2,65,109,19,1,3,-2
312776,1921,2024,Split,8447,Less,LOUD,Viper,0.47,114,6,15,7,59,92,21,0,3,-3
312776,1921,2024,Split,727,saadhak,LOUD,Skye,0.45,126,7,15,4,53,85,12,1,6,-5
312776,1921,2024,Icebox,1265,johnqt,Sentinels,Viper,1.26,231,21,16,6,73,160,20,1,1,0
312776,1921,2024,Icebox,4004,zekken,Sentinels,Jett,0.97,223,20,20,0,73,135,22,6,5,1
312776,1921,2024,Icebox,729,Zellsis,Sentinels,Killjoy,0.78,187,14,20,6,58,128,13,0,4,-4
312776,1921,2024,Icebox,9,TenZ,Sentinels,Kayo,0.7,168,14,23,18,65,103,30,0,3,-3
312776,1921,2024,Icebox,659,Sacy,Sentinels,Gekko,0.43,87,9,20,1,42,61,19,0,6,-6
312776,1921,2024,Icebox,8447,Less,LOUD,Viper,1.3,210,21,13,9,85,136,32,3,2,1
312776,1921,2024,Icebox,2408,tuyz,LOUD,Harbor,1.18,199,20,15,10,69,129,30,2,0,2
312776,1921,2024,Icebox,727,saadhak,LOUD,Killjoy,1.16,225,19,15,9,81,153,24,3,3,0
312776,1921,2024,Icebox,1575,qck,LOUD,Jett,1.15,249,23,18,7,81,166,30,8,2,6
312776,1921,2024,Icebox,6193,cauanzin,LOUD,Sova,0.91,185,16,17,4,69,128,22,3,0,3
312776,1921,2024,Sunset,1265,johnqt,Sentinels,Cypher,1.06,235,21,19,4,77,169,34,4,1,3
312776,1921,2024,Sunset,9,TenZ,Sentinels,Omen,1.01,207,18,20,10,65,136,28,1,1,0
312776,1921,2024,Sunset,659,Sacy,Sentinels,Gekko,0.95,215,18,19,6,65,150,18,1,3,-2
312776,1921,2024,Sunset,4004,zekken,Sentinels,Raze,0.73,166,14,21,5,54,122,25,3,7,-4
312776,1921,2024,Sunset,729,Zellsis,Sentinels,Kayo,0.67,160,13,23,17,65,100,12,2,3,-1
312776,1921,2024,Sunset,1575,qck,LOUD,Phoenix,1.33,280,27,19,7,81,173,24,5,2,3
312776,1921,2024,Sunset,2408,tuyz,LOUD,Omen,1.29,198,20,13,8,77,135,20,1,2,-1
312776,1921,2024,Sunset,727,saadhak,LOUD,Sova,1.23,226,21,17,10,73,149,25,4,2,2
312776,1921,2024,Sunset,8447,Less,LOUD,Viper,1.04,210,17,16,10,85,164,36,4,2,2
312776,1921,2024,Sunset,6193,cauanzin,LOUD,Breach,0.76,166,17,19,6,62,109,21,1,3,-2
312799,1921,2024,Sunset,10971,RieNs,Team Heretics,Sova,1.25,273,22,18,11,87,193,50,1,1,0
312799,1921,2024,Sunset,18350,MiniBoo,Team Heretics,Neon,1.11,270,20,18,7,83,163,38,5,5,0
312799,1921,2024,Sunset,29873,benjyfishy,Team Heretics,Cypher,1.02,201,17,17,5,65,146,35,4,2,2
312799,1921,2024,Sunset,1144,Boo,Team Heretics,Omen,0.98,155,15,15,6,65,112,26,0,3,-3
312799,1921,2024,Sunset,309,paTiTek,Team Heretics,Kayo,0.52,122,8,20,15,70,92,23,1,1,0
312799,1921,2024,Sunset,17086,something,Paper Rex,Gekko,1.25,231,19,14,7,87,156,20,3,1,2
312799,1921,2024,Sunset,9801,f0rsakeN,Paper Rex,Kayo,1.12,225,20,17,7,65,135,23,3,2,1
312799,1921,2024,Sunset,8497,Monyet,Paper Rex,Omen,1.03,223,18,19,11,78,158,29,3,4,-1
312799,1921,2024,Sunset,9800,mindfreak,Paper Rex,Viper,1.01,196,17,15,3,74,126,38,2,2,0
312799,1921,2024,Sunset,9803,d4v41,Paper Rex,Sage,0.86,174,14,17,4,78,117,22,1,2,-1
312799,1921,2024,Lotus,18350,MiniBoo,Team Heretics,Neon,1.61,290,23,14,10,87,183,36,4,3,1
312799,1921,2024,Lotus,29873,benjyfishy,Team Heretics,Killjoy,1.45,269,24,13,2,83,178,36,2,0,2
312799,1921,2024,Lotus,10971,RieNs,Team Heretics,Gekko,1.23,209,18,13,4,74,139,44,4,1,3
312799,1921,2024,Lotus,1144,Boo,Team Heretics,Omen,0.89,178,14,15,9,61,120,26,0,4,-4
312799,1921,2024,Lotus,309,paTiTek,Team Heretics,Viper,0.73,132,9,15,7,70,81,11,3,2,1
312799,1921,2024,Lotus,17086,something,Paper Rex,Jett,1.45,298,24,14,2,78,185,33,6,0,6
312799,1921,2024,Lotus,9803,d4v41,Paper Rex,Skye,0.77,152,12,18,10,74,104,24,1,0,1
312799,1921,2024,Lotus,9800,mindfreak,Paper Rex,Omen,0.68,146,12,18,7,61,104,40,0,4,-4
312799,1921,2024,Lotus,9801,f0rsakeN,Paper Rex,Cypher,0.68,144,10,19,9,52,92,18,1,4,-3
312799,1921,2024,Lotus,8497,Monyet,Paper Rex,Raze,0.64,162,12,19,8,52,113,21,2,5,-3
312799,1921,2024,Split,29873,benjyfishy,Team Heretics,Cypher,1.35,302,21,15,3,60,199,33,3,1,2
312799,1921,2024,Split,1144,Boo,Team Heretics,Omen,0.95,175,13,15,6,65,108,54,1,3,-2
312799,1921,2024,Split,10971,RieNs,Team Heretics,Breach,0.87,171,11,15,6,60,120,26,2,2,0
312799,1921,2024,Split,18350,MiniBoo,Team Heretics,Raze,0.55,99,6,14,3,55,63,19,2,3,-1
312799,1921,2024,Split,309,paTiTek,Team Heretics,Viper,0.41,99,5,16,7,55,77,18,1,2,-1
312799,1921,2024,Split,9801,f0rsakeN,Paper Rex,Raze,1.52,322,22,12,7,75,201,37,5,4,1
312799,1921,2024,Split,9803,d4v41,Paper Rex,Skye,1.31,181,14,9,15,75,114,30,0,0,0
312799,1921,2024,Split,17086,something,Paper Rex,Jett,1.28,272,18,12,4,80,160,30,5,3,2
312799,1921,2024,Split,8497,Monyet,Paper Rex,Omen,1.17,180,14,12,13,85,96,29,1,0,1
312799,1921,2024,Split,9800,mindfreak,Paper Rex,Viper,0.62,92,7,11,2,65,62,28,0,2,-2
312768,1921,2024,Lotus,729,Zellsis,Sentinels,Killjoy,1.19,211,17,12,4,73,138,16,2,2,0
312768,1921,2024,Lotus,9,TenZ,Sentinels,Omen,1.16,240,20,17,16,73,140,36,2,1,1
312768,1921,2024,Lotus,659,Sacy,Sentinels,Fade,1.13,211,17,16,10,82,159,28,0,2,-2
312768,1921,2024,Lotus,4004,zekken,Sentinels,Raze,1.12,264,20,18,6,77,155,18,7,4,3
312768,1921,2024,Lotus,1265,johnqt,Sentinels,Viper,1.11,203,12,13,11,73,147,18,1,1,0
312768,1921,2024,Lotus,18350,MiniBoo,Team Heretics,Neon,1.46,319,25,18,7,82,208,29,4,2,2
312768,1921,2024,Lotus,1144,Boo,Team Heretics,Omen,0.86,188,15,18,8,73,116,31,1,2,-1
312768,1921,2024,Lotus,29873,benjyfishy,Team Heretics,Killjoy,0.77,150,12,16,5,64,99,31,1,4,-3
312768,1921,2024,Lotus,10971,RieNs,Team Heretics,Gekko,0.69,150,11,17,5,77,101,28,3,1,2
312768,1921,2024,Lotus,309,paTiTek,Team Heretics,Viper,0.69,168,13,17,6,68,106,6,1,3,-2
312768,1921,2024,Sunset,4004,zekken,Sentinels,Raze,1.18,276,17,14,2,67,185,20,4,3,1
312768,1921,2024,Sunset,659,Sacy,Sentinels,Gekko,0.85,195,10,16,7,61,118,24,1,3,-2
312768,1921,2024,Sunset,1265,johnqt,Sentinels,Cypher,0.65,176,10,17,4,50,130,23,0,2,-2
312768,1921,2024,Sunset,9,TenZ,Sentinels,Omen,0.55,118,8,16,4,67,78,19,0,3,-3
312768,1921,2024,Sunset,729,Zellsis,Sentinels,Kayo,0.47,91,6,16,8,61,54,14,0,2,-2
312768,1921,2024,Sunset,10971,RieNs,Team Heretics,Sova,1.75,320,21,11,9,100,229,43,2,0,2
312768,1921,2024,Sunset,18350,MiniBoo,Team Heretics,Neon,1.45,271,20,10,6,78,165,23,2,2,0
312768,1921,2024,Sunset,309,paTiTek,Team Heretics,Kayo,1.23,200,12,9,12,89,137,19,5,1,4
312768,1921,2024,Sunset,29873,benjyfishy,Team Heretics,Cypher,1.22,231,15,10,5,94,145,15,2,0,2
312768,1921,2024,Sunset,1144,Boo,Team Heretics,Omen,0.67,140,10,11,10,83,75,37,2,2,0
312768,1921,2024,Bind,4004,zekken,Sentinels,Raze,1.42,329,27,18,5,79,214,28,6,4,2
312768,1921,2024,Bind,729,Zellsis,Sentinels,Brimstone,1.34,251,21,15,12,75,163,22,2,1,1
312768,1921,2024,Bind,9,TenZ,Sentinels,Gekko,1.13,225,21,17,8,79,141,19,4,1,3
312768,1921,2024,Bind,1265,johnqt,Sentinels,Viper,0.94,127,10,13,4,71,99,18,1,2,-1
312768,1921,2024,Bind,659,Sacy,Sentinels,Skye,0.65,107,8,16,10,63,69,31,0,3,-3
312768,1921,2024,Bind,10971,RieNs,Team Heretics,Sova,1.3,259,20,16,9,71,169,27,2,2,0
312768,1921,2024,Bind,309,paTiTek,Team Heretics,Kayo,1.04,178,14,17,16,75,112,20,1,1,0
312768,1921,2024,Bind,18350,MiniBoo,Team Heretics,Yoru,0.87,221,20,18,4,75,133,36,5,3,2
312768,1921,2024,Bind,1144,Boo,Team Heretics,Astra,0.84,138,12,17,8,67,91,33,1,2,-1
312768,1921,2024,Bind,29873,benjyfishy,Team Heretics,Viper,0.63,148,12,19,10,71,84,21,2,5,-3
312798,1921,2024,Split,4004,zekken,Sentinels,Raze,1.6,333,26,12,3,81,209,20,6,3,3
312798,1921,2024,Split,9,TenZ,Sentinels,Omen,1.57,268,20,9,15,90,170,26,1,1,0
312798,1921,2024,Split,1265,johnqt,Sentinels,Cypher,1.12,165,12,9,5,90,103,19,2,0,2
312798,1921,2024,Split,659,Sacy,Sentinels,Skye,0.88,117,7,9,17,81,63,21,1,3,-2
312798,1921,2024,Split,729,Zellsis,Sentinels,Viper,0.87,170,13,14,5,71,109,24,1,3,-2
312798,1921,2024,Split,2625,sh1n,Karmine Corp,Astra,1.14,179,14,11,4,86,102,20,0,0,0
312798,1921,2024,Split,10307,marteen,Karmine Corp,Yoru,1.01,175,13,14,3,57,110,39,5,3,2
312798,1921,2024,Split,36245,N4RRATE,Karmine Corp,Raze,0.79,206,14,18,4,62,139,14,3,5,-2
312798,1921,2024,Split,2173,MAGNUM,Karmine Corp,Fade,0.47,100,6,18,8,67,67,15,1,2,-1
312798,1921,2024,Split,19691,tomaszy,Karmine Corp,Omen,0.41,93,6,17,5,57,60,13,1,1,0
312798,1921,2024,Lotus,1265,johnqt,Sentinels,Viper,1.45,266,21,12,9,92,174,20,4,1,3
312798,1921,2024,Lotus,9,TenZ,Sentinels,Omen,1.39,251,22,12,13,79,149,15,4,3,1
312798,1921,2024,Lotus,729,Zellsis,Sentinels,Killjoy,0.92,194,16,14,4,79,125,15,1,2,-1
312798,1921,2024,Lotus,659,Sacy,Sentinels,Fade,0.76,112,9,14,15,75,86,19,0,2,-2
312798,1921,2024,Lotus,4004,zekken,Sentinels,Raze,0.74,174,15,18,4,67,109,19,2,5,-3
312798,1921,2024,Lotus,36245,N4RRATE,Karmine Corp,Fade,1.14,190,16,13,9,63,135,41,1,0,1
312798,1921,2024,Lotus,2173,MAGNUM,Karmine Corp,Killjoy,1.08,215,18,17,3,63,148,32,4,1,3
312798,1921,2024,Lotus,2625,sh1n,Karmine Corp,Omen,0.93,161,12,16,11,83,102,23,1,1,0
312798,1921,2024,Lotus,10307,marteen,Karmine Corp,Raze,0.75,168,14,19,2,58,104,21,5,6,-1
312798,1921,2024,Lotus,19691,tomaszy,Karmine Corp,Viper,0.71,138,10,18,8,63,84,17,2,3,-1
312800,1921,2024,Sunset,872,Autumn,FunPlus Phoenix,Phoenix,0.91,202,13,15,3,67,143,40,3,4,-1
312800,1921,2024,Sunset,3028,Life,FunPlus Phoenix,Chamber,0.68,209,14,16,1,61,133,50,3,4,-1
312800,1921,2024,Sunset,7857,BerLIN,FunPlus Phoenix,Harbor,0.62,130,8,15,1,56,85,45,2,2,0
312800,1921,2024,Sunset,37489,Lysoar,FunPlus Phoenix,Viper,0.57,122,6,15,5,39,78,30,0,0,0
312800,1921,2024,Sunset,19530,AAAAY,FunPlus Phoenix,Sova,0.4,122,7,16,1,44,84,37,0,0,0
312800,1921,2024,Sunset,727,saadhak,LOUD,Sova,1.67,288,18,7,7,83,181,11,1,1,0
312800,1921,2024,Sunset,2408,tuyz,LOUD,Omen,1.38,188,13,8,7,83,131,26,2,1,1
312800,1921,2024,Sunset,8447,Less,LOUD,Viper,1.24,207,12,9,7,83,160,13,2,2,0
312800,1921,2024,Sunset,6193,cauanzin,LOUD,Breach,1.24,244,17,12,8,72,162,26,1,3,-2
312800,1921,2024,Sunset,1575,qck,LOUD,Phoenix,1.12,247,17,12,1,72,140,44,4,1,3
312800,1921,2024,Breeze,872,Autumn,FunPlus Phoenix,Yoru,1.44,298,25,18,4,67,190,37,7,2,5
312800,1921,2024,Breeze,37489,Lysoar,FunPlus Phoenix,Viper,1.16,178,15,14,7,63,127,26,1,0,1
312800,1921,2024,Breeze,3028,Life,FunPlus Phoenix,Jett,0.77,214,16,21,4,50,154,38,4,4,0
312800,1921,2024,Breeze,7857,BerLIN,FunPlus Phoenix,Astra,0.74,134,13,17,7,67,95,42,2,3,-1
312800,1921,2024,Breeze,19530,AAAAY,FunPlus Phoenix,Sova,0.52,126,11,19,5,71,88,16,0,1,-1
312800,1921,2024,Breeze,8447,Less,LOUD,Cypher,1.53,255,24,13,7,88,164,27,1,0,1
312800,1921,2024,Breeze,727,saadhak,LOUD,Kayo,1.14,230,19,17,12,79,131,18,3,1,2
312800,1921,2024,Breeze,6193,cauanzin,LOUD,Sova,1.09,214,19,15,5,75,139,23,2,2,0
312800,1921,2024,Breeze,2408,tuyz,LOUD,Viper,1.06,186,16,15,13,83,130,28,0,2,-2
312800,1921,2024,Breeze,1575,qck,LOUD,Jett,0.51,146,11,20,3,50,96,24,4,9,-5
312767,1921,2024,Sunset,4742,Smoggy,EDward Gaming,Kayo,1.21,202,16,14,9,71,149,30,1,1,0
312767,1921,2024,Sunset,3017,nobody,EDward Gaming,Sova,1.03,202,15,16,4,62,130,38,2,5,-3
312767,1921,2024,Sunset,4720,Haodong,EDward Gaming,Omen,0.99,177,13,15,6,67,110,29,1,2,-1
312767,1921,2024,Sunset,15559,CHICHOO,EDward Gaming,Cypher,0.9,164,13,16,4,71,106,26,2,1,1
312767,1921,2024,Sunset,3520,ZmjjKK,EDward Gaming,Raze,0.48,160,10,20,5,57,111,14,3,3,0
312767,1921,2024,Sunset,9803,d4v41,Paper Rex,Sage,1.2,215,17,12,9,90,142,39,3,1,2
312767,1921,2024,Sunset,17086,something,Paper Rex,Gekko,1.2,195,15,10,8,86,115,21,3,0,3
312767,1921,2024,Sunset,9800,mindfreak,Paper Rex,Viper,1.16,281,21,16,3,81,185,42,1,3,-2
312767,1921,2024,Sunset,8497,Monyet,Paper Rex,Omen,1.14,226,17,14,11,86,133,31,1,2,-1
312767,1921,2024,Sunset,9801,f0rsakeN,Paper Rex,Kayo,0.78,162,11,15,16,81,103,28,4,3,1
312767,1921,2024,Bind,15559,CHICHOO,EDward Gaming,Brimstone,1.57,271,23,14,9,82,186,28,1,1,0
312767,1921,2024,Bind,4720,Haodong,EDward Gaming,Cypher,1.43,237,19,14,6,73,162,28,3,2,1
312767,1921,2024,Bind,3520,ZmjjKK,EDward Gaming,Kayo,1.12,221,15,15,16,77,144,25,3,0,3
312767,1921,2024,Bind,4742,Smoggy,EDward Gaming,Raze,1.0,217,19,17,3,77,142,26,6,3,3
312767,1921,2024,Bind,3017,nobody,EDward Gaming,Sova,0.38,73,2,15,8,59,61,21,0,2,-2
312767,1921,2024,Bind,9801,f0rsakeN,Paper Rex,Harbor,1.18,261,20,15,7,68,160,28,3,2,1
312767,1921,2024,Bind,17086,something,Paper Rex,Reyna,1.08,212,17,16,1,68,137,35,2,4,-2
312767,1921,2024,Bind,9803,d4v41,Paper Rex,Fade,0.92,196,15,16,7,68,145,40,0,1,-1
312767,1921,2024,Bind,9800,mindfreak,Paper Rex,Brimstone,0.73,131,10,14,3,68,87,56,1,3,-2
312767,1921,2024,Bind,8497,Monyet,Paper Rex,Raze,0.55,158,12,18,1,64,99,16,3,4,-1
312767,1921,2024,Split,3520,ZmjjKK,EDward Gaming,Raze,1.53,387,30,16,5,82,245,21,7,1,6
312767,1921,2024,Split,3017,nobody,EDward Gaming,Skye,1.45,245,20,11,8,77,170,36,4,2,2
312767,1921,2024,Split,4742,Smoggy,EDward Gaming,Breach,1.24,227,18,13,8,77,152,40,2,0,2
312767,1921,2024,Split,15559,CHICHOO,EDward Gaming,Viper,0.9,180,13,15,7,77,124,41,5,0,5
312767,1921,2024,Split,4720,Haodong,EDward Gaming,Omen,0.81,110,10,12,4,77,80,21,0,1,-1
312767,1921,2024,Split,9801,f0rsakeN,Paper Rex,Yoru,1.6,333,25,16,3,59,188,36,1,0,1
312767,1921,2024,Split,9800,mindfreak,Paper Rex,Omen,1.07,180,17,15,5,68,121,33,0,3,-3
312767,1921,2024,Split,9803,d4v41,Paper Rex,Viper,0.52,135,9,20,5,45,98,19,1,3,-2
312767,1921,2024,Split,8497,Monyet,Paper Rex,Raze,0.52,142,10,20,4,55,99,23,1,6,-5
312767,1921,2024,Split,17086,something,Paper Rex,Jett,0.32,119,6,20,3,45,95,15,1,6,-5
312765,1921,2024,Icebox,36245,N4RRATE,Karmine Corp,Gekko,1.47,281,20,14,9,67,212,32,1,5,-4
312765,1921,2024,Icebox,10307,marteen,Karmine Corp,Jett,1.34,266,20,14,4,86,160,29,3,3,0
312765,1921,2024,Icebox,2173,MAGNUM,Karmine Corp,Killjoy,1.17,231,18,14,2,71,165,29,0,2,-2
312765,1921,2024,Icebox,2625,sh1n,Karmine Corp,Sage,0.98,182,15,15,7,86,116,38,2,1,1
312765,1921,2024,Icebox,19691,tomaszy,Karmine Corp,Viper,0.64,117,8,15,3,57,94,44,1,3,-2
312765,1921,2024,Icebox,3028,Life,FunPlus Phoenix,Reyna,1.55,318,25,15,3,86,217,48,5,3,2
312765,1921,2024,Icebox,19530,AAAAY,FunPlus Phoenix,Gekko,0.97,196,15,16,9,81,132,42,0,0,0
312765,1921,2024,Icebox,872,Autumn,FunPlus Phoenix,Jett,0.72,186,12,18,2,71,120,24,4,1,3
312765,1921,2024,Icebox,7857,BerLIN,FunPlus Phoenix,Omen,0.69,165,11,17,8,52,111,27,3,3,0
312765,1921,2024,Icebox,37489,Lysoar,FunPlus Phoenix,Viper,0.56,138,9,15,2,57,100,24,2,0,2
312765,1921,2024,Lotus,36245,N4RRATE,Karmine Corp,Fade,1.75,319,27,14,11,78,201,35,5,0,5
312765,1921,2024,Lotus,2173,MAGNUM,Karmine Corp,Killjoy,1.2,219,17,14,6,74,155,19,1,3,-2
312765,1921,2024,Lotus,2625,sh1n,Karmine Corp,Omen,1.15,234,21,16,5,74,149,43,1,2,-1
312765,1921,2024,Lotus,19691,tomaszy,Karmine Corp,Viper,1.04,176,15,15,9,70,122,40,2,2,0
312765,1921,2024,Lotus,10307,marteen,Karmine Corp,Raze,0.59,140,9,18,5,70,106,10,1,6,-5
312765,1921,2024,Lotus,3028,Life,FunPlus Phoenix,Chamber,0.96,182,16,16,2,61,126,22,1,2,-1
312765,1921,2024,Lotus,872,Autumn,FunPlus Phoenix,Raze,0.96,241,18,20,7,70,159,17,5,0,5
312765,1921,2024,Lotus,19530,AAAAY,FunPlus Phoenix,Gekko,0.91,200,15,19,8,65,140,33,1,1,0
312765,1921,2024,Lotus,7857,BerLIN,FunPlus Phoenix,Omen,0.82,171,14,17,11,83,103,32,4,3,1
312765,1921,2024,Lotus,37489,Lysoar,FunPlus Phoenix,Viper,0.8,173,14,17,3,65,130,38,2,4,-2
312781,1921,2024,Lotus,4004,zekken,Sentinels,Raze,1.58,326,32,16,2,85,205,27,8,4,4
312781,1921,2024,Lotus,9,TenZ,Sentinels,Omen,1.39,271,25,16,15,77,167,44,1,0,1
312781,1921,2024,Lotus,1265,johnqt,Sentinels,Viper,1.3,211,19,13,14,81,133,22,2,1,1
312781,1921,2024,Lotus,659,Sacy,Sentinels,Fade,0.87,158,13,17,14,81,110,21,1,2,-1
312781,1921,2024,Lotus,729,Zellsis,Sentinels,Killjoy,0.81,169,13,18,8,77,114,15,4,3,1
312781,1921,2024,Lotus,17086,something,Paper Rex,Jett,1.05,218,21,18,1,54,137,31,5,6,-1
312781,1921,2024,Lotus,9800,mindfreak,Paper Rex,Omen,0.95,206,20,21,4,50,130,31,0,2,-2
312781,1921,2024,Lotus,9803,d4v41,Paper Rex,Skye,0.87,138,11,17,9,65,91,17,0,0,0
312781,1921,2024,Lotus,9801,f0rsakeN,Paper Rex,Cypher,0.74,193,16,21,9,54,129,54,2,3,-1
312781,1921,2024,Lotus,8497,Monyet,Paper Rex,Raze,0.4,153,12,25,2,54,100,20,3,5,-2
312781,1921,2024,Ascent,4004,zekken,Sentinels,Jett,1.71,351,25,10,3,74,223,32,5,5,0
312781,1921,2024,Ascent,9,TenZ,Sentinels,Omen,1.28,225,16,11,13,74,140,35,4,1,3
312781,1921,2024,Ascent,659,Sacy,Sentinels,Sova,1.26,216,14,10,6,84,133,18,1,1,0
312781,1921,2024,Ascent,1265,johnqt,Sentinels,Killjoy,1.26,176,13,8,4,84,120,16,1,0,1
312781,1921,2024,Ascent,729,Zellsis,Sentinels,Kayo,0.9,131,7,12,19,68,82,13,1,0,1
312781,1921,2024,Ascent,9801,f0rsakeN,Paper Rex,Fade,0.85,182,13,14,6,68,121,57,0,3,-3
312781,1921,2024,Ascent,8497,Monyet,Paper Rex,Raze,0.85,212,13,17,2,58,137,16,3,4,-1
312781,1921,2024,Ascent,9800,mindfreak,Paper Rex,Viper,0.83,173,12,13,3,58,112,33,0,1,-1
312781,1921,2024,Ascent,17086,something,Paper Rex,Gekko,0.78,143,8,14,6,53,88,22,3,1,2
312781,1921,2024,Ascent,9803,d4v41,Paper Rex,Omen,0.39,94,5,17,6,47,65,25,1,3,-2
312781,1921,2024,Split,4004,zekken,Sentinels,Raze,0.85,238,13,17,6,67,172,25,0,4,-4
312781,1921,2024,Split,659,Sacy,Sentinels,Skye,0.8,177,12,16,7,67,100,29,2,4,-2
312781,1921,2024,Split,729,Zellsis,Sentinels,Viper,0.8,181,11,15,3,50,109,19,0,3,-3
312781,1921,2024,Split,1265,johnqt,Sentinels,Cypher,0.7,163,9,15,2,67,107,23,2,1,1
312781,1921,2024,Split,9,TenZ,Sentinels,Omen,0.52,179,10,18,7,72,119,29,0,2,-2
312781,1921,2024,Split,8497,Monyet,Paper Rex,Raze,1.63,340,24,10,3,89,193,18,6,2,4
312781,1921,2024,Split,9801,f0rsakeN,Paper Rex,Skye,1.37,239,15,12,14,89,161,15,2,0,2
312781,1921,2024,Split,9800,mindfreak,Paper Rex,Omen,1.36,198,15,9,7,83,121,48,2,0,2
312781,1921,2024,Split,9803,d4v41,Paper Rex,Viper,1.18,223,15,12,9,83,144,33,2,0,2
312781,1921,2024,Split,17086,something,Paper Rex,Jett,0.93,175,12,12,5,78,113,27,2,2,0
312781,1921,2024,Sunset,9,TenZ,Sentinels,Omen,1.97,345,22,9,10,94,214,42,3,0,3
312781,1921,2024,Sunset,1265,johnqt,Sentinels,Cypher,1.43,247,15,8,4,94,153,28,2,0,2
312781,1921,2024,Sunset,4004,zekken,Sentinels,Raze,1.25,318,18,12,2,81,192,21,5,3,2
312781,1921,2024,Sunset,729,Zellsis,Sentinels,Kayo,1.19,205,11,8,12,94,126,17,1,0,1
312781,1921,2024,Sunset,659,Sacy,Sentinels,Gekko,1.03,138,8,6,8,88,78,21,1,1,0
312781,1921,2024,Sunset,17086,something,Paper Rex,Gekko,0.87,217,10,15,8,69,158,27,2,3,-1
312781,1921,2024,Sunset,9803,d4v41,Paper Rex,Sage,0.86,187,10,14,7,75,129,26,1,3,-2
312781,1921,2024,Sunset,9801,f0rsakeN,Paper Rex,Kayo,0.71,129,8,14,5,50,88,15,0,2,-2
312781,1921,2024,Sunset,8497,Monyet,Paper Rex,Omen,0.65,185,11,15,3,38,119,26,1,3,-2
312781,1921,2024,Sunset,9800,mindfreak,Paper Rex,Viper,0.19,89,4,16,2,38,63,36,0,1,-1
312778,1921,2024,Split,2489,Munchkin,Gen.G,Viper,1.49,224,14,9,10,67,153,19,1,0,1
312778,1921,2024,Split,13039,Meteor,Gen.G,Jett,1.34,261,16,11,6,78,171,33,3,2,1
312778,1921,2024,Split,9196,t3xture,Gen.G,Raze,1.13,263,18,14,5,72,168,18,4,4,0
312778,1921,2024,Split,34974,Karon,Gen.G,Omen,0.71,139,10,13,6,72,65,11,2,1,1
312778,1921,2024,Split,773,Lakia,Gen.G,Skye,0.52,91,6,12,3,50,57,24,0,1,-1
312778,1921,2024,Split,729,Zellsis,Sentinels,Viper,1.35,271,15,12,10,72,175,18,2,1,1
312778,1921,2024,Split,1265,johnqt,Sentinels,Cypher,1.33,265,18,10,4,89,141,27,3,0,3
312778,1921,2024,Split,659,Sacy,Sentinels,Skye,0.67,142,8,13,7,50,100,11,0,2,-2
312778,1921,2024,Split,9,TenZ,Sentinels,Omen,0.64,139,8,14,13,67,89,39,1,3,-2
312778,1921,2024,Split,4004,zekken,Sentinels,Raze,0.57,167,10,15,3,56,108,13,2,4,-2
312778,1921,2024,Lotus,13039,Meteor,Gen.G,Killjoy,1.33,291,21,15,1,85,204,31,2,4,-2
312778,1921,2024,Lotus,34974,Karon,Gen.G,Omen,1.08,202,14,15,7,70,142,25,0,1,-1
312778,1921,2024,Lotus,2489,Munchkin,Gen.G,Viper,0.71,128,8,13,5,55,89,36,1,1,0
312778,1921,2024,Lotus,773,Lakia,Gen.G,Fade,0.55,109,8,15,4,60,80,16,1,2,-1
312778,1921,2024,Lotus,9196,t3xture,Gen.G,Raze,0.49,141,9,18,2,70,93,13,5,3,2
312778,1921,2024,Lotus,4004,zekken,Sentinels,Raze,1.77,315,23,10,5,85,197,18,6,2,4
312778,1921,2024,Lotus,1265,johnqt,Sentinels,Viper,1.51,240,18,9,6,90,147,29,1,0,1
312778,1921,2024,Lotus,659,Sacy,Sentinels,Fade,1.05,196,13,14,13,75,146,30,1,3,-2
312778,1921,2024,Lotus,729,Zellsis,Sentinels,Killjoy,1.01,186,14,12,3,70,108,12,2,2,0
312778,1921,2024,Lotus,9,TenZ,Sentinels,Omen,0.53,119,8,15,8,75,78,33,1,2,-1
312778,1921,2024,Breeze,13039,Meteor,Gen.G,Yoru,1.54,307,19,9,8,88,212,49,2,2,0
312778,1921,2024,Breeze,9196,t3xture,Gen.G,Jett,1.46,248,15,8,2,88,168,19,3,2,1
312778,1921,2024,Breeze,2489,Munchkin,Gen.G,Viper,1.41,188,13,5,2,88,144,41,2,0,2
312778,1921,2024,Breeze,34974,Karon,Gen.G,Astra,1.2,206,13,9,8,88,160,37,2,1,1
312778,1921,2024,Breeze,773,Lakia,Gen.G,Sova,1.04,197,10,9,10,81,124,23,1,1,0
312778,1921,2024,Breeze,659,Sacy,Sentinels,Sova,1.37,272,15,14,3,81,173,50,2,0,2
312778,1921,2024,Breeze,1265,johnqt,Sentinels,Cypher,0.79,137,9,12,2,63,92,42,0,1,-1
312778,1921,2024,Breeze,729,Zellsis,Sentinels,Viper,0.71,134,5,13,7,50,101,35,0,0,0
312778,1921,2024,Breeze,4004,zekken,Sentinels,Jett,0.58,150,7,15,4,69,96,25,3,7,-4
312778,1921,2024,Breeze,9,TenZ,Sentinels,Kayo,0.19,87,4,16,9,75,53,13,1,2,-1
312779,1921,2024,Breeze,34974,Karon,Gen.G,Astra,1.3,207,17,13,8,71,153,34,0,1,-1
312779,1921,2024,Breeze,2489,Munchkin,Gen.G,Viper,1.06,244,19,15,2,67,164,33,0,5,-5
312779,1921,2024,Breeze,773,Lakia,Gen.G,Sova,1.0,169,12,13,7,76,127,19,3,1,2
312779,1921,2024,Breeze,13039,Meteor,Gen.G,Yoru,0.87,172,13,14,4,62,109,28,1,5,-4
312779,1921,2024,Breeze,9196,t3xture,Gen.G,Jett,0.81,200,15,17,1,57,130,36,2,3,-1
312779,1921,2024,Breeze,9,TenZ,Sentinels,Kayo,1.24,235,16,15,12,76,141,28,3,0,3
312779,1921,2024,Breeze,4004,zekken,Sentinels,Jett,1.2,260,20,16,3,67,152,29,7,4,3
312779,1921,2024,Breeze,729,Zellsis,Sentinels,Viper,0.88,164,12,14,5,62,106,30,1,0,1
312779,1921,2024,Breeze,1265,johnqt,Sentinels,Cypher,0.75,164,12,15,3,71,102,28,3,2,1
312779,1921,2024,Breeze,659,Sacy,Sentinels,Sova,0.68,161,12,16,2,67,104,24,1,0,1
312779,1921,2024,Bind,13039,Meteor,Gen.G,Cypher,1.17,245,22,17,8,69,158,31,3,4,-1
312779,1921,2024,Bind,34974,Karon,Gen.G,Brimstone,1.11,211,20,18,7,77,137,25,3,1,2
312779,1921,2024,Bind,2489,Munchkin,Gen.G,Viper,1.08,196,15,17,16,69,138,22,2,2,0
312779,1921,2024,Bind,773,Lakia,Gen.G,Skye,1.07,201,19,18,9,77,122,30,1,2,-1
312779,1921,2024,Bind,9196,t3xture,Gen.G,Raze,0.56,115,11,18,3,58,93,28,1,7,-6
312779,1921,2024,Bind,659,Sacy,Sentinels,Skye,1.38,245,23,18,14,73,154,27,4,1,3
312779,1921,2024,Bind,729,Zellsis,Sentinels,Brimstone,1.11,175,15,15,19,81,118,26,1,2,-1
312779,1921,2024,Bind,4004,zekken,Sentinels,Raze,1.02,253,21,21,7,85,168,13,6,3,3
312779,1921,2024,Bind,9,TenZ,Sentinels,Gekko,0.95,178,16,18,9,73,110,28,4,3,1
312779,1921,2024,Bind,1265,johnqt,Sentinels,Viper,0.89,144,13,15,7,77,94,24,1,1,0
312779,1921,2024,Ascent,2489,Munchkin,Gen.G,Kayo,1.32,207,18,11,9,81,133,16,1,0,1
312779,1921,2024,Ascent,773,Lakia,Gen.G,Sova,1.18,213,15,13,7,81,153,15,0,2,-2
312779,1921,2024,Ascent,9196,t3xture,Gen.G,Jett,1.03,247,19,17,3,81,157,27,6,3,3
312779,1921,2024,Ascent,13039,Meteor,Gen.G,Killjoy,0.91,194,14,16,5,76,129,22,0,3,-3
312779,1921,2024,Ascent,34974,Karon,Gen.G,Omen,0.9,177,13,14,10,76,108,31,4,2,2
312779,1921,2024,Ascent,9,TenZ,Sentinels,Omen,1.21,225,19,16,6,76,151,40,1,2,-1
312779,1921,2024,Ascent,659,Sacy,Sentinels,Sova,1.04,191,12,15,8,71,133,19,2,0,2
312779,1921,2024,Ascent,4004,zekken,Sentinels,Jett,1.03,251,19,18,5,62,157,23,4,4,0
312779,1921,2024,Ascent,1265,johnqt,Sentinels,Killjoy,0.89,164,12,14,4,76,122,15,2,2,0
312779,1921,2024,Ascent,729,Zellsis,Sentinels,Kayo,0.62,141,9,16,12,76,92,19,1,3,-2
312779,1921,2024,Split,9196,t3xture,Gen.G,Raze,1.29,288,22,19,2,74,179,17,3,2,1
312779,1921,2024,Split,13039,Meteor,Gen.G,Jett,0.94,230,20,20,2,57,140,27,5,2,3
312779,1921,2024,Split,34974,Karon,Gen.G,Omen,0.9,210,18,18,9,70,134,29,1,2,-1
312779,1921,2024,Split,2489,Munchkin,Gen.G,Viper,0.53,104,6,16,12,48,71,15,0,3,-3
312779,1921,2024,Split,773,Lakia,Gen.G,Skye,0.49,102,9,18,4,65,68,31,1,3,-2
312779,1921,2024,Split,4004,zekken,Sentinels,Raze,1.73,366,29,16,10,83,240,24,4,4,0
312779,1921,2024,Split,1265,johnqt,Sentinels,Cypher,1.33,228,19,14,11,87,148,29,1,0,1
312779,1921,2024,Split,9,TenZ,Sentinels,Omen,1.08,189,16,15,11,87,113,46,2,3,-1
312779,1921,2024,Split,659,Sacy,Sentinels,Skye,1.0,155,14,15,10,87,118,33,3,1,2
312779,1921,2024,Split,729,Zellsis,Sentinels,Viper,0.87,184,13,16,9,74,126,28,3,3,0
312779,1921,2024,Icebox,2489,Munchkin,Gen.G,Kayo,0.94,171,13,14,8,68,99,17,1,4,-3
312779,1921,2024,Icebox,9196,t3xture,Gen.G,Jett,0.86,221,15,16,3,74,136,30,0,1,-1
312779,1921,2024,Icebox,34974,Karon,Gen.G,Viper,0.82,198,11,15,8,74,127,22,2,1,1
312779,1921,2024,Icebox,773,Lakia,Gen.G,Gekko,0.8,194,13,16,1,58,155,26,2,2,0
312779,1921,2024,Icebox,13039,Meteor,Gen.G,Killjoy,0.4,138,7,17,3,63,104,10,3,3,0
312779,1921,2024,Icebox,729,Zellsis,Sentinels,Killjoy,1.59,268,19,9,3,89,183,20,1,0,1
312779,1921,2024,Icebox,1265,johnqt,Sentinels,Viper,1.37,190,14,9,8,89,129,28,2,1,1
312779,1921,2024,Icebox,9,TenZ,Sentinels,Kayo,1.24,278,16,14,16,95,185,17,2,1,1
312779,1921,2024,Icebox,659,Sacy,Sentinels,Gekko,1.13,202,17,13,3,84,118,22,0,1,-1
312779,1921,2024,Icebox,4004,zekken,Sentinels,Jett,0.85,183,12,14,4,79,129,21,6,5,1
321373,1921,2024,Ascent,37656,Kyedae,Team International,,0.0,0,0,0,0,0,0,0,0,0,0
321373,1921,2024,Ascent,,yjj,Team International,,0.0,0,0,0,0,0,0,0,0,0,0
321373,1921,2024,Ascent,17323,mimi,Team International,,0.0,0,0,0,0,0,0,0,0,0,0
321373,1921,2024,Ascent,,jisou,Team International,,0.0,0,0,0,0,0,0,0,0,0,0
321373,1921,2024,Ascent,,fugu,Team International,,0.0,0,0,0,0,0,0,0,0,0,0
321373,1921,2024,Ascent,93,Mixwell,Team,,0.0,0,0,0,0,0,0,0,0,0,0
321373,1921,2024,Ascent,534,HITBOXKING,Team,,0.0,0,0,0,0,0,0,0,0,0,0
321373,1921,2024,Ascent,495,Leviathan,Team,,0.0,0,0,0,0,0,0,0,0,0,0
321373,1921,2024,Ascent,536,blackelespanolito,Team,,0.0,0,0,0,0,0,0,0,0,0,0
321373,1921,2024,Ascent,,sergioferra,Team,,0.0,0,0,0,0,0,0,0,0,0,0
312797,1921,2024,Icebox,3520,ZmjjKK,EDward Gaming,Jett,1.51,320,25,15,5,90,206,24,6,2,4
312797,1921,2024,Icebox,3017,nobody,EDward Gaming,Sova,1.28,240,20,12,5,86,168,29,1,3,-2
312797,1921,2024,Icebox,15559,CHICHOO,EDward Gaming,Killjoy,1.13,220,16,13,5,81,156,34,2,3,-1
312797,1921,2024,Icebox,4742,Smoggy,EDward Gaming,Kayo,1.13,167,14,12,15,86,106,26,1,0,1
312797,1921,2024,Icebox,4720,Haodong,EDward Gaming,Viper,0.95,188,13,14,8,81,139,21,2,1,1
312797,1921,2024,Icebox,34974,Karon,Gen.G,Viper,1.2,251,19,18,5,76,184,36,1,1,0
312797,1921,2024,Icebox,13039,Meteor,Gen.G,Killjoy,1.05,243,18,17,1,67,162,43,1,4,-3
312797,1921,2024,Icebox,2489,Munchkin,Gen.G,Kayo,0.9,206,13,18,10,76,142,20,3,2,1
312797,1921,2024,Icebox,9196,t3xture,Gen.G,Jett,0.81,162,13,17,2,62,101,29,3,2,1
312797,1921,2024,Icebox,773,Lakia,Gen.G,Gekko,0.11,56,3,18,1,48,41,27,1,3,-2
312797,1921,2024,Split,3520,ZmjjKK,EDward Gaming,Raze,1.78,401,22,15,6,83,251,36,2,2,0
312797,1921,2024,Split,4742,Smoggy,EDward Gaming,Breach,0.69,149,10,15,6,78,92,26,1,0,1
312797,1921,2024,Split,4720,Haodong,EDward Gaming,Omen,0.51,163,10,16,3,78,99,30,2,4,-2
312797,1921,2024,Split,3017,nobody,EDward Gaming,Skye,0.5,133,8,16,8,56,98,19,1,5,-4
312797,1921,2024,Split,15559,CHICHOO,EDward Gaming,Viper,0.44,103,6,16,4,44,72,13,0,1,-1
312797,1921,2024,Split,13039,Meteor,Gen.G,Jett,1.5,315,22,11,2,94,183,38,6,2,4
312797,1921,2024,Split,9196,t3xture,Gen.G,Raze,1.46,317,22,13,1,72,180,30,6,3,3
312797,1921,2024,Split,773,Lakia,Gen.G,Skye,1.23,195,12,9,8,94,139,26,0,1,-1
312797,1921,2024,Split,2489,Munchkin,Gen.G,Viper,1.0,171,9,10,9,78,112,14,0,0,0
312797,1921,2024,Split,34974,Karon,Gen.G,Omen,0.9,189,13,13,8,72,124,30,0,0,0
312797,1921,2024,Breeze,3520,ZmjjKK,EDward Gaming,Jett,0.86,214,16,15,2,63,128,36,4,4,0
312797,1921,2024,Breeze,3017,nobody,EDward Gaming,Sova,0.86,170,11,15,3,74,117,46,1,3,-2
312797,1921,2024,Breeze,4720,Haodong,EDward Gaming,Viper,0.76,138,9,15,4,63,105,28,2,2,0
312797,1921,2024,Breeze,4742,Smoggy,EDward Gaming,Kayo,0.76,166,10,16,6,74,111,30,1,1,0
312797,1921,2024,Breeze,15559,CHICHOO,EDward Gaming,Cypher,0.66,128,8,15,2,53,91,31,0,1,-1
312797,1921,2024,Breeze,773,Lakia,Gen.G,Sova,1.36,228,16,10,3,79,136,35,3,0,3
312797,1921,2024,Breeze,13039,Meteor,Gen.G,Yoru,1.35,246,18,11,5,84,180,38,2,1,1
312797,1921,2024,Breeze,34974,Karon,Gen.G,Astra,1.23,250,16,12,6,74,171,33,3,2,1
312797,1921,2024,Breeze,2489,Munchkin,Gen.G,Viper,1.19,168,12,6,8,89,106,19,1,2,-1
312797,1921,2024,Breeze,9196,t3xture,Gen.G,Jett,0.7,184,14,15,0,63,120,34,2,3,-1
312802,1921,2024,Bind,36245,N4RRATE,Karmine Corp,Raze,1.26,268,20,18,7,65,176,14,4,3,1
312802,1921,2024,Bind,2173,MAGNUM,Karmine Corp,Skye,1.23,230,18,16,10,61,145,32,2,3,-1
312802,1921,2024,Bind,10307,marteen,Karmine Corp,Yoru,0.97,183,16,18,5,78,126,33,2,3,-1
312802,1921,2024,Bind,2625,sh1n,Karmine Corp,Omen,0.71,155,12,16,7,74,96,24,2,2,0
312802,1921,2024,Bind,19691,tomaszy,Karmine Corp,Viper,0.69,130,9,16,8,65,108,38,0,2,-2
312802,1921,2024,Bind,8497,Monyet,Paper Rex,Raze,1.28,259,20,17,7,70,185,21,2,3,-1
312802,1921,2024,Bind,9803,d4v41,Paper Rex,Skye,1.09,158,14,11,4,65,109,28,1,1,0
312802,1921,2024,Bind,9800,mindfreak,Paper Rex,Brimstone,1.0,224,18,16,8,83,138,45,2,1,1
312802,1921,2024,Bind,17086,something,Paper Rex,Reyna,0.95,186,16,16,4,70,114,32,5,1,4
312802,1921,2024,Bind,9801,f0rsakeN,Paper Rex,Harbor,0.89,195,16,15,5,87,132,35,3,4,-1
312802,1921,2024,Lotus,36245,N4RRATE,Karmine Corp,Fade,1.8,272,18,9,7,95,192,30,3,0,3
312802,1921,2024,Lotus,2173,MAGNUM,Karmine Corp,Killjoy,1.12,203,14,11,2,74,118,13,5,1,4
312802,1921,2024,Lotus,2625,sh1n,Karmine Corp,Omen,1.0,182,13,11,11,79,108,27,1,2,-1
312802,1921,2024,Lotus,10307,marteen,Karmine Corp,Raze,0.96,243,17,14,5,79,151,16,3,2,1
312802,1921,2024,Lotus,19691,tomaszy,Karmine Corp,Viper,0.91,153,10,12,6,74,123,47,0,2,-2
312802,1921,2024,Lotus,9803,d4v41,Paper Rex,Skye,1.19,235,13,14,13,68,167,35,1,0,1
312802,1921,2024,Lotus,17086,something,Paper Rex,Jett,0.86,201,14,13,0,58,107,18,2,3,-1
312802,1921,2024,Lotus,9800,mindfreak,Paper Rex,Omen,0.63,125,8,13,5,63,76,30,0,3,-3
312802,1921,2024,Lotus,9801,f0rsakeN,Paper Rex,Raze,0.62,182,11,16,3,58,122,24,2,2,0
312802,1921,2024,Lotus,8497,Monyet,Paper Rex,Astra,0.6,166,11,16,4,53,114,29,2,4,-2
312802,1921,2024,Ascent,10307,marteen,Karmine Corp,Jett,1.52,327,29,19,8,81,206,26,6,6,0
312802,1921,2024,Ascent,2173,MAGNUM,Karmine Corp,Breach,1.0,168,15,16,14,77,105,20,2,1,1
312802,1921,2024,Ascent,36245,N4RRATE,Karmine Corp,Kayo,0.93,184,17,18,18,85,107,24,2,3,-1
312802,1921,2024,Ascent,2625,sh1n,Karmine Corp,Omen,0.85,153,14,18,11,85,99,33,2,2,0
312802,1921,2024,Ascent,19691,tomaszy,Karmine Corp,Fade,0.83,164,15,17,7,58,98,30,1,1,0
312802,1921,2024,Ascent,9801,f0rsakeN,Paper Rex,Fade,1.41,261,22,18,15,85,170,28,4,1,3
312802,1921,2024,Ascent,17086,something,Paper Rex,Gekko,1.14,210,20,16,3,73,140,14,3,3,0
312802,1921,2024,Ascent,8497,Monyet,Paper Rex,Raze,0.91,210,18,19,5,58,144,29,6,8,-2
312802,1921,2024,Ascent,9803,d4v41,Paper Rex,Omen,0.84,172,16,19,10,58,118,36,0,1,-1
312802,1921,2024,Ascent,9800,mindfreak,Paper Rex,Viper,0.79,131,12,18,5,65,91,31,0,0,0
312803,1921,2024,Icebox,8447,Less,LOUD,Viper,1.6,226,13,6,4,93,175,46,1,0,1
312803,1921,2024,Icebox,6193,cauanzin,LOUD,Sova,1.48,276,16,9,7,93,200,29,3,2,1
312803,1921,2024,Icebox,727,saadhak,LOUD,Killjoy,1.25,236,14,8,2,73,154,22,2,2,0
312803,1921,2024,Icebox,2408,tuyz,LOUD,Harbor,1.12,131,8,6,6,80,110,40,0,0,0
312803,1921,2024,Icebox,1575,qck,LOUD,Jett,0.95,249,14,12,0,73,156,27,4,1,3
312803,1921,2024,Icebox,4742,Smoggy,EDward Gaming,Kayo,1.43,276,14,11,4,53,170,24,2,1,1
312803,1921,2024,Icebox,3017,nobody,EDward Gaming,Sova,0.81,185,9,13,3,67,144,34,1,2,-1
312803,1921,2024,Icebox,15559,CHICHOO,EDward Gaming,Killjoy,0.76,159,8,12,2,60,111,22,1,1,0
312803,1921,2024,Icebox,4720,Haodong,EDward Gaming,Viper,0.43,127,6,14,5,60,102,30,0,3,-3
312803,1921,2024,Icebox,3520,ZmjjKK,EDward Gaming,Jett,0.18,77,4,15,0,27,41,18,1,3,-2
312803,1921,2024,Sunset,1575,qck,LOUD,Phoenix,2.04,380,24,7,3,88,270,44,3,1,2
312803,1921,2024,Sunset,2408,tuyz,LOUD,Omen,1.38,172,13,7,3,75,114,24,1,1,0
312803,1921,2024,Sunset,6193,cauanzin,LOUD,Breach,1.36,276,16,10,7,94,173,24,4,1,3
312803,1921,2024,Sunset,727,saadhak,LOUD,Sova,1.15,152,9,7,6,81,105,26,1,0,1
312803,1921,2024,Sunset,8447,Less,LOUD,Viper,1.1,151,8,7,7,81,110,20,3,1,2
312803,1921,2024,Sunset,3520,ZmjjKK,EDward Gaming,Raze,0.89,236,13,14,0,56,156,28,3,2,1
312803,1921,2024,Sunset,4742,Smoggy,EDward Gaming,Kayo,0.66,151,9,13,5,63,99,32,0,3,-3
312803,1921,2024,Sunset,3017,nobody,EDward Gaming,Sova,0.62,137,7,14,1,44,102,47,1,3,-2
312803,1921,2024,Sunset,15559,CHICHOO,EDward Gaming,Cypher,0.48,127,6,14,3,44,87,33,0,3,-3
312803,1921,2024,Sunset,4720,Haodong,EDward Gaming,Omen,0.23,78,3,15,5,44,70,33,0,1,-1
312766,1921,2024,Icebox,9196,t3xture,Gen.G,Jett,1.35,241,20,15,5,63,162,25,4,1,3
312766,1921,2024,Icebox,34974,Karon,Gen.G,Viper,1.14,212,19,17,3,67,148,25,3,1,2
312766,1921,2024,Icebox,2489,Munchkin,Gen.G,Kayo,1.12,209,17,18,15,71,146,37,4,3,1
312766,1921,2024,Icebox,13039,Meteor,Gen.G,Killjoy,0.75,178,14,19,4,54,125,23,1,0,1
312766,1921,2024,Icebox,773,Lakia,Gen.G,Gekko,0.54,117,10,19,6,58,78,20,2,4,-2
312766,1921,2024,Icebox,8447,Less,LOUD,Viper,1.66,326,27,14,8,83,226,42,1,3,-2
312766,1921,2024,Icebox,727,saadhak,LOUD,Killjoy,1.09,240,18,17,8,71,163,10,2,4,-2
312766,1921,2024,Icebox,2408,tuyz,LOUD,Harbor,0.88,126,12,14,5,67,95,22,0,1,-1
312766,1921,2024,Icebox,6193,cauanzin,LOUD,Sova,0.77,177,17,19,4,79,115,26,4,1,3
312766,1921,2024,Icebox,1575,qck,LOUD,Jett,0.73,165,14,17,1,58,110,46,3,6,-3
312766,1921,2024,Breeze,2489,Munchkin,Gen.G,Viper,1.11,192,16,15,3,57,101,23,2,2,0
312766,1921,2024,Breeze,9196,t3xture,Gen.G,Jett,1.09,283,21,18,3,67,170,18,5,3,2
312766,1921,2024,Breeze,34974,Karon,Gen.G,Astra,0.75,142,9,16,8,67,106,31,0,3,-3
312766,1921,2024,Breeze,773,Lakia,Gen.G,Sova,0.55,92,7,16,3,48,63,70,1,1,0
312766,1921,2024,Breeze,13039,Meteor,Gen.G,Yoru,0.54,155,9,18,7,62,115,32,1,3,-2
312766,1921,2024,Breeze,2408,tuyz,LOUD,Viper,1.82,292,22,10,12,76,188,49,1,0,1
312766,1921,2024,Breeze,8447,Less,LOUD,Cypher,1.22,225,19,12,4,86,152,22,3,0,3
312766,1921,2024,Breeze,1575,qck,LOUD,Jett,1.07,229,18,15,2,62,159,38,6,4,2
312766,1921,2024,Breeze,727,saadhak,LOUD,Kayo,0.99,151,10,11,12,86,109,20,2,2,0
312766,1921,2024,Breeze,6193,cauanzin,LOUD,Sova,0.93,191,14,14,6,76,137,22,0,3,-3
312766,1921,2024,Ascent,34974,Karon,Gen.G,Omen,1.82,293,20,7,3,83,206,42,4,1,3
312766,1921,2024,Ascent,13039,Meteor,Gen.G,Killjoy,1.42,293,19,12,2,83,179,21,3,4,-1
312766,1921,2024,Ascent,9196,t3xture,Gen.G,Jett,1.16,216,15,11,5,78,137,25,2,1,1
312766,1921,2024,Ascent,2489,Munchkin,Gen.G,Kayo,1.01,165,11,10,8,61,101,14,1,0,1
312766,1921,2024,Ascent,773,Lakia,Gen.G,Sova,0.45,104,5,13,7,72,77,16,1,1,0
312766,1921,2024,Ascent,8447,Less,LOUD,Viper,1.07,178,11,12,4,78,134,26,3,1,2
312766,1921,2024,Ascent,2408,tuyz,LOUD,Omen,1.05,198,15,13,3,67,117,32,2,1,1
312766,1921,2024,Ascent,1575,qck,LOUD,Yoru,0.86,233,14,16,2,56,136,24,1,2,-1
312766,1921,2024,Ascent,727,saadhak,LOUD,Kayo,0.54,144,8,15,7,67,97,19,1,4,-3
312766,1921,2024,Ascent,6193,cauanzin,LOUD,Breach,0.5,101,5,14,8,72,65,25,0,3,-3
312780,1921,2024,Ascent,17086,something,Paper Rex,Gekko,1.44,261,22,14,6,79,156,19,7,1,6
312780,1921,2024,Ascent,9801,f0rsakeN,Paper Rex,Fade,1.17,210,17,14,7,75,133,30,4,0,4
312780,1921,2024,Ascent,9803,d4v41,Paper Rex,Omen,1.01,204,19,19,7,71,128,32,2,0,2
312780,1921,2024,Ascent,8497,Monyet,Paper Rex,Raze,0.79,176,13,17,10,75,122,13,2,5,-3
312780,1921,2024,Ascent,9800,mindfreak,Paper Rex,Viper,0.79,150,13,17,6,58,110,39,1,2,-1
312780,1921,2024,Ascent,2408,tuyz,LOUD,Omen,1.39,225,20,14,6,79,144,32,1,2,-1
312780,1921,2024,Ascent,6193,cauanzin,LOUD,Breach,1.0,206,18,19,5,67,128,17,4,1,3
312780,1921,2024,Ascent,8447,Less,LOUD,Viper,0.93,184,16,17,7,71,145,28,1,4,-3
312780,1921,2024,Ascent,727,saadhak,LOUD,Kayo,0.82,163,12,17,9,63,110,14,1,5,-4
312780,1921,2024,Ascent,1575,qck,LOUD,Phoenix,0.73,166,15,17,4,58,120,31,1,4,-3
312780,1921,2024,Sunset,17086,something,Paper Rex,Gekko,1.48,277,22,13,7,76,180,30,0,1,-1
312780,1921,2024,Sunset,9800,mindfreak,Paper Rex,Viper,1.22,218,18,12,3,76,135,37,2,2,0
312780,1921,2024,Sunset,8497,Monyet,Paper Rex,Omen,1.01,182,14,15,7,67,115,28,5,2,3
312780,1921,2024,Sunset,9801,f0rsakeN,Paper Rex,Kayo,0.96,241,17,17,11,67,154,24,5,2,3
312780,1921,2024,Sunset,9803,d4v41,Paper Rex,Sage,0.84,160,11,15,15,81,108,13,1,1,0
312780,1921,2024,Sunset,6193,cauanzin,LOUD,Breach,1.36,303,22,16,6,67,187,32,2,4,-2
312780,1921,2024,Sunset,8447,Less,LOUD,Viper,1.35,272,21,14,6,71,177,40,1,2,-1
312780,1921,2024,Sunset,2408,tuyz,LOUD,Omen,0.96,192,16,17,3,71,110,30,3,1,2
312780,1921,2024,Sunset,727,saadhak,LOUD,Sova,0.5,115,7,17,8,62,82,11,1,3,-2
312780,1921,2024,Sunset,1575,qck,LOUD,Phoenix,0.39,110,6,18,7,67,83,31,1,3,-2
348476,1999,2024,Breeze,13039,Meteor,Gen.G,Yoru,0.0,344,23,11,3,0,223,39,4,0,4
348476,1999,2024,Breeze,9196,t3xture,Gen.G,Jett,0.0,211,16,10,2,0,129,8,2,2,0
348476,1999,2024,Breeze,34974,Karon,Gen.G,Astra,0.0,203,14,8,7,0,124,31,2,0,2
348476,1999,2024,Breeze,773,Lakia,Gen.G,Sova,0.0,168,12,8,9,0,108,15,2,2,0
348476,1999,2024,Breeze,2489,Munchkin,Gen.G,Viper,0.0,150,9,13,5,0,97,19,1,4,-3
348476,1999,2024,Breeze,10971,RieNs,Team Heretics,Sova,0.0,198,13,15,5,0,119,33,2,0,2
348476,1999,2024,Breeze,309,paTiTek,Team Heretics,Skye,0.0,153,9,15,8,0,87,24,3,2,1
348476,1999,2024,Breeze,21328,Wo0t,Team Heretics,Jett,0.0,148,9,15,4,0,101,27,2,6,-4
348476,1999,2024,Breeze,1144,Boo,Team Heretics,Viper,0.0,139,8,16,5,0,97,27,0,1,-1
348476,1999,2024,Breeze,29873,benjyfishy,Team Heretics,Cypher,0.0,137,11,13,1,0,93,30,1,2,-1
348476,1999,2024,Icebox,9196,t3xture,Gen.G,Jett,0.0,276,20,17,2,0,157,25,8,7,1
348476,1999,2024,Icebox,13039,Meteor,Gen.G,Killjoy,0.0,191,15,19,4,0,116,34,2,2,0
348476,1999,2024,Icebox,773,Lakia,Gen.G,Gekko,0.0,185,15,17,2,0,122,29,1,0,1
348476,1999,2024,Icebox,2489,Munchkin,Gen.G,Kayo,0.0,168,12,13,15,0,109,11,0,0,0
348476,1999,2024,Icebox,34974,Karon,Gen.G,Viper,0.0,142,10,14,3,0,118,34,1,1,0
348476,1999,2024,Icebox,10971,RieNs,Team Heretics,Sova,0.0,274,20,11,8,0,195,33,0,1,-1
348476,1999,2024,Icebox,309,paTiTek,Team Heretics,Kayo,0.0,267,20,15,15,0,164,43,3,2,1
348476,1999,2024,Icebox,1144,Boo,Team Heretics,Viper,0.0,205,18,13,6,0,132,48,4,1,3
348476,1999,2024,Icebox,29873,benjyfishy,Team Heretics,Killjoy,0.0,159,13,15,2,0,132,28,2,3,-1
348476,1999,2024,Icebox,21328,Wo0t,Team Heretics,Jett,0.0,120,9,18,6,0,95,46,1,5,-4
348476,1999,2024,Ascent,34974,Karon,Gen.G,Omen,0.0,209,16,14,14,0,126,26,0,3,-3
348476,1999,2024,Ascent,2489,Munchkin,Gen.G,Kayo,0.0,187,14,15,10,0,124,21,1,0,1
348476,1999,2024,Ascent,773,Lakia,Gen.G,Sova,0.0,186,12,14,7,0,136,22,2,0,2
348476,1999,2024,Ascent,13039,Meteor,Gen.G,Killjoy,0.0,164,12,19,1,0,109,22,1,4,-3
348476,1999,2024,Ascent,9196,t3xture,Gen.G,Jett,0.0,158,12,19,4,0,101,8,3,8,-5
348476,1999,2024,Ascent,21328,Wo0t,Team Heretics,Jett,0.0,271,23,13,2,0,155,28,7,2,5
348476,1999,2024,Ascent,1144,Boo,Team Heretics,Omen,0.0,237,18,13,13,0,153,45,2,2,0
348476,1999,2024,Ascent,29873,benjyfishy,Team Heretics,Killjoy,0.0,215,18,13,2,0,141,27,2,0,2
348476,1999,2024,Ascent,309,paTiTek,Team Heretics,Kayo,0.0,214,14,15,14,0,144,31,2,3,-1
348476,1999,2024,Ascent,10971,RieNs,Team Heretics,Sova,0.0,116,8,13,7,0,84,24,2,0,2
348476,1999,2024,Lotus,9196,t3xture,Gen.G,Raze,0.0,312,18,12,5,0,176,19,6,3,3
348476,1999,2024,Lotus,13039,Meteor,Gen.G,Killjoy,0.0,277,17,11,4,0,186,30,3,1,2
348476,1999,2024,Lotus,773,Lakia,Gen.G,Fade,0.0,250,17,8,10,0,154,21,0,0,0
348476,1999,2024,Lotus,2489,Munchkin,Gen.G,Viper,0.0,218,15,7,8,0,166,39,2,1,1
348476,1999,2024,Lotus,34974,Karon,Gen.G,Omen,0.0,167,10,7,11,0,118,33,0,1,-1
348476,1999,2024,Lotus,10971,RieNs,Team Heretics,Fade,0.0,203,13,15,5,0,130,40,1,0,1
348476,1999,2024,Lotus,29873,benjyfishy,Team Heretics,Killjoy,0.0,203,11,16,3,0,137,27,2,3,-1
348476,1999,2024,Lotus,21328,Wo0t,Team Heretics,Raze,0.0,171,9,16,3,0,113,15,2,4,-2
348476,1999,2024,Lotus,1144,Boo,Team Heretics,Omen,0.0,112,8,15,3,0,60,44,0,2,-2
348476,1999,2024,Lotus,309,paTiTek,Team Heretics,Viper,0.0,96,4,15,3,0,63,12,1,2,-1
348476,1999,2024,Split,9196,t3xture,Gen.G,Raze,0.0,323,19,9,2,0,230,29,5,1,4
348476,1999,2024,Split,13039,Meteor,Gen.G,Cypher,0.0,275,17,7,1,0,182,36,2,1,1
348476,1999,2024,Split,34974,Karon,Gen.G,Omen,0.0,185,12,8,7,0,122,18,1,1,0
348476,1999,2024,Split,773,Lakia,Gen.G,Skye,0.0,178,10,10,4,0,118,29,2,0,2
348476,1999,2024,Split,2489,Munchkin,Gen.G,Viper,0.0,108,6,10,2,0,77,16,0,3,-3
348476,1999,2024,Split,309,paTiTek,Team Heretics,Viper,0.0,188,10,13,3,0,115,39,2,2,0
348476,1999,2024,Split,10971,RieNs,Team Heretics,Skye,0.0,183,11,12,3,0,114,30,0,2,-2
348476,1999,2024,Split,1144,Boo,Team Heretics,Omen,0.0,161,9,12,4,0,94,59,2,2,0
348476,1999,2024,Split,21328,Wo0t,Team Heretics,Raze,0.0,150,7,13,3,0,97,21,2,1,1
348476,1999,2024,Split,29873,benjyfishy,Team Heretics,Cypher,0.0,143,7,14,8,0,90,17,0,3,-3
348459,1999,2024,Breeze,7603,Mazino,LEVIATÁN,Kayo,0.0,281,24,16,6,0,176,36,3,1,2
348459,1999,2024,Breeze,8549,kiNgg,LEVIATÁN,Viper,0.0,244,19,16,7,0,169,27,2,3,-1
348459,1999,2024,Breeze,8480,aspas,LEVIATÁN,Jett,0.0,237,17,15,5,0,158,29,4,4,0
348459,1999,2024,Breeze,1818,tex,LEVIATÁN,Cypher,0.0,220,18,12,5,0,150,51,1,2,-1
348459,1999,2024,Breeze,619,C0M,LEVIATÁN,Sova,0.0,168,13,13,7,0,105,25,1,1,0
348459,1999,2024,Breeze,29833,iZu,T1,Yoru,0.0,223,17,22,6,0,143,39,3,1,2
348459,1999,2024,Breeze,1129,Rossy,T1,Viper,0.0,186,15,15,4,0,124,29,1,0,1
348459,1999,2024,Breeze,10816,xccurate,T1,Harbor,0.0,173,12,18,8,0,109,21,4,3,1
348459,1999,2024,Breeze,4545,Sayaplayer,T1,Jett,0.0,168,15,18,2,0,115,36,1,4,-3
348459,1999,2024,Breeze,31207,carpe,T1,Sova,0.0,164,13,18,3,0,119,27,2,3,-1
348459,1999,2024,Sunset,8480,aspas,LEVIATÁN,Raze,0.0,313,23,10,6,0,205,17,2,3,-1
348459,1999,2024,Sunset,1818,tex,LEVIATÁN,Gekko,0.0,250,17,13,9,0,161,37,0,1,-1
348459,1999,2024,Sunset,619,C0M,LEVIATÁN,Cypher,0.0,214,15,12,3,0,145,22,3,3,0
348459,1999,2024,Sunset,8549,kiNgg,LEVIATÁN,Omen,0.0,181,13,12,9,0,111,21,3,3,0
348459,1999,2024,Sunset,7603,Mazino,LEVIATÁN,Breach,0.0,171,12,11,11,0,120,23,1,1,0
348459,1999,2024,Sunset,29833,iZu,T1,Raze,0.0,258,19,17,1,0,161,22,6,4,2
348459,1999,2024,Sunset,1129,Rossy,T1,Breach,0.0,244,18,14,7,0,141,41,2,0,2
348459,1999,2024,Sunset,10816,xccurate,T1,Sage,0.0,126,9,16,2,0,80,35,1,1,0
348459,1999,2024,Sunset,4545,Sayaplayer,T1,Gekko,0.0,104,5,18,6,0,75,15,1,2,-1
348459,1999,2024,Sunset,31207,carpe,T1,Omen,0.0,99,7,15,5,0,65,30,1,2,-1
348470,1999,2024,Icebox,601,Asuna,100 Thieves,Gekko,0.0,231,20,16,7,0,153,22,1,2,-1
348470,1999,2024,Icebox,604,Boostio,100 Thieves,Killjoy,0.0,216,18,18,2,0,134,33,0,4,-4
348470,1999,2024,Icebox,4147,Cryocells,100 Thieves,Jett,0.0,214,17,17,4,0,131,18,4,6,-2
348470,1999,2024,Icebox,796,eeiu,100 Thieves,Sova,0.0,155,12,15,6,0,111,32,1,3,-2
348470,1999,2024,Icebox,3880,bang,100 Thieves,Viper,0.0,137,10,20,3,0,87,48,1,1,0
348470,1999,2024,Icebox,34974,Karon,Gen.G,Viper,0.0,286,24,14,7,0,169,38,3,0,3
348470,1999,2024,Icebox,773,Lakia,Gen.G,Gekko,0.0,208,17,16,7,0,129,28,3,0,3
348470,1999,2024,Icebox,13039,Meteor,Gen.G,Killjoy,0.0,195,16,17,1,0,129,35,3,2,1
348470,1999,2024,Icebox,9196,t3xture,Gen.G,Jett,0.0,179,14,15,4,0,111,16,5,5,0
348470,1999,2024,Icebox,2489,Munchkin,Gen.G,Kayo,0.0,176,15,15,11,0,118,27,2,0,2
348470,1999,2024,Ascent,3880,bang,100 Thieves,Omen,0.0,248,18,18,8,0,175,31,3,1,2
348470,1999,2024,Ascent,796,eeiu,100 Thieves,Sova,0.0,202,16,15,2,0,136,17,3,1,2
348470,1999,2024,Ascent,4147,Cryocells,100 Thieves,Jett,0.0,200,17,17,2,0,120,22,4,4,0
348470,1999,2024,Ascent,604,Boostio,100 Thieves,Killjoy,0.0,155,12,18,3,0,109,20,2,1,1
348470,1999,2024,Ascent,601,Asuna,100 Thieves,Kayo,0.0,143,9,18,11,0,94,17,1,3,-2
348470,1999,2024,Ascent,13039,Meteor,Gen.G,Killjoy,0.0,316,26,16,5,0,209,23,7,2,5
348470,1999,2024,Ascent,34974,Karon,Gen.G,Omen,0.0,233,19,15,23,0,146,25,2,1,1
348470,1999,2024,Ascent,2489,Munchkin,Gen.G,Kayo,0.0,177,12,12,18,0,115,22,0,4,-4
348470,1999,2024,Ascent,9196,t3xture,Gen.G,Jett,0.0,166,14,17,2,0,100,26,1,6,-5
348470,1999,2024,Ascent,773,Lakia,Gen.G,Sova,0.0,164,15,12,6,0,107,17,0,0,0
348472,1999,2024,Bind,21328,Wo0t,Team Heretics,Raze,0.0,232,16,17,3,0,140,24,5,3,2
348472,1999,2024,Bind,29873,benjyfishy,Team Heretics,Viper,0.0,225,17,12,3,0,141,33,2,2,0
348472,1999,2024,Bind,309,paTiTek,Team Heretics,Fade,0.0,213,14,13,10,0,136,29,3,1,2
348472,1999,2024,Bind,1144,Boo,Team Heretics,Brimstone,0.0,209,15,9,15,0,120,45,1,0,1
348472,1999,2024,Bind,10971,RieNs,Team Heretics,Gekko,0.0,206,15,13,7,0,139,39,2,1,1
348472,1999,2024,Bind,6510,AtaKaptan,FUT Esports,Omen,0.0,271,21,13,5,0,179,50,0,2,-2
348472,1999,2024,Bind,573,cNed,FUT Esports,Raze,0.0,200,13,18,3,0,128,27,4,5,-1
348472,1999,2024,Bind,8369,yetujey,FUT Esports,Viper,0.0,199,12,16,5,0,135,24,1,2,-1
348472,1999,2024,Bind,1139,qRaxs,FUT Esports,Kayo,0.0,141,9,15,11,0,97,23,1,1,0
348472,1999,2024,Bind,8044,MrFaliN,FUT Esports,Gekko,0.0,139,9,15,6,0,110,31,1,3,-2
348472,1999,2024,Sunset,10971,RieNs,Team Heretics,Sova,0.0,277,17,10,6,0,186,44,4,0,4
348472,1999,2024,Sunset,29873,benjyfishy,Team Heretics,Cypher,0.0,262,18,10,5,0,165,33,2,1,1
348472,1999,2024,Sunset,21328,Wo0t,Team Heretics,Raze,0.0,236,13,11,4,0,173,36,4,1,3
348472,1999,2024,Sunset,1144,Boo,Team Heretics,Omen,0.0,207,12,8,12,0,130,58,1,0,1
348472,1999,2024,Sunset,309,paTiTek,Team Heretics,Kayo,0.0,183,13,6,5,0,122,18,3,1,2
348472,1999,2024,Sunset,573,cNed,FUT Esports,Raze,0.0,225,12,16,3,0,137,24,2,7,-5
348472,1999,2024,Sunset,8044,MrFaliN,FUT Esports,Breach,0.0,189,10,14,11,0,128,24,1,1,0
348472,1999,2024,Sunset,6510,AtaKaptan,FUT Esports,Omen,0.0,166,10,15,5,0,125,31,0,1,-1
348472,1999,2024,Sunset,1139,qRaxs,FUT Esports,Gekko,0.0,118,7,15,5,0,76,23,0,2,-2
348472,1999,2024,Sunset,8369,yetujey,FUT Esports,Cypher,0.0,84,6,13,3,0,59,14,0,3,-3
348461,1999,2024,Sunset,1139,qRaxs,FUT Esports,Gekko,0.0,349,19,9,4,0,219,34,4,0,4
348461,1999,2024,Sunset,8369,yetujey,FUT Esports,Cypher,0.0,322,18,3,4,0,217,31,1,0,1
348461,1999,2024,Sunset,6510,AtaKaptan,FUT Esports,Omen,0.0,252,11,11,8,0,170,39,2,3,-1
348461,1999,2024,Sunset,8044,MrFaliN,FUT Esports,Breach,0.0,171,10,7,9,0,106,23,2,1,1
348461,1999,2024,Sunset,573,cNed,FUT Esports,Raze,0.0,162,10,10,1,0,137,21,1,1,0
348461,1999,2024,Sunset,1818,tex,LEVIATÁN,Gekko,0.0,269,12,13,0,0,206,52,1,0,1
348461,1999,2024,Sunset,619,C0M,LEVIATÁN,Cypher,0.0,194,8,14,4,0,132,22,2,4,-2
348461,1999,2024,Sunset,8480,aspas,LEVIATÁN,Raze,0.0,163,7,13,2,0,113,29,0,0,0
348461,1999,2024,Sunset,7603,Mazino,LEVIATÁN,Breach,0.0,144,7,14,2,0,88,20,0,3,-3
348461,1999,2024,Sunset,8549,kiNgg,LEVIATÁN,Omen,0.0,131,5,14,5,0,94,32,1,2,-1
348461,1999,2024,Lotus,573,cNed,FUT Esports,Jett,0.0,256,21,18,3,0,174,28,4,2,2
348461,1999,2024,Lotus,8369,yetujey,FUT Esports,Cypher,0.0,213,18,16,6,0,134,22,2,4,-2
348461,1999,2024,Lotus,1139,qRaxs,FUT Esports,Breach,0.0,202,16,18,7,0,125,31,0,0,0
348461,1999,2024,Lotus,6510,AtaKaptan,FUT Esports,Viper,0.0,201,16,17,5,0,122,20,3,7,-4
348461,1999,2024,Lotus,8044,MrFaliN,FUT Esports,Omen,0.0,123,11,18,11,0,71,25,0,2,-2
348461,1999,2024,Lotus,8549,kiNgg,LEVIATÁN,Viper,0.0,325,28,14,10,0,205,33,3,1,2
348461,1999,2024,Lotus,8480,aspas,LEVIATÁN,Raze,0.0,215,18,18,2,0,136,20,7,2,5
348461,1999,2024,Lotus,7603,Mazino,LEVIATÁN,Omen,0.0,204,17,17,10,0,133,19,2,2,0
348461,1999,2024,Lotus,619,C0M,LEVIATÁN,Fade,0.0,152,13,16,4,0,104,23,2,2,0
348461,1999,2024,Lotus,1818,tex,LEVIATÁN,Killjoy,0.0,124,11,17,2,0,75,18,1,2,-1
348461,1999,2024,Bind,6510,AtaKaptan,FUT Esports,Omen,0.0,265,22,19,8,0,178,38,4,1,3
348461,1999,2024,Bind,8369,yetujey,FUT Esports,Viper,0.0,202,18,16,3,0,127,41,5,1,4
348461,1999,2024,Bind,573,cNed,FUT Esports,Raze,0.0,200,17,23,3,0,142,26,1,5,-4
348461,1999,2024,Bind,8044,MrFaliN,FUT Esports,Skye,0.0,194,16,16,8,0,140,24,0,3,-3
348461,1999,2024,Bind,1139,qRaxs,FUT Esports,Kayo,0.0,149,14,17,5,0,105,33,1,3,-2
348461,1999,2024,Bind,7603,Mazino,LEVIATÁN,Brimstone,0.0,351,30,18,7,0,238,26,4,3,1
348461,1999,2024,Bind,8480,aspas,LEVIATÁN,Raze,0.0,224,18,21,6,0,168,35,5,3,2
348461,1999,2024,Bind,8549,kiNgg,LEVIATÁN,Viper,0.0,216,18,16,4,0,138,27,2,1,1
348461,1999,2024,Bind,1818,tex,LEVIATÁN,Gekko,0.0,211,18,16,10,0,147,41,1,2,-1
348461,1999,2024,Bind,619,C0M,LEVIATÁN,Skye,0.0,84,7,16,9,0,66,26,1,2,-1
348064,1999,2024,Icebox,13039,Meteor,Gen.G,Killjoy,0.0,189,14,18,1,0,118,15,1,2,-1
348064,1999,2024,Icebox,773,Lakia,Gen.G,Gekko,0.0,176,13,14,2,0,115,30,2,2,0
348064,1999,2024,Icebox,2489,Munchkin,Gen.G,Kayo,0.0,175,10,16,8,0,133,18,2,1,1
348064,1999,2024,Icebox,34974,Karon,Gen.G,Viper,0.0,163,9,17,9,0,115,28,1,4,-3
348064,1999,2024,Icebox,9196,t3xture,Gen.G,Jett,0.0,109,8,17,3,0,74,29,1,4,-3
348064,1999,2024,Icebox,8480,aspas,LEVIATÁN,Jett,0.0,295,21,11,4,0,182,20,5,4,1
348064,1999,2024,Icebox,1818,tex,LEVIATÁN,Killjoy,0.0,275,20,11,9,0,200,30,2,1,1
348064,1999,2024,Icebox,619,C0M,LEVIATÁN,Sova,0.0,185,16,8,7,0,104,22,2,0,2
348064,1999,2024,Icebox,7603,Mazino,LEVIATÁN,Harbor,0.0,172,13,12,7,0,98,16,2,0,2
348064,1999,2024,Icebox,8549,kiNgg,LEVIATÁN,Viper,0.0,166,12,12,10,0,101,24,2,2,0
348064,1999,2024,Lotus,9196,t3xture,Gen.G,Raze,0.0,396,26,10,1,0,258,30,3,0,3
348064,1999,2024,Lotus,34974,Karon,Gen.G,Omen,0.0,239,18,8,2,0,149,44,1,1,0
348064,1999,2024,Lotus,2489,Munchkin,Gen.G,Viper,0.0,220,13,11,6,0,149,26,3,1,2
348064,1999,2024,Lotus,773,Lakia,Gen.G,Fade,0.0,135,7,14,9,0,85,21,3,2,1
348064,1999,2024,Lotus,13039,Meteor,Gen.G,Killjoy,0.0,123,8,10,1,0,88,9,1,3,-2
348064,1999,2024,Lotus,8549,kiNgg,LEVIATÁN,Viper,0.0,276,16,15,6,0,180,35,0,3,-3
348064,1999,2024,Lotus,1818,tex,LEVIATÁN,Killjoy,0.0,217,15,12,0,0,143,22,4,2,2
348064,1999,2024,Lotus,8480,aspas,LEVIATÁN,Raze,0.0,179,12,15,1,0,118,31,3,3,0
348064,1999,2024,Lotus,7603,Mazino,LEVIATÁN,Omen,0.0,97,5,16,4,0,71,17,0,2,-2
348064,1999,2024,Lotus,619,C0M,LEVIATÁN,Fade,0.0,90,5,14,3,0,61,26,0,1,-1
348064,1999,2024,Breeze,34974,Karon,Gen.G,Astra,0.0,244,19,11,2,0,163,38,0,0,0
348064,1999,2024,Breeze,773,Lakia,Gen.G,Sova,0.0,238,18,11,4,0,185,55,2,3,-1
348064,1999,2024,Breeze,13039,Meteor,Gen.G,Yoru,0.0,222,16,14,3,0,148,38,3,4,-1
348064,1999,2024,Breeze,2489,Munchkin,Gen.G,Viper,0.0,167,12,10,3,0,120,18,0,1,-1
348064,1999,2024,Breeze,9196,t3xture,Gen.G,Jett,0.0,157,11,14,3,0,84,20,2,5,-3
348064,1999,2024,Breeze,8480,aspas,LEVIATÁN,Jett,0.0,276,21,14,2,0,169,29,8,1,7
348064,1999,2024,Breeze,1818,tex,LEVIATÁN,Cypher,0.0,192,14,14,2,0,115,62,2,2,0
348064,1999,2024,Breeze,7603,Mazino,LEVIATÁN,Kayo,0.0,174,11,14,12,0,118,26,2,1,1
348064,1999,2024,Breeze,8549,kiNgg,LEVIATÁN,Viper,0.0,142,10,16,1,0,102,19,1,1,0
348064,1999,2024,Breeze,619,C0M,LEVIATÁN,Sova,0.0,81,4,18,5,0,62,29,0,2,-2
348473,1999,2024,Lotus,4581,JonahP,G2 Esports,Viper,0.0,217,18,17,5,0,135,27,1,0,1
348473,1999,2024,Lotus,7873,leaf,G2 Esports,Killjoy,0.0,208,14,18,5,0,134,18,4,3,1
348473,1999,2024,Lotus,15500,trent,G2 Esports,Fade,0.0,202,13,16,8,0,140,17,3,1,2
348473,1999,2024,Lotus,3885,valyn,G2 Esports,Omen,0.0,198,15,16,2,0,132,33,1,3,-2
348473,1999,2024,Lotus,8402,icy,G2 Esports,Raze,0.0,146,9,17,5,0,96,18,1,4,-3
348473,1999,2024,Lotus,13039,Meteor,Gen.G,Killjoy,0.0,309,24,12,5,0,211,34,3,0,3
348473,1999,2024,Lotus,9196,t3xture,Gen.G,Raze,0.0,280,20,15,4,0,190,25,5,2,3
348473,1999,2024,Lotus,773,Lakia,Gen.G,Fade,0.0,231,17,13,8,0,147,37,2,1,1
348473,1999,2024,Lotus,2489,Munchkin,Gen.G,Viper,0.0,156,13,14,7,0,108,25,1,5,-4
348473,1999,2024,Lotus,34974,Karon,Gen.G,Omen,0.0,133,10,15,14,0,92,29,0,2,-2
348473,1999,2024,Ascent,8402,icy,G2 Esports,Jett,0.0,223,18,17,3,0,154,40,4,4,0
348473,1999,2024,Ascent,15500,trent,G2 Esports,Sova,0.0,223,17,15,7,0,137,15,1,0,1
348473,1999,2024,Ascent,3885,valyn,G2 Esports,Omen,0.0,173,13,16,3,0,123,23,1,0,1
348473,1999,2024,Ascent,4581,JonahP,G2 Esports,Kayo,0.0,157,10,19,9,0,107,23,1,5,-4
348473,1999,2024,Ascent,7873,leaf,G2 Esports,Killjoy,0.0,154,12,21,3,0,110,29,3,4,-1
348473,1999,2024,Ascent,9196,t3xture,Gen.G,Jett,0.0,329,28,13,3,0,193,22,7,0,7
348473,1999,2024,Ascent,773,Lakia,Gen.G,Sova,0.0,226,19,15,7,0,144,23,2,2,0
348473,1999,2024,Ascent,13039,Meteor,Gen.G,Killjoy,0.0,210,18,12,2,0,147,35,3,3,0
348473,1999,2024,Ascent,2489,Munchkin,Gen.G,Kayo,0.0,159,12,16,17,0,120,15,0,2,-2
348473,1999,2024,Ascent,34974,Karon,Gen.G,Omen,0.0,144,11,14,16,0,81,23,1,3,-2
348471,1999,2024,Breeze,601,Asuna,100 Thieves,Kayo,0.0,320,22,10,9,0,205,29,2,1,1
348471,1999,2024,Breeze,3880,bang,100 Thieves,Viper,0.0,284,19,8,8,0,185,68,1,0,1
348471,1999,2024,Breeze,4147,Cryocells,100 Thieves,Jett,0.0,211,14,9,3,0,149,45,2,2,0
348471,1999,2024,Breeze,604,Boostio,100 Thieves,Cypher,0.0,205,13,14,2,0,137,43,3,4,-1
348471,1999,2024,Breeze,796,eeiu,100 Thieves,Sova,0.0,166,12,11,5,0,118,32,1,2,-1
348471,1999,2024,Breeze,17086,something,Paper Rex,Jett,0.0,223,14,16,3,0,135,21,6,4,2
348471,1999,2024,Breeze,9800,mindfreak,Paper Rex,Viper,0.0,188,12,14,3,0,133,54,1,1,0
348471,1999,2024,Breeze,9801,f0rsakeN,Paper Rex,Harbor,0.0,167,9,17,2,0,127,32,0,3,-3
348471,1999,2024,Breeze,9803,d4v41,Paper Rex,Sova,0.0,159,9,16,5,0,124,32,2,0,2
348471,1999,2024,Breeze,7378,Jinggg,Paper Rex,Reyna,0.0,145,8,17,4,0,97,22,0,1,-1
348471,1999,2024,Sunset,604,Boostio,100 Thieves,Cypher,0.0,244,22,17,4,0,161,17,1,2,-1
348471,1999,2024,Sunset,4147,Cryocells,100 Thieves,Gekko,0.0,193,14,21,8,0,139,31,1,2,-1
348471,1999,2024,Sunset,3880,bang,100 Thieves,Omen,0.0,177,14,18,9,0,105,39,1,3,-2
348471,1999,2024,Sunset,796,eeiu,100 Thieves,Fade,0.0,171,15,19,5,0,113,27,1,1,0
348471,1999,2024,Sunset,601,Asuna,100 Thieves,Raze,0.0,165,11,21,6,0,113,6,2,9,-7
348471,1999,2024,Sunset,9801,f0rsakeN,Paper Rex,Breach,0.0,339,29,16,10,0,218,32,3,2,1
348471,1999,2024,Sunset,17086,something,Paper Rex,Gekko,0.0,260,21,15,8,0,166,31,6,1,5
348471,1999,2024,Sunset,7378,Jinggg,Paper Rex,Raze,0.0,229,19,18,3,0,151,26,4,2,2
348471,1999,2024,Sunset,9803,d4v41,Paper Rex,Sage,0.0,172,15,13,9,0,125,30,1,1,0
348471,1999,2024,Sunset,9800,mindfreak,Paper Rex,Omen,0.0,148,12,14,8,0,88,19,3,0,3
348471,1999,2024,Icebox,3880,bang,100 Thieves,Viper,0.0,262,23,18,9,0,187,40,3,1,2
348471,1999,2024,Icebox,4147,Cryocells,100 Thieves,Jett,0.0,219,20,20,3,0,132,16,4,3,1
348471,1999,2024,Icebox,601,Asuna,100 Thieves,Gekko,0.0,198,18,21,7,0,135,24,4,4,0
348471,1999,2024,Icebox,796,eeiu,100 Thieves,Sova,0.0,187,16,19,8,0,150,38,0,1,-1
348471,1999,2024,Icebox,604,Boostio,100 Thieves,Killjoy,0.0,173,14,21,7,0,119,17,3,3,0
348471,1999,2024,Icebox,17086,something,Paper Rex,Jett,0.0,289,25,18,5,0,180,24,7,6,1
348471,1999,2024,Icebox,7378,Jinggg,Paper Rex,Sage,0.0,257,24,19,6,0,166,42,3,0,3
348471,1999,2024,Icebox,9803,d4v41,Paper Rex,Killjoy,0.0,214,20,16,7,0,161,26,0,1,-1
348471,1999,2024,Icebox,9801,f0rsakeN,Paper Rex,Kayo,0.0,174,17,19,20,0,113,24,2,6,-4
348471,1999,2024,Icebox,9800,mindfreak,Paper Rex,Viper,0.0,145,13,19,10,0,90,20,0,1,-1
348475,1999,2024,Bind,4581,JonahP,G2 Esports,Skye,0.0,244,12,12,5,0,146,30,2,2,0
348475,1999,2024,Bind,15500,trent,G2 Esports,Gekko,0.0,183,8,14,6,0,126,37,2,1,1
348475,1999,2024,Bind,3885,valyn,G2 Esports,Brimstone,0.0,130,6,13,4,0,81,30,1,3,-2
348475,1999,2024,Bind,7873,leaf,G2 Esports,Viper,0.0,128,6,14,2,0,79,13,0,2,-2
348475,1999,2024,Bind,8402,icy,G2 Esports,Raze,0.0,114,4,13,3,0,86,0,0,2,-2
348475,1999,2024,Bind,21328,Wo0t,Team Heretics,Raze,0.0,360,20,6,3,0,226,58,4,3,1
348475,1999,2024,Bind,10971,RieNs,Team Heretics,Gekko,0.0,295,16,7,4,0,199,41,2,0,2
348475,1999,2024,Bind,309,paTiTek,Team Heretics,Fade,0.0,241,14,5,7,0,151,19,1,0,1
348475,1999,2024,Bind,29873,benjyfishy,Team Heretics,Viper,0.0,183,9,11,3,0,118,36,3,1,2
348475,1999,2024,Bind,1144,Boo,Team Heretics,Brimstone,0.0,113,7,7,9,0,80,26,0,1,-1
348475,1999,2024,Icebox,7873,leaf,G2 Esports,Killjoy,0.0,210,13,15,6,0,145,15,1,4,-3
348475,1999,2024,Icebox,3885,valyn,G2 Esports,Harbor,0.0,208,14,17,5,0,144,29,0,1,-1
348475,1999,2024,Icebox,15500,trent,G2 Esports,Sova,0.0,182,12,16,2,0,120,39,3,1,2
348475,1999,2024,Icebox,8402,icy,G2 Esports,Gekko,0.0,138,9,18,6,0,88,19,2,2,0
348475,1999,2024,Icebox,4581,JonahP,G2 Esports,Viper,0.0,131,8,15,7,0,88,15,0,5,-5
348475,1999,2024,Icebox,10971,RieNs,Team Heretics,Sova,0.0,279,21,9,8,0,187,43,1,1,0
348475,1999,2024,Icebox,309,paTiTek,Team Heretics,Kayo,0.0,243,17,11,7,0,148,24,4,0,4
348475,1999,2024,Icebox,21328,Wo0t,Team Heretics,Jett,0.0,233,16,12,2,0,151,33,4,5,-1
348475,1999,2024,Icebox,1144,Boo,Team Heretics,Viper,0.0,215,15,12,3,0,141,29,2,0,2
348475,1999,2024,Icebox,29873,benjyfishy,Team Heretics,Killjoy,0.0,173,12,12,1,0,127,40,2,0,2
348475,1999,2024,Lotus,8402,icy,G2 Esports,Raze,0.0,286,21,15,5,0,199,22,1,4,-3
348475,1999,2024,Lotus,3885,valyn,G2 Esports,Omen,0.0,214,16,15,6,0,143,27,0,4,-4
348475,1999,2024,Lotus,7873,leaf,G2 Esports,Killjoy,0.0,184,13,15,7,0,116,9,1,2,-1
348475,1999,2024,Lotus,4581,JonahP,G2 Esports,Viper,0.0,171,12,16,6,0,118,29,2,3,-1
348475,1999,2024,Lotus,15500,trent,G2 Esports,Fade,0.0,62,3,15,7,0,36,29,1,3,-2
348475,1999,2024,Lotus,309,paTiTek,Team Heretics,Viper,0.0,247,19,11,8,0,148,40,4,3,1
348475,1999,2024,Lotus,1144,Boo,Team Heretics,Omen,0.0,207,16,14,8,0,120,26,5,1,4
348475,1999,2024,Lotus,10971,RieNs,Team Heretics,Fade,0.0,195,15,12,6,0,126,22,1,0,1
348475,1999,2024,Lotus,29873,benjyfishy,Team Heretics,Killjoy,0.0,180,12,13,5,0,126,30,1,1,0
348475,1999,2024,Lotus,21328,Wo0t,Team Heretics,Raze,0.0,178,14,15,2,0,114,29,5,0,5
348063,1999,2024,Breeze,7873,leaf,G2 Esports,Cypher,0.0,342,28,11,3,0,197,30,6,2,4
348063,1999,2024,Breeze,15500,trent,G2 Esports,Sova,0.0,234,14,15,12,0,162,28,5,0,5
348063,1999,2024,Breeze,4581,JonahP,G2 Esports,Viper,0.0,173,14,14,4,0,122,34,0,2,-2
348063,1999,2024,Breeze,3885,valyn,G2 Esports,Astra,0.0,167,13,12,7,0,115,47,1,0,1
348063,1999,2024,Breeze,8402,icy,G2 Esports,Yoru,0.0,166,13,13,6,0,103,44,3,2,1
348063,1999,2024,Breeze,10816,xccurate,T1,Harbor,0.0,232,18,18,6,0,138,47,1,3,-2
348063,1999,2024,Breeze,31207,carpe,T1,Sova,0.0,193,15,15,3,0,129,34,1,3,-2
348063,1999,2024,Breeze,29833,iZu,T1,Yoru,0.0,177,12,18,2,0,112,43,2,5,-3
348063,1999,2024,Breeze,4545,Sayaplayer,T1,Jett,0.0,149,12,17,1,0,106,54,1,4,-3
348063,1999,2024,Breeze,1129,Rossy,T1,Viper,0.0,121,8,14,3,0,94,33,1,0,1
348063,1999,2024,Icebox,7873,leaf,G2 Esports,Killjoy,0.0,184,8,14,1,0,134,19,1,2,-1
348063,1999,2024,Icebox,4581,JonahP,G2 Esports,Viper,0.0,184,9,12,3,0,107,26,1,1,0
348063,1999,2024,Icebox,15500,trent,G2 Esports,Sova,0.0,150,6,13,2,0,106,29,1,0,1
348063,1999,2024,Icebox,8402,icy,G2 Esports,Gekko,0.0,126,6,13,1,0,87,24,4,3,1
348063,1999,2024,Icebox,3885,valyn,G2 Esports,Harbor,0.0,77,3,14,3,0,53,18,0,1,-1
348063,1999,2024,Icebox,1129,Rossy,T1,Viper,0.0,364,20,5,6,0,232,30,0,1,-1
348063,1999,2024,Icebox,31207,carpe,T1,Sova,0.0,244,12,5,6,0,174,18,3,1,2
348063,1999,2024,Icebox,4545,Sayaplayer,T1,Sage,0.0,241,13,5,4,0,165,26,0,0,0
348063,1999,2024,Icebox,10816,xccurate,T1,Chamber,0.0,207,12,7,2,0,150,43,1,2,-1
348063,1999,2024,Icebox,29833,iZu,T1,Reyna,0.0,193,9,10,5,0,120,23,3,3,0
348063,1999,2024,Lotus,7873,leaf,G2 Esports,Killjoy,0.0,247,23,19,3,0,145,19,3,3,0
348063,1999,2024,Lotus,3885,valyn,G2 Esports,Omen,0.0,225,20,20,13,0,150,16,1,2,-1
348063,1999,2024,Lotus,4581,JonahP,G2 Esports,Viper,0.0,213,21,18,6,0,122,27,2,3,-1
348063,1999,2024,Lotus,8402,icy,G2 Esports,Raze,0.0,199,18,22,4,0,121,22,4,4,0
348063,1999,2024,Lotus,15500,trent,G2 Esports,Fade,0.0,178,15,17,11,0,107,29,3,1,2
348063,1999,2024,Lotus,31207,carpe,T1,Fade,0.0,281,26,18,12,0,174,37,1,1,0
348063,1999,2024,Lotus,4545,Sayaplayer,T1,Raze,0.0,206,19,19,4,0,151,33,4,4,0
348063,1999,2024,Lotus,29833,iZu,T1,Omen,0.0,203,17,22,16,0,131,26,4,0,4
348063,1999,2024,Lotus,1129,Rossy,T1,Viper,0.0,173,16,19,8,0,104,22,2,5,-3
348063,1999,2024,Lotus,10816,xccurate,T1,Chamber,0.0,163,18,19,1,0,109,32,2,3,-1
348467,1999,2024,Bind,7378,Jinggg,Paper Rex,Raze,0.0,251,20,18,8,0,171,14,0,4,-4
348467,1999,2024,Bind,9800,mindfreak,Paper Rex,Brimstone,0.0,247,23,15,7,0,175,28,2,0,2
348467,1999,2024,Bind,17086,something,Paper Rex,Reyna,0.0,203,15,18,13,0,135,23,3,8,-5
348467,1999,2024,Bind,9803,d4v41,Paper Rex,Skye,0.0,202,19,17,9,0,129,27,1,1,0
348467,1999,2024,Bind,9801,f0rsakeN,Paper Rex,Harbor,0.0,141,12,15,5,0,101,30,0,5,-5
348467,1999,2024,Bind,4742,Smoggy,EDward Gaming,Omen,0.0,285,25,17,5,0,186,47,5,2,3
348467,1999,2024,Bind,3520,ZmjjKK,EDward Gaming,Raze,0.0,260,20,22,5,0,165,20,8,1,7
348467,1999,2024,Bind,3017,nobody,EDward Gaming,Skye,0.0,225,21,16,9,0,133,33,3,2,1
348467,1999,2024,Bind,15559,CHICHOO,EDward Gaming,Viper,0.0,132,11,15,9,0,87,26,0,0,0
348467,1999,2024,Bind,4720,Haodong,EDward Gaming,Gekko,0.0,83,6,19,8,0,49,38,2,1,1
348467,1999,2024,Sunset,9801,f0rsakeN,Paper Rex,Breach,0.0,291,21,13,8,0,169,30,3,2,1
348467,1999,2024,Sunset,17086,something,Paper Rex,Gekko,0.0,256,17,11,8,0,154,24,6,1,5
348467,1999,2024,Sunset,7378,Jinggg,Paper Rex,Raze,0.0,250,16,15,3,0,175,21,2,1,1
348467,1999,2024,Sunset,9803,d4v41,Paper Rex,Sage,0.0,180,14,10,9,0,115,28,1,1,0
348467,1999,2024,Sunset,9800,mindfreak,Paper Rex,Omen,0.0,148,10,12,9,0,95,25,0,2,-2
348467,1999,2024,Sunset,3520,ZmjjKK,EDward Gaming,Raze,0.0,215,14,17,2,0,126,13,2,6,-4
348467,1999,2024,Sunset,15559,CHICHOO,EDward Gaming,Viper,0.0,197,13,15,3,0,133,31,1,1,0
348467,1999,2024,Sunset,4720,Haodong,EDward Gaming,Cypher,0.0,196,14,15,5,0,131,31,3,3,0
348467,1999,2024,Sunset,3017,nobody,EDward Gaming,Gekko,0.0,164,10,16,3,0,105,18,1,2,-1
348467,1999,2024,Sunset,4742,Smoggy,EDward Gaming,Omen,0.0,163,10,15,5,0,117,23,0,0,0
348463,1999,2024,Split,17086,something,Paper Rex,Jett,0.0,277,19,13,6,0,172,20,5,4,1
348463,1999,2024,Split,7378,Jinggg,Paper Rex,Raze,0.0,276,21,13,5,0,207,27,3,1,2
348463,1999,2024,Split,9800,mindfreak,Paper Rex,Omen,0.0,184,14,12,8,0,127,45,1,1,0
348463,1999,2024,Split,9803,d4v41,Paper Rex,Viper,0.0,165,12,10,5,0,113,41,1,1,0
348463,1999,2024,Split,9801,f0rsakeN,Paper Rex,Skye,0.0,160,12,14,13,0,103,23,3,0,3
348463,1999,2024,Split,15500,trent,G2 Esports,Fade,0.0,218,15,15,4,0,151,32,0,3,-3
348463,1999,2024,Split,8402,icy,G2 Esports,Raze,0.0,203,12,16,7,0,153,25,4,3,1
348463,1999,2024,Split,3885,valyn,G2 Esports,Omen,0.0,183,13,15,6,0,112,18,2,3,-1
348463,1999,2024,Split,4581,JonahP,G2 Esports,Breach,0.0,181,12,14,8,0,132,17,0,1,-1
348463,1999,2024,Split,7873,leaf,G2 Esports,Viper,0.0,161,10,18,6,0,90,16,1,3,-2
348463,1999,2024,Lotus,9803,d4v41,Paper Rex,Skye,0.0,215,19,18,7,0,140,29,2,4,-2
348463,1999,2024,Lotus,17086,something,Paper Rex,Jett,0.0,211,15,18,4,0,148,26,0,7,-7
348463,1999,2024,Lotus,7378,Jinggg,Paper Rex,Raze,0.0,210,17,17,5,0,147,11,2,2,0
348463,1999,2024,Lotus,9800,mindfreak,Paper Rex,Omen,0.0,170,14,19,5,0,112,36,2,1,1
348463,1999,2024,Lotus,9801,f0rsakeN,Paper Rex,Breach,0.0,78,4,18,12,0,52,21,1,2,-1
348463,1999,2024,Lotus,8402,icy,G2 Esports,Raze,0.0,253,22,15,5,0,164,25,2,0,2
348463,1999,2024,Lotus,7873,leaf,G2 Esports,Killjoy,0.0,227,19,14,3,0,153,27,5,3,2
348463,1999,2024,Lotus,4581,JonahP,G2 Esports,Viper,0.0,222,17,17,7,0,132,27,6,3,3
348463,1999,2024,Lotus,15500,trent,G2 Esports,Fade,0.0,195,16,13,7,0,126,31,0,0,0
348463,1999,2024,Lotus,3885,valyn,G2 Esports,Omen,0.0,185,16,11,11,0,112,22,3,1,2
348463,1999,2024,Bind,9800,mindfreak,Paper Rex,Brimstone,0.0,213,12,16,5,0,153,35,2,2,0
348463,1999,2024,Bind,17086,something,Paper Rex,Gekko,0.0,183,12,14,2,0,116,26,1,2,-1
348463,1999,2024,Bind,9801,f0rsakeN,Paper Rex,Harbor,0.0,162,10,16,4,0,96,31,1,2,-1
348463,1999,2024,Bind,9803,d4v41,Paper Rex,Skye,0.0,153,9,14,4,0,106,29,0,1,-1
348463,1999,2024,Bind,7378,Jinggg,Paper Rex,Raze,0.0,122,7,17,2,0,81,23,1,6,-5
348463,1999,2024,Bind,8402,icy,G2 Esports,Raze,0.0,325,20,11,10,0,209,16,7,1,6
348463,1999,2024,Bind,15500,trent,G2 Esports,Gekko,0.0,297,20,9,7,0,189,25,6,0,6
348463,1999,2024,Bind,3885,valyn,G2 Esports,Brimstone,0.0,232,16,10,7,0,151,38,0,0,0
348463,1999,2024,Bind,7873,leaf,G2 Esports,Viper,0.0,208,15,7,6,0,157,29,0,1,-1
348463,1999,2024,Bind,4581,JonahP,G2 Esports,Skye,0.0,98,6,13,7,0,71,16,0,3,-3
348464,1999,2024,Sunset,3520,ZmjjKK,EDward Gaming,Raze,0.0,243,14,16,4,0,172,8,2,2,0
348464,1999,2024,Sunset,15559,CHICHOO,EDward Gaming,Astra,0.0,229,15,14,7,0,145,33,2,2,0
348464,1999,2024,Sunset,4742,Smoggy,EDward Gaming,Omen,0.0,177,12,14,4,0,116,37,0,1,-1
348464,1999,2024,Sunset,4720,Haodong,EDward Gaming,Cypher,0.0,128,8,15,1,0,73,25,2,3,-1
348464,1999,2024,Sunset,3017,nobody,EDward Gaming,Gekko,0.0,118,7,16,2,0,77,41,1,4,-3
348464,1999,2024,Sunset,21328,Wo0t,Team Heretics,Raze,0.0,293,21,11,4,0,198,27,3,2,1
348464,1999,2024,Sunset,309,paTiTek,Team Heretics,Kayo,0.0,230,15,14,14,0,158,41,1,1,0
348464,1999,2024,Sunset,29873,benjyfishy,Team Heretics,Cypher,0.0,214,15,9,8,0,133,20,2,2,0
348464,1999,2024,Sunset,10971,RieNs,Team Heretics,Sova,0.0,178,14,11,8,0,115,33,1,1,0
348464,1999,2024,Sunset,1144,Boo,Team Heretics,Omen,0.0,153,10,11,16,0,90,19,5,1,4
348464,1999,2024,Split,4742,Smoggy,EDward Gaming,Omen,0.0,323,17,12,6,0,207,38,2,0,2
348464,1999,2024,Split,3520,ZmjjKK,EDward Gaming,Raze,0.0,254,15,14,1,0,150,30,1,4,-3
348464,1999,2024,Split,15559,CHICHOO,EDward Gaming,Viper,0.0,188,12,14,1,0,136,31,1,1,0
348464,1999,2024,Split,4720,Haodong,EDward Gaming,Cypher,0.0,137,7,16,2,0,92,24,2,2,0
348464,1999,2024,Split,3017,nobody,EDward Gaming,Skye,0.0,129,6,15,9,0,86,23,0,3,-3
348464,1999,2024,Split,21328,Wo0t,Team Heretics,Raze,0.0,317,18,14,3,0,199,32,6,2,4
348464,1999,2024,Split,10971,RieNs,Team Heretics,Skye,0.0,255,15,13,11,0,152,22,2,0,2
348464,1999,2024,Split,29873,benjyfishy,Team Heretics,Cypher,0.0,239,15,9,2,0,153,29,0,0,0
348464,1999,2024,Split,309,paTiTek,Team Heretics,Viper,0.0,186,11,12,6,0,148,29,1,3,-2
348464,1999,2024,Split,1144,Boo,Team Heretics,Omen,0.0,183,12,9,8,0,109,22,1,1,0
348465,1999,2024,Icebox,796,eeiu,100 Thieves,Sova,0.0,278,16,4,5,0,175,44,1,0,1
348465,1999,2024,Icebox,3880,bang,100 Thieves,Viper,0.0,276,15,6,4,0,191,59,3,1,2
348465,1999,2024,Icebox,4147,Cryocells,100 Thieves,Jett,0.0,244,14,9,2,0,158,20,2,2,0
348465,1999,2024,Icebox,604,Boostio,100 Thieves,Killjoy,0.0,176,10,6,0,0,121,29,3,1,2
348465,1999,2024,Icebox,601,Asuna,100 Thieves,Gekko,0.0,166,9,4,5,0,101,23,1,1,0
348465,1999,2024,Icebox,6510,AtaKaptan,FUT Esports,Viper,0.0,183,9,14,4,0,117,23,1,1,0
348465,1999,2024,Icebox,573,cNed,FUT Esports,Jett,0.0,168,9,13,1,0,101,35,4,3,1
348465,1999,2024,Icebox,8044,MrFaliN,FUT Esports,Sova,0.0,84,4,13,1,0,71,17,0,2,-2
348465,1999,2024,Icebox,1139,qRaxs,FUT Esports,Kayo,0.0,75,3,14,6,0,51,15,0,0,0
348465,1999,2024,Icebox,8369,yetujey,FUT Esports,Killjoy,0.0,72,4,10,0,0,54,5,0,4,-4
348465,1999,2024,Bind,4147,Cryocells,100 Thieves,Brimstone,0.0,452,32,11,5,0,276,34,3,0,3
348465,1999,2024,Bind,604,Boostio,100 Thieves,Gekko,0.0,216,14,9,10,0,151,16,1,1,0
348465,1999,2024,Bind,601,Asuna,100 Thieves,Raze,0.0,213,12,11,8,0,142,10,6,1,5
348465,1999,2024,Bind,796,eeiu,100 Thieves,Fade,0.0,176,11,11,10,0,116,38,1,2,-1
348465,1999,2024,Bind,3880,bang,100 Thieves,Viper,0.0,97,8,10,1,0,58,15,2,1,1
348465,1999,2024,Bind,8369,yetujey,FUT Esports,Viper,0.0,236,15,16,4,0,174,22,3,2,1
348465,1999,2024,Bind,573,cNed,FUT Esports,Raze,0.0,182,10,15,6,0,131,20,1,4,-3
348465,1999,2024,Bind,6510,AtaKaptan,FUT Esports,Omen,0.0,173,11,17,3,0,117,48,1,3,-2
348465,1999,2024,Bind,1139,qRaxs,FUT Esports,Kayo,0.0,149,7,15,8,0,104,22,0,0,0
348465,1999,2024,Bind,8044,MrFaliN,FUT Esports,Skye,0.0,125,8,14,9,0,88,30,0,4,-4
348474,1999,2024,Bind,601,Asuna,100 Thieves,Raze,0.0,255,24,19,3,0,169,15,3,3,0
348474,1999,2024,Bind,604,Boostio,100 Thieves,Gekko,0.0,209,21,20,6,0,126,23,5,3,2
348474,1999,2024,Bind,3880,bang,100 Thieves,Viper,0.0,194,18,18,5,0,127,25,2,3,-1
348474,1999,2024,Bind,4147,Cryocells,100 Thieves,Brimstone,0.0,168,15,19,14,0,114,21,2,5,-3
348474,1999,2024,Bind,796,eeiu,100 Thieves,Fade,0.0,149,16,17,4,0,93,28,2,0,2
348474,1999,2024,Bind,21328,Wo0t,Team Heretics,Raze,0.0,319,29,20,8,0,204,25,10,3,7
348474,1999,2024,Bind,1144,Boo,Team Heretics,Brimstone,0.0,198,20,17,14,0,116,32,0,2,-2
348474,1999,2024,Bind,10971,RieNs,Team Heretics,Gekko,0.0,168,16,19,12,0,114,31,0,2,-2
348474,1999,2024,Bind,29873,benjyfishy,Team Heretics,Viper,0.0,160,15,18,8,0,109,29,4,6,-2
348474,1999,2024,Bind,309,paTiTek,Team Heretics,Fade,0.0,128,13,20,8,0,99,26,0,1,-1
348474,1999,2024,Sunset,796,eeiu,100 Thieves,Fade,0.0,216,10,13,2,0,127,24,0,0,0
348474,1999,2024,Sunset,601,Asuna,100 Thieves,Raze,0.0,134,6,14,1,0,82,11,2,4,-2
348474,1999,2024,Sunset,3880,bang,100 Thieves,Omen,0.0,127,6,14,0,0,76,33,2,0,2
348474,1999,2024,Sunset,4147,Cryocells,100 Thieves,Gekko,0.0,72,3,14,7,0,53,27,0,2,-2
348474,1999,2024,Sunset,604,Boostio,100 Thieves,Cypher,0.0,53,1,14,3,0,43,0,1,3,-2
348474,1999,2024,Sunset,21328,Wo0t,Team Heretics,Raze,0.0,414,22,8,2,0,240,28,4,0,4
348474,1999,2024,Sunset,309,paTiTek,Team Heretics,Kayo,0.0,296,17,4,9,0,190,33,1,1,0
348474,1999,2024,Sunset,1144,Boo,Team Heretics,Omen,0.0,231,11,5,13,0,158,34,2,2,0
348474,1999,2024,Sunset,29873,benjyfishy,Team Heretics,Cypher,0.0,205,11,5,4,0,143,41,2,2,0
348474,1999,2024,Sunset,10971,RieNs,Team Heretics,Sova,0.0,156,8,4,4,0,101,33,0,0,0
348462,1999,2024,Sunset,872,Autumn,FunPlus Phoenix,Cypher,0.0,211,12,15,3,0,142,25,2,2,0
348462,1999,2024,Sunset,37489,Lysoar,FunPlus Phoenix,Omen,0.0,170,8,15,5,0,111,26,2,1,1
348462,1999,2024,Sunset,3028,Life,FunPlus Phoenix,Yoru,0.0,159,9,16,3,0,104,31,1,4,-3
348462,1999,2024,Sunset,19530,AAAAY,FunPlus Phoenix,Fade,0.0,156,12,14,2,0,104,48,0,1,-1
348462,1999,2024,Sunset,7857,BerLIN,FunPlus Phoenix,Harbor,0.0,126,6,15,4,0,82,19,1,3,-2
348462,1999,2024,Sunset,21328,Wo0t,Team Heretics,Raze,0.0,401,27,9,4,0,262,38,5,3,2
348462,1999,2024,Sunset,29873,benjyfishy,Team Heretics,Cypher,0.0,206,13,9,8,0,142,40,0,1,-1
348462,1999,2024,Sunset,309,paTiTek,Team Heretics,Kayo,0.0,195,13,9,5,0,136,22,2,1,1
348462,1999,2024,Sunset,10971,RieNs,Team Heretics,Sova,0.0,181,10,10,11,0,130,27,3,0,3
348462,1999,2024,Sunset,1144,Boo,Team Heretics,Omen,0.0,174,12,10,8,0,107,33,1,1,0
348462,1999,2024,Lotus,3028,Life,FunPlus Phoenix,Raze,0.0,339,22,12,3,0,208,25,4,3,1
348462,1999,2024,Lotus,7857,BerLIN,FunPlus Phoenix,Astra,0.0,262,17,12,9,0,164,30,7,1,6
348462,1999,2024,Lotus,19530,AAAAY,FunPlus Phoenix,Gekko,0.0,171,13,10,5,0,106,60,2,0,2
348462,1999,2024,Lotus,872,Autumn,FunPlus Phoenix,Viper,0.0,167,12,11,7,0,124,46,0,1,-1
348462,1999,2024,Lotus,37489,Lysoar,FunPlus Phoenix,Omen,0.0,163,12,9,4,0,115,37,1,0,1
348462,1999,2024,Lotus,21328,Wo0t,Team Heretics,Raze,0.0,225,13,15,5,0,148,19,1,5,-4
348462,1999,2024,Lotus,29873,benjyfishy,Team Heretics,Cypher,0.0,199,12,16,7,0,154,38,1,4,-3
348462,1999,2024,Lotus,10971,RieNs,Team Heretics,Breach,0.0,185,13,16,8,0,125,43,1,1,0
348462,1999,2024,Lotus,1144,Boo,Team Heretics,Omen,0.0,149,11,14,4,0,97,50,2,2,0
348462,1999,2024,Lotus,309,paTiTek,Team Heretics,Fade,0.0,72,4,15,3,0,54,33,0,2,-2
348462,1999,2024,Icebox,19530,AAAAY,FunPlus Phoenix,Gekko,0.0,251,30,20,8,0,172,35,2,0,2
348462,1999,2024,Icebox,3028,Life,FunPlus Phoenix,Clove,0.0,224,25,30,9,0,153,31,4,6,-2
348462,1999,2024,Icebox,37489,Lysoar,FunPlus Phoenix,Omen,0.0,210,26,23,8,0,134,24,3,4,-1
348462,1999,2024,Icebox,872,Autumn,FunPlus Phoenix,Kayo,0.0,180,19,20,16,0,122,33,1,3,-2
348462,1999,2024,Icebox,7857,BerLIN,FunPlus Phoenix,Harbor,0.0,179,18,23,12,0,132,30,3,6,-3
348462,1999,2024,Icebox,21328,Wo0t,Team Heretics,Jett,0.0,323,37,25,4,0,205,42,12,6,6
348462,1999,2024,Icebox,10971,RieNs,Team Heretics,Sova,0.0,241,25,23,13,0,147,37,2,3,-1
348462,1999,2024,Icebox,29873,benjyfishy,Team Heretics,Killjoy,0.0,193,22,26,2,0,128,29,3,2,1
348462,1999,2024,Icebox,309,paTiTek,Team Heretics,Kayo,0.0,191,20,22,13,0,136,36,1,0,1
348462,1999,2024,Icebox,1144,Boo,Team Heretics,Viper,0.0,112,12,22,8,0,77,41,1,2,-1
348469,1999,2024,Icebox,4581,JonahP,G2 Esports,Viper,0.0,181,11,17,4,0,107,16,2,3,-1
348469,1999,2024,Icebox,3885,valyn,G2 Esports,Sage,0.0,170,12,18,2,0,94,18,4,4,0
348469,1999,2024,Icebox,7873,leaf,G2 Esports,Killjoy,0.0,169,10,18,7,0,133,14,1,5,-4
348469,1999,2024,Icebox,15500,trent,G2 Esports,Sova,0.0,153,10,18,2,0,103,21,0,0,0
348469,1999,2024,Icebox,8402,icy,G2 Esports,Gekko,0.0,144,9,17,11,0,104,21,0,1,-1
348469,1999,2024,Icebox,29873,benjyfishy,Team Heretics,Killjoy,0.0,350,28,6,3,0,237,41,2,0,2
348469,1999,2024,Icebox,21328,Wo0t,Team Heretics,Jett,0.0,249,17,12,6,0,164,24,4,4,0
348469,1999,2024,Icebox,309,paTiTek,Team Heretics,Kayo,0.0,222,15,10,12,0,143,24,2,1,1
348469,1999,2024,Icebox,10971,RieNs,Team Heretics,Sova,0.0,216,16,13,6,0,133,42,2,1,1
348469,1999,2024,Icebox,1144,Boo,Team Heretics,Viper,0.0,158,12,11,5,0,114,54,3,1,2
348469,1999,2024,Ascent,15500,trent,G2 Esports,Sova,0.0,318,27,16,5,0,188,17,2,1,1
348469,1999,2024,Ascent,4581,JonahP,G2 Esports,Kayo,0.0,217,19,12,19,0,139,25,1,2,-1
348469,1999,2024,Ascent,3885,valyn,G2 Esports,Omen,0.0,170,13,15,14,0,107,16,0,3,-3
348469,1999,2024,Ascent,8402,icy,G2 Esports,Jett,0.0,169,15,14,5,0,119,26,6,2,4
348469,1999,2024,Ascent,7873,leaf,G2 Esports,Killjoy,0.0,143,12,20,4,0,106,20,2,5,-3
348469,1999,2024,Ascent,21328,Wo0t,Team Heretics,Jett,0.0,232,20,18,1,0,144,23,7,3,4
348469,1999,2024,Ascent,1144,Boo,Team Heretics,Omen,0.0,181,15,17,9,0,118,33,1,1,0
348469,1999,2024,Ascent,29873,benjyfishy,Team Heretics,Cypher,0.0,178,16,16,3,0,106,32,0,3,-3
348469,1999,2024,Ascent,309,paTiTek,Team Heretics,Kayo,0.0,172,12,18,16,0,107,19,3,2,1
348469,1999,2024,Ascent,10971,RieNs,Team Heretics,Sova,0.0,171,14,17,7,0,114,18,2,2,0
348469,1999,2024,Lotus,4581,JonahP,G2 Esports,Viper,0.0,452,28,6,12,0,269,26,3,2,1
348469,1999,2024,Lotus,7873,leaf,G2 Esports,Killjoy,0.0,279,17,6,5,0,192,16,3,2,1
348469,1999,2024,Lotus,15500,trent,G2 Esports,Fade,0.0,171,12,8,10,0,110,39,1,1,0
348469,1999,2024,Lotus,8402,icy,G2 Esports,Raze,0.0,162,10,10,2,0,103,11,2,1,1
348469,1999,2024,Lotus,3885,valyn,G2 Esports,Omen,0.0,152,11,9,9,0,83,25,2,0,2
348469,1999,2024,Lotus,1144,Boo,Team Heretics,Omen,0.0,216,12,15,4,0,129,58,3,3,0
348469,1999,2024,Lotus,29873,benjyfishy,Team Heretics,Cypher,0.0,165,11,14,2,0,123,52,1,3,-2
348469,1999,2024,Lotus,309,paTiTek,Team Heretics,Fade,0.0,132,7,16,3,0,88,19,0,0,0
348469,1999,2024,Lotus,21328,Wo0t,Team Heretics,Raze,0.0,110,5,17,2,0,79,14,2,4,-2
348469,1999,2024,Lotus,10971,RieNs,Team Heretics,Breach,0.0,82,4,16,4,0,59,40,0,1,-1
348468,1999,2024,Split,8369,yetujey,FUT Esports,Viper,0.0,210,13,14,1,0,143,39,3,2,1
348468,1999,2024,Split,1139,qRaxs,FUT Esports,Raze,0.0,168,10,15,1,0,109,31,3,3,0
348468,1999,2024,Split,6510,AtaKaptan,FUT Esports,Omen,0.0,127,8,17,4,0,87,27,0,3,-3
348468,1999,2024,Split,573,cNed,FUT Esports,Chamber,0.0,111,6,15,2,0,76,14,0,3,-3
348468,1999,2024,Split,8044,MrFaliN,FUT Esports,Skye,0.0,98,6,17,5,0,66,19,0,1,-1
348468,1999,2024,Split,5022,Derke,FNATIC,Yoru,0.0,406,26,11,6,0,264,34,8,0,8
348468,1999,2024,Split,458,Chronicle,FNATIC,Cypher,0.0,243,17,7,4,0,159,31,2,1,1
348468,1999,2024,Split,9810,Alfajer,FNATIC,Raze,0.0,213,14,8,2,0,142,25,1,2,-1
348468,1999,2024,Split,1380,Leo,FNATIC,Breach,0.0,211,13,7,12,0,131,22,0,0,0
348468,1999,2024,Split,438,Boaster,FNATIC,Omen,0.0,135,8,11,9,0,88,21,1,3,-2
348468,1999,2024,Lotus,573,cNed,FUT Esports,Jett,0.0,291,19,16,11,0,189,24,6,4,2
348468,1999,2024,Lotus,6510,AtaKaptan,FUT Esports,Viper,0.0,278,23,12,4,0,161,33,2,1,1
348468,1999,2024,Lotus,1139,qRaxs,FUT Esports,Breach,0.0,180,17,13,7,0,115,37,2,1,1
348468,1999,2024,Lotus,8044,MrFaliN,FUT Esports,Omen,0.0,141,9,15,15,0,102,23,0,3,-3
348468,1999,2024,Lotus,8369,yetujey,FUT Esports,Cypher,0.0,126,10,13,5,0,93,23,1,1,0
348468,1999,2024,Lotus,5022,Derke,FNATIC,Raze,0.0,244,17,16,9,0,165,24,3,2,1
348468,1999,2024,Lotus,1380,Leo,FNATIC,Fade,0.0,210,15,14,5,0,149,38,2,0,2
348468,1999,2024,Lotus,9810,Alfajer,FNATIC,Killjoy,0.0,194,15,17,4,0,128,22,3,5,-2
348468,1999,2024,Lotus,438,Boaster,FNATIC,Omen,0.0,192,14,15,7,0,130,44,1,3,-2
348468,1999,2024,Lotus,458,Chronicle,FNATIC,Viper,0.0,138,8,16,5,0,109,12,1,1,0
348468,1999,2024,Ascent,8044,MrFaliN,FUT Esports,Sova,0.0,307,18,9,6,0,187,41,5,1,4
348468,1999,2024,Ascent,573,cNed,FUT Esports,Jett,0.0,272,18,6,1,0,180,33,3,1,2
348468,1999,2024,Ascent,1139,qRaxs,FUT Esports,Kayo,0.0,228,15,4,7,0,131,43,1,0,1
348468,1999,2024,Ascent,8369,yetujey,FUT Esports,Killjoy,0.0,225,13,8,5,0,164,26,2,0,2
348468,1999,2024,Ascent,6510,AtaKaptan,FUT Esports,Omen,0.0,183,11,8,8,0,108,27,2,1,1
348468,1999,2024,Ascent,5022,Derke,FNATIC,Jett,0.0,298,17,14,0,0,173,33,2,3,-1
348468,1999,2024,Ascent,9810,Alfajer,FNATIC,Killjoy,0.0,168,8,16,3,0,120,14,1,3,-2
348468,1999,2024,Ascent,1380,Leo,FNATIC,Sova,0.0,111,5,14,8,0,76,17,0,2,-2
348468,1999,2024,Ascent,458,Chronicle,FNATIC,Kayo,0.0,78,3,16,4,0,56,15,0,3,-3
348468,1999,2024,Ascent,438,Boaster,FNATIC,Omen,0.0,61,2,15,4,0,47,11,0,2,-2
348460,1999,2024,Bind,7841,TvirusLuke,Dragon Ranger Gaming,Raze,0.0,312,23,19,3,0,214,17,4,1,3
348460,1999,2024,Bind,3741,vo0kashu,Dragon Ranger Gaming,Cypher,0.0,273,21,16,10,0,187,44,3,2,1
348460,1999,2024,Bind,4880,nizhaoTZH,Dragon Ranger Gaming,Brimstone,0.0,251,20,17,7,0,169,41,4,1,3
348460,1999,2024,Bind,41774,Shion7,Dragon Ranger Gaming,Harbor,0.0,133,10,17,6,0,116,13,1,2,-1
348460,1999,2024,Bind,11524,Nicc,Dragon Ranger Gaming,Skye,0.0,71,6,15,5,0,56,18,0,5,-5
348460,1999,2024,Bind,8369,yetujey,FUT Esports,Viper,0.0,226,18,14,6,0,134,29,3,1,2
348460,1999,2024,Bind,573,cNed,FUT Esports,Raze,0.0,220,17,17,7,0,163,20,3,4,-1
348460,1999,2024,Bind,8044,MrFaliN,FUT Esports,Skye,0.0,220,21,15,10,0,110,9,4,3,1
348460,1999,2024,Bind,1139,qRaxs,FUT Esports,Kayo,0.0,196,15,18,16,0,131,35,1,0,1
348460,1999,2024,Bind,6510,AtaKaptan,FUT Esports,Omen,0.0,157,13,16,14,0,99,22,0,4,-4
348460,1999,2024,Ascent,4880,nizhaoTZH,Dragon Ranger Gaming,Omen,0.0,271,25,18,8,0,173,31,1,0,1
348460,1999,2024,Ascent,7841,TvirusLuke,Dragon Ranger Gaming,Jett,0.0,224,19,22,5,0,179,16,7,6,1
348460,1999,2024,Ascent,3741,vo0kashu,Dragon Ranger Gaming,Cypher,0.0,209,20,17,3,0,139,33,2,3,-1
348460,1999,2024,Ascent,11524,Nicc,Dragon Ranger Gaming,Kayo,0.0,178,14,21,11,0,118,28,3,1,2
348460,1999,2024,Ascent,41774,Shion7,Dragon Ranger Gaming,Sova,0.0,154,14,18,4,0,104,24,1,2,-1
348460,1999,2024,Ascent,573,cNed,FUT Esports,Jett,0.0,297,29,17,5,0,183,30,7,4,3
348460,1999,2024,Ascent,1139,qRaxs,FUT Esports,Kayo,0.0,289,29,17,10,0,194,50,1,0,1
348460,1999,2024,Ascent,8044,MrFaliN,FUT Esports,Sova,0.0,205,17,20,6,0,145,25,1,4,-3
348460,1999,2024,Ascent,8369,yetujey,FUT Esports,Killjoy,0.0,155,13,19,5,0,112,19,3,3,0
348460,1999,2024,Ascent,6510,AtaKaptan,FUT Esports,Omen,0.0,101,8,19,12,0,72,18,0,3,-3
348458,1999,2024,Lotus,3028,Life,FunPlus Phoenix,Raze,0.0,281,30,23,4,0,179,20,8,6,2
348458,1999,2024,Lotus,7857,BerLIN,FunPlus Phoenix,Astra,0.0,214,21,20,16,0,137,30,3,1,2
348458,1999,2024,Lotus,872,Autumn,FunPlus Phoenix,Viper,0.0,197,21,20,11,0,135,36,1,2,-1
348458,1999,2024,Lotus,19530,AAAAY,FunPlus Phoenix,Gekko,0.0,195,22,18,9,0,129,51,4,1,3
348458,1999,2024,Lotus,37489,Lysoar,FunPlus Phoenix,Omen,0.0,131,12,18,11,0,105,33,2,2,0
348458,1999,2024,Lotus,9196,t3xture,Gen.G,Raze,0.0,244,23,24,7,0,154,20,7,8,-1
348458,1999,2024,Lotus,34974,Karon,Gen.G,Omen,0.0,242,26,21,13,0,156,34,2,1,1
348458,1999,2024,Lotus,13039,Meteor,Gen.G,Killjoy,0.0,169,18,21,4,0,113,28,1,2,-1
348458,1999,2024,Lotus,2489,Munchkin,Gen.G,Viper,0.0,161,17,21,5,0,100,17,1,5,-4
348458,1999,2024,Lotus,773,Lakia,Gen.G,Fade,0.0,144,14,19,14,0,107,21,1,2,-1
348458,1999,2024,Sunset,3028,Life,FunPlus Phoenix,Yoru,0.0,254,17,17,6,0,158,38,2,6,-4
348458,1999,2024,Sunset,19530,AAAAY,FunPlus Phoenix,Fade,0.0,241,18,17,1,0,164,50,1,1,0
348458,1999,2024,Sunset,872,Autumn,FunPlus Phoenix,Cypher,0.0,143,10,16,3,0,92,29,1,3,-2
348458,1999,2024,Sunset,37489,Lysoar,FunPlus Phoenix,Omen,0.0,111,7,17,4,0,83,25,1,1,0
348458,1999,2024,Sunset,7857,BerLIN,FunPlus Phoenix,Harbor,0.0,102,4,17,7,0,77,17,0,4,-4
348458,1999,2024,Sunset,9196,t3xture,Gen.G,Jett,0.0,269,20,12,3,0,172,34,6,1,5
348458,1999,2024,Sunset,34974,Karon,Gen.G,Omen,0.0,238,18,11,7,0,146,32,4,2,2
348458,1999,2024,Sunset,13039,Meteor,Gen.G,Cypher,0.0,217,19,10,2,0,133,28,1,1,0
348458,1999,2024,Sunset,2489,Munchkin,Gen.G,Kayo,0.0,200,16,11,7,0,108,30,2,1,1
348458,1999,2024,Sunset,773,Lakia,Gen.G,Sova,0.0,182,11,12,9,0,124,42,2,0,2
348458,1999,2024,Ascent,7857,BerLIN,FunPlus Phoenix,Omen,0.0,338,28,17,9,0,199,36,4,2,2
348458,1999,2024,Ascent,19530,AAAAY,FunPlus Phoenix,Fade,0.0,192,18,17,2,0,129,46,2,0,2
348458,1999,2024,Ascent,872,Autumn,FunPlus Phoenix,Viper,0.0,173,14,18,5,0,128,42,1,2,-1
348458,1999,2024,Ascent,3028,Life,FunPlus Phoenix,Yoru,0.0,134,10,20,7,0,95,37,2,5,-3
348458,1999,2024,Ascent,37489,Lysoar,FunPlus Phoenix,Killjoy,0.0,118,10,21,3,0,84,42,1,5,-4
348458,1999,2024,Ascent,13039,Meteor,Gen.G,Killjoy,0.0,364,31,15,3,0,233,30,2,1,1
348458,1999,2024,Ascent,9196,t3xture,Gen.G,Jett,0.0,250,23,19,2,0,147,24,7,4,3
348458,1999,2024,Ascent,773,Lakia,Gen.G,Sova,0.0,174,16,12,8,0,121,21,1,0,1
348458,1999,2024,Ascent,34974,Karon,Gen.G,Omen,0.0,154,13,18,10,0,117,47,3,4,-1
348458,1999,2024,Ascent,2489,Munchkin,Gen.G,Kayo,0.0,137,10,17,14,0,93,15,1,1,0
348061,1999,2024,Sunset,3028,Life,FunPlus Phoenix,Yoru,0.0,329,25,13,2,0,205,38,2,3,-1
348061,1999,2024,Sunset,872,Autumn,FunPlus Phoenix,Cypher,0.0,236,16,11,8,0,159,41,2,2,0
348061,1999,2024,Sunset,7857,BerLIN,FunPlus Phoenix,Harbor,0.0,210,17,14,4,0,141,50,3,1,2
348061,1999,2024,Sunset,37489,Lysoar,FunPlus Phoenix,Omen,0.0,206,14,10,9,0,152,37,2,1,1
348061,1999,2024,Sunset,19530,AAAAY,FunPlus Phoenix,Fade,0.0,120,8,13,5,0,84,23,2,2,0
348061,1999,2024,Sunset,8369,yetujey,FUT Esports,Cypher,0.0,228,16,15,7,0,158,15,2,2,0
348061,1999,2024,Sunset,1139,qRaxs,FUT Esports,Gekko,0.0,192,13,16,8,0,121,30,3,1,2
348061,1999,2024,Sunset,6510,AtaKaptan,FUT Esports,Omen,0.0,168,12,15,9,0,89,30,3,5,-2
348061,1999,2024,Sunset,8044,MrFaliN,FUT Esports,Breach,0.0,154,12,17,6,0,92,23,1,1,0
348061,1999,2024,Sunset,573,cNed,FUT Esports,Raze,0.0,130,8,17,4,0,100,24,0,2,-2
348061,1999,2024,Lotus,7857,BerLIN,FunPlus Phoenix,Astra,0.0,249,23,15,7,0,167,36,5,1,4
348061,1999,2024,Lotus,3028,Life,FunPlus Phoenix,Raze,0.0,242,23,20,1,0,157,28,6,5,1
348061,1999,2024,Lotus,872,Autumn,FunPlus Phoenix,Viper,0.0,218,19,18,6,0,147,38,3,1,2
348061,1999,2024,Lotus,19530,AAAAY,FunPlus Phoenix,Gekko,0.0,182,16,16,6,0,124,27,2,0,2
348061,1999,2024,Lotus,37489,Lysoar,FunPlus Phoenix,Omen,0.0,61,5,18,2,0,40,25,0,3,-3
348061,1999,2024,Lotus,573,cNed,FUT Esports,Jett,0.0,248,22,15,6,0,164,28,4,4,0
348061,1999,2024,Lotus,8044,MrFaliN,FUT Esports,Omen,0.0,204,18,17,12,0,126,15,2,1,1
348061,1999,2024,Lotus,6510,AtaKaptan,FUT Esports,Viper,0.0,193,19,18,7,0,109,23,2,3,-1
348061,1999,2024,Lotus,8369,yetujey,FUT Esports,Cypher,0.0,152,14,17,4,0,92,17,1,5,-4
348061,1999,2024,Lotus,1139,qRaxs,FUT Esports,Breach,0.0,148,14,19,10,0,100,24,1,3,-2
348061,1999,2024,Icebox,7857,BerLIN,FunPlus Phoenix,Harbor,0.0,228,19,17,2,0,157,37,4,2,2
348061,1999,2024,Icebox,872,Autumn,FunPlus Phoenix,Kayo,0.0,217,17,13,13,0,129,42,1,0,1
348061,1999,2024,Icebox,19530,AAAAY,FunPlus Phoenix,Gekko,0.0,213,19,18,2,0,131,52,1,0,1
348061,1999,2024,Icebox,3028,Life,FunPlus Phoenix,Clove,0.0,191,13,22,10,0,130,31,5,8,-3
348061,1999,2024,Icebox,37489,Lysoar,FunPlus Phoenix,Omen,0.0,166,15,14,1,0,117,42,1,1,0
348061,1999,2024,Icebox,573,cNed,FUT Esports,Jett,0.0,278,24,17,4,0,174,38,5,1,4
348061,1999,2024,Icebox,8044,MrFaliN,FUT Esports,Sova,0.0,255,17,15,11,0,183,28,2,0,2
348061,1999,2024,Icebox,8369,yetujey,FUT Esports,Killjoy,0.0,191,17,16,5,0,137,21,2,4,-2
348061,1999,2024,Icebox,6510,AtaKaptan,FUT Esports,Viper,0.0,169,15,18,9,0,98,33,2,4,-2
348061,1999,2024,Icebox,1139,qRaxs,FUT Esports,Kayo,0.0,134,10,17,10,0,92,18,0,3,-3
348466,1999,2024,Lotus,9810,Alfajer,FNATIC,Killjoy,0.0,273,22,15,7,0,203,21,2,0,2
348466,1999,2024,Lotus,458,Chronicle,FNATIC,Viper,0.0,266,19,18,15,0,177,15,4,3,1
348466,1999,2024,Lotus,5022,Derke,FNATIC,Raze,0.0,198,17,15,4,0,141,28,5,3,2
348466,1999,2024,Lotus,1380,Leo,FNATIC,Fade,0.0,187,16,17,5,0,108,42,1,2,-1
348466,1999,2024,Lotus,438,Boaster,FNATIC,Omen,0.0,111,9,16,7,0,90,35,1,2,-1
348466,1999,2024,Lotus,2489,Munchkin,Gen.G,Viper,0.0,269,21,15,5,0,174,23,3,1,2
348466,1999,2024,Lotus,773,Lakia,Gen.G,Fade,0.0,221,18,16,6,0,135,27,4,3,1
348466,1999,2024,Lotus,13039,Meteor,Gen.G,Killjoy,0.0,193,18,17,2,0,116,21,0,1,-1
348466,1999,2024,Lotus,9196,t3xture,Gen.G,Raze,0.0,168,13,19,2,0,111,15,3,6,-3
348466,1999,2024,Lotus,34974,Karon,Gen.G,Omen,0.0,145,11,16,11,0,87,24,0,2,-2
348466,1999,2024,Bind,9810,Alfajer,FNATIC,Viper,0.0,321,26,16,6,0,200,48,4,4,0
348466,1999,2024,Bind,1380,Leo,FNATIC,Gekko,0.0,221,19,16,6,0,142,22,1,1,0
348466,1999,2024,Bind,5022,Derke,FNATIC,Raze,0.0,180,14,17,3,0,117,17,0,4,-4
348466,1999,2024,Bind,458,Chronicle,FNATIC,Skye,0.0,174,13,18,11,0,112,21,1,4,-3
348466,1999,2024,Bind,438,Boaster,FNATIC,Brimstone,0.0,125,9,17,7,0,77,22,2,2,0
348466,1999,2024,Bind,9196,t3xture,Gen.G,Raze,0.0,256,21,15,5,0,168,15,7,2,5
348466,1999,2024,Bind,13039,Meteor,Gen.G,Cypher,0.0,229,20,20,4,0,159,51,2,2,0
348466,1999,2024,Bind,2489,Munchkin,Gen.G,Viper,0.0,206,18,13,4,0,136,27,3,3,0
348466,1999,2024,Bind,34974,Karon,Gen.G,Brimstone,0.0,171,14,14,15,0,111,36,1,1,0
348466,1999,2024,Bind,773,Lakia,Gen.G,Skye,0.0,152,10,19,14,0,106,34,2,0,2
348466,1999,2024,Breeze,5022,Derke,FNATIC,Yoru,0.0,225,17,19,7,0,156,39,4,3,1
348466,1999,2024,Breeze,438,Boaster,FNATIC,Viper,0.0,198,17,17,5,0,126,34,5,2,3
348466,1999,2024,Breeze,1380,Leo,FNATIC,Sova,0.0,178,13,12,9,0,130,29,0,1,-1
348466,1999,2024,Breeze,9810,Alfajer,FNATIC,Cypher,0.0,160,13,17,6,0,98,25,4,3,1
348466,1999,2024,Breeze,458,Chronicle,FNATIC,Kayo,0.0,136,14,16,2,0,86,29,0,2,-2
348466,1999,2024,Breeze,9196,t3xture,Gen.G,Jett,0.0,258,22,15,1,0,151,28,6,3,3
348466,1999,2024,Breeze,773,Lakia,Gen.G,Sova,0.0,182,15,13,5,0,136,43,0,2,-2
348466,1999,2024,Breeze,34974,Karon,Gen.G,Astra,0.0,179,16,13,4,0,122,15,0,1,-1
348466,1999,2024,Breeze,13039,Meteor,Gen.G,Yoru,0.0,167,14,18,5,0,117,36,4,5,-1
348466,1999,2024,Breeze,2489,Munchkin,Gen.G,Viper,0.0,162,14,15,6,0,112,24,1,2,-1
348059,1999,2024,Icebox,309,paTiTek,Team Heretics,Kayo,0.0,293,18,11,13,0,214,27,0,0,0
348059,1999,2024,Icebox,21328,Wo0t,Team Heretics,Jett,0.0,233,14,7,3,0,145,28,7,3,4
348059,1999,2024,Icebox,29873,benjyfishy,Team Heretics,Killjoy,0.0,218,16,10,4,0,158,31,4,0,4
348059,1999,2024,Icebox,10971,RieNs,Team Heretics,Sova,0.0,198,14,6,8,0,142,26,1,0,1
348059,1999,2024,Icebox,1144,Boo,Team Heretics,Viper,0.0,169,13,7,3,0,100,29,2,1,1
348059,1999,2024,Icebox,3741,vo0kashu,Dragon Ranger Gaming,Killjoy,0.0,198,9,15,6,0,147,26,0,2,-2
348059,1999,2024,Icebox,11524,Nicc,Dragon Ranger Gaming,Sova,0.0,172,10,14,0,0,125,31,1,1,0
348059,1999,2024,Icebox,7841,TvirusLuke,Dragon Ranger Gaming,Jett,0.0,138,7,17,1,0,103,35,2,4,-2
348059,1999,2024,Icebox,4880,nizhaoTZH,Dragon Ranger Gaming,Viper,0.0,135,9,14,3,0,100,25,0,2,-2
348059,1999,2024,Icebox,41774,Shion7,Dragon Ranger Gaming,Harbor,0.0,108,6,15,5,0,73,24,1,5,-4
348059,1999,2024,Sunset,21328,Wo0t,Team Heretics,Raze,0.0,417,27,13,4,0,250,26,10,2,8
348059,1999,2024,Sunset,309,paTiTek,Team Heretics,Kayo,0.0,191,12,12,9,0,127,27,2,2,0
348059,1999,2024,Sunset,10971,RieNs,Team Heretics,Sova,0.0,183,12,12,7,0,121,26,1,0,1
348059,1999,2024,Sunset,1144,Boo,Team Heretics,Omen,0.0,165,13,8,12,0,109,37,0,0,0
348059,1999,2024,Sunset,29873,benjyfishy,Team Heretics,Cypher,0.0,147,10,13,4,0,92,15,1,0,1
348059,1999,2024,Sunset,11524,Nicc,Dragon Ranger Gaming,Kayo,0.0,311,20,13,8,0,205,41,1,2,-1
348059,1999,2024,Sunset,3741,vo0kashu,Dragon Ranger Gaming,Cypher,0.0,214,13,15,7,0,151,38,0,0,0
348059,1999,2024,Sunset,4880,nizhaoTZH,Dragon Ranger Gaming,Omen,0.0,180,13,15,3,0,100,43,1,2,-1
348059,1999,2024,Sunset,7841,TvirusLuke,Dragon Ranger Gaming,Raze,0.0,134,6,16,6,0,95,6,2,6,-4
348059,1999,2024,Sunset,41774,Shion7,Dragon Ranger Gaming,Gekko,0.0,95,6,15,3,0,71,19,0,4,-4
348457,1999,2024,Lotus,8402,icy,G2 Esports,Raze,0.0,237,17,15,5,0,157,20,5,2,3
348457,1999,2024,Lotus,7873,leaf,G2 Esports,Killjoy,0.0,192,14,15,4,0,146,17,1,4,-3
348457,1999,2024,Lotus,4581,JonahP,G2 Esports,Viper,0.0,183,14,18,6,0,114,26,2,3,-1
348457,1999,2024,Lotus,3885,valyn,G2 Esports,Omen,0.0,153,13,15,8,0,90,27,1,1,0
348457,1999,2024,Lotus,15500,trent,G2 Esports,Fade,0.0,67,5,18,8,0,40,12,1,2,-1
348457,1999,2024,Lotus,10971,RieNs,Team Heretics,Breach,0.0,238,18,12,14,0,150,33,1,4,-3
348457,1999,2024,Lotus,29873,benjyfishy,Team Heretics,Cypher,0.0,227,18,11,4,0,141,38,6,1,5
348457,1999,2024,Lotus,309,paTiTek,Team Heretics,Fade,0.0,221,19,10,5,0,157,28,0,0,0
348457,1999,2024,Lotus,21328,Wo0t,Team Heretics,Raze,0.0,190,14,16,0,0,124,26,4,2,2
348457,1999,2024,Lotus,1144,Boo,Team Heretics,Omen,0.0,153,12,14,10,0,94,41,1,3,-2
348457,1999,2024,Bind,8402,icy,G2 Esports,Raze,0.0,304,20,14,3,0,176,20,7,1,6
348457,1999,2024,Bind,7873,leaf,G2 Esports,Viper,0.0,254,16,15,9,0,183,29,3,0,3
348457,1999,2024,Bind,15500,trent,G2 Esports,Gekko,0.0,170,11,11,8,0,126,15,1,3,-2
348457,1999,2024,Bind,4581,JonahP,G2 Esports,Skye,0.0,169,13,11,6,0,117,39,0,1,-1
348457,1999,2024,Bind,3885,valyn,G2 Esports,Brimstone,0.0,137,8,12,14,0,98,17,1,2,-1
348457,1999,2024,Bind,10971,RieNs,Team Heretics,Sova,0.0,295,18,12,10,0,203,35,0,1,-1
348457,1999,2024,Bind,1144,Boo,Team Heretics,Omen,0.0,199,14,14,6,0,107,32,1,0,1
348457,1999,2024,Bind,21328,Wo0t,Team Heretics,Raze,0.0,154,10,15,4,0,94,20,3,6,-3
348457,1999,2024,Bind,309,paTiTek,Team Heretics,Skye,0.0,152,11,14,1,0,105,29,2,1,1
348457,1999,2024,Bind,29873,benjyfishy,Team Heretics,Viper,0.0,141,10,13,2,0,93,60,1,4,-3
348457,1999,2024,Split,4581,JonahP,G2 Esports,Breach,0.0,263,22,14,7,0,178,43,2,2,0
348457,1999,2024,Split,3885,valyn,G2 Esports,Omen,0.0,258,20,13,10,0,164,29,2,5,-3
348457,1999,2024,Split,7873,leaf,G2 Esports,Viper,0.0,250,18,14,5,0,165,17,2,0,2
348457,1999,2024,Split,8402,icy,G2 Esports,Raze,0.0,138,9,18,3,0,92,11,3,3,0
348457,1999,2024,Split,15500,trent,G2 Esports,Fade,0.0,126,8,19,5,0,75,23,1,1,0
348457,1999,2024,Split,309,paTiTek,Team Heretics,Raze,0.0,240,17,17,4,0,158,34,3,3,0
348457,1999,2024,Split,21328,Wo0t,Team Heretics,Viper,0.0,224,17,16,3,0,149,39,4,4,0
348457,1999,2024,Split,10971,RieNs,Team Heretics,Skye,0.0,223,16,16,9,0,156,29,0,1,-1
348457,1999,2024,Split,1144,Boo,Team Heretics,Omen,0.0,193,15,13,9,0,113,27,2,0,2
348457,1999,2024,Split,29873,benjyfishy,Team Heretics,Cypher,0.0,178,13,15,5,0,111,32,2,2,0
359463,1999,2024,Abyss,93,Mixwell,Team International,Omen,0.0,0,0,0,0,0,0,0,0,0,0
359463,1999,2024,Abyss,,dohyeon,Team International,Jett,0.0,0,0,0,0,0,0,0,0,0,0
359463,1999,2024,Abyss,998,mittiii,Team International,Neon,0.0,0,0,0,0,0,0,0,0,0,0
359463,1999,2024,Abyss,,spicyuuu,Team International,Gekko,0.0,0,0,0,0,0,0,0,0,0,0
359463,1999,2024,Abyss,30593,Masayoshi,Team International,Raze,0.0,0,0,0,0,0,0,0,0,0,0
359463,1999,2024,Abyss,30346,Lizhi,Team China,Sova,0.0,0,0,0,0,0,0,0,0,0,0
359463,1999,2024,Abyss,,dank1ng,Team China,Jett,0.0,0,0,0,0,0,0,0,0,0,0
359463,1999,2024,Abyss,,EQ118,Team China,Phoenix,0.0,0,0,0,0,0,0,0,0,0,0
359463,1999,2024,Abyss,,zhang yanqi,Team China,Gekko,0.0,0,0,0,0,0,0,0,0,0,0
359463,1999,2024,Abyss,,xiaojue,Team China,Omen,0.0,0,0,0,0,0,0,0,0,0,0
378825,2097,2024,Lotus,21328,Wo0t,Team Heretics,Omen,1.84,289,18,5,4,94,188,56,2,0,2
378825,2097,2024,Lotus,29873,benjyfishy,Team Heretics,Killjoy,1.36,169,12,5,2,81,120,28,1,0,1
378825,2097,2024,Lotus,10971,RieNs,Team Heretics,Viper,1.34,242,14,8,5,88,167,32,4,2,2
378825,2097,2024,Lotus,1144,Boo,Team Heretics,Fade,1.1,185,11,8,3,81,122,21,2,0,2
378825,2097,2024,Lotus,18350,MiniBoo,Team Heretics,Raze,1.0,204,11,11,4,88,141,16,2,3,-1
378825,2097,2024,Lotus,5022,Derke,FNATIC,Raze,0.92,246,13,15,2,56,164,18,2,3,-1
378825,2097,2024,Lotus,29867,hiro,FNATIC,Fade,0.73,135,7,11,4,69,92,19,0,3,-3
378825,2097,2024,Lotus,458,Chronicle,FNATIC,Viper,0.61,144,8,15,2,69,94,23,2,0,2
378825,2097,2024,Lotus,9810,Alfajer,FNATIC,Killjoy,0.59,100,6,13,1,50,85,35,0,1,-1
378825,2097,2024,Lotus,438,Boaster,FNATIC,Omen,0.37,81,3,12,6,69,54,22,1,4,-3
378825,2097,2024,Abyss,10971,RieNs,Team Heretics,Sova,1.39,280,26,17,5,73,184,51,2,0,2
378825,2097,2024,Abyss,29873,benjyfishy,Team Heretics,Cypher,0.85,203,18,21,3,65,128,34,2,4,-2
378825,2097,2024,Abyss,18350,MiniBoo,Team Heretics,Jett,0.78,168,16,18,3,54,107,47,5,7,-2
378825,2097,2024,Abyss,1144,Boo,Team Heretics,Astra,0.75,138,11,19,14,73,92,21,1,2,-1
378825,2097,2024,Abyss,21328,Wo0t,Team Heretics,Gekko,0.74,92,10,17,5,73,74,53,0,2,-2
378825,2097,2024,Abyss,5022,Derke,FNATIC,Yoru,1.46,305,28,19,5,73,191,39,10,3,7
378825,2097,2024,Abyss,29867,hiro,FNATIC,Viper,1.25,218,21,15,10,77,139,37,1,3,-2
378825,2097,2024,Abyss,458,Chronicle,FNATIC,Sova,1.21,225,20,16,6,77,158,24,4,2,2
378825,2097,2024,Abyss,9810,Alfajer,FNATIC,Killjoy,0.89,168,16,17,3,73,135,38,0,0,0
378825,2097,2024,Abyss,438,Boaster,FNATIC,Astra,0.28,65,6,19,6,62,39,29,1,3,-2
378667,2097,2024,Bind,8549,kiNgg,LEVIATÁN,Brimstone,1.56,264,25,15,7,67,163,25,3,2,1
378667,2097,2024,Bind,8480,aspas,LEVIATÁN,Raze,1.25,272,21,19,7,63,183,33,6,3,3
378667,2097,2024,Bind,619,C0M,LEVIATÁN,Viper,0.93,159,12,14,8,63,103,34,1,4,-3
378667,2097,2024,Bind,7603,Mazino,LEVIATÁN,Skye,0.63,117,9,17,9,79,88,30,0,0,0
378667,2097,2024,Bind,1818,tex,LEVIATÁN,Gekko,0.47,112,9,19,5,58,80,24,1,4,-3
378667,2097,2024,Bind,5129,ban,TALON,Skye,1.32,190,18,12,10,79,122,38,0,0,0
378667,2097,2024,Bind,25255,primmie,TALON,Yoru,1.15,222,18,14,10,79,138,35,2,2,0
378667,2097,2024,Bind,3980,Governor,TALON,Neon,1.11,250,20,17,6,71,157,22,5,4,1
378667,2097,2024,Bind,13788,JitBoyS,TALON,Viper,1.05,220,18,17,2,75,143,47,6,1,5
378667,2097,2024,Bind,3977,Crws,TALON,Omen,0.59,125,10,16,7,63,94,15,0,4,-4
378667,2097,2024,Ascent,8480,aspas,LEVIATÁN,Jett,1.44,215,16,10,3,90,141,22,5,0,5
378667,2097,2024,Ascent,1818,tex,LEVIATÁN,Cypher,1.3,239,19,13,6,62,160,39,2,2,0
378667,2097,2024,Ascent,8549,kiNgg,LEVIATÁN,Omen,1.24,196,16,9,8,90,121,39,2,1,1
378667,2097,2024,Ascent,619,C0M,LEVIATÁN,Sova,1.12,251,13,14,7,81,188,8,3,2,1
378667,2097,2024,Ascent,7603,Mazino,LEVIATÁN,Deadlock,1.03,186,15,14,2,76,123,31,2,2,0
378667,2097,2024,Ascent,25255,primmie,TALON,Sage,1.44,277,22,13,5,76,161,43,1,1,0
378667,2097,2024,Ascent,5129,ban,TALON,Phoenix,0.71,130,10,14,2,62,78,35,3,3,0
378667,2097,2024,Ascent,13788,JitBoyS,TALON,Clove,0.61,165,10,18,6,67,104,28,2,5,-3
378667,2097,2024,Ascent,3980,Governor,TALON,Sova,0.58,138,8,16,7,57,91,13,0,1,-1
378667,2097,2024,Ascent,3977,Crws,TALON,Kayo,0.41,134,10,18,3,57,91,9,1,4,-3
378660,2097,2024,Sunset,458,Chronicle,FNATIC,Sova,1.37,297,24,17,6,67,200,31,2,0,2
378660,2097,2024,Sunset,29867,hiro,FNATIC,Cypher,1.07,223,19,18,6,79,154,35,2,3,-1
378660,2097,2024,Sunset,438,Boaster,FNATIC,Astra,1.04,167,16,14,3,71,100,36,4,1,3
378660,2097,2024,Sunset,9810,Alfajer,FNATIC,Breach,1.0,180,15,16,11,67,138,30,0,3,-3
378660,2097,2024,Sunset,5022,Derke,FNATIC,Raze,0.82,201,14,20,9,79,160,25,3,6,-3
378660,2097,2024,Sunset,2462,keznit,KRÜ Esports,Neon,1.19,260,22,19,6,71,179,26,3,3,0
378660,2097,2024,Sunset,24007,Shyy,KRÜ Esports,Cypher,1.12,265,21,17,9,83,170,20,6,3,3
378660,2097,2024,Sunset,8673,heat,KRÜ Esports,Breach,1.06,191,18,17,8,67,117,38,1,0,1
378660,2097,2024,Sunset,1311,Melser,KRÜ Esports,Omen,0.73,150,13,17,4,54,92,31,2,4,-2
378660,2097,2024,Sunset,36169,mta,KRÜ Esports,Sova,0.57,112,10,18,5,54,79,26,1,1,0
378660,2097,2024,Haven,5022,Derke,FNATIC,Yoru,1.47,249,21,11,5,91,151,33,4,4,0
378660,2097,2024,Haven,458,Chronicle,FNATIC,Sova,1.35,211,12,10,12,86,164,31,3,0,3
378660,2097,2024,Haven,438,Boaster,FNATIC,Omen,1.07,188,15,13,11,77,114,16,2,1,1
378660,2097,2024,Haven,9810,Alfajer,FNATIC,Iso,1.05,235,18,17,6,77,161,30,0,2,-2
378660,2097,2024,Haven,29867,hiro,FNATIC,Cypher,0.84,151,13,14,3,82,89,29,4,2,2
378660,2097,2024,Haven,24007,Shyy,KRÜ Esports,Cypher,1.03,171,14,12,5,68,107,42,1,2,-1
378660,2097,2024,Haven,36169,mta,KRÜ Esports,Sova,0.8,175,13,17,3,55,109,48,2,3,-1
378660,2097,2024,Haven,2462,keznit,KRÜ Esports,Neon,0.79,208,14,18,7,73,135,18,2,3,-1
378660,2097,2024,Haven,1311,Melser,KRÜ Esports,Omen,0.74,158,14,17,1,64,99,34,2,3,-1
378660,2097,2024,Haven,8673,heat,KRÜ Esports,Breach,0.65,129,10,15,6,68,80,38,2,2,0
378660,2097,2024,Lotus,5022,Derke,FNATIC,Raze,2.3,453,30,11,5,94,278,14,5,2,3
378660,2097,2024,Lotus,29867,hiro,FNATIC,Fade,1.16,247,18,12,3,72,139,23,3,0,3
378660,2097,2024,Lotus,458,Chronicle,FNATIC,Viper,1.01,213,13,13,6,56,144,21,0,2,-2
378660,2097,2024,Lotus,9810,Alfajer,FNATIC,Killjoy,0.64,114,7,11,4,67,81,19,1,3,-2
378660,2097,2024,Lotus,438,Boaster,FNATIC,Omen,0.42,117,7,14,7,72,68,26,0,2,-2
378660,2097,2024,Lotus,2462,keznit,KRÜ Esports,Raze,1.22,242,14,14,8,83,181,21,2,1,1
378660,2097,2024,Lotus,24007,Shyy,KRÜ Esports,Killjoy,1.03,195,14,13,2,67,137,36,1,2,-1
378660,2097,2024,Lotus,1311,Melser,KRÜ Esports,Omen,0.77,164,11,15,2,67,115,55,2,3,-1
378660,2097,2024,Lotus,8673,heat,KRÜ Esports,Fade,0.68,164,11,16,3,61,106,23,0,1,-1
378660,2097,2024,Lotus,36169,mta,KRÜ Esports,Viper,0.64,184,11,17,6,67,118,33,4,2,2
378677,2097,2024,Icebox,15559,CHICHOO,EDward Gaming,Killjoy,1.18,253,14,14,2,81,177,20,2,1,1
378677,2097,2024,Icebox,4742,Smoggy,EDward Gaming,Viper,0.91,253,14,14,3,75,160,33,1,3,-2
378677,2097,2024,Icebox,13768,S1Mon,EDward Gaming,Kayo,0.87,178,9,13,7,69,125,27,1,0,1
378677,2097,2024,Icebox,3520,ZmjjKK,EDward Gaming,Jett,0.57,154,9,13,2,75,108,28,2,2,0
378677,2097,2024,Icebox,3017,nobody,EDward Gaming,Sova,0.5,134,6,14,4,56,90,29,2,2,0
378677,2097,2024,Icebox,9801,f0rsakeN,Paper Rex,Sova,1.88,308,21,9,3,81,235,39,2,1,1
378677,2097,2024,Icebox,17086,something,Paper Rex,Jett,1.39,334,18,12,3,75,208,31,5,2,3
378677,2097,2024,Icebox,9800,mindfreak,Paper Rex,Viper,1.09,228,14,12,6,81,151,29,0,0,0
378677,2097,2024,Icebox,9803,d4v41,Paper Rex,Killjoy,1.02,150,8,8,7,88,117,29,0,2,-2
378677,2097,2024,Icebox,7378,Jinggg,Paper Rex,Sage,0.74,131,7,11,10,75,85,10,1,3,-2
378677,2097,2024,Sunset,15559,CHICHOO,EDward Gaming,Cypher,1.39,225,17,11,10,90,165,37,3,0,3
378677,2097,2024,Sunset,4742,Smoggy,EDward Gaming,Omen,1.37,212,17,11,4,71,146,38,2,0,2
378677,2097,2024,Sunset,3017,nobody,EDward Gaming,Sova,1.14,255,18,15,8,67,166,34,2,3,-1
378677,2097,2024,Sunset,3520,ZmjjKK,EDward Gaming,Neon,1.07,269,20,16,5,81,173,35,6,4,2
378677,2097,2024,Sunset,13768,S1Mon,EDward Gaming,Kayo,1.02,163,12,12,9,76,111,25,1,0,1
378677,2097,2024,Sunset,9800,mindfreak,Paper Rex,Omen,1.35,272,18,15,10,76,172,25,3,1,2
378677,2097,2024,Sunset,9803,d4v41,Paper Rex,Sage,1.02,209,17,16,4,62,130,50,2,1,1
378677,2097,2024,Sunset,17086,something,Paper Rex,Gekko,0.92,189,13,17,10,67,134,36,1,2,-1
378677,2097,2024,Sunset,7378,Jinggg,Paper Rex,Raze,0.72,179,12,17,3,57,114,12,1,5,-4
378677,2097,2024,Sunset,9801,f0rsakeN,Paper Rex,Breach,0.17,65,5,19,0,43,43,13,0,5,-5
378677,2097,2024,Lotus,4742,Smoggy,EDward Gaming,Clove,2.01,331,21,6,10,82,202,36,3,0,3
378677,2097,2024,Lotus,15559,CHICHOO,EDward Gaming,Omen,1.34,205,13,8,9,88,112,30,3,0,3
378677,2097,2024,Lotus,3017,nobody,EDward Gaming,Fade,1.28,246,15,10,9,76,152,33,0,1,-1
378677,2097,2024,Lotus,13768,S1Mon,EDward Gaming,Breach,1.24,164,11,7,5,88,99,47,3,0,3
378677,2097,2024,Lotus,3520,ZmjjKK,EDward Gaming,Neon,0.76,170,9,13,7,82,102,32,5,2,3
378677,2097,2024,Lotus,7378,Jinggg,Paper Rex,Raze,0.99,271,13,14,6,76,192,17,0,4,-4
378677,2097,2024,Lotus,9801,f0rsakeN,Paper Rex,Cypher,0.85,173,11,13,1,47,128,42,0,2,-2
378677,2097,2024,Lotus,17086,something,Paper Rex,Jett,0.68,133,8,13,1,71,69,5,1,5,-4
378677,2097,2024,Lotus,9803,d4v41,Paper Rex,Skye,0.54,125,7,15,7,65,77,37,1,2,-1
378677,2097,2024,Lotus,9800,mindfreak,Paper Rex,Omen,0.43,104,5,14,3,65,78,33,1,1,0
378674,2097,2024,Icebox,7873,leaf,G2 Esports,Killjoy,1.41,288,21,14,6,81,202,21,1,2,-1
378674,2097,2024,Icebox,3885,valyn,G2 Esports,Harbor,1.24,229,17,13,8,71,148,16,1,2,-1
378674,2097,2024,Icebox,4581,JonahP,G2 Esports,Viper,1.05,184,13,15,9,71,131,21,3,0,3
378674,2097,2024,Icebox,8402,icy,G2 Esports,Gekko,1.04,209,17,15,8,76,118,32,4,1,3
378674,2097,2024,Icebox,15500,trent,G2 Esports,Sova,1.01,190,14,14,7,71,126,23,5,2,3
378674,2097,2024,Icebox,7378,Jinggg,Paper Rex,Sage,1.18,216,16,14,9,76,142,29,1,3,-2
378674,2097,2024,Icebox,9800,mindfreak,Paper Rex,Viper,1.14,258,20,15,8,76,143,33,2,3,-1
378674,2097,2024,Icebox,9801,f0rsakeN,Paper Rex,Sova,0.85,182,14,17,5,62,123,38,0,2,-2
378674,2097,2024,Icebox,17086,something,Paper Rex,Jett,0.67,203,14,18,3,57,126,19,4,4,0
378674,2097,2024,Icebox,9803,d4v41,Paper Rex,Killjoy,0.44,115,7,18,4,62,88,28,0,2,-2
378674,2097,2024,Lotus,15500,trent,G2 Esports,Fade,1.36,271,20,15,10,68,170,26,2,1,1
378674,2097,2024,Lotus,8402,icy,G2 Esports,Raze,1.19,218,18,14,1,73,148,33,3,0,3
378674,2097,2024,Lotus,4581,JonahP,G2 Esports,Viper,1.17,263,21,16,2,68,166,33,3,5,-2
378674,2097,2024,Lotus,7873,leaf,G2 Esports,Killjoy,1.17,194,16,13,4,82,134,19,4,0,4
378674,2097,2024,Lotus,3885,valyn,G2 Esports,Omen,0.84,174,13,15,16,82,97,15,2,2,0
378674,2097,2024,Lotus,9801,f0rsakeN,Paper Rex,Kayo,1.32,239,19,17,14,77,146,36,1,2,-1
378674,2097,2024,Lotus,17086,something,Paper Rex,Jett,0.95,189,15,15,3,59,138,26,2,1,1
378674,2097,2024,Lotus,9800,mindfreak,Paper Rex,Omen,0.91,192,14,17,9,77,116,29,0,1,-1
378674,2097,2024,Lotus,9803,d4v41,Paper Rex,Fade,0.91,225,16,18,6,77,145,25,2,2,0
378674,2097,2024,Lotus,7378,Jinggg,Paper Rex,Neon,0.41,150,9,21,8,59,109,11,3,8,-5
378665,2097,2024,Bind,4004,zekken,Sentinels,Raze,1.41,262,20,13,8,86,162,21,3,3,0
378665,2097,2024,Bind,1265,johnqt,Sentinels,Viper,1.17,164,12,9,6,76,107,25,2,2,0
378665,2097,2024,Bind,9,TenZ,Sentinels,Gekko,1.11,185,14,12,5,71,120,21,2,1,1
378665,2097,2024,Bind,729,Zellsis,Sentinels,Brimstone,1.11,221,17,14,11,76,112,16,1,3,-2
378665,2097,2024,Bind,659,Sacy,Sentinels,Fade,0.89,172,11,14,15,81,137,28,2,2,0
378665,2097,2024,Bind,872,Autumn,FunPlus Phoenix,Chamber,1.14,253,20,16,0,76,143,44,5,2,3
378665,2097,2024,Bind,7857,BerLIN,FunPlus Phoenix,Omen,1.07,197,15,14,5,71,137,24,3,1,2
378665,2097,2024,Bind,19530,AAAAY,FunPlus Phoenix,Fade,0.91,137,10,12,6,62,106,24,0,1,-1
378665,2097,2024,Bind,3028,Life,FunPlus Phoenix,Yoru,0.72,174,12,17,3,57,120,39,3,5,-2
378665,2097,2024,Bind,37489,Lysoar,FunPlus Phoenix,Viper,0.56,84,5,15,10,52,70,29,0,1,-1
378665,2097,2024,Lotus,4004,zekken,Sentinels,Raze,1.57,288,19,11,4,72,195,24,6,2,4
378665,2097,2024,Lotus,9,TenZ,Sentinels,Omen,1.38,282,19,11,10,89,181,19,2,1,1
378665,2097,2024,Lotus,659,Sacy,Sentinels,Fade,1.27,230,14,10,13,78,146,15,1,1,0
378665,2097,2024,Lotus,1265,johnqt,Sentinels,Viper,1.17,156,10,7,5,83,114,15,2,1,1
378665,2097,2024,Lotus,729,Zellsis,Sentinels,Killjoy,1.04,141,9,6,2,78,99,23,1,1,0
378665,2097,2024,Lotus,7857,BerLIN,FunPlus Phoenix,Breach,0.96,208,11,14,9,50,131,24,0,2,-2
378665,2097,2024,Lotus,872,Autumn,FunPlus Phoenix,Chamber,0.8,190,12,15,1,50,112,30,5,3,2
378665,2097,2024,Lotus,19530,AAAAY,FunPlus Phoenix,Gekko,0.62,105,6,13,3,72,60,13,1,1,0
378665,2097,2024,Lotus,3028,Life,FunPlus Phoenix,Viper,0.56,151,10,15,1,56,86,32,0,5,-5
378665,2097,2024,Lotus,37489,Lysoar,FunPlus Phoenix,Omen,0.52,97,6,14,3,67,61,26,0,1,-1
378836,2097,2024,Icebox,8549,kiNgg,LEVIATÁN,Viper,1.15,214,15,14,5,70,139,34,3,2,1
378836,2097,2024,Icebox,619,C0M,LEVIATÁN,Sova,0.88,204,13,14,5,95,139,33,0,0,0
378836,2097,2024,Icebox,8480,aspas,LEVIATÁN,Jett,0.68,176,13,15,2,65,117,24,4,3,1
378836,2097,2024,Icebox,1818,tex,LEVIATÁN,Killjoy,0.63,158,11,15,1,65,103,30,0,3,-3
378836,2097,2024,Icebox,7603,Mazino,LEVIATÁN,Harbor,0.38,88,5,16,8,45,44,9,2,3,-1
378836,2097,2024,Icebox,18350,MiniBoo,Team Heretics,Neon,1.36,275,19,13,3,70,167,34,6,2,4
378836,2097,2024,Icebox,1144,Boo,Team Heretics,Viper,1.31,188,12,8,6,90,139,31,1,0,1
378836,2097,2024,Icebox,10971,RieNs,Team Heretics,Sova,1.3,223,18,11,4,80,142,50,1,5,-4
378836,2097,2024,Icebox,21328,Wo0t,Team Heretics,Gekko,1.1,196,15,12,8,85,133,44,2,1,1
378836,2097,2024,Icebox,29873,benjyfishy,Team Heretics,Killjoy,0.81,134,10,13,2,75,107,38,1,1,0
378836,2097,2024,Sunset,8480,aspas,LEVIATÁN,Neon,1.08,213,21,21,6,68,131,30,4,3,1
378836,2097,2024,Sunset,7603,Mazino,LEVIATÁN,Breach,1.04,196,19,18,13,75,135,34,3,3,0
378836,2097,2024,Sunset,1818,tex,LEVIATÁN,Cypher,0.92,203,19,22,12,64,136,37,3,3,0
378836,2097,2024,Sunset,619,C0M,LEVIATÁN,Sova,0.86,189,17,19,7,54,125,22,3,2,1
378836,2097,2024,Sunset,8549,kiNgg,LEVIATÁN,Omen,0.79,141,15,19,14,68,85,34,0,4,-4
378836,2097,2024,Sunset,18350,MiniBoo,Team Heretics,Raze,1.28,235,22,17,7,82,158,31,7,2,5
378836,2097,2024,Sunset,10971,RieNs,Team Heretics,Sova,1.26,256,25,21,8,71,185,43,2,5,-3
378836,2097,2024,Sunset,21328,Wo0t,Team Heretics,Kayo,1.13,222,19,18,24,82,131,37,2,3,-1
378836,2097,2024,Sunset,29873,benjyfishy,Team Heretics,Cypher,0.99,171,18,16,7,86,110,41,0,0,0
378836,2097,2024,Sunset,1144,Boo,Team Heretics,Omen,0.73,143,15,19,6,68,93,46,4,3,1
378836,2097,2024,Abyss,7603,Mazino,LEVIATÁN,Harbor,1.45,273,21,15,15,86,171,24,4,1,3
378836,2097,2024,Abyss,8549,kiNgg,LEVIATÁN,Omen,1.24,191,18,12,9,77,123,43,2,1,1
378836,2097,2024,Abyss,8480,aspas,LEVIATÁN,Jett,1.08,167,14,12,6,77,123,17,1,3,-2
378836,2097,2024,Abyss,619,C0M,LEVIATÁN,Sova,1.07,180,15,13,5,82,127,48,0,1,-1
378836,2097,2024,Abyss,1818,tex,LEVIATÁN,Cypher,0.96,231,17,18,5,82,141,40,8,1,7
378836,2097,2024,Abyss,29873,benjyfishy,Team Heretics,Cypher,1.02,264,20,18,3,68,164,36,2,3,-1
378836,2097,2024,Abyss,1144,Boo,Team Heretics,Astra,1.0,181,16,16,4,82,120,37,1,2,-1
378836,2097,2024,Abyss,10971,RieNs,Team Heretics,Sova,0.98,171,12,14,10,68,129,32,1,4,-3
378836,2097,2024,Abyss,21328,Wo0t,Team Heretics,Gekko,0.87,180,14,18,7,68,130,43,0,2,-2
378836,2097,2024,Abyss,18350,MiniBoo,Team Heretics,Jett,0.44,108,8,19,3,55,80,33,3,4,-1
378836,2097,2024,Lotus,7603,Mazino,LEVIATÁN,Breach,0.81,171,9,14,8,63,102,16,2,1,1
378836,2097,2024,Lotus,8549,kiNgg,LEVIATÁN,Omen,0.65,131,7,13,3,69,98,32,0,1,-1
378836,2097,2024,Lotus,8480,aspas,LEVIATÁN,Raze,0.63,162,8,15,1,63,110,16,3,1,2
378836,2097,2024,Lotus,1818,tex,LEVIATÁN,Cypher,0.55,165,10,14,1,44,115,32,3,4,-1
378836,2097,2024,Lotus,619,C0M,LEVIATÁN,Fade,0.44,110,6,12,2,63,80,29,0,1,-1
378836,2097,2024,Lotus,18350,MiniBoo,Team Heretics,Raze,1.56,298,17,10,5,88,204,26,1,2,-1
378836,2097,2024,Lotus,1144,Boo,Team Heretics,Fade,1.52,226,16,7,2,88,143,31,1,0,1
378836,2097,2024,Lotus,10971,RieNs,Team Heretics,Viper,1.39,258,13,8,14,88,162,27,3,2,1
378836,2097,2024,Lotus,29873,benjyfishy,Team Heretics,Killjoy,1.3,190,12,7,3,75,135,36,2,1,1
378836,2097,2024,Lotus,21328,Wo0t,Team Heretics,Omen,1.18,158,9,8,14,88,105,32,1,3,-2
378673,2097,2024,Lotus,15559,CHICHOO,EDward Gaming,Omen,1.32,231,16,12,14,91,152,33,2,1,1
378673,2097,2024,Lotus,4742,Smoggy,EDward Gaming,Clove,1.31,283,23,15,7,77,180,24,1,4,-3
378673,2097,2024,Lotus,3017,nobody,EDward Gaming,Fade,1.15,213,18,15,6,77,137,27,3,2,1
378673,2097,2024,Lotus,3520,ZmjjKK,EDward Gaming,Neon,0.67,195,14,19,8,68,119,19,5,4,1
378673,2097,2024,Lotus,13768,S1Mon,EDward Gaming,Breach,0.63,128,9,16,12,77,91,19,0,0,0
378673,2097,2024,Lotus,8369,yetujey,FUT Esports,Cypher,1.14,235,19,15,6,82,141,27,3,2,1
378673,2097,2024,Lotus,1139,qRaxs,FUT Esports,Breach,1.13,189,15,14,7,73,129,30,0,1,-1
378673,2097,2024,Lotus,8044,MrFaliN,FUT Esports,Omen,0.98,216,16,17,8,77,123,24,1,2,-1
378673,2097,2024,Lotus,6510,AtaKaptan,FUT Esports,Viper,0.97,187,13,17,8,73,119,18,0,0,0
378673,2097,2024,Lotus,573,cNed,FUT Esports,Jett,0.85,193,14,17,3,68,131,32,7,6,1
378673,2097,2024,Bind,4742,Smoggy,EDward Gaming,Brimstone,1.71,274,23,10,6,91,173,38,1,1,0
378673,2097,2024,Bind,15559,CHICHOO,EDward Gaming,Viper,1.33,255,19,16,9,78,178,25,4,3,1
378673,2097,2024,Bind,3520,ZmjjKK,EDward Gaming,Raze,1.27,218,19,13,5,70,141,21,2,5,-3
378673,2097,2024,Bind,13768,S1Mon,EDward Gaming,Fade,0.91,131,11,14,7,70,78,29,1,1,0
378673,2097,2024,Bind,3017,nobody,EDward Gaming,Gekko,0.49,90,7,17,6,65,62,14,0,5,-5
378673,2097,2024,Bind,1139,qRaxs,FUT Esports,Fade,1.11,158,13,11,8,78,92,22,2,0,2
378673,2097,2024,Bind,573,cNed,FUT Esports,Raze,1.0,228,19,18,2,74,159,29,5,3,2
378673,2097,2024,Bind,8369,yetujey,FUT Esports,Viper,0.8,209,17,17,6,65,129,27,4,2,2
378673,2097,2024,Bind,8044,MrFaliN,FUT Esports,Gekko,0.68,139,9,16,9,70,100,20,2,1,1
378673,2097,2024,Bind,6510,AtaKaptan,FUT Esports,Brimstone,0.63,150,12,17,8,65,96,20,2,2,0
378824,2097,2024,Icebox,7873,leaf,G2 Esports,Killjoy,1.3,263,27,21,7,83,164,18,6,0,6
378824,2097,2024,Icebox,15500,trent,G2 Esports,Sova,1.04,211,20,21,10,67,145,39,1,4,-3
378824,2097,2024,Icebox,3885,valyn,G2 Esports,Harbor,0.94,215,25,24,7,70,128,32,2,1,1
378824,2097,2024,Icebox,4581,JonahP,G2 Esports,Viper,0.92,198,19,21,10,73,127,23,2,5,-3
378824,2097,2024,Icebox,8402,icy,G2 Esports,Gekko,0.72,154,15,22,9,73,102,31,4,5,-1
378824,2097,2024,Icebox,619,C0M,LEVIATÁN,Sova,1.15,223,22,18,5,73,157,24,6,5,1
378824,2097,2024,Icebox,1818,tex,LEVIATÁN,Killjoy,1.04,243,26,23,5,67,160,23,5,4,1
378824,2097,2024,Icebox,8480,aspas,LEVIATÁN,Jett,1.0,191,20,20,4,73,126,35,1,2,-1
378824,2097,2024,Icebox,8549,kiNgg,LEVIATÁN,Viper,0.85,162,17,20,7,63,112,47,1,0,1
378824,2097,2024,Icebox,7603,Mazino,LEVIATÁN,Harbor,0.84,201,24,25,8,70,126,26,2,4,-2
378824,2097,2024,Abyss,4581,JonahP,G2 Esports,Viper,1.04,239,15,16,2,61,138,32,5,2,3
378824,2097,2024,Abyss,15500,trent,G2 Esports,Sova,0.7,184,9,16,6,72,124,28,2,1,1
378824,2097,2024,Abyss,8402,icy,G2 Esports,Yoru,0.67,150,9,16,4,67,96,42,2,3,-1
378824,2097,2024,Abyss,7873,leaf,G2 Esports,Killjoy,0.59,170,11,17,1,56,117,50,0,2,-2
378824,2097,2024,Abyss,3885,valyn,G2 Esports,Astra,0.42,126,8,17,2,61,69,14,0,2,-2
378824,2097,2024,Abyss,619,C0M,LEVIATÁN,Sova,1.77,305,20,8,5,89,211,36,1,0,1
378824,2097,2024,Abyss,8480,aspas,LEVIATÁN,Jett,1.65,237,18,6,2,94,164,43,0,0,0
378824,2097,2024,Abyss,8549,kiNgg,LEVIATÁN,Omen,1.36,269,19,10,7,89,170,30,4,0,4
378824,2097,2024,Abyss,7603,Mazino,LEVIATÁN,Harbor,1.06,232,15,13,7,78,141,28,2,2,0
378824,2097,2024,Abyss,1818,tex,LEVIATÁN,Cypher,0.12,89,5,15,3,61,81,25,2,6,-4
378663,2097,2024,Abyss,19530,AAAAY,FunPlus Phoenix,Fade,1.36,291,27,18,2,73,197,40,5,3,2
378663,2097,2024,Abyss,872,Autumn,FunPlus Phoenix,Viper,1.05,214,19,18,9,77,151,26,0,1,-1
378663,2097,2024,Abyss,7857,BerLIN,FunPlus Phoenix,Omen,0.94,154,15,15,6,69,107,20,2,2,0
378663,2097,2024,Abyss,37489,Lysoar,FunPlus Phoenix,Cypher,0.92,200,17,20,11,65,131,12,2,2,0
378663,2097,2024,Abyss,3028,Life,FunPlus Phoenix,Yoru,0.53,139,12,20,3,62,96,29,4,5,-1
378663,2097,2024,Abyss,10971,RieNs,Team Heretics,Sova,1.78,302,28,12,7,69,202,32,3,0,3
378663,2097,2024,Abyss,21328,Wo0t,Team Heretics,Gekko,1.27,268,25,18,8,88,161,30,4,2,2
378663,2097,2024,Abyss,29873,benjyfishy,Team Heretics,Cypher,0.74,147,13,19,6,69,108,29,3,5,-2
378663,2097,2024,Abyss,1144,Boo,Team Heretics,Astra,0.67,157,16,21,7,69,99,30,0,1,-1
378663,2097,2024,Abyss,18350,MiniBoo,Team Heretics,Jett,0.45,94,9,20,2,58,74,22,3,5,-2
378663,2097,2024,Bind,872,Autumn,FunPlus Phoenix,Chamber,1.31,209,17,11,5,73,144,32,6,4,2
378663,2097,2024,Bind,37489,Lysoar,FunPlus Phoenix,Viper,1.19,234,17,15,12,82,165,21,2,0,2
378663,2097,2024,Bind,3028,Life,FunPlus Phoenix,Yoru,1.03,248,18,16,5,73,157,28,3,2,1
378663,2097,2024,Bind,19530,AAAAY,FunPlus Phoenix,Fade,0.85,184,16,16,5,59,104,25,1,0,1
378663,2097,2024,Bind,7857,BerLIN,FunPlus Phoenix,Omen,0.78,122,10,14,10,82,74,30,1,3,-2
378663,2097,2024,Bind,29873,benjyfishy,Team Heretics,Viper,1.48,287,23,16,11,73,223,42,1,2,-1
378663,2097,2024,Bind,10971,RieNs,Team Heretics,Gekko,1.22,232,19,15,3,64,153,38,3,2,1
378663,2097,2024,Bind,1144,Boo,Team Heretics,Brimstone,0.88,136,10,14,11,64,88,45,1,3,-2
378663,2097,2024,Bind,21328,Wo0t,Team Heretics,Fade,0.83,148,10,15,10,77,93,39,1,2,-1
378663,2097,2024,Bind,18350,MiniBoo,Team Heretics,Raze,0.51,127,10,18,3,45,89,42,3,4,-1
378663,2097,2024,Lotus,872,Autumn,FunPlus Phoenix,Viper,1.05,193,18,17,12,75,120,34,3,1,2
378663,2097,2024,Lotus,7857,BerLIN,FunPlus Phoenix,Astra,1.03,212,20,20,11,68,143,30,5,1,4
378663,2097,2024,Lotus,19530,AAAAY,FunPlus Phoenix,Gekko,0.97,192,22,18,4,71,122,37,2,1,1
378663,2097,2024,Lotus,37489,Lysoar,FunPlus Phoenix,Omen,0.96,218,21,21,6,82,145,23,1,1,0
378663,2097,2024,Lotus,3028,Life,FunPlus Phoenix,Raze,0.69,167,17,21,4,57,120,33,5,8,-3
378663,2097,2024,Lotus,10971,RieNs,Team Heretics,Viper,1.42,245,24,17,9,75,163,39,2,0,2
378663,2097,2024,Lotus,18350,MiniBoo,Team Heretics,Raze,1.08,245,21,22,9,64,157,30,7,7,0
378663,2097,2024,Lotus,1144,Boo,Team Heretics,Fade,0.98,222,21,21,11,79,129,22,1,0,1
378663,2097,2024,Lotus,21328,Wo0t,Team Heretics,Omen,0.91,140,15,19,14,75,101,37,1,3,-2
378663,2097,2024,Lotus,29873,benjyfishy,Team Heretics,Killjoy,0.85,153,16,19,3,64,102,34,1,6,-5
378833,2097,2024,Abyss,1144,Boo,Team Heretics,Astra,1.23,263,15,15,9,78,161,29,4,2,2
378833,2097,2024,Abyss,18350,MiniBoo,Team Heretics,Jett,1.12,236,16,14,2,83,150,36,2,3,-1
378833,2097,2024,Abyss,21328,Wo0t,Team Heretics,Gekko,0.71,164,9,14,9,61,120,18,3,2,1
378833,2097,2024,Abyss,10971,RieNs,Team Heretics,Sova,0.55,127,8,17,6,56,80,32,0,1,-1
378833,2097,2024,Abyss,29873,benjyfishy,Team Heretics,Cypher,0.34,111,7,16,1,56,82,35,0,1,-1
378833,2097,2024,Abyss,11600,Foxy9,KIWOOM DRX,Kayo,1.61,302,20,12,13,89,175,32,2,1,1
378833,2097,2024,Abyss,4462,MaKo,KIWOOM DRX,Omen,1.5,268,19,11,10,89,158,33,1,2,-1
378833,2097,2024,Abyss,4678,BeYN,KIWOOM DRX,Sova,1.44,200,13,8,8,89,149,33,1,1,0
378833,2097,2024,Abyss,35013,Flashback,KIWOOM DRX,Cypher,1.22,255,17,12,4,78,172,41,3,1,2
378833,2097,2024,Abyss,804,BuZz,KIWOOM DRX,Jett,0.37,98,6,13,1,61,65,50,2,4,-2
378833,2097,2024,Sunset,18350,MiniBoo,Team Heretics,Raze,1.73,270,20,9,1,83,168,18,4,3,1
378833,2097,2024,Sunset,10971,RieNs,Team Heretics,Sova,1.49,231,16,6,7,78,159,43,1,1,0
378833,2097,2024,Sunset,1144,Boo,Team Heretics,Omen,1.1,214,14,13,6,67,126,45,3,0,3
378833,2097,2024,Sunset,21328,Wo0t,Team Heretics,Kayo,1.08,187,12,10,12,83,122,21,2,1,1
378833,2097,2024,Sunset,29873,benjyfishy,Team Heretics,Cypher,0.75,147,8,11,8,72,102,27,0,3,-3
378833,2097,2024,Sunset,804,BuZz,KIWOOM DRX,Neon,1.04,233,14,14,5,50,146,23,4,6,-2
378833,2097,2024,Sunset,4462,MaKo,KIWOOM DRX,Omen,0.98,205,12,13,5,67,123,31,0,2,-2
378833,2097,2024,Sunset,35013,Flashback,KIWOOM DRX,Cypher,0.85,159,10,14,2,61,114,46,2,0,2
378833,2097,2024,Sunset,4678,BeYN,KIWOOM DRX,Sova,0.6,146,8,15,4,56,101,32,1,1,0
378833,2097,2024,Sunset,11600,Foxy9,KIWOOM DRX,Breach,0.48,96,5,14,8,56,58,20,1,1,0
378833,2097,2024,Icebox,29873,benjyfishy,Team Heretics,Killjoy,1.35,193,18,10,2,78,124,29,1,1,0
378833,2097,2024,Icebox,18350,MiniBoo,Team Heretics,Neon,1.33,275,23,17,8,78,174,25,5,4,1
378833,2097,2024,Icebox,10971,RieNs,Team Heretics,Sova,1.32,259,20,16,10,87,174,46,4,1,3
378833,2097,2024,Icebox,21328,Wo0t,Team Heretics,Gekko,1.21,255,21,17,6,91,141,42,3,1,2
378833,2097,2024,Icebox,1144,Boo,Team Heretics,Viper,0.74,123,10,16,15,61,80,32,1,2,-1
378833,2097,2024,Icebox,4462,MaKo,KIWOOM DRX,Viper,1.12,259,21,19,7,78,165,29,2,2,0
378833,2097,2024,Icebox,11600,Foxy9,KIWOOM DRX,Kayo,0.81,171,13,17,6,78,106,19,0,2,-2
378833,2097,2024,Icebox,804,BuZz,KIWOOM DRX,Jett,0.72,209,18,19,4,83,132,18,5,3,2
378833,2097,2024,Icebox,35013,Flashback,KIWOOM DRX,Killjoy,0.72,161,13,19,7,70,117,34,0,3,-3
378833,2097,2024,Icebox,4678,BeYN,KIWOOM DRX,Sova,0.63,139,11,18,5,70,88,25,2,4,-2
378656,2097,2024,Bind,458,Chronicle,FNATIC,Viper,1.39,251,19,14,8,73,174,35,4,2,2
378656,2097,2024,Bind,5022,Derke,FNATIC,Raze,1.25,232,19,14,4,59,152,19,1,2,-1
378656,2097,2024,Bind,438,Boaster,FNATIC,Astra,0.95,151,10,13,10,77,107,23,2,1,1
378656,2097,2024,Bind,9810,Alfajer,FNATIC,Gekko,0.92,196,15,16,4,59,133,31,1,4,-3
378656,2097,2024,Bind,29867,hiro,FNATIC,Fade,0.85,133,10,13,5,64,95,39,1,4,-3
378656,2097,2024,Bind,4885,whzy,Bilibili Gaming,Raze,1.3,305,23,16,1,82,191,26,4,2,2
378656,2097,2024,Bind,10698,nephh,Bilibili Gaming,Skye,1.05,190,13,14,12,68,125,20,3,1,2
378656,2097,2024,Bind,4774,Knight,Bilibili Gaming,Cypher,0.9,166,14,14,5,59,109,26,1,1,0
378656,2097,2024,Bind,4705,Flex1n,Bilibili Gaming,Brimstone,0.81,169,12,16,7,64,114,41,3,0,3
378656,2097,2024,Bind,6022,yosemite,Bilibili Gaming,Viper,0.65,120,8,14,8,55,90,20,2,5,-3
378656,2097,2024,Lotus,29867,hiro,FNATIC,Fade,1.93,303,19,7,10,94,195,42,1,0,1
378656,2097,2024,Lotus,438,Boaster,FNATIC,Omen,1.36,181,13,6,8,94,115,42,1,2,-1
378656,2097,2024,Lotus,458,Chronicle,FNATIC,Viper,1.27,236,16,9,2,76,141,20,4,0,4
378656,2097,2024,Lotus,5022,Derke,FNATIC,Raze,1.13,222,14,10,4,76,144,10,5,2,3
378656,2097,2024,Lotus,9810,Alfajer,FNATIC,Killjoy,0.74,185,11,13,5,82,133,33,2,0,2
378656,2097,2024,Lotus,10698,nephh,Bilibili Gaming,Fade,0.88,208,13,15,1,53,119,24,0,2,-2
378656,2097,2024,Lotus,4885,whzy,Bilibili Gaming,Neon,0.76,213,12,15,4,65,124,14,2,6,-4
378656,2097,2024,Lotus,4774,Knight,Bilibili Gaming,Breach,0.73,140,8,15,8,71,95,32,1,2,-1
378656,2097,2024,Lotus,6022,yosemite,Bilibili Gaming,Cypher,0.63,115,6,14,3,59,75,33,1,1,0
378656,2097,2024,Lotus,4705,Flex1n,Bilibili Gaming,Omen,0.49,108,6,14,6,71,71,24,0,2,-2
378826,2097,2024,Haven,9,TenZ,Sentinels,Omen,1.34,267,22,14,6,73,186,30,1,0,1
378826,2097,2024,Haven,4004,zekken,Sentinels,Neon,1.33,308,23,18,9,86,195,24,9,1,8
378826,2097,2024,Haven,1265,johnqt,Sentinels,Cypher,1.26,214,19,13,8,82,134,26,0,2,-2
378826,2097,2024,Haven,659,Sacy,Sentinels,Sova,0.98,177,14,13,7,77,116,24,2,2,0
378826,2097,2024,Haven,729,Zellsis,Sentinels,Breach,0.58,112,7,17,16,64,80,15,1,4,-3
378826,2097,2024,Haven,13768,S1Mon,EDward Gaming,Breach,1.31,222,17,16,16,82,154,44,1,0,1
378826,2097,2024,Haven,3520,ZmjjKK,EDward Gaming,Neon,1.12,283,23,17,2,64,164,30,5,6,-1
378826,2097,2024,Haven,3017,nobody,EDward Gaming,Sova,0.93,171,14,16,5,68,108,37,1,2,-1
378826,2097,2024,Haven,4742,Smoggy,EDward Gaming,Omen,0.76,148,10,17,8,73,96,38,0,1,-1
378826,2097,2024,Haven,15559,CHICHOO,EDward Gaming,Cypher,0.59,178,11,19,7,55,121,23,2,4,-2
378826,2097,2024,Lotus,659,Sacy,Sentinels,Fade,1.41,245,17,15,13,91,161,26,1,1,0
378826,2097,2024,Lotus,729,Zellsis,Sentinels,Killjoy,1.28,203,16,13,3,77,134,35,2,2,0
378826,2097,2024,Lotus,4004,zekken,Sentinels,Raze,1.11,256,19,17,5,73,164,17,4,4,0
378826,2097,2024,Lotus,1265,johnqt,Sentinels,Viper,0.97,153,13,13,4,77,108,35,1,3,-2
378826,2097,2024,Lotus,9,TenZ,Sentinels,Omen,0.68,164,12,17,11,73,119,28,1,3,-2
378826,2097,2024,Lotus,13768,S1Mon,EDward Gaming,Breach,1.25,187,15,13,10,77,127,39,4,0,4
378826,2097,2024,Lotus,15559,CHICHOO,EDward Gaming,Omen,0.99,185,15,15,6,77,133,20,1,0,1
378826,2097,2024,Lotus,4742,Smoggy,EDward Gaming,Clove,0.92,229,17,19,10,64,151,15,1,0,1
378826,2097,2024,Lotus,3017,nobody,EDward Gaming,Fade,0.91,178,15,14,4,73,106,31,1,3,-2
378826,2097,2024,Lotus,3520,ZmjjKK,EDward Gaming,Neon,0.74,180,13,16,7,68,128,31,6,6,0
378826,2097,2024,Sunset,9,TenZ,Sentinels,Omen,1.28,307,21,17,7,84,196,44,1,1,0
378826,2097,2024,Sunset,4004,zekken,Sentinels,Neon,0.82,265,17,17,4,58,153,24,3,6,-3
378826,2097,2024,Sunset,1265,johnqt,Sentinels,Cypher,0.8,144,9,13,5,68,91,32,2,2,0
378826,2097,2024,Sunset,729,Zellsis,Sentinels,Breach,0.74,142,8,15,8,58,101,36,1,2,-1
378826,2097,2024,Sunset,659,Sacy,Sentinels,Fade,0.52,109,7,15,5,58,71,26,0,1,-1
378826,2097,2024,Sunset,15559,CHICHOO,EDward Gaming,Cypher,1.85,333,23,10,10,89,204,26,4,0,4
378826,2097,2024,Sunset,3017,nobody,EDward Gaming,Sova,1.39,261,20,13,3,74,151,35,3,0,3
378826,2097,2024,Sunset,3520,ZmjjKK,EDward Gaming,Neon,1.07,236,15,14,9,84,152,27,3,2,1
378826,2097,2024,Sunset,4742,Smoggy,EDward Gaming,Omen,0.94,152,12,12,9,68,95,26,1,3,-2
378826,2097,2024,Sunset,13768,S1Mon,EDward Gaming,Kayo,0.76,112,7,13,14,84,75,15,1,2,-1
378822,2097,2024,Sunset,11600,Foxy9,KIWOOM DRX,Breach,1.24,220,23,17,13,82,118,29,1,0,1
378822,2097,2024,Sunset,35013,Flashback,KIWOOM DRX,Cypher,1.15,220,22,18,4,64,151,30,3,1,2
378822,2097,2024,Sunset,4678,BeYN,KIWOOM DRX,Sova,0.97,172,18,20,5,71,105,28,1,4,-3
378822,2097,2024,Sunset,804,BuZz,KIWOOM DRX,Neon,0.73,197,18,22,10,57,130,27,4,7,-3
378822,2097,2024,Sunset,4462,MaKo,KIWOOM DRX,Omen,0.72,163,13,21,11,75,113,15,4,3,1
378822,2097,2024,Sunset,4004,zekken,Sentinels,Neon,1.19,289,27,23,8,75,184,26,8,4,4
378822,2097,2024,Sunset,9,TenZ,Sentinels,Omen,1.14,211,21,19,13,68,141,20,3,3,0
378822,2097,2024,Sunset,729,Zellsis,Sentinels,Breach,1.05,191,17,17,17,79,121,17,2,2,0
378822,2097,2024,Sunset,659,Sacy,Sentinels,Fade,1.03,182,18,20,16,79,116,25,1,2,-1
378822,2097,2024,Sunset,1265,johnqt,Sentinels,Cypher,0.94,140,15,15,7,71,91,27,1,2,-1
378822,2097,2024,Haven,4462,MaKo,KIWOOM DRX,Omen,1.09,231,17,16,10,81,136,32,1,1,0
378822,2097,2024,Haven,35013,Flashback,KIWOOM DRX,Cypher,1.04,235,17,16,3,76,151,26,4,1,3
378822,2097,2024,Haven,804,BuZz,KIWOOM DRX,Jett,0.87,215,15,17,0,57,126,32,5,6,-1
378822,2097,2024,Haven,11600,Foxy9,KIWOOM DRX,Breach,0.69,125,8,15,10,62,97,23,0,2,-2
378822,2097,2024,Haven,4678,BeYN,KIWOOM DRX,Sova,0.65,127,10,16,4,67,91,17,0,1,-1
378822,2097,2024,Haven,729,Zellsis,Sentinels,Breach,1.48,227,17,10,16,81,142,14,0,2,-2
378822,2097,2024,Haven,4004,zekken,Sentinels,Neon,1.46,349,27,16,7,90,217,30,6,2,4
378822,2097,2024,Haven,659,Sacy,Sentinels,Sova,1.04,202,12,14,14,76,142,26,3,3,0
378822,2097,2024,Haven,9,TenZ,Sentinels,Omen,0.99,197,15,15,8,90,124,29,1,2,-1
378822,2097,2024,Haven,1265,johnqt,Sentinels,Cypher,0.86,104,9,12,8,76,58,22,1,1,0
378666,2097,2024,Lotus,9196,t3xture,Gen.G,Raze,1.45,290,23,15,4,73,181,21,5,3,2
378666,2097,2024,Lotus,2489,Munchkin,Gen.G,Viper,1.38,272,21,16,8,82,179,19,2,2,0
378666,2097,2024,Lotus,34974,Karon,Gen.G,Omen,0.67,131,10,17,10,73,94,30,0,3,-3
378666,2097,2024,Lotus,13039,Meteor,Gen.G,Killjoy,0.49,153,12,18,2,50,101,24,1,3,-2
378666,2097,2024,Lotus,773,Lakia,Gen.G,Fade,0.43,76,4,15,7,82,49,20,1,2,-1
378666,2097,2024,Lotus,1265,johnqt,Sentinels,Viper,1.31,188,15,12,11,82,120,9,3,0,3
378666,2097,2024,Lotus,4004,zekken,Sentinels,Raze,1.25,267,23,16,7,73,154,23,5,3,2
378666,2097,2024,Lotus,729,Zellsis,Sentinels,Killjoy,1.21,245,20,13,3,82,148,15,4,1,3
378666,2097,2024,Lotus,9,TenZ,Sentinels,Omen,1.15,166,14,12,9,73,120,18,1,1,0
378666,2097,2024,Lotus,659,Sacy,Sentinels,Fade,0.75,156,9,17,14,77,118,12,0,4,-4
378666,2097,2024,Icebox,9196,t3xture,Gen.G,Jett,1.14,261,18,15,2,63,156,34,3,4,-1
378666,2097,2024,Icebox,13039,Meteor,Gen.G,Killjoy,0.79,223,14,18,3,63,153,43,2,1,1
378666,2097,2024,Icebox,2489,Munchkin,Gen.G,Kayo,0.77,175,11,16,9,68,107,26,1,3,-2
378666,2097,2024,Icebox,34974,Karon,Gen.G,Viper,0.43,119,8,16,2,58,82,24,2,0,2
378666,2097,2024,Icebox,773,Lakia,Gen.G,Gekko,0.32,90,5,15,4,58,64,24,1,2,-1
378666,2097,2024,Icebox,659,Sacy,Sentinels,Sova,1.65,273,19,10,5,79,184,29,3,2,1
378666,2097,2024,Icebox,9,TenZ,Sentinels,Kayo,1.53,287,20,13,16,95,167,23,1,1,0
378666,2097,2024,Icebox,1265,johnqt,Sentinels,Viper,1.12,159,11,10,9,84,101,19,1,1,0
378666,2097,2024,Icebox,4004,zekken,Sentinels,Jett,1.12,223,17,12,4,74,152,31,4,2,2
378666,2097,2024,Icebox,729,Zellsis,Sentinels,Killjoy,1.07,192,13,11,3,79,121,19,1,3,-2
378669,2097,2024,Ascent,2168,trexx,Team Vitality,Sova,1.52,271,26,17,10,64,182,28,3,2,1
378669,2097,2024,Ascent,21610,runneR,Team Vitality,Killjoy,0.93,233,21,24,2,64,157,25,4,4,0
378669,2097,2024,Ascent,4321,ceNder,Team Vitality,Omen,0.9,152,15,20,10,57,107,32,1,6,-5
378669,2097,2024,Ascent,312,Sayf,Team Vitality,Jett,0.87,153,16,20,5,64,106,31,3,5,-2
378669,2097,2024,Ascent,11134,Kicks,Team Vitality,Kayo,0.71,103,8,20,15,50,79,16,0,0,0
378669,2097,2024,Ascent,3045,LuoK1ng,Trace Esports,Omen,1.35,265,27,17,9,75,171,43,3,2,1
378669,2097,2024,Ascent,37494,Kai,Trace Esports,Jett,1.21,241,25,18,2,68,165,26,5,4,1
378669,2097,2024,Ascent,3021,Biank,Trace Esports,Sova,0.9,192,18,17,9,64,125,15,3,1,2
378669,2097,2024,Ascent,4770,FengF,Trace Esports,Killjoy,0.86,170,19,17,3,61,122,35,4,4,0
378669,2097,2024,Ascent,4712,heybay,Trace Esports,Kayo,0.69,120,12,17,8,75,77,28,2,0,2
378669,2097,2024,Sunset,2168,trexx,Team Vitality,Sova,1.97,312,24,8,9,85,218,33,1,0,1
378669,2097,2024,Sunset,4321,ceNder,Team Vitality,Omen,1.16,165,14,12,6,75,106,26,3,1,2
378669,2097,2024,Sunset,312,Sayf,Team Vitality,Neon,1.09,202,13,13,10,80,148,31,2,2,0
378669,2097,2024,Sunset,21610,runneR,Team Vitality,Cypher,1.09,211,15,13,5,65,135,22,5,2,3
378669,2097,2024,Sunset,11134,Kicks,Team Vitality,Kayo,1.09,160,8,11,19,80,107,16,2,2,0
378669,2097,2024,Sunset,3045,LuoK1ng,Trace Esports,Omen,1.04,234,16,15,4,80,154,25,2,1,1
378669,2097,2024,Sunset,37494,Kai,Trace Esports,Cypher,0.82,177,13,14,4,60,119,39,1,2,-1
378669,2097,2024,Sunset,4770,FengF,Trace Esports,Raze,0.73,176,12,15,1,55,109,16,2,4,-2
378669,2097,2024,Sunset,3021,Biank,Trace Esports,Sova,0.69,152,10,15,5,50,106,19,2,5,-3
378669,2097,2024,Sunset,4712,heybay,Trace Esports,Breach,0.55,102,5,15,9,75,72,22,0,1,-1
378669,2097,2024,Bind,2168,trexx,Team Vitality,Fade,0.81,172,11,14,3,65,115,18,4,1,3
378669,2097,2024,Bind,312,Sayf,Team Vitality,Raze,0.75,210,13,17,4,65,151,28,2,4,-2
378669,2097,2024,Bind,11134,Kicks,Team Vitality,Gekko,0.72,174,13,16,2,70,107,11,0,4,-4
378669,2097,2024,Bind,21610,runneR,Team Vitality,Viper,0.7,164,9,16,11,65,117,14,1,3,-2
378669,2097,2024,Bind,4321,ceNder,Team Vitality,Omen,0.63,129,12,16,3,60,79,33,0,1,-1
378669,2097,2024,Bind,4712,heybay,Trace Esports,Deadlock,1.59,256,20,12,11,95,168,26,2,1,1
378669,2097,2024,Bind,3045,LuoK1ng,Trace Esports,Brimstone,1.32,260,21,12,6,85,158,39,1,0,1
378669,2097,2024,Bind,4770,FengF,Trace Esports,Raze,1.15,204,15,10,0,80,128,31,5,1,4
378669,2097,2024,Bind,37494,Kai,Trace Esports,Cypher,1.13,191,13,12,6,75,131,33,3,2,1
378669,2097,2024,Bind,3021,Biank,Trace Esports,Skye,0.94,162,10,13,10,80,111,18,2,3,-1
378834,2097,2024,Sunset,1265,johnqt,Sentinels,Cypher,1.46,244,23,12,4,79,157,27,2,0,2
378834,2097,2024,Sunset,659,Sacy,Sentinels,Gekko,0.98,225,17,18,8,75,154,27,2,3,-1
378834,2097,2024,Sunset,729,Zellsis,Sentinels,Kayo,0.85,175,15,17,10,71,104,31,1,1,0
378834,2097,2024,Sunset,4004,zekken,Sentinels,Raze,0.77,197,16,20,7,58,119,24,4,9,-5
378834,2097,2024,Sunset,9,TenZ,Sentinels,Omen,0.72,145,12,18,8,71,105,20,0,2,-2
378834,2097,2024,Sunset,458,Chronicle,FNATIC,Sova,1.4,271,22,16,10,83,181,34,4,1,3
378834,2097,2024,Sunset,9810,Alfajer,FNATIC,Breach,1.37,214,20,15,13,79,155,63,3,0,3
378834,2097,2024,Sunset,5022,Derke,FNATIC,Raze,1.19,254,22,17,6,71,187,25,5,5,0
378834,2097,2024,Sunset,29867,hiro,FNATIC,Cypher,0.66,130,12,18,1,46,84,35,1,1,0
378834,2097,2024,Sunset,438,Boaster,FNATIC,Astra,0.63,133,9,17,9,67,81,35,2,2,0
378834,2097,2024,Bind,4004,zekken,Sentinels,Raze,1.0,255,19,20,5,68,179,20,4,5,-1
378834,2097,2024,Bind,1265,johnqt,Sentinels,Viper,0.89,195,15,14,5,73,122,31,4,2,2
378834,2097,2024,Bind,9,TenZ,Sentinels,Gekko,0.71,148,11,18,9,68,104,14,1,2,-1
378834,2097,2024,Bind,659,Sacy,Sentinels,Fade,0.66,147,12,17,6,59,100,28,1,3,-2
378834,2097,2024,Bind,729,Zellsis,Sentinels,Brimstone,0.65,88,5,15,17,77,58,35,0,0,0
378834,2097,2024,Bind,458,Chronicle,FNATIC,Viper,1.91,326,25,9,8,82,207,39,3,3,0
378834,2097,2024,Bind,5022,Derke,FNATIC,Raze,1.25,254,22,15,2,64,174,25,3,3,0
378834,2097,2024,Bind,29867,hiro,FNATIC,Fade,1.05,183,13,13,12,82,114,22,1,1,0
378834,2097,2024,Bind,438,Boaster,FNATIC,Astra,0.98,125,11,10,3,73,75,24,2,1,1
378834,2097,2024,Bind,9810,Alfajer,FNATIC,Gekko,0.84,168,13,15,6,86,106,25,3,2,1
378834,2097,2024,Lotus,4004,zekken,Sentinels,Raze,1.52,282,19,9,7,79,180,16,4,2,2
378834,2097,2024,Lotus,1265,johnqt,Sentinels,Viper,1.24,230,17,11,5,89,158,16,1,1,0
378834,2097,2024,Lotus,729,Zellsis,Sentinels,Killjoy,1.1,218,16,12,3,68,147,18,1,3,-2
378834,2097,2024,Lotus,659,Sacy,Sentinels,Fade,1.07,163,11,11,10,89,93,19,2,0,2
378834,2097,2024,Lotus,9,TenZ,Sentinels,Omen,0.87,166,10,13,14,74,101,26,2,3,-1
378834,2097,2024,Lotus,5022,Derke,FNATIC,Raze,1.08,265,17,15,2,74,155,17,3,1,2
378834,2097,2024,Lotus,458,Chronicle,FNATIC,Viper,1.01,201,12,14,6,68,142,26,3,1,2
378834,2097,2024,Lotus,9810,Alfajer,FNATIC,Killjoy,0.8,164,10,14,1,74,117,23,1,1,0
378834,2097,2024,Lotus,29867,hiro,FNATIC,Fade,0.67,163,10,15,5,53,105,26,1,1,0
378834,2097,2024,Lotus,438,Boaster,FNATIC,Omen,0.5,110,7,15,5,58,77,15,1,6,-5
378671,2097,2024,Lotus,25255,primmie,TALON,Clove,0.96,192,14,15,4,68,133,39,1,0,1
378671,2097,2024,Lotus,5129,ban,TALON,Deadlock,0.83,184,12,14,2,68,118,31,3,2,1
378671,2097,2024,Lotus,3980,Governor,TALON,Raze,0.7,184,10,16,2,58,122,20,4,3,1
378671,2097,2024,Lotus,13788,JitBoyS,TALON,Omen,0.64,185,12,15,3,63,115,34,2,0,2
378671,2097,2024,Lotus,3977,Crws,TALON,Fade,0.5,123,7,14,7,68,78,15,1,3,-2
378671,2097,2024,Lotus,11134,Kicks,Team Vitality,Breach,1.87,299,22,9,13,79,196,33,0,1,-1
378671,2097,2024,Lotus,2168,trexx,Team Vitality,Fade,1.59,285,19,10,11,95,185,20,1,1,0
378671,2097,2024,Lotus,312,Sayf,Team Vitality,Raze,1.04,190,11,11,6,79,129,13,1,2,-1
378671,2097,2024,Lotus,4321,ceNder,Team Vitality,Omen,0.93,187,12,12,7,79,119,27,2,5,-3
378671,2097,2024,Lotus,21610,runneR,Team Vitality,Cypher,0.79,153,10,13,3,68,102,19,4,2,2
378671,2097,2024,Sunset,25255,primmie,TALON,Raze,1.32,281,21,15,4,71,177,31,3,2,1
378671,2097,2024,Sunset,5129,ban,TALON,Cypher,1.0,232,18,16,3,76,155,46,1,2,-1
378671,2097,2024,Sunset,13788,JitBoyS,TALON,Omen,0.67,157,10,19,8,81,106,27,2,0,2
378671,2097,2024,Sunset,3980,Governor,TALON,Deadlock,0.57,161,12,17,6,62,106,30,1,7,-6
378671,2097,2024,Sunset,3977,Crws,TALON,Fade,0.53,153,11,19,3,57,100,45,2,1,1
378671,2097,2024,Sunset,312,Sayf,Team Vitality,Neon,1.34,264,22,14,4,67,178,36,3,3,0
378671,2097,2024,Sunset,21610,runneR,Team Vitality,Cypher,1.33,278,21,14,4,81,171,20,3,1,2
378671,2097,2024,Sunset,11134,Kicks,Team Vitality,Kayo,1.32,246,18,14,10,90,133,19,4,1,3
378671,2097,2024,Sunset,4321,ceNder,Team Vitality,Omen,1.01,196,16,14,9,62,116,24,1,3,-2
378671,2097,2024,Sunset,2168,trexx,Team Vitality,Sova,0.65,133,9,16,9,71,101,25,1,1,0
378676,2097,2024,Sunset,573,cNed,FUT Esports,Raze,1.17,262,21,17,4,67,179,20,3,2,1
378676,2097,2024,Sunset,8369,yetujey,FUT Esports,Cypher,1.12,231,19,17,2,63,158,33,7,2,5
378676,2097,2024,Sunset,6510,AtaKaptan,FUT Esports,Omen,1.04,181,15,14,10,71,120,39,2,2,0
378676,2097,2024,Sunset,1139,qRaxs,FUT Esports,Gekko,0.93,185,17,17,6,75,119,42,1,3,-2
378676,2097,2024,Sunset,8044,MrFaliN,FUT Esports,Breach,0.72,171,13,18,9,71,116,31,2,0,2
378676,2097,2024,Sunset,9803,d4v41,Paper Rex,Sage,1.22,203,19,15,5,75,138,33,1,1,0
378676,2097,2024,Sunset,9800,mindfreak,Paper Rex,Omen,1.15,230,22,18,6,83,150,34,0,0,0
378676,2097,2024,Sunset,7378,Jinggg,Paper Rex,Raze,1.02,213,16,17,10,58,147,19,3,7,-4
378676,2097,2024,Sunset,17086,something,Paper Rex,Gekko,0.99,200,15,17,10,75,142,37,2,5,-3
378676,2097,2024,Sunset,9801,f0rsakeN,Paper Rex,Breach,0.7,149,11,18,13,79,95,46,3,2,1
378676,2097,2024,Bind,8369,yetujey,FUT Esports,Viper,1.25,252,17,14,2,68,153,33,3,1,2
378676,2097,2024,Bind,573,cNed,FUT Esports,Raze,0.92,206,14,17,2,58,132,24,1,1,0
378676,2097,2024,Bind,8044,MrFaliN,FUT Esports,Gekko,0.74,165,11,14,5,63,114,23,0,5,-5
378676,2097,2024,Bind,1139,qRaxs,FUT Esports,Fade,0.54,90,5,15,5,53,61,19,1,2,-1
378676,2097,2024,Bind,6510,AtaKaptan,FUT Esports,Brimstone,0.52,125,7,15,4,42,87,16,0,5,-5
378676,2097,2024,Bind,7378,Jinggg,Paper Rex,Raze,1.33,308,21,13,3,84,172,28,8,2,6
378676,2097,2024,Bind,9800,mindfreak,Paper Rex,Brimstone,1.27,187,11,9,16,84,121,42,1,0,1
378676,2097,2024,Bind,9803,d4v41,Paper Rex,Viper,1.26,240,15,12,5,79,171,31,1,0,1
378676,2097,2024,Bind,9801,f0rsakeN,Paper Rex,Fade,1.11,157,13,8,6,84,113,33,1,2,-1
378676,2097,2024,Bind,17086,something,Paper Rex,Gekko,0.97,187,14,12,6,79,121,27,3,1,2
378664,2097,2024,Abyss,13039,Meteor,Gen.G,Yoru,1.46,327,28,17,5,71,206,37,5,4,1
378664,2097,2024,Abyss,34974,Karon,Gen.G,Astra,1.18,171,16,13,12,67,122,48,2,0,2
378664,2097,2024,Abyss,9196,t3xture,Gen.G,Jett,1.05,244,21,19,2,58,167,31,4,2,2
378664,2097,2024,Abyss,2489,Munchkin,Gen.G,Viper,0.83,143,10,18,15,75,114,26,2,2,0
378664,2097,2024,Abyss,773,Lakia,Gen.G,Sova,0.73,128,10,17,6,63,77,14,1,2,-1
378664,2097,2024,Abyss,1144,Boo,Team Heretics,Astra,1.46,245,22,15,15,79,144,36,2,3,-1
378664,2097,2024,Abyss,21328,Wo0t,Team Heretics,Gekko,1.11,201,17,16,4,63,145,44,1,0,1
378664,2097,2024,Abyss,29873,benjyfishy,Team Heretics,Cypher,0.83,206,19,19,5,71,133,45,3,3,0
378664,2097,2024,Abyss,10971,RieNs,Team Heretics,Sova,0.75,125,10,16,6,67,96,39,1,2,-1
378664,2097,2024,Abyss,18350,MiniBoo,Team Heretics,Jett,0.71,193,16,19,3,58,129,37,3,6,-3
378664,2097,2024,Lotus,13039,Meteor,Gen.G,Killjoy,1.4,268,25,17,5,71,186,47,3,1,2
378664,2097,2024,Lotus,9196,t3xture,Gen.G,Raze,1.12,249,20,19,6,67,162,18,8,1,7
378664,2097,2024,Lotus,773,Lakia,Gen.G,Fade,0.98,190,16,18,16,79,124,24,0,2,-2
378664,2097,2024,Lotus,2489,Munchkin,Gen.G,Viper,0.78,161,11,17,15,83,103,41,2,3,-1
378664,2097,2024,Lotus,34974,Karon,Gen.G,Omen,0.53,135,12,20,8,67,80,38,2,2,0
378664,2097,2024,Lotus,10971,RieNs,Team Heretics,Viper,1.18,195,18,15,4,92,130,36,2,3,-1
378664,2097,2024,Lotus,21328,Wo0t,Team Heretics,Omen,1.09,228,20,17,7,79,140,41,1,4,-3
378664,2097,2024,Lotus,1144,Boo,Team Heretics,Fade,1.05,250,20,19,11,92,157,20,3,1,2
378664,2097,2024,Lotus,29873,benjyfishy,Team Heretics,Killjoy,1.02,171,17,16,2,75,121,33,1,2,-1
378664,2097,2024,Lotus,18350,MiniBoo,Team Heretics,Raze,0.87,188,16,17,8,79,128,24,2,5,-3
378664,2097,2024,Bind,34974,Karon,Gen.G,Brimstone,1.49,258,23,14,9,70,150,25,3,2,1
378664,2097,2024,Bind,13039,Meteor,Gen.G,Cypher,1.47,263,23,14,5,78,159,47,3,1,2
378664,2097,2024,Bind,2489,Munchkin,Gen.G,Viper,0.92,183,12,14,7,70,126,20,3,1,2
378664,2097,2024,Bind,9196,t3xture,Gen.G,Raze,0.55,141,8,18,5,57,116,20,1,5,-4
378664,2097,2024,Bind,773,Lakia,Gen.G,Skye,0.27,63,4,18,7,52,40,33,1,3,-2
378664,2097,2024,Bind,29873,benjyfishy,Team Heretics,Viper,1.26,237,20,15,10,78,149,40,1,2,-1
378664,2097,2024,Bind,10971,RieNs,Team Heretics,Gekko,1.26,230,19,14,5,74,136,28,1,1,0
378664,2097,2024,Bind,1144,Boo,Team Heretics,Astra,1.05,169,13,12,10,78,103,41,3,3,0
378664,2097,2024,Bind,21328,Wo0t,Team Heretics,Skye,0.97,159,13,14,9,74,105,28,2,2,0
378664,2097,2024,Bind,18350,MiniBoo,Team Heretics,Yoru,0.8,162,13,15,3,74,106,38,5,3,2
378670,2097,2024,Bind,1818,tex,LEVIATÁN,Gekko,1.23,249,22,14,2,78,162,42,3,1,2
378670,2097,2024,Bind,8480,aspas,LEVIATÁN,Raze,1.08,235,18,15,4,70,146,32,5,2,3
378670,2097,2024,Bind,619,C0M,LEVIATÁN,Viper,0.9,192,15,16,2,61,135,24,2,2,0
378670,2097,2024,Bind,7603,Mazino,LEVIATÁN,Skye,0.57,139,9,17,7,57,99,31,1,4,-3
378670,2097,2024,Bind,8549,kiNgg,LEVIATÁN,Brimstone,0.54,95,6,15,13,70,64,20,1,2,-1
378670,2097,2024,Bind,37494,Kai,Trace Esports,Cypher,1.14,225,17,17,6,61,136,27,4,4,0
378670,2097,2024,Bind,4770,FengF,Trace Esports,Raze,1.09,215,17,14,2,74,142,35,2,4,-2
378670,2097,2024,Bind,3021,Biank,Trace Esports,Skye,1.06,173,13,13,6,74,100,17,2,3,-1
378670,2097,2024,Bind,4712,heybay,Trace Esports,Deadlock,1.05,165,14,11,4,70,110,14,0,1,-1
378670,2097,2024,Bind,3045,LuoK1ng,Trace Esports,Brimstone,1.05,196,16,15,8,78,130,34,3,0,3
378670,2097,2024,Sunset,8480,aspas,LEVIATÁN,Neon,1.51,288,23,13,8,86,200,36,5,3,2
378670,2097,2024,Sunset,8549,kiNgg,LEVIATÁN,Omen,1.19,203,17,12,5,86,138,38,2,3,-1
378670,2097,2024,Sunset,619,C0M,LEVIATÁN,Sova,1.19,210,14,13,9,68,174,25,3,0,3
378670,2097,2024,Sunset,1818,tex,LEVIATÁN,Cypher,1.05,222,18,16,4,64,140,30,2,1,1
378670,2097,2024,Sunset,7603,Mazino,LEVIATÁN,Breach,0.91,173,15,16,10,82,92,41,3,0,3
378670,2097,2024,Sunset,4712,heybay,Trace Esports,Breach,1.24,229,18,17,12,82,159,36,0,1,-1
378670,2097,2024,Sunset,37494,Kai,Trace Esports,Cypher,1.15,215,16,15,3,73,157,31,2,2,0
378670,2097,2024,Sunset,3021,Biank,Trace Esports,Sova,0.73,159,11,17,11,68,99,4,2,5,-3
378670,2097,2024,Sunset,3045,LuoK1ng,Trace Esports,Omen,0.71,146,13,18,7,68,79,46,1,2,-1
378670,2097,2024,Sunset,4770,FengF,Trace Esports,Raze,0.61,182,12,20,5,64,134,27,2,5,-3
378670,2097,2024,Ascent,8549,kiNgg,LEVIATÁN,Omen,1.43,267,16,13,8,78,170,43,1,4,-3
378670,2097,2024,Ascent,7603,Mazino,LEVIATÁN,Deadlock,0.76,190,10,16,5,56,116,23,2,3,-1
378670,2097,2024,Ascent,8480,aspas,LEVIATÁN,Jett,0.72,174,13,15,0,44,107,26,0,3,-3
378670,2097,2024,Ascent,1818,tex,LEVIATÁN,Cypher,0.6,142,8,16,5,67,100,20,0,3,-3
378670,2097,2024,Ascent,619,C0M,LEVIATÁN,Sova,0.48,125,9,16,1,44,72,13,0,2,-2
378670,2097,2024,Ascent,37494,Kai,Trace Esports,Jett,1.57,281,19,10,5,83,191,30,5,1,4
378670,2097,2024,Ascent,4770,FengF,Trace Esports,Killjoy,1.53,300,21,11,1,78,198,32,3,0,3
378670,2097,2024,Ascent,3045,LuoK1ng,Trace Esports,Omen,1.16,219,14,11,10,83,133,36,2,0,2
378670,2097,2024,Ascent,3021,Biank,Trace Esports,Sova,1.15,230,13,12,12,67,151,11,3,0,3
378670,2097,2024,Ascent,4712,heybay,Trace Esports,Kayo,0.65,142,9,12,7,72,89,27,2,2,0
378658,2097,2024,Abyss,9810,Alfajer,FNATIC,Killjoy,1.67,311,25,16,7,83,210,23,5,2,3
378658,2097,2024,Abyss,29867,hiro,FNATIC,Viper,0.92,191,18,18,3,79,121,20,1,3,-2
378658,2097,2024,Abyss,458,Chronicle,FNATIC,Sova,0.86,144,12,15,6,67,107,26,2,3,-1
378658,2097,2024,Abyss,5022,Derke,FNATIC,Yoru,0.68,146,12,18,4,54,94,27,1,3,-2
378658,2097,2024,Abyss,438,Boaster,FNATIC,Astra,0.49,90,7,16,4,58,55,35,2,2,0
378658,2097,2024,Abyss,804,BuZz,KIWOOM DRX,Jett,1.41,270,24,13,1,71,165,20,6,3,3
378658,2097,2024,Abyss,4462,MaKo,KIWOOM DRX,Omen,1.07,201,18,14,6,75,134,31,2,1,1
378658,2097,2024,Abyss,35013,Flashback,KIWOOM DRX,Cypher,0.84,148,13,13,9,79,95,39,2,2,0
378658,2097,2024,Abyss,11600,Foxy9,KIWOOM DRX,Kayo,0.81,154,12,16,13,71,110,24,1,1,0
378658,2097,2024,Abyss,4678,BeYN,KIWOOM DRX,Sova,0.72,183,15,18,8,79,123,18,2,4,-2
378658,2097,2024,Lotus,9810,Alfajer,FNATIC,Killjoy,1.51,271,20,12,2,74,172,42,1,1,0
378658,2097,2024,Lotus,5022,Derke,FNATIC,Raze,1.08,247,16,14,3,63,145,25,4,4,0
378658,2097,2024,Lotus,438,Boaster,FNATIC,Omen,0.87,139,9,13,7,74,88,14,0,3,-3
378658,2097,2024,Lotus,29867,hiro,FNATIC,Fade,0.63,101,6,14,9,74,72,33,1,1,0
378658,2097,2024,Lotus,458,Chronicle,FNATIC,Viper,0.59,150,8,16,4,58,101,13,1,3,-2
378658,2097,2024,Lotus,804,BuZz,KIWOOM DRX,Raze,1.43,325,23,13,1,79,196,24,8,2,6
378658,2097,2024,Lotus,4462,MaKo,KIWOOM DRX,Omen,1.32,246,16,11,5,89,161,30,1,0,1
378658,2097,2024,Lotus,4678,BeYN,KIWOOM DRX,Fade,0.85,138,10,10,4,74,98,25,0,1,-1
378658,2097,2024,Lotus,35013,Flashback,KIWOOM DRX,Viper,0.77,128,9,10,3,63,79,15,0,0,0
378658,2097,2024,Lotus,11600,Foxy9,KIWOOM DRX,Chamber,0.59,137,11,15,1,58,113,57,3,4,-1
378659,2097,2024,Lotus,4705,Flex1n,Bilibili Gaming,Omen,1.06,215,16,19,6,73,169,33,3,2,1
378659,2097,2024,Lotus,4774,Knight,Bilibili Gaming,Breach,1.02,178,14,17,11,68,106,34,0,0,0
378659,2097,2024,Lotus,4885,whzy,Bilibili Gaming,Neon,0.94,242,16,20,9,59,142,22,7,3,4
378659,2097,2024,Lotus,10698,nephh,Bilibili Gaming,Fade,0.73,159,11,17,8,59,98,16,1,4,-3
378659,2097,2024,Lotus,6022,yosemite,Bilibili Gaming,Viper,0.44,71,5,16,5,55,52,14,0,2,-2
378659,2097,2024,Lotus,2462,keznit,KRÜ Esports,Raze,1.47,258,17,12,11,95,205,16,3,0,3
378659,2097,2024,Lotus,8673,heat,KRÜ Esports,Fade,1.39,244,21,11,4,91,153,36,1,1,0
378659,2097,2024,Lotus,24007,Shyy,KRÜ Esports,Killjoy,1.29,263,23,13,3,73,179,28,2,3,-1
378659,2097,2024,Lotus,36169,mta,KRÜ Esports,Viper,1.08,156,14,11,7,82,99,24,3,3,0
378659,2097,2024,Lotus,1311,Melser,KRÜ Esports,Omen,0.85,181,14,15,9,77,124,32,2,4,-2
378659,2097,2024,Icebox,4705,Flex1n,Bilibili Gaming,Viper,1.37,238,16,11,6,88,146,57,2,2,0
378659,2097,2024,Icebox,6022,yosemite,Bilibili Gaming,Killjoy,0.76,202,12,16,2,53,131,31,1,0,1
378659,2097,2024,Icebox,4885,whzy,Bilibili Gaming,Jett,0.57,221,11,17,2,53,138,26,1,7,-6
378659,2097,2024,Icebox,4774,Knight,Bilibili Gaming,Sage,0.47,105,4,14,9,59,70,24,0,2,-2
378659,2097,2024,Icebox,10698,nephh,Bilibili Gaming,Kayo,0.37,111,5,16,4,47,79,20,0,2,-2
378659,2097,2024,Icebox,8673,heat,KRÜ Esports,Gekko,1.69,285,18,7,3,88,191,40,4,1,3
378659,2097,2024,Icebox,36169,mta,KRÜ Esports,Sova,1.63,278,18,9,4,94,181,45,3,0,3
378659,2097,2024,Icebox,2462,keznit,KRÜ Esports,Jett,1.22,206,15,9,3,88,134,17,1,1,0
378659,2097,2024,Icebox,24007,Shyy,KRÜ Esports,Killjoy,1.17,258,17,11,3,76,169,21,3,0,3
378659,2097,2024,Icebox,1311,Melser,KRÜ Esports,Viper,0.63,136,6,12,12,82,94,25,2,2,0
378827,2097,2024,Icebox,1818,tex,LEVIATÁN,Killjoy,1.2,259,24,20,5,71,181,25,7,5,2
378827,2097,2024,Icebox,8549,kiNgg,LEVIATÁN,Viper,1.04,194,19,20,8,75,124,22,2,1,1
378827,2097,2024,Icebox,8480,aspas,LEVIATÁN,Jett,0.99,210,23,23,3,79,135,27,2,2,0
378827,2097,2024,Icebox,7603,Mazino,LEVIATÁN,Harbor,0.92,199,21,22,5,64,136,25,2,0,2
378827,2097,2024,Icebox,619,C0M,LEVIATÁN,Sova,0.9,191,18,21,9,64,140,23,2,5,-3
378827,2097,2024,Icebox,1144,Boo,Team Heretics,Viper,1.33,235,24,17,4,68,160,51,4,1,3
378827,2097,2024,Icebox,18350,MiniBoo,Team Heretics,Neon,1.06,249,24,24,6,79,168,37,4,4,0
378827,2097,2024,Icebox,29873,benjyfishy,Team Heretics,Killjoy,0.93,226,24,21,0,64,138,40,4,4,0
378827,2097,2024,Icebox,10971,RieNs,Team Heretics,Sova,0.91,202,20,21,5,79,131,38,1,1,0
378827,2097,2024,Icebox,21328,Wo0t,Team Heretics,Gekko,0.6,147,14,22,9,71,106,32,0,5,-5
378827,2097,2024,Lotus,8480,aspas,LEVIATÁN,Raze,1.69,338,29,15,3,91,212,19,5,3,2
378827,2097,2024,Lotus,7603,Mazino,LEVIATÁN,Breach,1.16,213,17,12,9,74,137,36,3,2,1
378827,2097,2024,Lotus,8549,kiNgg,LEVIATÁN,Omen,1.02,155,12,14,11,83,94,23,2,1,1
378827,2097,2024,Lotus,619,C0M,LEVIATÁN,Fade,0.93,168,12,16,13,74,117,33,2,0,2
378827,2097,2024,Lotus,1818,tex,LEVIATÁN,Cypher,0.74,146,11,14,4,78,100,40,3,2,1
378827,2097,2024,Lotus,29873,benjyfishy,Team Heretics,Killjoy,1.21,217,19,14,2,70,138,32,3,3,0
378827,2097,2024,Lotus,10971,RieNs,Team Heretics,Viper,1.02,183,15,16,6,70,134,41,1,4,-3
378827,2097,2024,Lotus,18350,MiniBoo,Team Heretics,Raze,0.96,205,18,17,1,61,142,36,3,2,1
378827,2097,2024,Lotus,1144,Boo,Team Heretics,Fade,0.78,121,9,15,9,74,88,30,0,2,-2
378827,2097,2024,Lotus,21328,Wo0t,Team Heretics,Omen,0.51,143,10,19,10,65,101,24,1,4,-3
378835,2097,2024,Haven,18350,MiniBoo,Team Heretics,Raze,1.15,237,16,16,2,86,152,22,4,1,3
378835,2097,2024,Haven,21328,Wo0t,Team Heretics,Omen,0.97,207,15,15,7,71,134,40,2,2,0
378835,2097,2024,Haven,1144,Boo,Team Heretics,Sage,0.88,168,12,16,11,67,116,40,1,3,-2
378835,2097,2024,Haven,10971,RieNs,Team Heretics,Gekko,0.57,158,11,18,5,62,89,24,2,1,1
378835,2097,2024,Haven,29873,benjyfishy,Team Heretics,Killjoy,0.23,78,5,18,0,43,60,30,2,3,-1
378835,2097,2024,Haven,9,TenZ,Sentinels,Omen,2.01,358,29,10,7,86,218,41,3,1,2
378835,2097,2024,Haven,1265,johnqt,Sentinels,Cypher,1.22,181,14,9,4,86,128,29,2,1,1
378835,2097,2024,Haven,659,Sacy,Sentinels,Sova,1.05,189,12,12,7,81,133,28,2,1,1
378835,2097,2024,Haven,729,Zellsis,Sentinels,Breach,1.03,177,13,12,13,90,118,36,1,3,-2
378835,2097,2024,Haven,4004,zekken,Sentinels,Neon,0.96,214,15,16,8,71,138,18,2,5,-3
378835,2097,2024,Icebox,1144,Boo,Team Heretics,Viper,1.39,248,20,12,5,86,146,35,5,1,4
378835,2097,2024,Icebox,29873,benjyfishy,Team Heretics,Killjoy,1.21,223,19,14,2,64,131,32,2,0,2
378835,2097,2024,Icebox,10971,RieNs,Team Heretics,Sova,0.98,201,15,11,4,68,138,41,0,2,-2
378835,2097,2024,Icebox,18350,MiniBoo,Team Heretics,Neon,0.94,210,16,15,5,68,134,34,4,3,1
378835,2097,2024,Icebox,21328,Wo0t,Team Heretics,Gekko,0.76,143,11,14,4,59,90,38,3,2,1
378835,2097,2024,Icebox,729,Zellsis,Sentinels,Killjoy,1.36,271,22,16,2,73,168,43,2,2,0
378835,2097,2024,Icebox,4004,zekken,Sentinels,Jett,0.97,197,17,15,2,64,143,29,2,3,-1
378835,2097,2024,Icebox,9,TenZ,Sentinels,Kayo,0.92,168,12,16,15,55,112,24,1,4,-3
378835,2097,2024,Icebox,659,Sacy,Sentinels,Sova,0.66,142,9,18,6,45,99,24,1,3,-2
378835,2097,2024,Icebox,1265,johnqt,Sentinels,Viper,0.58,118,6,16,6,50,79,23,2,2,0
378835,2097,2024,Abyss,10971,RieNs,Team Heretics,Sova,1.63,325,24,13,6,85,229,44,5,2,3
378835,2097,2024,Abyss,21328,Wo0t,Team Heretics,Gekko,1.28,181,13,8,3,70,127,37,1,1,0
378835,2097,2024,Abyss,18350,MiniBoo,Team Heretics,Jett,1.05,197,16,12,1,70,139,48,3,3,0
378835,2097,2024,Abyss,29873,benjyfishy,Team Heretics,Cypher,1.03,230,18,13,3,75,150,47,0,3,-3
378835,2097,2024,Abyss,1144,Boo,Team Heretics,Astra,0.99,151,9,11,20,85,95,18,1,1,0
378835,2097,2024,Abyss,4004,zekken,Sentinels,Jett,1.59,345,26,16,2,65,210,34,6,6,0
378835,2097,2024,Abyss,9,TenZ,Sentinels,Omen,1.21,212,14,14,6,65,153,24,2,1,1
378835,2097,2024,Abyss,659,Sacy,Sentinels,Sova,0.55,125,6,16,6,55,98,19,1,0,1
378835,2097,2024,Abyss,1265,johnqt,Sentinels,Cypher,0.49,111,7,16,7,65,79,27,1,2,-1
378835,2097,2024,Abyss,729,Zellsis,Sentinels,Kayo,0.45,91,4,18,10,60,65,13,0,1,-1
378832,2097,2024,Haven,4581,JonahP,G2 Esports,Viper,0.92,189,13,14,1,56,104,24,0,0,0
378832,2097,2024,Haven,3885,valyn,G2 Esports,Omen,0.86,151,7,12,7,81,107,25,0,2,-2
378832,2097,2024,Haven,15500,trent,G2 Esports,Sova,0.81,198,9,14,5,50,144,19,2,2,0
378832,2097,2024,Haven,7873,leaf,G2 Esports,Killjoy,0.53,161,8,16,2,50,106,23,2,4,-2
378832,2097,2024,Haven,8402,icy,G2 Esports,Yoru,0.2,73,3,15,1,44,60,44,0,4,-4
378832,2097,2024,Haven,9810,Alfajer,FNATIC,Iso,2.12,408,24,7,3,94,270,34,9,0,9
378832,2097,2024,Haven,29867,hiro,FNATIC,Cypher,1.58,273,16,7,6,100,185,21,0,0,0
378832,2097,2024,Haven,5022,Derke,FNATIC,Yoru,1.27,246,16,9,1,75,175,44,2,2,0
378832,2097,2024,Haven,458,Chronicle,FNATIC,Sova,1.25,196,12,7,3,81,134,11,1,0,1
378832,2097,2024,Haven,438,Boaster,FNATIC,Omen,0.36,58,3,10,4,63,37,14,0,2,-2
378832,2097,2024,Bind,8402,icy,G2 Esports,Raze,0.98,186,15,18,7,63,140,25,4,1,3
378832,2097,2024,Bind,3885,valyn,G2 Esports,Brimstone,0.95,182,15,16,10,67,109,28,3,1,2
378832,2097,2024,Bind,15500,trent,G2 Esports,Gekko,0.93,187,14,18,8,75,125,21,1,2,-1
378832,2097,2024,Bind,7873,leaf,G2 Esports,Viper,0.89,191,17,17,4,63,117,19,3,5,-2
378832,2097,2024,Bind,4581,JonahP,G2 Esports,Skye,0.57,130,11,20,6,58,86,24,2,2,0
378832,2097,2024,Bind,458,Chronicle,FNATIC,Viper,1.44,277,24,14,5,79,167,25,5,4,1
378832,2097,2024,Bind,5022,Derke,FNATIC,Raze,1.34,283,25,14,2,79,181,25,3,2,1
378832,2097,2024,Bind,9810,Alfajer,FNATIC,Gekko,1.09,222,20,16,2,58,138,35,1,1,0
378832,2097,2024,Bind,29867,hiro,FNATIC,Fade,0.7,142,11,15,6,63,100,20,2,2,0
378832,2097,2024,Bind,438,Boaster,FNATIC,Astra,0.66,106,9,13,12,71,66,19,0,4,-4
378823,2097,2024,Bind,37494,Kai,Trace Esports,Cypher,0.94,184,13,14,3,65,125,44,2,2,0
378823,2097,2024,Bind,4770,FengF,Trace Esports,Raze,0.94,175,13,13,2,65,110,16,0,3,-3
378823,2097,2024,Bind,3045,LuoK1ng,Trace Esports,Brimstone,0.85,172,12,14,6,60,109,28,2,2,0
378823,2097,2024,Bind,3021,Biank,Trace Esports,Skye,0.71,117,8,14,9,55,64,12,2,1,1
378823,2097,2024,Bind,4712,heybay,Trace Esports,Deadlock,0.52,134,8,17,9,65,93,24,2,4,-2
378823,2097,2024,Bind,3017,nobody,EDward Gaming,Gekko,1.63,313,23,11,5,80,206,48,3,2,1
378823,2097,2024,Bind,4742,Smoggy,EDward Gaming,Brimstone,1.47,250,17,10,10,70,152,24,2,0,2
378823,2097,2024,Bind,3520,ZmjjKK,EDward Gaming,Raze,1.37,271,19,14,3,70,202,25,6,3,3
378823,2097,2024,Bind,15559,CHICHOO,EDward Gaming,Viper,0.97,135,10,9,3,60,83,28,1,2,-1
378823,2097,2024,Bind,13768,S1Mon,EDward Gaming,Fade,0.62,55,3,10,8,70,41,25,0,1,-1
378823,2097,2024,Sunset,37494,Kai,Trace Esports,Cypher,1.24,234,19,15,3,83,161,32,4,3,1
378823,2097,2024,Sunset,3045,LuoK1ng,Trace Esports,Omen,1.02,163,15,14,7,74,116,22,0,0,0
378823,2097,2024,Sunset,4712,heybay,Trace Esports,Breach,0.89,213,18,18,4,74,119,33,2,3,-1
378823,2097,2024,Sunset,3021,Biank,Trace Esports,Sova,0.79,187,14,17,4,61,127,40,2,2,0
378823,2097,2024,Sunset,4770,FengF,Trace Esports,Raze,0.69,155,12,18,3,57,108,21,2,5,-3
378823,2097,2024,Sunset,3520,ZmjjKK,EDward Gaming,Neon,1.48,346,28,17,1,57,214,30,7,5,2
378823,2097,2024,Sunset,15559,CHICHOO,EDward Gaming,Cypher,1.31,251,21,18,7,65,155,30,4,2,2
378823,2097,2024,Sunset,13768,S1Mon,EDward Gaming,Kayo,1.01,144,11,13,14,83,99,21,1,1,0
378823,2097,2024,Sunset,3017,nobody,EDward Gaming,Sova,0.88,191,14,17,10,65,134,49,1,1,0
378823,2097,2024,Sunset,4742,Smoggy,EDward Gaming,Omen,0.7,107,8,13,9,70,59,31,0,1,-1
378662,2097,2024,Haven,9196,t3xture,Gen.G,Jett,1.6,305,24,12,4,81,188,31,3,4,-1
378662,2097,2024,Haven,13039,Meteor,Gen.G,Killjoy,1.23,221,17,10,4,76,140,26,1,4,-3
378662,2097,2024,Haven,773,Lakia,Gen.G,Skye,1.06,185,15,12,4,86,134,26,2,1,1
378662,2097,2024,Haven,34974,Karon,Gen.G,Omen,1.02,188,14,12,12,86,119,42,1,1,0
378662,2097,2024,Haven,2489,Munchkin,Gen.G,Viper,0.7,145,9,15,7,76,96,24,3,1,2
378662,2097,2024,Haven,659,Sacy,Sentinels,Sova,1.28,245,19,15,5,76,157,52,2,1,1
378662,2097,2024,Haven,9,TenZ,Sentinels,Omen,1.15,226,15,15,11,81,146,16,3,4,-1
378662,2097,2024,Haven,729,Zellsis,Sentinels,Breach,0.99,152,11,14,12,71,95,38,3,1,2
378662,2097,2024,Haven,1265,johnqt,Sentinels,Cypher,0.67,132,9,16,3,57,93,50,2,0,2
378662,2097,2024,Haven,4004,zekken,Sentinels,Jett,0.34,115,7,19,4,48,76,22,1,4,-3
378662,2097,2024,Ascent,34974,Karon,Gen.G,Omen,1.56,261,20,11,11,90,158,27,1,2,-1
378662,2097,2024,Ascent,2489,Munchkin,Gen.G,Kayo,1.3,262,18,13,14,90,168,22,2,1,1
378662,2097,2024,Ascent,13039,Meteor,Gen.G,Killjoy,1.28,233,18,10,2,85,172,34,2,2,0
378662,2097,2024,Ascent,9196,t3xture,Gen.G,Jett,1.15,208,14,11,4,85,129,28,4,2,2
378662,2097,2024,Ascent,773,Lakia,Gen.G,Sova,0.43,96,6,13,2,60,64,17,2,2,0
378662,2097,2024,Ascent,659,Sacy,Sentinels,Sova,1.43,250,15,12,12,80,169,12,2,0,2
378662,2097,2024,Ascent,1265,johnqt,Sentinels,Deadlock,0.82,125,10,14,4,65,76,16,0,0,0
378662,2097,2024,Ascent,729,Zellsis,Sentinels,Cypher,0.69,131,10,16,3,55,83,18,3,3,0
378662,2097,2024,Ascent,4004,zekken,Sentinels,Jett,0.66,176,12,17,3,60,117,7,2,5,-3
378662,2097,2024,Ascent,9,TenZ,Sentinels,Omen,0.57,138,10,17,3,65,89,43,2,3,-1
378657,2097,2024,Haven,4462,MaKo,KIWOOM DRX,Omen,0.85,160,8,13,4,53,106,16,0,2,-2
378657,2097,2024,Haven,35013,Flashback,KIWOOM DRX,Cypher,0.69,171,9,13,0,60,101,21,1,0,1
378657,2097,2024,Haven,11600,Foxy9,KIWOOM DRX,Breach,0.56,149,7,14,5,53,98,33,0,3,-3
378657,2097,2024,Haven,804,BuZz,KIWOOM DRX,Jett,0.45,181,7,15,3,47,122,7,1,4,-3
378657,2097,2024,Haven,4678,BeYN,KIWOOM DRX,Sova,0.31,85,5,14,3,47,60,50,0,4,-4
378657,2097,2024,Haven,1311,Melser,KRÜ Esports,Omen,2.45,394,22,4,7,87,247,29,5,1,4
378657,2097,2024,Haven,2462,keznit,KRÜ Esports,Neon,1.69,365,18,9,10,87,232,32,5,0,5
378657,2097,2024,Haven,24007,Shyy,KRÜ Esports,Cypher,1.34,227,13,9,10,80,143,24,3,1,2
378657,2097,2024,Haven,8673,heat,KRÜ Esports,Breach,1.18,170,10,7,9,93,127,18,0,0,0
378657,2097,2024,Haven,36169,mta,KRÜ Esports,Sova,0.66,79,6,7,1,80,50,36,0,0,0
378657,2097,2024,Abyss,35013,Flashback,KIWOOM DRX,Cypher,1.52,341,27,13,6,100,221,32,4,1,3
378657,2097,2024,Abyss,804,BuZz,KIWOOM DRX,Jett,1.09,228,13,12,7,74,152,9,4,2,2
378657,2097,2024,Abyss,4678,BeYN,KIWOOM DRX,Sova,1.05,206,15,13,2,58,126,26,2,1,1
378657,2097,2024,Abyss,4462,MaKo,KIWOOM DRX,Omen,1.05,190,12,11,8,79,124,26,3,1,2
378657,2097,2024,Abyss,11600,Foxy9,KIWOOM DRX,Kayo,0.94,172,10,11,10,68,121,24,0,1,-1
378657,2097,2024,Abyss,36169,mta,KRÜ Esports,Kayo,1.4,285,19,16,9,79,209,33,2,3,-1
378657,2097,2024,Abyss,2462,keznit,KRÜ Esports,Omen,1.01,242,16,15,3,58,167,24,2,3,-1
378657,2097,2024,Abyss,8673,heat,KRÜ Esports,Sova,0.82,174,12,15,4,68,121,35,1,1,0
378657,2097,2024,Abyss,24007,Shyy,KRÜ Esports,Cypher,0.69,119,7,15,4,53,86,20,1,4,-3
378657,2097,2024,Abyss,1311,Melser,KRÜ Esports,Harbor,0.55,109,6,16,6,58,77,25,0,2,-2
378657,2097,2024,Bind,804,BuZz,KIWOOM DRX,Raze,1.45,331,23,14,2,79,205,29,4,3,1
378657,2097,2024,Bind,11600,Foxy9,KIWOOM DRX,Gekko,1.29,249,19,12,5,74,161,41,2,3,-1
378657,2097,2024,Bind,35013,Flashback,KIWOOM DRX,Viper,1.27,201,15,8,3,84,129,16,1,1,0
378657,2097,2024,Bind,4678,BeYN,KIWOOM DRX,Fade,1.26,217,15,9,5,89,145,24,2,0,2
378657,2097,2024,Bind,4462,MaKo,KIWOOM DRX,Brimstone,0.69,111,5,11,9,74,82,24,1,2,-1
378657,2097,2024,Bind,2462,keznit,KRÜ Esports,Raze,1.01,225,14,16,3,53,140,24,4,2,2
378657,2097,2024,Bind,24007,Shyy,KRÜ Esports,Viper,0.9,191,12,14,4,53,124,29,4,3,1
378657,2097,2024,Bind,1311,Melser,KRÜ Esports,Brimstone,0.9,137,8,13,6,68,100,23,0,2,-2
378657,2097,2024,Bind,8673,heat,KRÜ Esports,Fade,0.83,174,14,17,3,63,102,30,1,1,0
378657,2097,2024,Bind,36169,mta,KRÜ Esports,Gekko,0.33,122,6,17,7,68,84,13,0,2,-2
378828,2097,2024,Icebox,15559,CHICHOO,EDward Gaming,Killjoy,1.21,195,24,17,4,70,131,24,1,1,0
378828,2097,2024,Icebox,3520,ZmjjKK,EDward Gaming,Jett,1.16,259,28,22,3,67,168,14,5,3,2
378828,2097,2024,Icebox,3017,nobody,EDward Gaming,Sova,0.95,207,20,20,8,67,141,38,4,6,-2
378828,2097,2024,Icebox,4742,Smoggy,EDward Gaming,Viper,0.83,172,17,21,7,67,116,17,2,5,-3
378828,2097,2024,Icebox,13768,S1Mon,EDward Gaming,Kayo,0.47,111,9,23,14,67,66,26,2,1,1
378828,2097,2024,Icebox,8480,aspas,LEVIATÁN,Jett,1.17,234,25,20,3,73,159,34,7,3,4
378828,2097,2024,Icebox,8549,kiNgg,LEVIATÁN,Viper,1.14,187,19,18,11,87,131,37,1,1,0
378828,2097,2024,Icebox,7603,Mazino,LEVIATÁN,Harbor,1.14,216,23,20,11,67,134,29,3,4,-1
378828,2097,2024,Icebox,1818,tex,LEVIATÁN,Killjoy,1.01,183,20,20,3,63,121,49,2,5,-3
378828,2097,2024,Icebox,619,C0M,LEVIATÁN,Sova,0.89,167,16,20,5,67,122,28,3,1,2
378828,2097,2024,Lotus,4742,Smoggy,EDward Gaming,Clove,1.39,281,19,12,6,88,169,29,2,1,1
378828,2097,2024,Lotus,15559,CHICHOO,EDward Gaming,Omen,1.26,225,14,9,6,94,132,22,2,1,1
378828,2097,2024,Lotus,13768,S1Mon,EDward Gaming,Breach,1.25,207,11,11,17,88,149,27,1,0,1
378828,2097,2024,Lotus,3520,ZmjjKK,EDward Gaming,Neon,1.12,244,16,13,3,76,134,23,6,2,4
378828,2097,2024,Lotus,3017,nobody,EDward Gaming,Fade,1.11,143,10,7,6,76,93,22,0,2,-2
378828,2097,2024,Lotus,1818,tex,LEVIATÁN,Cypher,1.13,270,17,14,1,71,173,30,0,1,-1
378828,2097,2024,Lotus,8480,aspas,LEVIATÁN,Raze,1.09,234,11,12,4,65,177,19,4,3,1
378828,2097,2024,Lotus,7603,Mazino,LEVIATÁN,Breach,0.8,223,12,16,4,71,161,21,1,1,0
378828,2097,2024,Lotus,619,C0M,LEVIATÁN,Fade,0.64,135,7,14,6,53,88,14,0,3,-3
378828,2097,2024,Lotus,8549,kiNgg,LEVIATÁN,Omen,0.57,120,5,14,15,65,81,13,1,3,-2
378828,2097,2024,Abyss,15559,CHICHOO,EDward Gaming,Astra,1.51,257,21,14,7,67,172,26,3,0,3
378828,2097,2024,Abyss,4742,Smoggy,EDward Gaming,Omen,1.33,253,22,15,10,83,167,30,1,0,1
378828,2097,2024,Abyss,3017,nobody,EDward Gaming,Sova,0.86,158,14,15,5,75,114,27,2,1,1
378828,2097,2024,Abyss,13768,S1Mon,EDward Gaming,Kayo,0.82,162,13,17,15,79,97,26,2,1,1
378828,2097,2024,Abyss,3520,ZmjjKK,EDward Gaming,Jett,0.77,221,17,21,5,67,136,22,9,5,4
378828,2097,2024,Abyss,7603,Mazino,LEVIATÁN,Harbor,1.22,232,22,17,8,67,154,24,0,3,-3
378828,2097,2024,Abyss,619,C0M,LEVIATÁN,Sova,1.17,243,19,18,10,88,165,28,1,2,-1
378828,2097,2024,Abyss,8480,aspas,LEVIATÁN,Jett,0.93,189,17,17,4,67,118,17,2,4,-2
378828,2097,2024,Abyss,1818,tex,LEVIATÁN,Cypher,0.74,155,13,18,3,71,105,54,3,7,-4
378828,2097,2024,Abyss,8549,kiNgg,LEVIATÁN,Omen,0.73,145,11,17,9,58,95,22,1,1,0
378672,2097,2024,Icebox,8480,aspas,LEVIATÁN,Jett,1.24,222,21,16,3,85,143,39,5,3,2
378672,2097,2024,Icebox,8549,kiNgg,LEVIATÁN,Viper,1.23,229,22,17,6,77,148,39,2,2,0
378672,2097,2024,Icebox,7603,Mazino,LEVIATÁN,Harbor,1.0,197,18,18,3,58,130,26,2,4,-2
378672,2097,2024,Icebox,619,C0M,LEVIATÁN,Sova,0.91,186,16,20,7,69,146,31,2,1,1
378672,2097,2024,Icebox,1818,tex,LEVIATÁN,Killjoy,0.55,171,15,24,4,58,112,32,2,3,-1
378672,2097,2024,Icebox,2168,trexx,Team Vitality,Sova,1.15,225,22,19,8,62,148,20,2,3,-1
378672,2097,2024,Icebox,11134,Kicks,Team Vitality,Gekko,1.08,216,20,19,5,69,145,37,3,0,3
378672,2097,2024,Icebox,4321,ceNder,Team Vitality,Viper,0.99,208,19,18,8,77,140,37,2,4,-2
378672,2097,2024,Icebox,312,Sayf,Team Vitality,Jett,0.98,195,20,17,1,58,121,36,4,6,-2
378672,2097,2024,Icebox,21610,runneR,Team Vitality,Killjoy,0.8,179,14,19,9,73,129,18,2,0,2
378672,2097,2024,Sunset,619,C0M,LEVIATÁN,Sova,1.43,233,16,8,3,82,144,16,2,0,2
378672,2097,2024,Sunset,7603,Mazino,LEVIATÁN,Breach,1.38,260,15,12,14,94,169,34,2,1,1
378672,2097,2024,Sunset,8480,aspas,LEVIATÁN,Neon,1.31,212,15,10,5,82,155,39,2,1,1
378672,2097,2024,Sunset,1818,tex,LEVIATÁN,Cypher,1.28,264,16,12,7,76,153,37,4,2,2
378672,2097,2024,Sunset,8549,kiNgg,LEVIATÁN,Omen,1.07,168,12,9,2,76,114,33,3,0,3
378672,2097,2024,Sunset,312,Sayf,Team Vitality,Neon,1.07,256,14,14,3,59,160,18,1,3,-2
378672,2097,2024,Sunset,2168,trexx,Team Vitality,Sova,0.83,198,12,15,2,71,128,19,1,2,-1
378672,2097,2024,Sunset,21610,runneR,Team Vitality,Cypher,0.71,218,11,16,6,59,140,17,1,2,-1
378672,2097,2024,Sunset,11134,Kicks,Team Vitality,Kayo,0.62,112,6,14,11,71,80,35,0,3,-3
378672,2097,2024,Sunset,4321,ceNder,Team Vitality,Omen,0.43,132,8,15,5,65,80,19,1,3,-2
378829,2097,2024,Haven,3520,ZmjjKK,EDward Gaming,Neon,1.43,345,22,15,3,68,215,28,5,4,1
378829,2097,2024,Haven,15559,CHICHOO,EDward Gaming,Cypher,0.76,187,12,15,2,63,116,38,1,1,0
378829,2097,2024,Haven,13768,S1Mon,EDward Gaming,Breach,0.74,139,10,15,7,68,109,29,0,0,0
378829,2097,2024,Haven,4742,Smoggy,EDward Gaming,Omen,0.62,102,7,13,8,79,57,17,0,1,-1
378829,2097,2024,Haven,3017,nobody,EDward Gaming,Sova,0.52,137,8,15,1,58,93,24,2,5,-3
378829,2097,2024,Haven,10971,RieNs,Team Heretics,Sova,1.52,261,17,10,6,95,205,40,4,2,2
378829,2097,2024,Haven,18350,MiniBoo,Team Heretics,Neon,1.3,240,17,12,6,79,150,28,3,2,1
378829,2097,2024,Haven,29873,benjyfishy,Team Heretics,Cypher,1.28,270,19,14,5,74,162,38,3,2,1
378829,2097,2024,Haven,21328,Wo0t,Team Heretics,Breach,0.98,182,11,12,9,74,125,50,0,2,-2
378829,2097,2024,Haven,1144,Boo,Team Heretics,Omen,0.96,146,9,11,12,79,89,28,1,0,1
378829,2097,2024,Sunset,3520,ZmjjKK,EDward Gaming,Neon,1.87,378,22,9,7,88,248,24,7,4,3
378829,2097,2024,Sunset,4742,Smoggy,EDward Gaming,Omen,1.32,188,13,7,6,88,99,43,1,0,1
378829,2097,2024,Sunset,15559,CHICHOO,EDward Gaming,Cypher,1.32,200,14,7,3,76,137,33,0,0,0
378829,2097,2024,Sunset,13768,S1Mon,EDward Gaming,Kayo,1.16,147,8,8,14,88,98,35,2,0,2
378829,2097,2024,Sunset,3017,nobody,EDward Gaming,Sova,1.15,215,13,9,7,94,142,50,2,1,1
378829,2097,2024,Sunset,21328,Wo0t,Team Heretics,Kayo,0.81,186,10,15,3,65,131,28,0,1,-1
378829,2097,2024,Sunset,1144,Boo,Team Heretics,Omen,0.77,108,8,12,2,47,62,33,1,0,1
378829,2097,2024,Sunset,10971,RieNs,Team Heretics,Sova,0.72,125,7,12,3,59,85,41,0,2,-2
378829,2097,2024,Sunset,18350,MiniBoo,Team Heretics,Raze,0.64,178,10,15,2,47,119,28,2,3,-1
378829,2097,2024,Sunset,29873,benjyfishy,Team Heretics,Cypher,0.27,113,5,16,2,53,88,23,2,6,-4
378829,2097,2024,Lotus,15559,CHICHOO,EDward Gaming,Omen,1.71,339,27,13,7,82,219,41,2,1,1
378829,2097,2024,Lotus,3520,ZmjjKK,EDward Gaming,Neon,1.19,308,24,17,10,64,175,23,6,9,-3
378829,2097,2024,Lotus,3017,nobody,EDward Gaming,Fade,1.15,146,12,11,10,82,99,30,0,0,0
378829,2097,2024,Lotus,4742,Smoggy,EDward Gaming,Clove,0.9,219,14,18,9,77,143,30,3,1,2
378829,2097,2024,Lotus,13768,S1Mon,EDward Gaming,Breach,0.9,130,10,13,11,82,81,36,0,0,0
378829,2097,2024,Lotus,21328,Wo0t,Team Heretics,Omen,1.14,223,19,16,7,68,118,41,3,1,2
378829,2097,2024,Lotus,29873,benjyfishy,Team Heretics,Killjoy,0.95,213,17,16,2,59,150,35,2,2,0
378829,2097,2024,Lotus,10971,RieNs,Team Heretics,Viper,0.87,174,13,17,7,59,115,53,0,3,-3
378829,2097,2024,Lotus,18350,MiniBoo,Team Heretics,Raze,0.65,151,11,18,4,59,101,25,3,4,-1
378829,2097,2024,Lotus,1144,Boo,Team Heretics,Fade,0.57,161,11,20,6,59,106,29,3,1,2
378829,2097,2024,Bind,3520,ZmjjKK,EDward Gaming,Raze,1.27,278,24,18,1,71,180,19,4,5,-1
378829,2097,2024,Bind,15559,CHICHOO,EDward Gaming,Viper,1.02,228,19,19,3,79,164,38,1,2,-1
378829,2097,2024,Bind,13768,S1Mon,EDward Gaming,Fade,1.0,176,15,17,7,79,123,34,3,2,1
378829,2097,2024,Bind,4742,Smoggy,EDward Gaming,Brimstone,0.97,179,16,17,11,83,127,42,0,2,-2
378829,2097,2024,Bind,3017,nobody,EDward Gaming,Gekko,0.62,155,12,20,10,79,105,19,2,3,-1
378829,2097,2024,Bind,18350,MiniBoo,Team Heretics,Raze,1.36,261,23,16,3,88,157,28,2,2,0
378829,2097,2024,Bind,1144,Boo,Team Heretics,Brimstone,1.03,196,20,17,6,79,109,29,2,2,0
378829,2097,2024,Bind,10971,RieNs,Team Heretics,Gekko,0.99,177,16,17,8,83,101,33,3,2,1
378829,2097,2024,Bind,21328,Wo0t,Team Heretics,Fade,0.99,236,18,19,14,88,162,24,3,0,3
378829,2097,2024,Bind,29873,benjyfishy,Team Heretics,Viper,0.82,180,14,17,9,71,118,37,4,4,0
378829,2097,2024,Abyss,4742,Smoggy,EDward Gaming,Omen,1.67,253,21,8,10,91,175,28,1,1,0
378829,2097,2024,Abyss,3520,ZmjjKK,EDward Gaming,Jett,1.31,238,19,13,3,68,161,21,4,4,0
378829,2097,2024,Abyss,13768,S1Mon,EDward Gaming,Kayo,1.26,213,17,13,9,82,151,23,3,1,2
378829,2097,2024,Abyss,3017,nobody,EDward Gaming,Sova,0.91,178,14,14,5,82,108,39,3,0,3
378829,2097,2024,Abyss,15559,CHICHOO,EDward Gaming,Astra,0.82,161,13,15,9,77,105,44,2,3,-1
378829,2097,2024,Abyss,29873,benjyfishy,Team Heretics,Cypher,1.11,224,17,16,6,73,148,60,5,4,1
378829,2097,2024,Abyss,21328,Wo0t,Team Heretics,Gekko,0.95,206,15,18,6,73,144,39,1,3,-2
378829,2097,2024,Abyss,10971,RieNs,Team Heretics,Sova,0.79,173,11,17,5,82,116,37,2,2,0
378829,2097,2024,Abyss,18350,MiniBoo,Team Heretics,Jett,0.55,143,10,19,3,50,93,21,1,4,-3
378829,2097,2024,Abyss,1144,Boo,Team Heretics,Astra,0.46,131,10,18,5,68,78,22,0,0,0
378831,2097,2024,Lotus,804,BuZz,KIWOOM DRX,Raze,1.67,360,21,11,3,88,215,32,4,2,2
378831,2097,2024,Lotus,35013,Flashback,KIWOOM DRX,Viper,1.58,244,14,6,9,100,166,38,1,0,1
378831,2097,2024,Lotus,4678,BeYN,KIWOOM DRX,Fade,1.52,232,15,6,7,88,133,24,1,1,0
378831,2097,2024,Lotus,4462,MaKo,KIWOOM DRX,Omen,1.26,141,7,6,14,100,96,25,1,1,0
378831,2097,2024,Lotus,11600,Foxy9,KIWOOM DRX,Chamber,0.68,149,10,10,2,69,110,25,1,4,-3
378831,2097,2024,Lotus,4770,FengF,Trace Esports,Raze,1.12,269,15,13,0,75,177,35,4,2,2
378831,2097,2024,Lotus,4712,heybay,Trace Esports,Viper,0.62,116,4,14,7,56,94,11,2,1,1
378831,2097,2024,Lotus,3021,Biank,Trace Esports,Fade,0.54,173,9,13,2,56,105,19,1,1,0
378831,2097,2024,Lotus,37494,Kai,Trace Esports,Killjoy,0.53,110,5,14,3,50,89,17,0,2,-2
378831,2097,2024,Lotus,3045,LuoK1ng,Trace Esports,Omen,0.43,115,6,13,5,56,91,29,1,2,-1
378831,2097,2024,Abyss,4678,BeYN,KIWOOM DRX,Sova,1.53,262,18,11,8,89,170,24,0,0,0
378831,2097,2024,Abyss,11600,Foxy9,KIWOOM DRX,Kayo,1.27,239,14,11,11,78,173,30,0,0,0
378831,2097,2024,Abyss,804,BuZz,KIWOOM DRX,Jett,0.98,249,16,15,3,78,155,17,6,5,1
378831,2097,2024,Abyss,35013,Flashback,KIWOOM DRX,Cypher,0.91,164,11,11,4,83,105,43,3,2,1
378831,2097,2024,Abyss,4462,MaKo,KIWOOM DRX,Omen,0.74,137,9,12,6,61,84,32,0,2,-2
378831,2097,2024,Abyss,3045,LuoK1ng,Trace Esports,Astra,1.32,246,15,12,11,72,159,27,0,0,0
378831,2097,2024,Abyss,37494,Kai,Trace Esports,Jett,1.13,281,18,14,1,78,170,16,3,4,-1
378831,2097,2024,Abyss,4770,FengF,Trace Esports,Cypher,0.91,185,11,13,4,67,116,41,4,1,3
378831,2097,2024,Abyss,4712,heybay,Trace Esports,Kayo,0.75,156,9,15,13,72,107,27,1,2,-1
378831,2097,2024,Abyss,3021,Biank,Trace Esports,Sova,0.56,110,7,14,3,67,74,26,1,2,-1
378675,2097,2024,Icebox,13768,S1Mon,EDward Gaming,Kayo,1.47,260,19,12,13,76,154,28,1,1,0
378675,2097,2024,Icebox,15559,CHICHOO,EDward Gaming,Killjoy,1.35,268,21,12,2,81,167,36,3,1,2
378675,2097,2024,Icebox,3520,ZmjjKK,EDward Gaming,Jett,1.19,228,18,11,4,71,134,25,2,3,-1
378675,2097,2024,Icebox,4742,Smoggy,EDward Gaming,Viper,1.07,210,17,12,5,62,115,15,4,2,2
378675,2097,2024,Icebox,3017,nobody,EDward Gaming,Sova,0.52,104,6,15,4,52,70,26,2,2,0
378675,2097,2024,Icebox,8402,icy,G2 Esports,Gekko,1.27,236,16,15,4,57,167,29,1,2,-1
378675,2097,2024,Icebox,3885,valyn,G2 Esports,Harbor,1.02,224,17,16,3,67,135,29,3,1,2
378675,2097,2024,Icebox,4581,JonahP,G2 Esports,Viper,0.96,192,15,15,4,67,135,28,1,4,-3
378675,2097,2024,Icebox,7873,leaf,G2 Esports,Killjoy,0.5,143,7,18,5,52,105,15,3,2,1
378675,2097,2024,Icebox,15500,trent,G2 Esports,Sova,0.42,114,7,17,4,52,89,32,1,3,-2
378675,2097,2024,Haven,3520,ZmjjKK,EDward Gaming,Neon,1.18,280,23,18,1,54,185,21,5,5,0
378675,2097,2024,Haven,13768,S1Mon,EDward Gaming,Breach,1.01,169,15,16,8,58,110,42,0,3,-3
378675,2097,2024,Haven,3017,nobody,EDward Gaming,Sova,0.98,166,13,14,5,71,128,48,0,3,-3
378675,2097,2024,Haven,4742,Smoggy,EDward Gaming,Omen,0.86,155,13,15,6,67,103,28,2,1,1
378675,2097,2024,Haven,15559,CHICHOO,EDward Gaming,Cypher,0.75,120,10,13,4,71,77,22,3,2,1
378675,2097,2024,Haven,3885,valyn,G2 Esports,Omen,1.29,224,19,13,7,79,145,25,2,0,2
378675,2097,2024,Haven,15500,trent,G2 Esports,Sova,1.18,212,19,14,5,79,137,41,2,3,-1
378675,2097,2024,Haven,7873,leaf,G2 Esports,Killjoy,1.08,216,18,16,2,71,135,15,7,1,6
378675,2097,2024,Haven,8402,icy,G2 Esports,Yoru,0.77,142,12,16,2,67,100,29,2,4,-2
378675,2097,2024,Haven,4581,JonahP,G2 Esports,Viper,0.71,123,8,15,11,63,82,9,1,2,-1
378675,2097,2024,Bind,13768,S1Mon,EDward Gaming,Fade,1.24,257,24,15,3,58,165,23,2,2,0
378675,2097,2024,Bind,4742,Smoggy,EDward Gaming,Brimstone,1.23,225,19,16,11,79,142,28,1,1,0
378675,2097,2024,Bind,15559,CHICHOO,EDward Gaming,Viper,0.99,220,19,18,5,71,140,29,6,1,5
378675,2097,2024,Bind,3017,nobody,EDward Gaming,Gekko,0.68,124,10,16,5,71,84,30,3,1,2
378675,2097,2024,Bind,3520,ZmjjKK,EDward Gaming,Raze,0.59,165,12,20,6,58,126,16,5,2,3
378675,2097,2024,Bind,8402,icy,G2 Esports,Raze,1.39,281,24,16,6,71,172,22,3,5,-2
378675,2097,2024,Bind,3885,valyn,G2 Esports,Brimstone,1.17,196,18,14,7,71,112,20,0,2,-2
378675,2097,2024,Bind,15500,trent,G2 Esports,Gekko,1.03,196,18,17,6,67,128,37,2,3,-1
378675,2097,2024,Bind,7873,leaf,G2 Esports,Viper,0.97,198,15,18,6,71,147,30,2,4,-2
378675,2097,2024,Bind,4581,JonahP,G2 Esports,Skye,0.67,136,10,19,11,67,92,15,0,3,-3
449013,2281,2025,Bind,13768,S1Mon,EDward Gaming,Kayo,0.87,172,11,15,8,53,100,30,1,0,1
449013,2281,2025,Bind,3520,ZmjjKK,EDward Gaming,Raze,0.72,195,11,17,5,65,133,12,0,2,-2
449013,2281,2025,Bind,3017,nobody,EDward Gaming,Tejo,0.66,119,6,14,5,65,93,17,1,1,0
449013,2281,2025,Bind,15559,CHICHOO,EDward Gaming,Vyse,0.59,127,7,15,2,41,85,22,2,4,-2
449013,2281,2025,Bind,4742,Smoggy,EDward Gaming,Brimstone,0.48,111,5,15,6,53,82,29,2,4,-2
449013,2281,2025,Bind,485,stax,T1,Kayo,1.59,228,17,6,9,94,136,28,1,0,1
449013,2281,2025,Bind,13039,Meteor,T1,Vyse,1.58,379,24,10,6,82,241,32,5,1,4
449013,2281,2025,Bind,804,BuZz,T1,Raze,1.46,281,17,7,5,88,173,14,4,3,1
449013,2281,2025,Bind,29833,iZu,T1,Fade,1.26,173,12,8,3,88,102,24,1,1,0
449013,2281,2025,Bind,4056,Sylvan,T1,Brimstone,1.07,150,6,9,22,76,105,26,0,1,-1
449013,2281,2025,Haven,3520,ZmjjKK,EDward Gaming,Jett,1.45,320,27,18,1,61,205,39,6,5,1
449013,2281,2025,Haven,15559,CHICHOO,EDward Gaming,Cypher,1.33,254,21,14,5,70,159,35,2,2,0
449013,2281,2025,Haven,4742,Smoggy,EDward Gaming,Omen,0.81,141,9,16,15,74,92,30,1,1,0
449013,2281,2025,Haven,13768,S1Mon,EDward Gaming,Breach,0.78,163,12,20,8,74,111,24,1,2,-1
449013,2281,2025,Haven,3017,nobody,EDward Gaming,Tejo,0.58,131,10,19,6,65,102,32,1,2,-1
449013,2281,2025,Haven,804,BuZz,T1,Yoru,1.45,330,25,16,10,70,203,19,2,3,-1
449013,2281,2025,Haven,29833,iZu,T1,Cypher,1.37,241,21,13,5,87,164,30,2,0,2
449013,2281,2025,Haven,13039,Meteor,T1,Iso,0.93,219,17,17,2,74,139,46,6,5,1
449013,2281,2025,Haven,4056,Sylvan,T1,Omen,0.84,147,11,16,17,70,98,26,2,2,0
449013,2281,2025,Haven,485,stax,T1,Sova,0.71,166,13,17,3,74,117,40,0,1,-1
449013,2281,2025,Fracture,3017,nobody,EDward Gaming,Tejo,1.16,236,20,19,12,73,153,25,2,2,0
449013,2281,2025,Fracture,3520,ZmjjKK,EDward Gaming,Neon,1.09,252,24,21,4,85,166,24,8,5,3
449013,2281,2025,Fracture,4742,Smoggy,EDward Gaming,Brimstone,1.09,217,19,20,19,77,140,25,3,3,0
449013,2281,2025,Fracture,13768,S1Mon,EDward Gaming,Breach,0.92,171,16,20,17,81,109,26,0,1,-1
449013,2281,2025,Fracture,15559,CHICHOO,EDward Gaming,Cypher,0.83,166,16,18,9,69,103,24,1,1,0
449013,2281,2025,Fracture,485,stax,T1,Breach,1.19,206,19,15,12,69,136,30,1,2,-1
449013,2281,2025,Fracture,29833,iZu,T1,Tejo,1.11,188,19,16,2,81,132,33,2,2,0
449013,2281,2025,Fracture,4056,Sylvan,T1,Brimstone,1.11,205,18,19,25,77,122,24,1,1,0
449013,2281,2025,Fracture,13039,Meteor,T1,Vyse,0.94,240,21,22,5,69,161,29,4,3,1
449013,2281,2025,Fracture,804,BuZz,T1,Raze,0.91,252,21,23,5,65,153,20,4,6,-2
449013,2281,2025,Split,4742,Smoggy,EDward Gaming,Omen,1.55,324,21,13,7,83,206,54,3,1,2
449013,2281,2025,Split,3017,nobody,EDward Gaming,Tejo,0.72,145,8,13,4,56,101,24,0,2,-2
449013,2281,2025,Split,15559,CHICHOO,EDward Gaming,Viper,0.69,158,9,14,0,56,105,29,0,2,-2
449013,2281,2025,Split,3520,ZmjjKK,EDward Gaming,Jett,0.51,132,7,15,1,56,89,19,1,7,-6
449013,2281,2025,Split,13768,S1Mon,EDward Gaming,Breach,0.37,67,4,15,4,39,47,5,0,2,-2
449013,2281,2025,Split,29833,iZu,T1,Yoru,1.69,280,19,9,2,78,201,30,5,1,4
449013,2281,2025,Split,485,stax,T1,Fade,1.24,178,12,8,7,78,124,48,2,1,1
449013,2281,2025,Split,4056,Sylvan,T1,Omen,1.19,201,11,9,16,83,119,18,2,1,1
449013,2281,2025,Split,13039,Meteor,T1,Viper,1.08,200,13,11,9,83,122,34,2,1,1
449013,2281,2025,Split,804,BuZz,T1,Raze,1.03,210,15,12,4,83,126,13,3,0,3
449008,2281,2025,Split,15559,CHICHOO,EDward Gaming,Viper,1.86,326,22,10,8,100,232,28,2,1,1
449008,2281,2025,Split,3520,ZmjjKK,EDward Gaming,Jett,1.48,322,24,13,3,80,189,20,7,5,2
449008,2281,2025,Split,4742,Smoggy,EDward Gaming,Omen,1.16,226,16,11,10,85,153,32,0,1,-1
449008,2281,2025,Split,3017,nobody,EDward Gaming,Tejo,1.0,151,13,11,1,70,104,40,2,0,2
449008,2281,2025,Split,13768,S1Mon,EDward Gaming,Breach,0.79,134,11,12,8,85,89,28,0,2,-2
449008,2281,2025,Split,485,stax,T1,Fade,1.02,183,13,15,6,45,134,35,0,2,-2
449008,2281,2025,Split,4056,Sylvan,T1,Omen,0.94,221,15,18,7,55,140,32,1,1,0
449008,2281,2025,Split,804,BuZz,T1,Raze,0.93,174,12,16,2,65,126,27,3,1,2
449008,2281,2025,Split,29833,iZu,T1,Yoru,0.53,158,10,18,6,65,104,31,3,6,-3
449008,2281,2025,Split,13039,Meteor,T1,Viper,0.34,136,7,19,5,60,92,18,2,1,1
449008,2281,2025,Bind,15559,CHICHOO,EDward Gaming,Vyse,1.21,283,18,17,10,74,194,33,4,0,4
449008,2281,2025,Bind,3520,ZmjjKK,EDward Gaming,Raze,1.14,244,16,14,3,79,153,20,5,3,2
449008,2281,2025,Bind,4742,Smoggy,EDward Gaming,Brimstone,0.89,159,11,13,8,84,97,21,0,1,-1
449008,2281,2025,Bind,3017,nobody,EDward Gaming,Tejo,0.66,156,10,14,3,79,112,42,2,3,-1
449008,2281,2025,Bind,13768,S1Mon,EDward Gaming,Kayo,0.55,101,7,14,13,79,63,24,0,1,-1
449008,2281,2025,Bind,804,BuZz,T1,Raze,1.5,264,19,12,2,63,178,26,2,4,-2
449008,2281,2025,Bind,29833,iZu,T1,Fade,1.43,218,16,8,3,84,132,28,2,1,1
449008,2281,2025,Bind,13039,Meteor,T1,Vyse,1.11,243,17,14,4,79,155,49,2,4,-2
449008,2281,2025,Bind,4056,Sylvan,T1,Brimstone,1.04,215,12,14,10,63,139,39,2,0,2
449008,2281,2025,Bind,485,stax,T1,Kayo,0.77,128,8,14,15,74,90,35,0,2,-2
449008,2281,2025,Pearl,15559,CHICHOO,EDward Gaming,Vyse,1.85,357,32,16,10,88,221,28,2,0,2
449008,2281,2025,Pearl,3017,nobody,EDward Gaming,Tejo,1.28,239,21,16,5,83,160,28,2,1,1
449008,2281,2025,Pearl,13768,S1Mon,EDward Gaming,Fade,1.04,224,19,17,9,83,152,43,0,1,-1
449008,2281,2025,Pearl,4742,Smoggy,EDward Gaming,Astra,0.75,129,11,17,11,71,79,30,2,4,-2
449008,2281,2025,Pearl,3520,ZmjjKK,EDward Gaming,Yoru,0.39,114,9,20,7,63,70,28,3,9,-6
449008,2281,2025,Pearl,29833,iZu,T1,Yoru,1.17,195,17,15,3,67,125,32,7,2,5
449008,2281,2025,Pearl,4056,Sylvan,T1,Astra,1.17,272,25,20,5,75,168,35,3,1,2
449008,2281,2025,Pearl,804,BuZz,T1,Neon,0.88,208,17,20,9,67,135,20,2,3,-1
449008,2281,2025,Pearl,13039,Meteor,T1,Killjoy,0.8,165,15,19,5,67,116,30,2,1,1
449008,2281,2025,Pearl,485,stax,T1,Sova,0.72,146,12,18,10,63,97,12,1,2,-1
448600,2281,2025,Lotus,1916,free1ng,KIWOOM DRX,Tejo,1.9,310,18,5,7,88,204,38,3,1,2
448600,2281,2025,Lotus,4678,BeYN,KIWOOM DRX,Breach,1.57,214,12,5,9,94,131,19,1,0,1
448600,2281,2025,Lotus,4462,MaKo,KIWOOM DRX,Omen,1.25,210,12,7,10,94,137,26,2,3,-1
448600,2281,2025,Lotus,35013,Flashback,KIWOOM DRX,Cypher,1.13,125,8,5,4,88,102,33,0,1,-1
448600,2281,2025,Lotus,28400,HYUNMIN,KIWOOM DRX,Yoru,1.11,199,13,10,2,75,129,57,3,2,1
448600,2281,2025,Lotus,4004,zekken,Sentinels,Raze,0.71,180,9,13,2,63,121,18,2,3,-1
448600,2281,2025,Lotus,729,Zellsis,Sentinels,Vyse,0.58,103,5,11,4,56,70,13,1,1,0
448600,2281,2025,Lotus,3880,bang,Sentinels,Omen,0.51,119,7,12,4,44,84,38,1,2,-1
448600,2281,2025,Lotus,36245,N4RRATE,Sentinels,Fade,0.46,116,5,13,3,50,81,27,2,0,2
448600,2281,2025,Lotus,1265,johnqt,Sentinels,Viper,0.4,105,6,14,1,63,67,11,1,3,-2
448600,2281,2025,Haven,35013,Flashback,KIWOOM DRX,Cypher,1.55,281,26,14,3,83,178,26,2,1,1
448600,2281,2025,Haven,4678,BeYN,KIWOOM DRX,Breach,1.13,189,15,14,11,83,133,20,0,2,-2
448600,2281,2025,Haven,1916,free1ng,KIWOOM DRX,Tejo,0.88,201,17,18,5,83,130,39,3,1,2
448600,2281,2025,Haven,28400,HYUNMIN,KIWOOM DRX,Yoru,0.8,216,18,20,2,65,137,43,6,4,2
448600,2281,2025,Haven,4462,MaKo,KIWOOM DRX,Omen,0.75,118,8,15,11,65,85,21,2,2,0
448600,2281,2025,Haven,3880,bang,Sentinels,Astra,1.28,252,22,17,9,78,161,32,3,3,0
448600,2281,2025,Haven,36245,N4RRATE,Sentinels,Breach,1.13,206,15,15,16,87,150,25,2,1,1
448600,2281,2025,Haven,1265,johnqt,Sentinels,Tejo,1.05,214,18,18,7,91,134,17,2,2,0
448600,2281,2025,Haven,4004,zekken,Sentinels,Jett,0.81,172,14,16,1,74,123,34,3,4,-1
448600,2281,2025,Haven,729,Zellsis,Sentinels,Vyse,0.73,172,12,18,7,65,113,15,0,3,-3
449000,2281,2025,Bind,28400,HYUNMIN,KIWOOM DRX,Yoru,1.38,328,23,18,7,81,202,27,4,2,2
449000,2281,2025,Bind,4678,BeYN,KIWOOM DRX,Breach,1.05,169,13,14,8,81,115,29,2,0,2
449000,2281,2025,Bind,1916,free1ng,KIWOOM DRX,Tejo,0.79,170,11,16,6,71,116,16,2,2,0
449000,2281,2025,Bind,4462,MaKo,KIWOOM DRX,Brimstone,0.68,136,9,17,11,76,100,26,1,1,0
449000,2281,2025,Bind,35013,Flashback,KIWOOM DRX,Cypher,0.58,159,11,18,1,33,116,24,2,5,-3
449000,2281,2025,Bind,2168,trexx,Team Vitality,Brimstone,1.4,255,17,12,13,90,169,19,1,0,1
449000,2281,2025,Bind,11134,Kicks,Team Vitality,Skye,1.27,223,17,12,8,67,133,22,2,1,1
449000,2281,2025,Bind,5022,Derke,Team Vitality,Raze,1.27,286,21,17,3,71,189,20,4,4,0
449000,2281,2025,Bind,8447,Less,Team Vitality,Viper,0.98,201,17,14,6,62,128,18,0,2,-2
449000,2281,2025,Bind,312,Sayf,Team Vitality,Tejo,0.8,136,11,12,5,71,76,8,3,4,-1
449000,2281,2025,Abyss,4462,MaKo,KIWOOM DRX,Omen,1.39,291,25,16,11,83,192,25,2,2,0
449000,2281,2025,Abyss,4678,BeYN,KIWOOM DRX,Sova,1.22,188,17,14,10,83,107,26,1,1,0
449000,2281,2025,Abyss,1916,free1ng,KIWOOM DRX,Tejo,0.94,186,14,17,8,75,127,44,1,2,-1
449000,2281,2025,Abyss,35013,Flashback,KIWOOM DRX,Cypher,0.92,190,17,18,3,75,131,28,5,1,4
449000,2281,2025,Abyss,28400,HYUNMIN,KIWOOM DRX,Yoru,0.82,178,15,18,2,75,110,33,6,3,3
449000,2281,2025,Abyss,5022,Derke,Team Vitality,Jett,1.69,359,32,17,3,71,223,34,7,6,1
449000,2281,2025,Abyss,2168,trexx,Team Vitality,Sova,1.18,216,17,16,6,75,150,27,2,2,0
449000,2281,2025,Abyss,8447,Less,Team Vitality,Astra,0.84,156,13,18,11,67,113,38,0,3,-3
449000,2281,2025,Abyss,11134,Kicks,Team Vitality,Breach,0.64,153,14,18,5,67,96,33,0,1,-1
449000,2281,2025,Abyss,312,Sayf,Team Vitality,Tejo,0.4,106,7,19,8,46,80,19,0,3,-3
449000,2281,2025,Split,1916,free1ng,KIWOOM DRX,Tejo,1.37,265,24,14,6,79,179,27,3,3,0
449000,2281,2025,Split,28400,HYUNMIN,KIWOOM DRX,Yoru,1.05,250,21,19,6,67,173,31,2,5,-3
449000,2281,2025,Split,35013,Flashback,KIWOOM DRX,Cypher,0.98,163,14,16,7,83,114,33,1,0,1
449000,2281,2025,Split,4462,MaKo,KIWOOM DRX,Omen,0.84,159,13,17,11,67,117,27,1,4,-3
449000,2281,2025,Split,4678,BeYN,KIWOOM DRX,Breach,0.79,170,13,18,10,67,116,31,4,1,3
449000,2281,2025,Split,5022,Derke,Team Vitality,Raze,1.36,300,25,20,4,83,200,18,8,1,7
449000,2281,2025,Split,11134,Kicks,Team Vitality,Breach,1.14,179,15,15,9,79,129,23,0,1,-1
449000,2281,2025,Split,8447,Less,Team Vitality,Viper,1.1,223,20,17,3,75,149,24,2,4,-2
449000,2281,2025,Split,312,Sayf,Team Vitality,Omen,1.03,186,15,16,11,83,116,22,2,3,-1
449000,2281,2025,Split,2168,trexx,Team Vitality,Fade,0.7,127,9,17,15,58,92,15,1,2,-1
448597,2281,2025,Lotus,15500,trent,G2 Esports,Tejo,1.52,296,23,12,4,67,206,30,3,4,-1
448597,2281,2025,Lotus,7873,leaf,G2 Esports,Viper,1.35,263,21,13,3,86,178,28,0,1,-1
448597,2281,2025,Lotus,3885,valyn,G2 Esports,Omen,1.09,178,13,11,8,81,106,15,3,3,0
448597,2281,2025,Lotus,4581,JonahP,G2 Esports,Breach,0.76,139,9,14,15,76,101,11,0,0,0
448597,2281,2025,Lotus,3993,jawgemo,G2 Esports,Yoru,0.72,179,13,17,3,62,113,21,3,4,-1
448597,2281,2025,Lotus,3021,Biank,Trace Esports,Fade,1.15,184,14,13,6,67,123,11,4,1,3
448597,2281,2025,Lotus,4712,heybay,Trace Esports,Viper,0.95,171,12,15,8,71,115,25,2,3,-1
448597,2281,2025,Lotus,3045,LuoK1ng,Trace Esports,Omen,0.91,172,13,14,6,67,128,38,0,1,-1
448597,2281,2025,Lotus,4770,FengF,Trace Esports,Raze,0.82,206,14,18,1,62,137,21,4,3,1
448597,2281,2025,Lotus,37494,Kai,Trace Esports,Vyse,0.77,191,14,19,5,52,122,32,2,1,1
448597,2281,2025,Abyss,7873,leaf,G2 Esports,Chamber,1.57,234,16,4,1,88,167,31,3,0,3
448597,2281,2025,Abyss,15500,trent,G2 Esports,Sova,1.51,197,12,5,8,88,140,33,1,1,0
448597,2281,2025,Abyss,4581,JonahP,G2 Esports,Breach,1.51,215,12,8,13,88,137,17,0,1,-1
448597,2281,2025,Abyss,3885,valyn,G2 Esports,Astra,1.3,180,10,7,9,81,102,18,3,0,3
448597,2281,2025,Abyss,3993,jawgemo,G2 Esports,Yoru,1.3,226,13,9,6,81,164,22,4,3,1
448597,2281,2025,Abyss,3045,LuoK1ng,Trace Esports,Astra,0.71,168,9,14,5,69,105,37,1,1,0
448597,2281,2025,Abyss,37494,Kai,Trace Esports,Jett,0.5,130,8,14,0,63,89,26,2,3,-1
448597,2281,2025,Abyss,3021,Biank,Trace Esports,Sova,0.49,131,6,13,0,63,97,17,0,1,-1
448597,2281,2025,Abyss,4712,heybay,Trace Esports,Kayo,0.48,97,4,13,5,56,65,13,2,2,0
448597,2281,2025,Abyss,4770,FengF,Trace Esports,Omen,0.46,139,6,13,3,44,103,24,0,4,-4
449004,2281,2025,Fracture,13039,Meteor,T1,Vyse,1.5,315,28,15,3,83,211,29,6,2,4
449004,2281,2025,Fracture,29833,iZu,T1,Tejo,1.04,169,16,12,3,75,116,30,1,0,1
449004,2281,2025,Fracture,804,BuZz,T1,Raze,0.93,235,19,17,5,79,141,9,9,1,8
449004,2281,2025,Fracture,4056,Sylvan,T1,Brimstone,0.91,127,10,13,26,83,70,17,2,1,1
449004,2281,2025,Fracture,485,stax,T1,Breach,0.71,129,9,16,15,79,94,22,1,1,0
449004,2281,2025,Fracture,1916,free1ng,KIWOOM DRX,Tejo,1.26,250,22,15,3,75,150,23,3,4,-1
449004,2281,2025,Fracture,4678,BeYN,KIWOOM DRX,Breach,1.24,195,17,13,12,75,116,31,0,3,-3
449004,2281,2025,Fracture,35013,Flashback,KIWOOM DRX,Cypher,0.9,166,14,16,2,67,125,21,2,3,-1
449004,2281,2025,Fracture,4462,MaKo,KIWOOM DRX,Brimstone,0.74,137,9,18,10,67,87,18,0,4,-4
449004,2281,2025,Fracture,28400,HYUNMIN,KIWOOM DRX,Yoru,0.73,136,11,20,11,79,87,27,0,5,-5
449004,2281,2025,Pearl,29833,iZu,T1,Yoru,1.77,310,20,9,2,82,183,27,2,2,0
449004,2281,2025,Pearl,485,stax,T1,Sova,1.41,197,13,8,6,88,141,42,0,1,-1
449004,2281,2025,Pearl,4056,Sylvan,T1,Astra,1.32,229,15,8,10,82,137,37,2,1,1
449004,2281,2025,Pearl,804,BuZz,T1,Neon,1.19,197,11,10,9,76,142,19,0,1,-1
449004,2281,2025,Pearl,13039,Meteor,T1,Killjoy,0.86,208,14,11,1,65,118,30,4,4,0
449004,2281,2025,Pearl,35013,Flashback,KIWOOM DRX,Vyse,0.89,179,11,14,6,71,106,16,1,0,1
449004,2281,2025,Pearl,4462,MaKo,KIWOOM DRX,Astra,0.8,162,9,13,8,71,112,21,0,0,0
449004,2281,2025,Pearl,1916,free1ng,KIWOOM DRX,Tejo,0.63,209,11,16,3,65,133,21,3,3,0
449004,2281,2025,Pearl,4678,BeYN,KIWOOM DRX,Fade,0.6,152,8,14,5,65,104,18,1,3,-2
449004,2281,2025,Pearl,28400,HYUNMIN,KIWOOM DRX,Yoru,0.36,134,7,16,3,53,97,21,4,2,2
448599,2281,2025,Fracture,8447,Less,Team Vitality,Brimstone,1.46,273,23,14,11,78,177,30,1,3,-2
448599,2281,2025,Fracture,5022,Derke,Team Vitality,Raze,1.27,269,22,14,4,70,162,24,5,6,-1
448599,2281,2025,Fracture,312,Sayf,Team Vitality,Tejo,0.98,166,15,13,1,78,109,39,2,0,2
448599,2281,2025,Fracture,2168,trexx,Team Vitality,Vyse,0.93,162,12,13,9,78,107,14,2,2,0
448599,2281,2025,Fracture,11134,Kicks,Team Vitality,Breach,0.92,152,13,14,9,83,100,35,0,2,-2
448599,2281,2025,Fracture,804,BuZz,T1,Raze,1.0,224,16,18,8,65,146,9,5,2,3
448599,2281,2025,Fracture,31207,carpe,T1,Brimstone,0.97,193,14,16,11,74,126,22,4,4,0
448599,2281,2025,Fracture,13039,Meteor,T1,Vyse,0.89,201,17,21,2,70,142,32,3,2,1
448599,2281,2025,Fracture,29833,iZu,T1,Tejo,0.84,161,12,16,3,70,109,18,1,2,-1
448599,2281,2025,Fracture,485,stax,T1,Breach,0.75,102,9,14,4,57,71,30,0,0,0
448599,2281,2025,Bind,2168,trexx,Team Vitality,Brimstone,1.75,350,28,13,11,91,208,21,1,1,0
448599,2281,2025,Bind,11134,Kicks,Team Vitality,Skye,1.38,238,19,12,10,77,146,32,1,2,-1
448599,2281,2025,Bind,5022,Derke,Team Vitality,Raze,1.26,248,20,16,5,77,152,16,5,3,2
448599,2281,2025,Bind,8447,Less,Team Vitality,Viper,1.15,219,19,14,4,68,129,48,3,3,0
448599,2281,2025,Bind,312,Sayf,Team Vitality,Tejo,0.37,67,4,14,6,64,61,12,0,3,-3
448599,2281,2025,Bind,485,stax,T1,Kayo,1.02,203,17,18,7,73,128,41,4,0,4
448599,2281,2025,Bind,13039,Meteor,T1,Vyse,1.0,211,15,17,8,64,155,33,3,5,-2
448599,2281,2025,Bind,29833,iZu,T1,Fade,0.96,186,14,17,5,64,121,44,1,1,0
448599,2281,2025,Bind,804,BuZz,T1,Raze,0.91,248,17,19,5,73,159,16,4,2,2
448599,2281,2025,Bind,31207,carpe,T1,Brimstone,0.27,88,6,19,6,59,57,44,0,2,-2
449009,2281,2025,Bind,5022,Derke,Team Vitality,Raze,1.14,257,24,21,7,75,168,20,6,6,0
449009,2281,2025,Bind,11134,Kicks,Team Vitality,Skye,0.93,195,20,21,13,75,125,28,1,3,-2
449009,2281,2025,Bind,2168,trexx,Team Vitality,Brimstone,0.87,196,18,21,12,71,136,19,2,1,1
449009,2281,2025,Bind,8447,Less,Team Vitality,Viper,0.85,193,20,23,9,64,122,24,1,5,-4
449009,2281,2025,Bind,312,Sayf,Team Vitality,Tejo,0.79,164,16,21,7,79,100,23,1,2,-1
449009,2281,2025,Bind,7873,leaf,G2 Esports,Vyse,1.54,297,28,19,19,82,193,22,3,1,2
449009,2281,2025,Bind,15500,trent,G2 Esports,Tejo,1.25,248,25,21,6,79,169,30,3,2,1
449009,2281,2025,Bind,3885,valyn,G2 Esports,Brimstone,1.11,173,17,18,16,82,108,25,3,2,1
449009,2281,2025,Bind,4581,JonahP,G2 Esports,Breach,0.98,171,18,19,15,82,115,33,2,2,0
449009,2281,2025,Bind,3993,jawgemo,G2 Esports,Yoru,0.87,195,19,21,3,68,120,20,6,4,2
449009,2281,2025,Lotus,11134,Kicks,Team Vitality,Omen,1.24,233,18,15,5,68,158,26,4,5,-1
449009,2281,2025,Lotus,8447,Less,Team Vitality,Viper,1.09,205,14,14,8,77,122,24,3,0,3
449009,2281,2025,Lotus,312,Sayf,Team Vitality,Vyse,0.92,225,18,17,4,73,131,36,0,0,0
449009,2281,2025,Lotus,2168,trexx,Team Vitality,Fade,0.92,145,11,14,8,64,91,18,0,2,-2
449009,2281,2025,Lotus,5022,Derke,Team Vitality,Raze,0.65,208,14,18,3,55,133,19,3,5,-2
449009,2281,2025,Lotus,7873,leaf,G2 Esports,Viper,1.52,311,24,16,9,86,194,23,5,2,3
449009,2281,2025,Lotus,15500,trent,G2 Esports,Tejo,1.43,226,18,13,11,77,147,17,1,1,0
449009,2281,2025,Lotus,4581,JonahP,G2 Esports,Breach,1.14,201,17,15,10,73,134,31,2,1,1
449009,2281,2025,Lotus,3993,jawgemo,G2 Esports,Yoru,0.71,145,11,16,8,64,109,21,3,6,-3
449009,2281,2025,Lotus,3885,valyn,G2 Esports,Omen,0.41,97,7,15,5,55,61,11,1,0,1
449011,2281,2025,Lotus,15500,trent,G2 Esports,Tejo,1.55,296,17,11,10,72,213,18,3,1,2
449011,2281,2025,Lotus,7873,leaf,G2 Esports,Viper,1.55,279,21,10,2,89,159,19,3,1,2
449011,2281,2025,Lotus,3993,jawgemo,G2 Esports,Yoru,1.16,236,16,12,7,72,133,24,1,3,-2
449011,2281,2025,Lotus,3885,valyn,G2 Esports,Omen,0.91,167,10,11,8,78,122,28,1,3,-2
449011,2281,2025,Lotus,4581,JonahP,G2 Esports,Breach,0.87,123,9,10,4,83,82,69,2,0,2
449011,2281,2025,Lotus,29833,iZu,T1,Cypher,1.07,209,14,13,2,67,139,48,1,1,0
449011,2281,2025,Lotus,804,BuZz,T1,Raze,0.99,241,13,14,3,67,162,17,3,4,-1
449011,2281,2025,Lotus,13039,Meteor,T1,Iso,0.71,184,11,16,3,44,120,31,2,3,-1
449011,2281,2025,Lotus,4056,Sylvan,T1,Omen,0.68,159,8,15,9,78,99,26,2,1,1
449011,2281,2025,Lotus,485,stax,T1,Sova,0.54,116,8,15,2,56,82,50,0,1,-1
449011,2281,2025,Haven,15500,trent,G2 Esports,Tejo,1.33,245,20,14,5,82,161,38,0,1,-1
449011,2281,2025,Haven,3885,valyn,G2 Esports,Astra,1.09,203,16,16,3,77,137,27,3,1,2
449011,2281,2025,Haven,3993,jawgemo,G2 Esports,Yoru,0.94,205,13,18,11,73,137,27,3,5,-2
449011,2281,2025,Haven,4581,JonahP,G2 Esports,Breach,0.91,174,15,18,10,82,109,29,1,3,-2
449011,2281,2025,Haven,7873,leaf,G2 Esports,Vyse,0.85,170,12,15,9,77,127,42,1,4,-3
449011,2281,2025,Haven,4056,Sylvan,T1,Omen,1.2,235,18,13,12,77,134,30,5,2,3
449011,2281,2025,Haven,804,BuZz,T1,Yoru,1.18,226,19,14,5,68,134,25,3,3,0
449011,2281,2025,Haven,13039,Meteor,T1,Iso,1.09,200,16,15,5,64,160,29,2,0,2
449011,2281,2025,Haven,29833,iZu,T1,Cypher,0.98,210,14,17,15,77,142,32,2,2,0
449011,2281,2025,Haven,485,stax,T1,Sova,0.89,199,14,17,13,77,144,20,2,1,1
449011,2281,2025,Abyss,15500,trent,G2 Esports,Sova,1.38,245,20,16,9,83,159,38,2,0,2
449011,2281,2025,Abyss,3993,jawgemo,G2 Esports,Yoru,1.24,232,19,16,8,83,137,20,3,2,1
449011,2281,2025,Abyss,3885,valyn,G2 Esports,Astra,1.11,198,17,15,14,79,127,19,2,3,-1
449011,2281,2025,Abyss,7873,leaf,G2 Esports,Chamber,1.07,179,15,16,5,71,119,17,2,3,-1
449011,2281,2025,Abyss,4581,JonahP,G2 Esports,Breach,0.81,154,13,16,11,75,97,25,0,6,-6
449011,2281,2025,Abyss,485,stax,T1,Tejo,1.12,214,18,15,6,83,138,23,2,1,1
449011,2281,2025,Abyss,29833,iZu,T1,Fade,0.92,169,15,16,8,83,116,28,1,0,1
449011,2281,2025,Abyss,4056,Sylvan,T1,Omen,0.88,175,15,18,19,88,103,29,2,0,2
449011,2281,2025,Abyss,804,BuZz,T1,Jett,0.72,199,16,21,4,75,135,18,6,5,1
449011,2281,2025,Abyss,13039,Meteor,T1,Reyna,0.66,149,12,19,7,67,96,37,3,3,0
449011,2281,2025,Split,3885,valyn,G2 Esports,Omen,1.35,270,26,20,13,75,166,26,3,1,2
449011,2281,2025,Split,3993,jawgemo,G2 Esports,Yoru,1.27,265,26,21,7,71,189,35,2,8,-6
449011,2281,2025,Split,15500,trent,G2 Esports,Tejo,0.81,159,16,20,5,68,112,26,4,3,1
449011,2281,2025,Split,7873,leaf,G2 Esports,Viper,0.8,188,17,22,11,82,121,15,2,1,1
449011,2281,2025,Split,4581,JonahP,G2 Esports,Breach,0.8,162,16,22,8,71,99,20,2,2,0
449011,2281,2025,Split,13039,Meteor,T1,Viper,1.38,308,30,23,9,71,202,30,5,1,4
449011,2281,2025,Split,485,stax,T1,Fade,1.19,199,20,17,9,75,144,44,1,0,1
449011,2281,2025,Split,4056,Sylvan,T1,Omen,1.19,228,25,17,7,75,124,18,1,1,0
449011,2281,2025,Split,29833,iZu,T1,Yoru,0.92,217,20,21,13,82,131,20,5,5,0
449011,2281,2025,Split,804,BuZz,T1,Raze,0.41,108,10,23,3,64,71,13,3,6,-3
449011,2281,2025,Pearl,3993,jawgemo,G2 Esports,Yoru,1.29,275,29,22,11,87,184,29,3,2,1
449011,2281,2025,Pearl,3885,valyn,G2 Esports,Astra,1.14,212,25,20,13,77,131,27,1,2,-1
449011,2281,2025,Pearl,15500,trent,G2 Esports,Sova,1.02,176,19,18,11,73,114,33,5,4,1
449011,2281,2025,Pearl,4581,JonahP,G2 Esports,Vyse,0.98,198,21,21,9,70,126,26,2,0,2
449011,2281,2025,Pearl,7873,leaf,G2 Esports,Chamber,0.61,134,14,23,4,63,87,22,5,6,-1
449011,2281,2025,Pearl,804,BuZz,T1,Neon,1.16,250,26,24,7,70,149,19,4,7,-3
449011,2281,2025,Pearl,485,stax,T1,Sova,1.09,194,22,20,5,77,139,24,1,0,1
449011,2281,2025,Pearl,13039,Meteor,T1,Killjoy,1.01,255,25,23,6,70,168,31,6,6,0
449011,2281,2025,Pearl,4056,Sylvan,T1,Astra,0.94,159,16,21,18,70,98,21,2,0,2
449011,2281,2025,Pearl,29833,iZu,T1,Yoru,0.75,143,15,20,4,60,92,18,1,3,-2
449005,2281,2025,Haven,4581,JonahP,G2 Esports,Breach,1.53,244,16,12,9,83,159,18,2,0,2
449005,2281,2025,Haven,3885,valyn,G2 Esports,Astra,1.23,180,12,11,9,61,119,18,0,0,0
449005,2281,2025,Haven,3993,jawgemo,G2 Esports,Yoru,1.2,237,15,12,5,61,156,11,1,5,-4
449005,2281,2025,Haven,15500,trent,G2 Esports,Tejo,1.18,208,12,11,8,72,123,39,2,3,-1
449005,2281,2025,Haven,7873,leaf,G2 Esports,Vyse,0.69,134,8,13,3,61,93,21,1,4,-3
449005,2281,2025,Haven,1475,kamyk,Team Liquid,Tejo,1.17,260,16,12,2,72,191,38,1,1,0
449005,2281,2025,Haven,457,nAts,Team Liquid,Cypher,1.05,257,17,14,5,72,146,36,3,0,3
449005,2281,2025,Haven,11494,keiko,Team Liquid,Omen,0.89,177,11,12,6,78,112,23,3,1,2
449005,2281,2025,Haven,14681,kamo,Team Liquid,Jett,0.66,165,11,13,1,56,105,23,3,3,0
449005,2281,2025,Haven,309,paTiTek,Team Liquid,Breach,0.44,85,4,13,7,67,58,16,2,1,1
449005,2281,2025,Lotus,3885,valyn,G2 Esports,Omen,1.52,242,20,9,4,80,153,23,3,1,2
449005,2281,2025,Lotus,7873,leaf,G2 Esports,Viper,1.32,257,21,12,3,75,149,20,2,2,0
449005,2281,2025,Lotus,15500,trent,G2 Esports,Tejo,1.01,170,12,13,5,85,102,15,1,0,1
449005,2281,2025,Lotus,4581,JonahP,G2 Esports,Breach,0.87,206,13,14,11,85,128,23,2,1,1
449005,2281,2025,Lotus,3993,jawgemo,G2 Esports,Yoru,0.78,207,13,16,5,65,134,15,3,5,-2
449005,2281,2025,Lotus,457,nAts,Team Liquid,Cypher,1.26,250,20,15,0,70,165,39,1,2,-1
449005,2281,2025,Lotus,14681,kamo,Team Liquid,Neon,1.09,263,17,17,3,65,178,28,5,4,1
449005,2281,2025,Lotus,11494,keiko,Team Liquid,Omen,0.88,166,11,15,7,75,110,23,2,1,1
449005,2281,2025,Lotus,309,paTiTek,Team Liquid,Breach,0.65,117,7,14,8,60,76,24,1,2,-1
449005,2281,2025,Lotus,1475,kamyk,Team Liquid,Tejo,0.46,126,9,18,2,85,76,23,0,2,-2
449003,2281,2025,Lotus,457,nAts,Team Liquid,Cypher,1.5,293,22,14,2,80,197,39,1,1,0
449003,2281,2025,Lotus,11494,keiko,Team Liquid,Omen,1.06,192,14,14,8,65,141,59,3,4,-1
449003,2281,2025,Lotus,309,paTiTek,Team Liquid,Breach,0.7,151,11,15,6,65,92,21,0,3,-3
449003,2281,2025,Lotus,1475,kamyk,Team Liquid,Tejo,0.57,136,9,15,4,50,81,42,2,1,1
449003,2281,2025,Lotus,14681,kamo,Team Liquid,Yoru,0.24,97,6,17,4,45,69,17,1,4,-3
449003,2281,2025,Lotus,3880,bang,Sentinels,Omen,1.43,231,17,11,7,80,143,31,2,1,1
449003,2281,2025,Lotus,4004,zekken,Sentinels,Raze,1.41,255,18,11,5,75,172,30,4,3,1
449003,2281,2025,Lotus,36245,N4RRATE,Sentinels,Fade,1.2,239,17,13,6,80,157,27,4,1,3
449003,2281,2025,Lotus,1265,johnqt,Sentinels,Viper,1.15,200,15,12,5,75,123,17,1,1,0
449003,2281,2025,Lotus,729,Zellsis,Sentinels,Vyse,0.61,110,8,15,3,60,70,35,2,1,1
449003,2281,2025,Abyss,11494,keiko,Team Liquid,Omen,1.31,247,29,20,14,90,150,32,3,1,2
449003,2281,2025,Abyss,309,paTiTek,Team Liquid,Kayo,1.11,208,18,20,19,90,145,29,3,0,3
449003,2281,2025,Abyss,457,nAts,Team Liquid,Cypher,0.96,168,19,18,6,60,106,19,2,5,-3
449003,2281,2025,Abyss,1475,kamyk,Team Liquid,Sova,0.95,166,18,20,5,73,107,26,1,0,1
449003,2281,2025,Abyss,14681,kamo,Team Liquid,Jett,0.93,217,22,23,4,80,136,36,7,8,-1
449003,2281,2025,Abyss,36245,N4RRATE,Sentinels,Omen,1.47,319,33,23,12,87,205,31,5,1,4
449003,2281,2025,Abyss,4004,zekken,Sentinels,Jett,1.02,218,25,20,2,77,139,35,5,9,-4
449003,2281,2025,Abyss,729,Zellsis,Sentinels,Kayo,0.94,201,17,24,19,83,145,18,1,3,-2
449003,2281,2025,Abyss,1265,johnqt,Sentinels,Tejo,0.78,160,16,20,10,77,106,25,0,0,0
449003,2281,2025,Abyss,3880,bang,Sentinels,Astra,0.53,103,10,21,11,67,62,31,3,3,0
449003,2281,2025,Bind,457,nAts,Team Liquid,Viper,2.33,455,25,8,5,100,289,25,3,0,3
449003,2281,2025,Bind,14681,kamo,Team Liquid,Raze,1.42,257,13,6,4,79,175,24,3,2,1
449003,2281,2025,Bind,11494,keiko,Team Liquid,Brimstone,1.28,198,11,6,5,79,131,22,1,1,0
449003,2281,2025,Bind,1475,kamyk,Team Liquid,Gekko,1.12,229,12,9,4,100,148,24,1,1,0
449003,2281,2025,Bind,309,paTiTek,Team Liquid,Skye,0.65,96,3,8,11,93,55,23,1,1,0
449003,2281,2025,Bind,3880,bang,Sentinels,Viper,0.97,225,11,13,2,64,139,27,2,2,0
449003,2281,2025,Bind,729,Zellsis,Sentinels,Brimstone,0.94,213,9,13,7,79,127,21,1,1,0
449003,2281,2025,Bind,1265,johnqt,Sentinels,Tejo,0.55,120,6,13,3,57,74,20,0,0,0
449003,2281,2025,Bind,36245,N4RRATE,Sentinels,Skye,0.45,132,5,13,3,57,90,19,0,1,-1
449003,2281,2025,Bind,4004,zekken,Sentinels,Raze,0.38,158,6,13,1,43,111,28,2,5,-3
449002,2281,2025,Lotus,29833,iZu,T1,Cypher,1.86,300,20,6,1,94,209,43,3,0,3
449002,2281,2025,Lotus,804,BuZz,T1,Raze,1.49,294,17,9,3,88,188,29,3,1,2
449002,2281,2025,Lotus,485,stax,T1,Sova,1.42,254,16,8,2,88,166,29,2,0,2
449002,2281,2025,Lotus,13039,Meteor,T1,Iso,1.12,198,12,8,4,75,138,48,3,2,1
449002,2281,2025,Lotus,4056,Sylvan,T1,Omen,1.0,151,9,8,8,88,117,30,0,2,-2
449002,2281,2025,Lotus,37494,Kai,Trace Esports,Vyse,0.87,209,12,15,2,63,115,35,2,2,0
449002,2281,2025,Lotus,3021,Biank,Trace Esports,Fade,0.77,161,8,14,8,56,103,22,0,2,-2
449002,2281,2025,Lotus,4770,FengF,Trace Esports,Raze,0.52,152,8,15,3,63,100,12,1,5,-4
449002,2281,2025,Lotus,3045,LuoK1ng,Trace Esports,Omen,0.44,117,6,15,5,69,76,24,1,2,-1
449002,2281,2025,Lotus,4712,heybay,Trace Esports,Viper,0.38,127,5,15,2,38,89,21,1,0,1
449002,2281,2025,Haven,13039,Meteor,T1,Iso,1.36,297,21,14,4,76,211,40,5,2,3
449002,2281,2025,Haven,804,BuZz,T1,Yoru,1.36,279,23,14,4,81,176,19,3,4,-1
449002,2281,2025,Haven,29833,iZu,T1,Cypher,1.31,185,18,8,2,81,119,42,2,1,1
449002,2281,2025,Haven,485,stax,T1,Sova,0.89,129,9,11,6,71,98,26,0,2,-2
449002,2281,2025,Haven,4056,Sylvan,T1,Omen,0.62,134,8,15,14,76,77,29,1,1,0
449002,2281,2025,Haven,37494,Kai,Trace Esports,Jett,1.43,273,20,14,2,71,176,30,4,3,1
449002,2281,2025,Haven,3021,Biank,Trace Esports,Sova,0.87,191,13,17,4,52,132,30,1,2,-1
449002,2281,2025,Haven,4712,heybay,Trace Esports,Breach,0.84,142,10,14,7,67,83,45,0,2,-2
449002,2281,2025,Haven,3045,LuoK1ng,Trace Esports,Omen,0.83,166,12,17,7,62,105,36,2,1,1
449002,2281,2025,Haven,4770,FengF,Trace Esports,Cypher,0.38,107,7,17,5,57,78,28,3,3,0
448598,2281,2025,Split,15559,CHICHOO,EDward Gaming,Viper,1.41,287,36,25,8,71,181,38,2,3,-1
448598,2281,2025,Split,3520,ZmjjKK,EDward Gaming,Jett,1.18,277,33,27,3,74,166,23,8,4,4
448598,2281,2025,Split,3017,nobody,EDward Gaming,Tejo,0.94,219,25,27,6,76,162,35,4,7,-3
448598,2281,2025,Split,13768,S1Mon,EDward Gaming,Breach,0.75,140,16,23,12,62,102,29,0,2,-2
448598,2281,2025,Split,4742,Smoggy,EDward Gaming,Omen,0.65,132,15,27,17,68,77,29,3,1,2
448598,2281,2025,Split,14681,kamo,Team Liquid,Yoru,1.39,284,34,25,5,68,181,26,7,2,5
448598,2281,2025,Split,11494,keiko,Team Liquid,Raze,1.19,266,31,26,6,76,185,29,3,4,-1
448598,2281,2025,Split,1475,kamyk,Team Liquid,Astra,1.0,184,23,23,13,76,126,33,3,2,1
448598,2281,2025,Split,457,nAts,Team Liquid,Viper,0.97,205,25,26,11,71,136,16,2,5,-3
448598,2281,2025,Split,309,paTiTek,Team Liquid,Fade,0.63,136,16,25,13,59,91,25,2,4,-2
448598,2281,2025,Pearl,15559,CHICHOO,EDward Gaming,Vyse,1.46,244,18,10,7,79,157,31,1,1,0
448598,2281,2025,Pearl,4742,Smoggy,EDward Gaming,Astra,1.26,199,14,10,4,74,134,37,3,1,2
448598,2281,2025,Pearl,13768,S1Mon,EDward Gaming,Fade,1.1,181,14,11,6,68,118,37,2,0,2
448598,2281,2025,Pearl,3017,nobody,EDward Gaming,Tejo,0.96,170,11,12,5,68,123,37,1,1,0
448598,2281,2025,Pearl,3520,ZmjjKK,EDward Gaming,Yoru,0.91,253,15,16,8,68,170,30,6,3,3
448598,2281,2025,Pearl,14681,kamo,Team Liquid,Yoru,1.06,222,14,14,2,63,152,28,2,4,-2
448598,2281,2025,Pearl,457,nAts,Team Liquid,Chamber,1.0,175,13,12,0,63,123,24,2,5,-3
448598,2281,2025,Pearl,11494,keiko,Team Liquid,Astra,0.88,146,10,14,6,68,89,26,0,0,0
448598,2281,2025,Pearl,309,paTiTek,Team Liquid,Vyse,0.73,215,14,17,3,58,133,25,1,2,-1
448598,2281,2025,Pearl,1475,kamyk,Team Liquid,Sova,0.67,161,8,15,8,68,114,32,1,2,-1
450589,2281,2025,Ascent,9,TenZ,Team International,,0.0,0,0,0,0,0,0,0,0,0,0
450589,2281,2025,Ascent,29260,KOHAL,Team International,,0.0,0,0,0,0,0,0,0,0,0,0
450589,2281,2025,Ascent,9783,Doenmo,Team International,,0.0,0,0,0,0,0,0,0,0,0,0
450589,2281,2025,Ascent,1265,johnqt,Team International,,0.0,0,0,0,0,0,0,0,0,0,0
450589,2281,2025,Ascent,,karsaj,Team International,,0.0,0,0,0,0,0,0,0,0,0,0
450589,2281,2025,Ascent,4375,SuperBusS,THAi,,0.0,0,0,0,0,0,0,0,0,0,0
450589,2281,2025,Ascent,18133,MintAuka,THAi,,0.0,0,0,0,0,0,0,0,0,0,0
450589,2281,2025,Ascent,24679,cgrs,THAi,,0.0,0,0,0,0,0,0,0,0,0,0
450589,2281,2025,Ascent,25255,primmie,THAi,,0.0,0,0,0,0,0,0,0,0,0,0
450589,2281,2025,Ascent,,heart bus,THAi,,0.0,0,0,0,0,0,0,0,0,0,0
449012,2281,2025,Lotus,13039,Meteor,T1,Iso,1.07,235,21,20,5,77,147,38,4,3,1
449012,2281,2025,Lotus,485,stax,T1,Sova,1.05,155,14,15,11,77,119,36,0,2,-2
449012,2281,2025,Lotus,804,BuZz,T1,Raze,0.97,242,21,21,5,62,171,12,4,2,2
449012,2281,2025,Lotus,4056,Sylvan,T1,Omen,0.79,168,14,20,14,81,109,28,2,1,1
449012,2281,2025,Lotus,29833,iZu,T1,Cypher,0.7,145,15,19,4,58,84,27,2,6,-4
449012,2281,2025,Lotus,8447,Less,Team Vitality,Viper,1.46,267,23,16,12,85,166,36,1,1,0
449012,2281,2025,Lotus,5022,Derke,Team Vitality,Raze,1.26,261,24,17,5,69,159,25,5,5,0
449012,2281,2025,Lotus,2168,trexx,Team Vitality,Fade,1.23,220,20,17,15,77,136,12,3,1,2
449012,2281,2025,Lotus,11134,Kicks,Team Vitality,Omen,0.93,175,15,17,12,81,111,31,2,3,-1
449012,2281,2025,Lotus,312,Sayf,Team Vitality,Vyse,0.73,158,13,18,8,69,105,18,3,2,1
449012,2281,2025,Haven,29833,iZu,T1,Cypher,1.5,244,17,8,4,71,141,39,1,3,-2
449012,2281,2025,Haven,804,BuZz,T1,Yoru,1.27,231,14,9,4,76,149,15,5,1,4
449012,2281,2025,Haven,485,stax,T1,Sova,1.22,182,11,7,3,82,138,33,2,0,2
449012,2281,2025,Haven,13039,Meteor,T1,Iso,1.15,201,14,11,3,71,120,41,3,1,2
449012,2281,2025,Haven,4056,Sylvan,T1,Omen,1.1,147,9,7,11,82,101,32,0,1,-1
449012,2281,2025,Haven,2168,trexx,Team Vitality,Sova,1.15,221,11,12,4,65,144,37,0,0,0
449012,2281,2025,Haven,312,Sayf,Team Vitality,Jett,0.94,227,13,14,0,59,157,20,2,1,1
449012,2281,2025,Haven,5022,Derke,Team Vitality,Yoru,0.88,175,9,13,3,59,124,22,3,5,-2
449012,2281,2025,Haven,11134,Kicks,Team Vitality,Omen,0.4,102,6,13,5,65,65,20,0,3,-3
449012,2281,2025,Haven,8447,Less,Team Vitality,Cypher,0.26,58,3,13,2,41,44,23,1,2,-1
449012,2281,2025,Split,29833,iZu,T1,Yoru,1.51,249,17,7,6,83,149,24,3,1,2
449012,2281,2025,Split,4056,Sylvan,T1,Omen,1.48,213,15,7,12,89,128,28,1,0,1
449012,2281,2025,Split,804,BuZz,T1,Raze,1.47,337,22,12,5,78,181,13,6,3,3
449012,2281,2025,Split,13039,Meteor,T1,Viper,1.25,264,16,12,7,89,170,29,3,0,3
449012,2281,2025,Split,485,stax,T1,Fade,0.91,137,10,8,3,83,91,30,0,1,-1
449012,2281,2025,Split,2168,trexx,Team Vitality,Fade,0.84,181,10,15,5,50,114,16,0,0,0
449012,2281,2025,Split,8447,Less,Team Vitality,Viper,0.83,176,11,16,3,44,106,32,2,3,-1
449012,2281,2025,Split,5022,Derke,Team Vitality,Raze,0.77,209,13,17,1,61,136,24,0,4,-4
449012,2281,2025,Split,312,Sayf,Team Vitality,Omen,0.5,124,7,16,6,61,72,27,2,2,0
449012,2281,2025,Split,11134,Kicks,Team Vitality,Breach,0.35,93,5,16,6,67,67,14,1,4,-3
449010,2281,2025,Lotus,4742,Smoggy,EDward Gaming,Clove,1.36,275,20,17,6,76,187,45,2,1,1
449010,2281,2025,Lotus,3017,nobody,EDward Gaming,Fade,1.13,206,14,13,4,76,139,33,3,1,2
449010,2281,2025,Lotus,15559,CHICHOO,EDward Gaming,Omen,0.88,193,15,17,8,76,147,44,2,2,0
449010,2281,2025,Lotus,3520,ZmjjKK,EDward Gaming,Neon,0.72,188,15,16,0,57,125,27,2,8,-6
449010,2281,2025,Lotus,13768,S1Mon,EDward Gaming,Breach,0.52,102,6,17,9,67,73,33,0,0,0
449010,2281,2025,Lotus,4581,JonahP,G2 Esports,Breach,1.41,277,20,16,13,90,174,22,4,0,4
449010,2281,2025,Lotus,15500,trent,G2 Esports,Tejo,1.26,231,17,12,8,81,152,18,1,1,0
449010,2281,2025,Lotus,3885,valyn,G2 Esports,Omen,1.12,182,13,13,12,76,132,28,2,2,0
449010,2281,2025,Lotus,7873,leaf,G2 Esports,Viper,0.94,165,13,13,4,67,115,21,1,3,-2
449010,2281,2025,Lotus,3993,jawgemo,G2 Esports,Yoru,0.93,214,16,16,10,67,135,15,4,3,1
449010,2281,2025,Split,3520,ZmjjKK,EDward Gaming,Jett,0.94,234,16,18,2,55,146,23,3,5,-2
449010,2281,2025,Split,15559,CHICHOO,EDward Gaming,Viper,0.92,199,14,15,2,55,133,23,0,0,0
449010,2281,2025,Split,13768,S1Mon,EDward Gaming,Breach,0.88,142,10,14,6,65,89,38,1,3,-2
449010,2281,2025,Split,4742,Smoggy,EDward Gaming,Omen,0.7,130,9,15,7,60,106,28,2,2,0
449010,2281,2025,Split,3017,nobody,EDward Gaming,Tejo,0.62,130,9,16,4,60,87,21,2,2,0
449010,2281,2025,Split,3993,jawgemo,G2 Esports,Yoru,1.48,287,21,11,8,90,176,26,3,2,1
449010,2281,2025,Split,7873,leaf,G2 Esports,Viper,1.22,227,17,11,4,75,175,40,4,1,3
449010,2281,2025,Split,15500,trent,G2 Esports,Tejo,1.18,205,13,11,2,70,156,23,1,1,0
449010,2281,2025,Split,3885,valyn,G2 Esports,Omen,1.08,182,14,12,10,85,116,39,1,2,-1
449010,2281,2025,Split,4581,JonahP,G2 Esports,Breach,1.03,193,13,13,7,75,120,19,3,2,1
449001,2281,2025,Pearl,15559,CHICHOO,EDward Gaming,Vyse,1.3,269,33,22,8,62,172,18,1,5,-4
449001,2281,2025,Pearl,4742,Smoggy,EDward Gaming,Astra,1.16,203,24,23,20,76,135,28,5,0,5
449001,2281,2025,Pearl,3520,ZmjjKK,EDward Gaming,Yoru,1.04,243,28,26,10,71,155,27,6,9,-3
449001,2281,2025,Pearl,3017,nobody,EDward Gaming,Tejo,0.78,127,15,21,5,62,83,35,1,4,-3
449001,2281,2025,Pearl,13768,S1Mon,EDward Gaming,Fade,0.73,149,17,24,4,62,92,31,2,1,1
449001,2281,2025,Pearl,15500,trent,G2 Esports,Sova,1.19,227,26,21,10,74,147,21,2,2,0
449001,2281,2025,Pearl,3885,valyn,G2 Esports,Astra,1.19,215,26,22,12,74,145,27,3,3,0
449001,2281,2025,Pearl,3993,jawgemo,G2 Esports,Yoru,1.08,220,26,24,9,76,153,28,5,3,2
449001,2281,2025,Pearl,7873,leaf,G2 Esports,Chamber,0.79,184,21,26,6,65,128,27,4,3,1
449001,2281,2025,Pearl,4581,JonahP,G2 Esports,Vyse,0.76,146,17,24,9,74,88,19,5,4,1
449001,2281,2025,Bind,4742,Smoggy,EDward Gaming,Brimstone,1.38,241,18,13,11,76,159,23,4,0,4
449001,2281,2025,Bind,3017,nobody,EDward Gaming,Tejo,1.17,203,16,12,4,67,123,23,2,1,1
449001,2281,2025,Bind,13768,S1Mon,EDward Gaming,Kayo,1.09,195,14,14,13,81,128,29,1,2,-1
449001,2281,2025,Bind,3520,ZmjjKK,EDward Gaming,Raze,1.03,234,17,16,7,81,158,14,3,3,0
449001,2281,2025,Bind,15559,CHICHOO,EDward Gaming,Vyse,1.02,167,12,12,4,71,125,32,4,1,3
449001,2281,2025,Bind,4581,JonahP,G2 Esports,Skye,1.11,256,17,17,13,86,173,24,2,2,0
449001,2281,2025,Bind,3993,jawgemo,G2 Esports,Raze,1.01,217,19,14,1,57,124,16,2,3,-1
449001,2281,2025,Bind,15500,trent,G2 Esports,Tejo,0.94,148,11,14,6,62,102,21,2,4,-2
449001,2281,2025,Bind,7873,leaf,G2 Esports,Viper,0.92,179,12,15,5,71,129,21,1,2,-1
449001,2281,2025,Bind,3885,valyn,G2 Esports,Brimstone,0.6,134,8,17,15,81,77,8,0,3,-3
449001,2281,2025,Fracture,15559,CHICHOO,EDward Gaming,Cypher,1.63,269,18,8,6,88,167,19,1,0,1
449001,2281,2025,Fracture,3017,nobody,EDward Gaming,Tejo,1.51,289,17,9,7,88,181,29,4,0,4
449001,2281,2025,Fracture,3520,ZmjjKK,EDward Gaming,Neon,1.31,299,18,12,5,88,178,19,8,2,6
449001,2281,2025,Fracture,13768,S1Mon,EDward Gaming,Breach,1.24,180,12,9,16,94,123,39,1,1,0
449001,2281,2025,Fracture,4742,Smoggy,EDward Gaming,Brimstone,1.15,188,11,9,11,82,130,21,0,0,0
449001,2281,2025,Fracture,15500,trent,G2 Esports,Tejo,1.17,243,13,14,8,65,172,26,0,3,-3
449001,2281,2025,Fracture,3885,valyn,G2 Esports,Brimstone,0.91,176,10,14,7,71,119,31,0,1,-1
449001,2281,2025,Fracture,4581,JonahP,G2 Esports,Breach,0.61,142,9,15,7,59,93,29,1,2,-1
449001,2281,2025,Fracture,7873,leaf,G2 Esports,Vyse,0.47,116,7,16,3,59,75,32,1,2,-1
449001,2281,2025,Fracture,3993,jawgemo,G2 Esports,Raze,0.4,156,8,17,2,53,92,26,1,6,-5
498632,2282,2025,Sunset,729,Zellsis,Sentinels,Cypher,1.43,247,20,13,6,82,167,25,0,1,-1
498632,2282,2025,Sunset,36245,N4RRATE,Sentinels,Fade,1.4,289,21,14,6,68,191,27,4,2,2
498632,2282,2025,Sunset,3880,bang,Sentinels,Omen,1.04,224,19,16,5,73,124,37,2,2,0
498632,2282,2025,Sunset,4004,zekken,Sentinels,Neon,0.96,185,14,14,6,68,106,15,3,7,-4
498632,2282,2025,Sunset,1265,johnqt,Sentinels,Breach,0.67,84,6,11,6,86,62,26,0,1,-1
498632,2282,2025,Sunset,9810,Alfajer,FNATIC,Cypher,1.12,245,20,16,2,68,163,35,0,2,-2
498632,2282,2025,Sunset,9554,kaajak,FNATIC,Neon,1.09,229,17,16,2,68,141,36,7,6,1
498632,2282,2025,Sunset,458,Chronicle,FNATIC,Viper,1.0,207,16,17,4,64,148,31,2,1,1
498632,2282,2025,Sunset,438,Boaster,FNATIC,Omen,0.53,113,7,17,9,59,71,27,3,0,3
498632,2282,2025,Sunset,4,crashies,FNATIC,Sova,0.52,99,8,15,4,68,79,33,1,0,1
498632,2282,2025,Ascent,3880,bang,Sentinels,Omen,1.26,216,15,14,5,70,143,33,1,1,0
498632,2282,2025,Ascent,4004,zekken,Sentinels,Waylay,0.99,227,15,16,3,70,132,27,3,7,-4
498632,2282,2025,Ascent,36245,N4RRATE,Sentinels,Tejo,0.94,215,15,15,5,60,142,21,1,4,-3
498632,2282,2025,Ascent,729,Zellsis,Sentinels,Vyse,0.78,120,8,15,6,80,87,19,1,1,0
498632,2282,2025,Ascent,1265,johnqt,Sentinels,Kayo,0.42,73,5,16,8,80,49,19,0,1,-1
498632,2282,2025,Ascent,4,crashies,FNATIC,Sova,1.3,228,18,10,3,75,160,28,1,0,1
498632,2282,2025,Ascent,9810,Alfajer,FNATIC,Chamber,1.28,237,19,11,2,75,153,31,4,2,2
498632,2282,2025,Ascent,458,Chronicle,FNATIC,Vyse,1.07,219,15,12,7,80,150,32,3,1,2
498632,2282,2025,Ascent,438,Boaster,FNATIC,Omen,1.05,162,10,10,11,85,97,15,3,0,3
498632,2282,2025,Ascent,9554,kaajak,FNATIC,Yoru,0.83,189,14,15,2,60,120,50,3,3,0
498632,2282,2025,Icebox,729,Zellsis,Sentinels,Killjoy,1.04,162,13,12,4,64,119,27,1,1,0
498632,2282,2025,Icebox,36245,N4RRATE,Sentinels,Gekko,1.04,246,17,19,6,73,155,24,1,2,-1
498632,2282,2025,Icebox,4004,zekken,Sentinels,Omen,0.9,172,12,17,13,68,111,21,1,4,-3
498632,2282,2025,Icebox,1265,johnqt,Sentinels,Kayo,0.85,180,14,16,6,64,112,30,2,5,-3
498632,2282,2025,Icebox,3880,bang,Sentinels,Viper,0.6,128,11,17,8,59,73,29,1,4,-3
498632,2282,2025,Icebox,9810,Alfajer,FNATIC,Killjoy,1.51,337,27,14,2,86,213,32,7,0,7
498632,2282,2025,Icebox,9554,kaajak,FNATIC,Jett,1.26,244,19,14,1,77,161,33,5,3,2
498632,2282,2025,Icebox,4,crashies,FNATIC,Sova,1.03,168,14,12,4,68,139,28,1,1,0
498632,2282,2025,Icebox,458,Chronicle,FNATIC,Sage,0.88,153,11,13,10,73,108,17,2,2,0
498632,2282,2025,Icebox,438,Boaster,FNATIC,Viper,0.76,133,10,14,4,73,88,27,1,0,1
490314,2282,2025,Split,17086,something,Paper Rex,Yoru,1.05,211,20,19,6,68,146,18,3,9,-6
490314,2282,2025,Split,7378,Jinggg,Paper Rex,Raze,1.03,241,23,22,5,71,166,19,2,4,-2
490314,2282,2025,Split,9801,f0rsakeN,Paper Rex,Omen,1.01,189,20,21,8,68,122,35,0,2,-2
490314,2282,2025,Split,13744,PatMen,Paper Rex,Fade,0.82,172,17,21,7,68,109,42,2,2,0
490314,2282,2025,Split,9803,d4v41,Paper Rex,Viper,0.64,144,13,22,6,68,103,31,2,2,0
490314,2282,2025,Split,11494,keiko,Team Liquid,Raze,1.41,293,29,19,2,82,185,43,4,0,4
490314,2282,2025,Split,309,paTiTek,Team Liquid,Fade,1.16,220,23,17,3,86,140,42,7,1,6
490314,2282,2025,Split,14681,kamo,Team Liquid,Yoru,1.14,238,24,19,3,79,155,41,5,4,1
490314,2282,2025,Split,457,nAts,Team Liquid,Viper,0.76,165,17,20,3,71,99,32,2,1,1
490314,2282,2025,Split,18162,Serial,Team Liquid,Astra,0.71,111,12,18,6,79,71,45,1,3,-2
490314,2282,2025,Sunset,7378,Jinggg,Paper Rex,Raze,1.33,253,17,10,3,78,159,34,5,3,2
490314,2282,2025,Sunset,13744,PatMen,Paper Rex,Viper,1.24,231,14,10,7,72,159,48,3,1,2
490314,2282,2025,Sunset,9803,d4v41,Paper Rex,Sage,1.22,179,14,9,5,78,122,21,1,0,1
490314,2282,2025,Sunset,9801,f0rsakeN,Paper Rex,Omen,1.2,203,13,10,7,78,130,39,3,1,2
490314,2282,2025,Sunset,17086,something,Paper Rex,Sova,1.07,125,9,8,1,83,97,42,0,1,-1
490314,2282,2025,Sunset,309,paTiTek,Team Liquid,Sova,0.85,208,12,15,3,67,136,29,2,3,-1
490314,2282,2025,Sunset,457,nAts,Team Liquid,Viper,0.76,139,8,12,3,78,91,26,1,1,0
490314,2282,2025,Sunset,18162,Serial,Team Liquid,Cypher,0.73,122,8,13,4,61,78,44,1,1,0
490314,2282,2025,Sunset,11494,keiko,Team Liquid,Omen,0.72,173,11,13,2,50,109,55,1,2,-1
490314,2282,2025,Sunset,14681,kamo,Team Liquid,Neon,0.49,157,8,14,3,56,126,26,1,5,-4
490314,2282,2025,Lotus,9803,d4v41,Paper Rex,Vyse,1.19,209,20,14,7,81,139,28,1,1,0
490314,2282,2025,Lotus,9801,f0rsakeN,Paper Rex,Omen,1.19,214,19,16,15,77,135,12,4,2,2
490314,2282,2025,Lotus,7378,Jinggg,Paper Rex,Raze,1.17,279,26,20,5,77,188,21,4,5,-1
490314,2282,2025,Lotus,13744,PatMen,Paper Rex,Fade,1.08,222,21,19,13,85,154,38,4,3,1
490314,2282,2025,Lotus,17086,something,Paper Rex,Yoru,0.81,143,14,18,7,73,104,44,0,2,-2
490314,2282,2025,Lotus,14681,kamo,Team Liquid,Waylay,1.14,273,25,22,2,62,165,38,7,4,3
490314,2282,2025,Lotus,309,paTiTek,Team Liquid,Fade,1.06,165,16,17,7,77,110,27,1,2,-1
490314,2282,2025,Lotus,11494,keiko,Team Liquid,Omen,0.92,178,16,19,5,77,112,33,2,1,1
490314,2282,2025,Lotus,7716,penny,Team Liquid,Raze,0.83,196,17,20,6,69,128,10,2,4,-2
490314,2282,2025,Lotus,457,nAts,Team Liquid,Cypher,0.66,146,13,22,4,69,105,26,1,2,-1
490308,2282,2025,Split,36245,N4RRATE,Sentinels,Breach,1.18,208,18,14,12,71,122,23,1,1,0
490308,2282,2025,Split,1265,johnqt,Sentinels,Skye,1.15,184,16,14,15,75,103,30,0,2,-2
490308,2282,2025,Split,3880,bang,Sentinels,Omen,1.08,202,17,17,12,79,121,36,2,0,2
490308,2282,2025,Split,4004,zekken,Sentinels,Yoru,1.0,229,18,19,5,83,146,28,4,6,-2
490308,2282,2025,Split,729,Zellsis,Sentinels,Viper,0.89,177,15,15,5,63,116,24,4,4,0
490308,2282,2025,Split,7849,SiuFatBB,Wolves Esports,Fade,1.25,204,17,13,8,79,132,30,1,1,0
490308,2282,2025,Split,7426,Juicy,Wolves Esports,Raze,1.14,262,22,19,3,75,175,26,7,3,4
490308,2282,2025,Split,14125,Spring,Wolves Esports,Viper,1.11,220,18,18,9,58,159,32,4,3,1
490308,2282,2025,Split,37489,Lysoar,Wolves Esports,Omen,0.73,125,9,15,12,75,96,21,0,2,-2
490308,2282,2025,Split,11218,Yuicaw,Wolves Esports,Cypher,0.64,151,13,19,2,54,103,23,1,2,-1
490308,2282,2025,Lotus,1265,johnqt,Sentinels,Viper,1.42,213,17,10,3,81,148,22,1,2,-1
490308,2282,2025,Lotus,36245,N4RRATE,Sentinels,Fade,1.41,250,19,12,7,81,151,30,1,1,0
490308,2282,2025,Lotus,4004,zekken,Sentinels,Raze,1.08,187,14,12,7,71,144,17,3,7,-4
490308,2282,2025,Lotus,3880,bang,Sentinels,Omen,1.07,199,16,16,5,67,126,33,2,1,1
490308,2282,2025,Lotus,729,Zellsis,Sentinels,Vyse,0.97,158,11,12,8,76,119,27,0,3,-3
490308,2282,2025,Lotus,14125,Spring,Wolves Esports,Viper,1.12,270,19,17,8,76,173,39,5,0,5
490308,2282,2025,Lotus,7849,SiuFatBB,Wolves Esports,Fade,0.81,140,11,14,5,57,93,28,1,2,-1
490308,2282,2025,Lotus,11218,Yuicaw,Wolves Esports,Killjoy,0.76,159,12,15,2,62,100,15,2,2,0
490308,2282,2025,Lotus,7426,Juicy,Wolves Esports,Raze,0.7,166,13,16,3,62,102,26,6,3,3
490308,2282,2025,Lotus,37489,Lysoar,Wolves Esports,Omen,0.57,97,7,15,6,71,61,6,0,0,0
498633,2282,2025,Lotus,3885,valyn,G2 Esports,Omen,1.16,196,18,16,9,70,125,20,1,1,0
498633,2282,2025,Lotus,7873,leaf,G2 Esports,Viper,1.05,208,17,17,4,65,138,18,1,3,-2
498633,2282,2025,Lotus,15500,trent,G2 Esports,Tejo,1.04,202,16,15,6,78,133,38,3,2,1
498633,2282,2025,Lotus,4581,JonahP,G2 Esports,Fade,0.7,173,12,18,9,78,102,21,1,4,-3
498633,2282,2025,Lotus,3993,jawgemo,G2 Esports,Yoru,0.38,150,11,21,2,57,108,23,1,6,-5
498633,2282,2025,Lotus,458,Chronicle,FNATIC,Viper,1.77,354,27,13,10,96,232,25,2,0,2
498633,2282,2025,Lotus,9810,Alfajer,FNATIC,Killjoy,1.62,284,25,14,2,87,192,46,9,0,9
498633,2282,2025,Lotus,9554,kaajak,FNATIC,Raze,0.97,188,17,15,2,70,118,28,2,5,-3
498633,2282,2025,Lotus,4,crashies,FNATIC,Fade,0.73,134,11,16,6,70,89,18,1,0,1
498633,2282,2025,Lotus,438,Boaster,FNATIC,Omen,0.6,105,7,16,10,70,76,24,2,2,0
498633,2282,2025,Split,15500,trent,G2 Esports,Fade,1.28,223,19,16,6,74,130,28,1,1,0
498633,2282,2025,Split,4581,JonahP,G2 Esports,Breach,1.07,197,14,17,14,83,120,24,0,1,-1
498633,2282,2025,Split,3993,jawgemo,G2 Esports,Yoru,0.8,174,13,18,2,65,112,16,3,8,-5
498633,2282,2025,Split,7873,leaf,G2 Esports,Viper,0.68,215,18,22,3,61,124,25,2,4,-2
498633,2282,2025,Split,3885,valyn,G2 Esports,Omen,0.56,133,9,21,13,61,89,20,0,3,-3
498633,2282,2025,Split,438,Boaster,FNATIC,Astra,1.43,241,21,14,10,87,170,33,4,0,4
498633,2282,2025,Split,9810,Alfajer,FNATIC,Raze,1.35,272,21,13,7,83,184,29,6,3,3
498633,2282,2025,Split,458,Chronicle,FNATIC,Viper,1.13,236,20,16,7,83,156,21,2,1,1
498633,2282,2025,Split,9554,kaajak,FNATIC,Yoru,1.09,220,20,16,5,78,148,43,2,2,0
498633,2282,2025,Split,4,crashies,FNATIC,Fade,0.77,149,12,14,8,78,110,39,3,0,3
490307,2282,2025,Icebox,48878,rushia,Bilibili Gaming,Harbor,1.49,263,22,15,10,83,173,38,3,1,2
490307,2282,2025,Icebox,4885,whzy,Bilibili Gaming,Jett,1.25,252,22,15,1,57,151,38,5,5,0
490307,2282,2025,Icebox,40845,Levius,Bilibili Gaming,Killjoy,1.21,219,17,15,4,83,162,23,2,2,0
490307,2282,2025,Icebox,10698,nephh,Bilibili Gaming,Viper,1.0,202,14,16,11,78,129,13,2,1,1
490307,2282,2025,Icebox,4774,Knight,Bilibili Gaming,Sova,0.76,106,7,11,4,70,82,19,1,1,0
490307,2282,2025,Icebox,11494,keiko,Team Liquid,Harbor,1.07,197,18,13,3,74,140,56,2,2,0
490307,2282,2025,Icebox,309,paTiTek,Team Liquid,Kayo,0.91,198,16,17,4,61,112,16,2,2,0
490307,2282,2025,Icebox,14681,kamo,Team Liquid,Clove,0.88,214,17,19,8,78,152,40,3,5,-2
490307,2282,2025,Icebox,7716,penny,Team Liquid,Omen,0.66,142,10,16,7,65,94,14,2,3,-1
490307,2282,2025,Icebox,18162,Serial,Team Liquid,Gekko,0.48,128,10,17,2,52,88,65,1,1,0
490307,2282,2025,Haven,4885,whzy,Bilibili Gaming,Neon,1.25,281,29,22,8,80,177,28,6,5,1
490307,2282,2025,Haven,10698,nephh,Bilibili Gaming,Breach,1.05,210,21,20,13,73,137,29,2,4,-2
490307,2282,2025,Haven,4774,Knight,Bilibili Gaming,Sova,1.04,179,18,18,8,73,128,25,2,2,0
490307,2282,2025,Haven,48878,rushia,Bilibili Gaming,Omen,0.91,202,18,22,15,73,140,18,3,2,1
490307,2282,2025,Haven,40845,Levius,Bilibili Gaming,Cypher,0.64,162,19,23,5,67,112,44,0,4,-4
490307,2282,2025,Haven,7716,penny,Team Liquid,Phoenix,1.61,289,30,18,15,73,207,29,3,3,0
490307,2282,2025,Haven,11494,keiko,Team Liquid,Omen,1.27,225,25,21,8,77,145,42,4,1,3
490307,2282,2025,Haven,14681,kamo,Team Liquid,Neon,1.08,249,26,24,9,77,142,43,5,4,1
490307,2282,2025,Haven,18162,Serial,Team Liquid,Killjoy,0.97,186,20,21,6,67,133,46,4,1,3
490307,2282,2025,Haven,309,paTiTek,Team Liquid,Sova,0.37,68,4,21,5,63,54,19,1,4,-3
490307,2282,2025,Sunset,48878,rushia,Bilibili Gaming,Omen,1.35,232,18,12,8,78,144,40,5,1,4
490307,2282,2025,Sunset,4774,Knight,Bilibili Gaming,Sova,1.28,199,17,13,7,78,138,35,2,0,2
490307,2282,2025,Sunset,10698,nephh,Bilibili Gaming,Kayo,1.1,197,15,14,15,83,134,21,1,1,0
490307,2282,2025,Sunset,40845,Levius,Bilibili Gaming,Cypher,1.03,155,14,12,6,78,110,14,2,2,0
490307,2282,2025,Sunset,4885,whzy,Bilibili Gaming,Neon,0.96,210,18,17,6,70,138,29,4,5,-1
490307,2282,2025,Sunset,309,paTiTek,Team Liquid,Sova,1.22,236,18,14,5,83,154,18,0,0,0
490307,2282,2025,Sunset,18162,Serial,Team Liquid,Cypher,1.02,208,17,18,5,57,135,50,4,2,2
490307,2282,2025,Sunset,14681,kamo,Team Liquid,Neon,0.73,158,12,17,5,43,118,27,2,5,-3
490307,2282,2025,Sunset,7716,penny,Team Liquid,Omen,0.65,117,9,17,4,74,81,26,2,2,0
490307,2282,2025,Sunset,11494,keiko,Team Liquid,Iso,0.65,127,12,16,3,65,93,40,1,5,-4
498621,2282,2025,Sunset,37927,happywei,Xi Lai Gaming,Cypher,1.23,297,18,17,3,68,189,43,5,1,4
498621,2282,2025,Sunset,22047,Rarga,Xi Lai Gaming,Neon,1.13,215,15,13,4,68,134,52,2,5,-3
498621,2282,2025,Sunset,12365,coconut,Xi Lai Gaming,Omen,0.67,128,8,15,4,68,90,19,0,2,-2
498621,2282,2025,Sunset,37017,Midi,Xi Lai Gaming,Breach,0.46,119,8,16,6,63,71,20,0,0,0
498621,2282,2025,Sunset,36415,Viva,Xi Lai Gaming,Sova,0.27,107,6,18,2,37,74,25,2,2,0
498621,2282,2025,Sunset,4004,zekken,Sentinels,Neon,1.95,401,27,10,6,89,259,34,5,4,1
498621,2282,2025,Sunset,1265,johnqt,Sentinels,Breach,1.43,249,18,10,10,89,149,24,1,0,1
498621,2282,2025,Sunset,36245,N4RRATE,Sentinels,Fade,1.23,222,14,10,6,89,145,16,2,1,1
498621,2282,2025,Sunset,3880,bang,Sentinels,Omen,0.79,158,12,13,6,84,93,36,2,2,0
498621,2282,2025,Sunset,729,Zellsis,Sentinels,Cypher,0.75,116,8,12,3,63,93,13,0,2,-2
498621,2282,2025,Lotus,36415,Viva,Xi Lai Gaming,Sova,0.95,194,11,16,9,68,146,27,0,0,0
498621,2282,2025,Lotus,37927,happywei,Xi Lai Gaming,Cypher,0.93,179,11,15,4,63,125,40,2,2,0
498621,2282,2025,Lotus,12365,coconut,Xi Lai Gaming,Omen,0.74,155,12,15,6,68,88,45,1,3,-2
498621,2282,2025,Lotus,22047,Rarga,Xi Lai Gaming,Neon,0.59,165,12,17,2,63,105,28,4,4,0
498621,2282,2025,Lotus,37017,Midi,Xi Lai Gaming,Breach,0.5,149,9,16,3,68,97,34,2,1,1
498621,2282,2025,Lotus,1265,johnqt,Sentinels,Viper,1.46,239,16,10,10,89,166,36,1,0,1
498621,2282,2025,Lotus,3880,bang,Sentinels,Omen,1.42,239,18,11,9,95,114,31,2,0,2
498621,2282,2025,Lotus,729,Zellsis,Sentinels,Vyse,1.25,241,16,11,8,79,147,30,4,3,1
498621,2282,2025,Lotus,4004,zekken,Sentinels,Raze,1.13,200,14,10,3,79,125,13,3,5,-2
498621,2282,2025,Lotus,36245,N4RRATE,Sentinels,Fade,1.05,240,15,13,10,95,153,23,0,1,-1
498628,2282,2025,Sunset,9801,f0rsakeN,Paper Rex,Omen,1.35,255,22,17,7,67,164,31,2,3,-1
498628,2282,2025,Sunset,9803,d4v41,Paper Rex,Sage,1.04,167,16,14,9,75,99,33,0,2,-2
498628,2282,2025,Sunset,7378,Jinggg,Paper Rex,Raze,0.97,205,15,17,9,71,144,22,4,3,1
498628,2282,2025,Sunset,13744,PatMen,Paper Rex,Viper,0.94,190,16,17,6,67,125,48,2,4,-2
498628,2282,2025,Sunset,17086,something,Paper Rex,Sova,0.9,171,14,16,3,71,112,18,1,3,-2
498628,2282,2025,Sunset,9810,Alfajer,FNATIC,Cypher,1.24,264,23,18,4,67,169,35,4,1,3
498628,2282,2025,Sunset,9554,kaajak,FNATIC,Neon,1.07,265,24,20,0,75,170,41,5,5,0
498628,2282,2025,Sunset,4,crashies,FNATIC,Sova,0.84,178,13,16,4,75,121,37,3,0,3
498628,2282,2025,Sunset,458,Chronicle,FNATIC,Viper,0.84,140,11,13,2,63,99,25,3,0,3
498628,2282,2025,Sunset,438,Boaster,FNATIC,Omen,0.72,120,10,16,10,63,77,29,0,3,-3
498628,2282,2025,Icebox,9803,d4v41,Paper Rex,Killjoy,1.25,222,29,21,3,59,153,27,1,5,-4
498628,2282,2025,Icebox,7378,Jinggg,Paper Rex,Omen,1.1,223,23,22,10,66,166,31,2,4,-2
498628,2282,2025,Icebox,13744,PatMen,Paper Rex,Viper,0.89,192,22,25,1,59,128,33,3,3,0
498628,2282,2025,Icebox,17086,something,Paper Rex,Jett,0.85,168,18,23,5,69,106,28,4,5,-1
498628,2282,2025,Icebox,9801,f0rsakeN,Paper Rex,Sova,0.67,170,16,27,7,63,117,17,2,3,-1
498628,2282,2025,Icebox,9554,kaajak,FNATIC,Jett,1.29,278,32,23,4,81,166,27,11,3,8
498628,2282,2025,Icebox,4,crashies,FNATIC,Sova,1.19,201,26,19,7,69,140,35,1,1,0
498628,2282,2025,Icebox,458,Chronicle,FNATIC,Sage,1.13,207,24,19,15,69,135,27,2,2,0
498628,2282,2025,Icebox,9810,Alfajer,FNATIC,Killjoy,0.84,217,25,25,2,69,145,34,4,2,2
498628,2282,2025,Icebox,438,Boaster,FNATIC,Viper,0.76,124,11,22,16,75,99,18,2,4,-2
498628,2282,2025,Pearl,9803,d4v41,Paper Rex,Vyse,1.33,230,20,11,4,91,153,23,3,3,0
498628,2282,2025,Pearl,9801,f0rsakeN,Paper Rex,Astra,1.32,228,20,14,14,78,160,41,1,0,1
498628,2282,2025,Pearl,7378,Jinggg,Paper Rex,Raze,1.07,217,15,14,6,70,136,15,3,3,0
498628,2282,2025,Pearl,13744,PatMen,Paper Rex,Fade,0.96,156,13,13,8,74,94,16,0,0,0
498628,2282,2025,Pearl,17086,something,Paper Rex,Yoru,0.77,162,14,17,6,65,114,28,5,5,0
498628,2282,2025,Pearl,9810,Alfajer,FNATIC,Neon,1.18,269,22,19,5,70,173,20,4,5,-1
498628,2282,2025,Pearl,438,Boaster,FNATIC,Astra,1.01,195,14,16,11,70,128,22,4,1,3
498628,2282,2025,Pearl,458,Chronicle,FNATIC,Killjoy,0.97,167,14,15,4,57,110,17,0,2,-2
498628,2282,2025,Pearl,4,crashies,FNATIC,Sova,0.95,152,11,14,6,61,112,33,1,0,1
498628,2282,2025,Pearl,9554,kaajak,FNATIC,Yoru,0.54,100,8,18,4,57,84,32,2,4,-2
498628,2282,2025,Lotus,9801,f0rsakeN,Paper Rex,Omen,1.26,239,23,17,4,73,164,26,2,2,0
498628,2282,2025,Lotus,17086,something,Paper Rex,Yoru,1.06,238,22,21,4,65,155,26,5,2,3
498628,2282,2025,Lotus,13744,PatMen,Paper Rex,Fade,0.98,160,16,17,9,69,115,41,0,3,-3
498628,2282,2025,Lotus,7378,Jinggg,Paper Rex,Raze,0.95,182,16,16,3,65,125,28,3,3,0
498628,2282,2025,Lotus,9803,d4v41,Paper Rex,Vyse,0.84,158,12,18,12,81,109,20,4,2,2
498628,2282,2025,Lotus,9810,Alfajer,FNATIC,Killjoy,1.49,330,29,17,2,77,214,46,5,3,2
498628,2282,2025,Lotus,458,Chronicle,FNATIC,Viper,1.41,276,26,17,4,77,191,26,2,1,1
498628,2282,2025,Lotus,9554,kaajak,FNATIC,Raze,0.83,178,17,19,2,69,104,23,4,4,0
498628,2282,2025,Lotus,4,crashies,FNATIC,Fade,0.66,127,11,19,10,65,92,33,0,1,-1
498628,2282,2025,Lotus,438,Boaster,FNATIC,Omen,0.48,77,6,17,9,69,45,19,1,5,-4
498626,2282,2025,Split,14125,Spring,Wolves Esports,Viper,1.45,239,19,12,6,88,163,24,1,2,-1
498626,2282,2025,Split,11218,Yuicaw,Wolves Esports,Cypher,1.26,204,18,14,2,75,143,33,3,1,2
498626,2282,2025,Split,37489,Lysoar,Wolves Esports,Omen,1.2,221,19,15,8,75,140,26,3,0,3
498626,2282,2025,Split,7849,SiuFatBB,Wolves Esports,Fade,0.88,146,13,14,4,83,98,24,1,1,0
498626,2282,2025,Split,7426,Juicy,Wolves Esports,Raze,0.62,144,12,17,3,50,99,20,3,9,-6
498626,2282,2025,Split,34974,Karon,Gen.G,Omen,1.46,229,20,12,12,83,146,28,1,2,-1
498626,2282,2025,Split,9196,t3xture,Gen.G,Neon,1.0,225,19,17,3,71,124,32,8,4,4
498626,2282,2025,Split,11600,Foxy9,Gen.G,Deadlock,0.84,199,18,19,6,67,117,26,3,1,2
498626,2282,2025,Split,2489,Munchkin,Gen.G,Viper,0.59,137,9,18,12,75,97,11,0,2,-2
498626,2282,2025,Split,25017,Ash,Gen.G,Tejo,0.46,64,5,15,3,63,49,14,1,2,-1
498626,2282,2025,Sunset,7849,SiuFatBB,Wolves Esports,Sova,1.29,193,17,11,6,77,137,37,1,2,-1
498626,2282,2025,Sunset,14125,Spring,Wolves Esports,Omen,1.19,237,18,16,13,73,155,37,2,2,0
498626,2282,2025,Sunset,37489,Lysoar,Wolves Esports,Cypher,1.07,173,13,14,5,64,116,24,4,0,4
498626,2282,2025,Sunset,11218,Yuicaw,Wolves Esports,Raze,0.95,226,18,18,3,59,155,26,3,2,1
498626,2282,2025,Sunset,7426,Juicy,Wolves Esports,Yoru,0.72,139,11,16,5,68,108,33,4,2,2
498626,2282,2025,Sunset,9196,t3xture,Gen.G,Neon,1.44,298,25,16,6,86,200,34,4,4,0
498626,2282,2025,Sunset,25017,Ash,Gen.G,Sova,1.25,232,19,15,5,77,163,47,1,0,1
498626,2282,2025,Sunset,2489,Munchkin,Gen.G,Viper,0.89,165,11,13,6,68,114,21,1,3,-2
498626,2282,2025,Sunset,34974,Karon,Gen.G,Omen,0.78,157,11,16,8,73,98,28,1,2,-1
498626,2282,2025,Sunset,11600,Foxy9,Gen.G,Deadlock,0.45,114,9,17,4,64,71,38,1,5,-4
498625,2282,2025,Split,3880,bang,Sentinels,Omen,1.12,240,13,13,4,63,147,41,2,2,0
498625,2282,2025,Split,36245,N4RRATE,Sentinels,Breach,1.07,230,13,15,7,81,146,29,0,2,-2
498625,2282,2025,Split,4004,zekken,Sentinels,Yoru,0.77,209,11,15,5,69,126,17,5,4,1
498625,2282,2025,Split,729,Zellsis,Sentinels,Viper,0.54,110,5,14,6,56,85,22,0,1,-1
498625,2282,2025,Split,1265,johnqt,Sentinels,Skye,0.26,93,4,15,5,63,68,21,0,0,0
498625,2282,2025,Split,13744,PatMen,Paper Rex,Fade,1.49,234,14,7,5,94,159,33,0,1,-1
498625,2282,2025,Split,7378,Jinggg,Paper Rex,Raze,1.37,257,16,9,1,88,172,36,1,2,-1
498625,2282,2025,Split,9801,f0rsakeN,Paper Rex,Omen,1.27,180,11,8,14,88,132,48,0,2,-2
498625,2282,2025,Split,17086,something,Paper Rex,Yoru,1.2,297,17,12,2,81,167,24,7,1,6
498625,2282,2025,Split,9803,d4v41,Paper Rex,Viper,1.08,246,14,10,3,81,164,16,1,1,0
498625,2282,2025,Sunset,4004,zekken,Sentinels,Neon,1.25,247,21,16,4,63,138,15,5,4,1
498625,2282,2025,Sunset,36245,N4RRATE,Sentinels,Fade,1.12,226,16,17,13,83,144,24,2,0,2
498625,2282,2025,Sunset,1265,johnqt,Sentinels,Breach,1.0,159,14,15,8,63,115,30,2,2,0
498625,2282,2025,Sunset,3880,bang,Sentinels,Omen,0.96,202,16,17,9,71,120,29,3,0,3
498625,2282,2025,Sunset,729,Zellsis,Sentinels,Cypher,0.67,142,11,18,6,58,89,15,2,4,-2
498625,2282,2025,Sunset,17086,something,Paper Rex,Sova,1.18,186,16,13,8,83,123,28,0,1,-1
498625,2282,2025,Sunset,9803,d4v41,Paper Rex,Sage,1.13,177,18,13,3,75,125,23,0,1,-1
498625,2282,2025,Sunset,7378,Jinggg,Paper Rex,Raze,1.11,285,23,18,3,67,183,22,5,6,-1
498625,2282,2025,Sunset,13744,PatMen,Paper Rex,Viper,0.84,182,15,17,5,63,110,26,3,4,-1
498625,2282,2025,Sunset,9801,f0rsakeN,Paper Rex,Omen,0.8,157,11,17,11,71,108,16,2,2,0
498631,2282,2025,Lotus,2489,Munchkin,Gen.G,Viper,1.0,223,14,16,3,60,148,39,2,2,0
498631,2282,2025,Lotus,34974,Karon,Gen.G,Omen,0.83,160,11,17,6,65,103,28,1,2,-1
498631,2282,2025,Lotus,9196,t3xture,Gen.G,Raze,0.73,142,12,15,1,50,84,22,4,5,-1
498631,2282,2025,Lotus,25017,Ash,Gen.G,Fade,0.63,169,11,17,3,45,120,27,0,1,-1
498631,2282,2025,Lotus,11600,Foxy9,Gen.G,Vyse,0.53,142,9,17,6,65,82,63,2,1,1
498631,2282,2025,Lotus,3993,jawgemo,G2 Esports,Yoru,1.48,285,19,12,9,85,179,21,7,3,4
498631,2282,2025,Lotus,3885,valyn,G2 Esports,Omen,1.31,239,20,11,6,85,152,51,1,2,-1
498631,2282,2025,Lotus,7873,leaf,G2 Esports,Viper,1.25,188,15,11,9,85,133,40,1,0,1
498631,2282,2025,Lotus,4581,JonahP,G2 Esports,Fade,1.18,190,14,11,12,80,127,25,1,2,-1
498631,2282,2025,Lotus,15500,trent,G2 Esports,Tejo,1.04,204,14,12,6,90,131,37,1,2,-1
498631,2282,2025,Haven,9196,t3xture,Gen.G,Neon,1.28,248,22,14,5,79,154,26,5,4,1
498631,2282,2025,Haven,2489,Munchkin,Gen.G,Viper,1.12,244,20,17,7,79,165,30,4,3,1
498631,2282,2025,Haven,25017,Ash,Gen.G,Sova,1.03,170,16,13,8,79,115,32,0,0,0
498631,2282,2025,Haven,34974,Karon,Gen.G,Omen,1.03,183,16,13,4,71,132,36,3,2,1
498631,2282,2025,Haven,11600,Foxy9,Gen.G,Killjoy,0.75,143,12,16,5,67,101,25,3,0,3
498631,2282,2025,Haven,7873,leaf,G2 Esports,Vyse,1.21,188,16,15,6,79,128,17,1,2,-1
498631,2282,2025,Haven,4581,JonahP,G2 Esports,Viper,1.17,225,20,17,6,75,143,22,1,4,-3
498631,2282,2025,Haven,15500,trent,G2 Esports,Fade,1.01,192,16,17,5,71,135,40,2,3,-1
498631,2282,2025,Haven,3885,valyn,G2 Esports,Omen,0.67,106,7,17,10,71,74,15,0,1,-1
498631,2282,2025,Haven,3993,jawgemo,G2 Esports,Yoru,0.66,172,14,20,1,58,123,17,5,5,0
498631,2282,2025,Icebox,25017,Ash,Gen.G,Sova,1.14,207,18,15,4,67,131,25,3,2,1
498631,2282,2025,Icebox,9196,t3xture,Gen.G,Jett,1.0,242,21,17,3,67,157,33,2,3,-1
498631,2282,2025,Icebox,2489,Munchkin,Gen.G,Viper,0.87,219,17,18,6,79,148,24,4,4,0
498631,2282,2025,Icebox,11600,Foxy9,Gen.G,Killjoy,0.73,156,13,17,3,63,111,28,2,1,1
498631,2282,2025,Icebox,34974,Karon,Gen.G,Omen,0.56,102,9,18,4,67,66,33,1,2,-1
498631,2282,2025,Icebox,7873,leaf,G2 Esports,Killjoy,1.39,284,24,16,6,79,197,21,1,1,0
498631,2282,2025,Icebox,15500,trent,G2 Esports,Sova,1.19,207,19,16,5,75,132,41,2,0,2
498631,2282,2025,Icebox,3993,jawgemo,G2 Esports,Sage,1.13,185,16,15,10,92,127,30,2,3,-1
498631,2282,2025,Icebox,3885,valyn,G2 Esports,Omen,1.1,211,17,15,7,71,127,16,6,4,2
498631,2282,2025,Icebox,4581,JonahP,G2 Esports,Viper,0.68,125,9,16,7,67,95,23,1,4,-3
498623,2282,2025,Ascent,4866,Kushy,Rex Regum Qeon,Sova,1.33,251,23,16,5,88,159,43,0,0,0
498623,2282,2025,Ascent,8497,Monyet,Rex Regum Qeon,Omen,1.01,200,15,17,11,75,132,27,3,2,1
498623,2282,2025,Ascent,24895,Jemkin,Rex Regum Qeon,Jett,0.97,202,16,17,5,75,141,37,5,5,0
498623,2282,2025,Ascent,1430,crazyguy,Rex Regum Qeon,Kayo,0.76,137,10,15,12,75,89,13,2,3,-1
498623,2282,2025,Ascent,4871,xffero,Rex Regum Qeon,Cypher,0.73,170,15,19,5,67,113,41,1,3,-2
498623,2282,2025,Ascent,14125,Spring,Wolves Esports,Omen,1.2,225,18,13,11,88,148,19,3,2,1
498623,2282,2025,Ascent,7849,SiuFatBB,Wolves Esports,Sova,1.14,193,17,13,3,71,120,22,3,1,2
498623,2282,2025,Ascent,11218,Yuicaw,Wolves Esports,Cypher,1.02,200,19,18,6,71,128,31,2,4,-2
498623,2282,2025,Ascent,7426,Juicy,Wolves Esports,Yoru,1.0,233,17,17,8,67,170,26,4,3,1
498623,2282,2025,Ascent,37489,Lysoar,Wolves Esports,Deadlock,0.66,146,13,18,8,83,93,32,1,1,0
498623,2282,2025,Icebox,8497,Monyet,Rex Regum Qeon,Viper,1.22,227,17,13,7,76,136,27,0,1,-1
498623,2282,2025,Icebox,24895,Jemkin,Rex Regum Qeon,Jett,1.09,280,19,17,6,76,195,24,5,4,1
498623,2282,2025,Icebox,4871,xffero,Rex Regum Qeon,Killjoy,1.0,178,14,14,5,71,131,26,0,0,0
498623,2282,2025,Icebox,4866,Kushy,Rex Regum Qeon,Sova,0.73,129,10,15,3,71,89,38,0,1,-1
498623,2282,2025,Icebox,1430,crazyguy,Rex Regum Qeon,Omen,0.46,120,9,17,4,62,73,45,3,7,-4
498623,2282,2025,Icebox,7426,Juicy,Wolves Esports,Jett,1.51,302,23,14,4,76,190,28,8,2,6
498623,2282,2025,Icebox,37489,Lysoar,Wolves Esports,Killjoy,1.32,232,18,13,5,71,171,26,0,0,0
498623,2282,2025,Icebox,14125,Spring,Wolves Esports,Viper,0.98,219,17,17,4,62,150,33,2,0,2
498623,2282,2025,Icebox,11218,Yuicaw,Wolves Esports,Gekko,0.83,147,10,13,9,71,108,22,3,5,-2
498623,2282,2025,Icebox,7849,SiuFatBB,Wolves Esports,Sova,0.76,115,8,12,4,67,82,29,0,1,-1
490313,2282,2025,Icebox,11494,keiko,Team Liquid,Harbor,1.27,193,14,10,3,63,122,44,1,1,0
490313,2282,2025,Icebox,457,nAts,Team Liquid,Viper,1.16,242,15,13,5,79,158,25,4,1,3
490313,2282,2025,Icebox,7716,penny,Team Liquid,Jett,1.12,198,15,12,3,84,124,20,6,0,6
490313,2282,2025,Icebox,309,paTiTek,Team Liquid,Sova,0.95,187,13,13,2,63,126,31,1,2,-1
490313,2282,2025,Icebox,14681,kamo,Team Liquid,Chamber,0.82,154,11,11,2,74,105,36,1,2,-1
490313,2282,2025,Icebox,21668,Verno,MIBR,Sova,1.26,231,16,12,6,74,155,21,3,0,3
490313,2282,2025,Icebox,5957,artzin,MIBR,Harbor,1.0,183,12,13,8,79,125,27,0,3,-3
490313,2282,2025,Icebox,20240,xenom,MIBR,Viper,0.87,169,12,14,4,74,125,37,0,2,-2
490313,2282,2025,Icebox,5395,cortezia,MIBR,Killjoy,0.63,156,10,14,2,68,101,23,2,4,-2
490313,2282,2025,Icebox,8480,aspas,MIBR,Jett,0.53,158,9,15,4,53,105,14,1,4,-3
490313,2282,2025,Sunset,11494,keiko,Team Liquid,Omen,1.39,208,17,10,6,80,138,57,1,1,0
490313,2282,2025,Sunset,14681,kamo,Team Liquid,Neon,1.2,243,17,15,6,85,159,26,6,3,3
490313,2282,2025,Sunset,457,nAts,Team Liquid,Viper,1.19,238,18,14,7,75,166,32,1,1,0
490313,2282,2025,Sunset,18162,Serial,Team Liquid,Cypher,1.02,176,14,10,0,80,107,29,2,2,0
490313,2282,2025,Sunset,309,paTiTek,Team Liquid,Sova,0.87,183,12,16,10,75,131,30,3,0,3
490313,2282,2025,Sunset,21668,Verno,MIBR,Sova,1.35,284,19,16,9,90,196,33,0,1,-1
490313,2282,2025,Sunset,5395,cortezia,MIBR,Cypher,0.92,179,12,14,5,65,141,43,2,3,-1
490313,2282,2025,Sunset,20240,xenom,MIBR,Omen,0.88,196,15,16,4,75,111,30,1,5,-4
490313,2282,2025,Sunset,8480,aspas,MIBR,Raze,0.62,148,10,15,3,75,100,16,2,2,0
490313,2282,2025,Sunset,5957,artzin,MIBR,Gekko,0.4,143,9,17,6,70,102,19,2,2,0
498627,2282,2025,Lotus,9803,d4v41,Paper Rex,Vyse,1.49,279,26,16,10,77,190,28,3,1,2
498627,2282,2025,Lotus,9801,f0rsakeN,Paper Rex,Omen,1.44,266,25,18,11,85,180,32,4,3,1
498627,2282,2025,Lotus,7378,Jinggg,Paper Rex,Raze,1.06,222,20,19,6,65,145,30,4,1,3
498627,2282,2025,Lotus,17086,something,Paper Rex,Yoru,0.85,154,16,18,9,85,88,30,3,6,-3
498627,2282,2025,Lotus,13744,PatMen,Paper Rex,Fade,0.71,144,11,18,12,62,90,14,1,0,1
498627,2282,2025,Lotus,11218,Yuicaw,Wolves Esports,Killjoy,1.26,243,24,17,2,69,160,26,3,0,3
498627,2282,2025,Lotus,14125,Spring,Wolves Esports,Viper,1.02,217,18,19,9,81,161,30,2,3,-1
498627,2282,2025,Lotus,7849,SiuFatBB,Wolves Esports,Fade,0.94,149,15,17,5,65,100,24,0,1,-1
498627,2282,2025,Lotus,7426,Juicy,Wolves Esports,Raze,0.72,207,19,23,4,69,125,11,1,5,-4
498627,2282,2025,Lotus,37489,Lysoar,Wolves Esports,Omen,0.63,164,13,22,11,81,99,31,5,6,-1
498627,2282,2025,Ascent,17086,something,Paper Rex,Jett,1.33,246,19,13,5,76,148,12,5,5,0
498627,2282,2025,Ascent,9801,f0rsakeN,Paper Rex,Fade,1.15,211,15,15,8,71,130,15,4,1,3
498627,2282,2025,Ascent,13744,PatMen,Paper Rex,Kayo,1.04,212,14,15,11,90,137,24,0,0,0
498627,2282,2025,Ascent,9803,d4v41,Paper Rex,Viper,1.03,180,14,15,4,67,135,26,0,1,-1
498627,2282,2025,Ascent,7378,Jinggg,Paper Rex,Omen,0.97,188,15,14,6,81,121,30,2,3,-1
498627,2282,2025,Ascent,14125,Spring,Wolves Esports,Omen,1.2,254,17,15,9,86,176,28,3,1,2
498627,2282,2025,Ascent,7426,Juicy,Wolves Esports,Yoru,1.01,253,18,16,8,76,155,28,3,1,2
498627,2282,2025,Ascent,11218,Yuicaw,Wolves Esports,Cypher,0.8,165,11,15,6,57,107,31,2,3,-1
498627,2282,2025,Ascent,7849,SiuFatBB,Wolves Esports,Sova,0.78,142,13,14,3,76,91,39,0,2,-2
498627,2282,2025,Ascent,37489,Lysoar,Wolves Esports,Deadlock,0.77,171,13,17,4,67,106,43,2,4,-2
490306,2282,2025,Sunset,11600,Foxy9,Gen.G,Deadlock,1.43,237,18,8,3,94,143,42,3,1,2
490306,2282,2025,Sunset,34974,Karon,Gen.G,Omen,1.34,306,21,11,4,78,223,44,2,3,-1
490306,2282,2025,Sunset,25017,Ash,Gen.G,Sova,1.3,207,14,8,2,83,152,29,1,0,1
490306,2282,2025,Sunset,9196,t3xture,Gen.G,Neon,1.29,261,16,10,7,78,185,26,5,0,5
490306,2282,2025,Sunset,2489,Munchkin,Gen.G,Viper,1.0,176,11,9,6,83,126,30,1,2,-1
490306,2282,2025,Sunset,21668,Verno,MIBR,Sova,1.37,259,16,14,3,50,156,22,0,1,-1
490306,2282,2025,Sunset,5395,cortezia,MIBR,Cypher,0.65,154,9,17,4,44,111,24,2,3,-1
490306,2282,2025,Sunset,20240,xenom,MIBR,Omen,0.54,125,7,17,2,56,89,35,3,1,2
490306,2282,2025,Sunset,8480,aspas,MIBR,Neon,0.51,120,7,16,4,50,79,17,0,3,-3
490306,2282,2025,Sunset,5957,artzin,MIBR,Breach,0.41,108,7,16,3,56,68,35,1,4,-3
490306,2282,2025,Haven,9196,t3xture,Gen.G,Neon,1.73,340,19,7,2,79,210,32,5,0,5
490306,2282,2025,Haven,25017,Ash,Gen.G,Sova,1.6,226,12,4,3,93,153,36,2,0,2
490306,2282,2025,Haven,34974,Karon,Gen.G,Omen,1.58,245,13,5,6,100,165,35,1,0,1
490306,2282,2025,Haven,2489,Munchkin,Gen.G,Viper,1.5,238,12,4,4,100,152,28,3,1,2
490306,2282,2025,Haven,11600,Foxy9,Gen.G,Killjoy,1.15,192,11,6,2,79,140,24,0,2,-2
490306,2282,2025,Haven,21668,Verno,MIBR,Sova,0.58,148,5,13,3,64,108,44,0,1,-1
490306,2282,2025,Haven,5395,cortezia,MIBR,Cypher,0.49,167,8,14,1,57,102,50,1,0,1
490306,2282,2025,Haven,20240,xenom,MIBR,Omen,0.46,103,5,13,1,43,75,56,0,2,-2
490306,2282,2025,Haven,8480,aspas,MIBR,Jett,0.43,93,5,13,1,57,63,45,2,6,-4
490306,2282,2025,Haven,5957,artzin,MIBR,Breach,0.14,52,3,14,1,57,34,22,0,2,-2
490312,2282,2025,Pearl,1144,Boo,Team Heretics,Astra,1.08,158,13,12,16,65,85,43,1,1,0
490312,2282,2025,Pearl,10971,RieNs,Team Heretics,Sova,1.01,205,14,15,7,65,148,25,3,1,2
490312,2282,2025,Pearl,18350,MiniBoo,Team Heretics,Yoru,0.95,210,17,16,2,70,123,39,2,1,1
490312,2282,2025,Pearl,21328,Wo0t,Team Heretics,Jett,0.92,206,17,17,2,70,133,22,6,5,1
490312,2282,2025,Pearl,29873,benjyfishy,Team Heretics,Cypher,0.67,141,12,16,4,57,86,21,1,2,-1
490312,2282,2025,Pearl,14125,Spring,Wolves Esports,Astra,1.57,270,24,14,6,83,161,30,5,0,5
490312,2282,2025,Pearl,7426,Juicy,Wolves Esports,Yoru,1.37,258,21,15,4,57,161,40,2,4,-2
490312,2282,2025,Pearl,7849,SiuFatBB,Wolves Esports,Fade,0.86,131,10,14,9,70,76,42,0,2,-2
490312,2282,2025,Pearl,37489,Lysoar,Wolves Esports,Vyse,0.83,137,10,14,12,57,92,27,1,2,-1
490312,2282,2025,Pearl,11218,Yuicaw,Wolves Esports,Chamber,0.64,128,11,16,2,52,85,37,2,5,-3
490312,2282,2025,Lotus,18350,MiniBoo,Team Heretics,Raze,1.04,223,19,17,1,73,126,15,6,2,4
490312,2282,2025,Lotus,10971,RieNs,Team Heretics,Viper,0.99,210,17,16,7,73,124,26,2,4,-2
490312,2282,2025,Lotus,21328,Wo0t,Team Heretics,Fade,0.98,169,11,15,14,73,114,30,0,3,-3
490312,2282,2025,Lotus,29873,benjyfishy,Team Heretics,Killjoy,0.91,200,15,15,2,68,138,32,2,0,2
490312,2282,2025,Lotus,1144,Boo,Team Heretics,Omen,0.9,189,14,15,5,68,119,40,1,2,-1
490312,2282,2025,Lotus,11218,Yuicaw,Wolves Esports,Killjoy,1.36,267,20,14,5,73,176,28,4,0,4
490312,2282,2025,Lotus,7426,Juicy,Wolves Esports,Raze,1.29,226,19,14,5,73,152,22,2,5,-3
490312,2282,2025,Lotus,14125,Spring,Wolves Esports,Viper,1.23,250,20,15,5,59,154,32,4,4,0
490312,2282,2025,Lotus,37489,Lysoar,Wolves Esports,Omen,0.99,191,14,15,15,73,110,18,1,1,0
490312,2282,2025,Lotus,7849,SiuFatBB,Wolves Esports,Fade,0.26,76,5,18,6,73,58,22,0,1,-1
490309,2282,2025,Pearl,10971,RieNs,Team Heretics,Fade,0.54,177,8,12,1,50,105,41,1,2,-1
490309,2282,2025,Pearl,29873,benjyfishy,Team Heretics,Killjoy,0.53,141,6,13,2,64,100,28,2,1,1
490309,2282,2025,Pearl,1144,Boo,Team Heretics,Astra,0.45,105,5,12,7,50,60,46,0,3,-3
490309,2282,2025,Pearl,21328,Wo0t,Team Heretics,Breach,0.41,135,6,12,6,57,76,46,1,2,-1
490309,2282,2025,Pearl,18350,MiniBoo,Team Heretics,Yoru,0.2,85,4,13,1,36,57,71,1,1,0
490309,2282,2025,Pearl,9801,f0rsakeN,Paper Rex,Astra,2.27,324,18,3,8,93,187,47,2,0,2
490309,2282,2025,Pearl,13744,PatMen,Paper Rex,Fade,1.43,187,10,4,6,93,125,43,0,1,-1
490309,2282,2025,Pearl,7378,Jinggg,Paper Rex,Raze,1.4,239,12,6,4,86,154,19,5,1,4
490309,2282,2025,Pearl,17086,something,Paper Rex,Yoru,1.36,246,13,7,3,100,182,29,2,2,0
490309,2282,2025,Pearl,9803,d4v41,Paper Rex,Vyse,1.02,172,9,9,3,86,131,27,0,1,-1
490309,2282,2025,Icebox,21328,Wo0t,Team Heretics,Gekko,1.27,222,17,15,7,68,136,52,1,2,-1
490309,2282,2025,Icebox,29873,benjyfishy,Team Heretics,Killjoy,1.2,233,18,16,1,59,150,39,5,2,3
490309,2282,2025,Icebox,10971,RieNs,Team Heretics,Sova,0.76,174,12,18,5,59,114,29,1,3,-2
490309,2282,2025,Icebox,18350,MiniBoo,Team Heretics,Neon,0.57,152,12,18,3,55,98,38,1,5,-4
490309,2282,2025,Icebox,1144,Boo,Team Heretics,Viper,0.49,106,7,17,7,59,73,26,0,2,-2
490309,2282,2025,Icebox,7378,Jinggg,Paper Rex,Omen,1.48,262,20,13,16,95,152,27,5,0,5
490309,2282,2025,Icebox,9803,d4v41,Paper Rex,Killjoy,1.26,202,18,12,1,77,159,30,0,0,0
490309,2282,2025,Icebox,13744,PatMen,Paper Rex,Viper,1.08,239,20,14,3,73,150,27,2,4,-2
490309,2282,2025,Icebox,17086,something,Paper Rex,Jett,0.94,164,14,13,5,64,112,14,4,2,2
490309,2282,2025,Icebox,9801,f0rsakeN,Paper Rex,Sova,0.87,161,12,14,7,77,112,25,3,2,1
490310,2282,2025,Ascent,7378,Jinggg,Paper Rex,Raze,1.15,243,19,18,8,71,151,12,6,1,5
490310,2282,2025,Ascent,9801,f0rsakeN,Paper Rex,Omen,1.11,264,22,20,7,75,167,32,3,2,1
490310,2282,2025,Ascent,9803,d4v41,Paper Rex,Viper,0.98,200,17,18,8,75,130,31,0,1,-1
490310,2282,2025,Ascent,13744,PatMen,Paper Rex,Fade,0.73,144,14,18,9,75,92,33,1,2,-1
490310,2282,2025,Ascent,17086,something,Paper Rex,Gekko,0.51,145,13,20,4,67,91,33,2,6,-4
490310,2282,2025,Ascent,9196,t3xture,Gen.G,Jett,1.32,313,27,19,2,79,203,33,6,5,1
490310,2282,2025,Ascent,34974,Karon,Gen.G,Omen,1.28,258,24,17,11,79,167,26,2,3,-1
490310,2282,2025,Ascent,11600,Foxy9,Gen.G,Killjoy,1.26,203,18,14,4,79,136,28,2,3,-1
490310,2282,2025,Ascent,25017,Ash,Gen.G,Sova,0.94,134,11,16,14,79,92,30,1,0,1
490310,2282,2025,Ascent,2489,Munchkin,Gen.G,Kayo,0.91,191,14,19,19,71,108,9,1,1,0
490310,2282,2025,Icebox,13744,PatMen,Paper Rex,Viper,1.12,206,12,13,1,63,123,24,1,1,0
490310,2282,2025,Icebox,17086,something,Paper Rex,Jett,0.63,172,9,14,2,44,125,30,3,4,-1
490310,2282,2025,Icebox,9803,d4v41,Paper Rex,Killjoy,0.61,86,4,12,3,38,62,18,0,1,-1
490310,2282,2025,Icebox,7378,Jinggg,Paper Rex,Omen,0.61,173,9,14,1,44,111,19,0,4,-4
490310,2282,2025,Icebox,9801,f0rsakeN,Paper Rex,Sova,0.52,101,5,14,4,56,71,19,1,1,0
490310,2282,2025,Icebox,9196,t3xture,Gen.G,Jett,1.5,278,18,6,1,81,168,23,6,3,3
490310,2282,2025,Icebox,2489,Munchkin,Gen.G,Viper,1.44,310,19,10,4,75,191,32,1,0,1
490310,2282,2025,Icebox,11600,Foxy9,Gen.G,Killjoy,1.24,264,16,10,6,88,155,24,3,0,3
490310,2282,2025,Icebox,25017,Ash,Gen.G,Sova,1.16,147,9,6,4,88,109,37,0,0,0
490310,2282,2025,Icebox,34974,Karon,Gen.G,Omen,0.76,90,5,7,1,69,58,23,1,2,-1
507067,2282,2025,Corrode,31376,tarik,tarik,Reyna,0.0,0,17,18,6,0,0,0,0,0,0
507067,2282,2025,Corrode,37656,Kyedae,tarik,Vyse,0.0,0,15,15,8,0,0,0,0,0,0
507067,2282,2025,Corrode,55809,Vinnie,tarik,Sova,0.0,0,13,15,4,0,0,0,0,0,0
507067,2282,2025,Corrode,55810,joshseki,tarik,Astra,0.0,0,10,16,7,0,0,0,0,0,0
507067,2282,2025,Corrode,35089,Yvonnie,tarik,Sage,0.0,0,6,15,7,0,0,0,0,0,0
507067,2282,2025,Corrode,9,TenZ,Team,Jett,0.0,0,24,14,4,0,0,0,0,0,0
507067,2282,2025,Corrode,3063,meL,Team,Omen,0.0,0,23,9,11,0,0,0,0,0,0
507067,2282,2025,Corrode,48629,Sidsity,Team,Fade,0.0,0,15,12,4,0,0,0,0,0,0
507067,2282,2025,Corrode,55812,Disguised Toast,Team,Cypher,0.0,0,12,12,5,0,0,0,0,0,0
507067,2282,2025,Corrode,55811,Jacob,Team,Gekko,0.0,0,6,13,5,0,0,0,0,0,0
498622,2282,2025,Split,3993,jawgemo,G2 Esports,Yoru,1.11,237,18,16,5,78,167,18,2,3,-1
498622,2282,2025,Split,15500,trent,G2 Esports,Fade,1.1,196,17,15,5,83,123,26,2,3,-1
498622,2282,2025,Split,4581,JonahP,G2 Esports,Breach,1.08,196,15,16,8,87,132,40,1,3,-2
498622,2282,2025,Split,7873,leaf,G2 Esports,Viper,0.84,200,15,18,8,65,129,18,4,2,2
498622,2282,2025,Split,3885,valyn,G2 Esports,Omen,0.83,183,16,19,8,83,105,13,2,1,1
498622,2282,2025,Split,13744,PatMen,Paper Rex,Fade,1.31,249,21,14,7,87,145,27,2,2,0
498622,2282,2025,Split,9801,f0rsakeN,Paper Rex,Omen,1.07,205,14,17,13,74,132,24,3,0,3
498622,2282,2025,Split,17086,something,Paper Rex,Yoru,0.9,194,18,16,0,78,130,24,3,1,2
498622,2282,2025,Split,7378,Jinggg,Paper Rex,Raze,0.88,194,14,17,10,87,145,24,2,4,-2
498622,2282,2025,Split,9803,d4v41,Paper Rex,Viper,0.86,197,17,17,2,57,135,27,2,4,-2
498622,2282,2025,Lotus,15500,trent,G2 Esports,Sova,1.45,263,22,13,6,83,178,31,3,1,2
498622,2282,2025,Lotus,3885,valyn,G2 Esports,Omen,1.06,198,15,17,7,75,133,30,1,1,0
498622,2282,2025,Lotus,3993,jawgemo,G2 Esports,Neon,0.96,213,18,19,4,54,153,37,6,4,2
498622,2282,2025,Lotus,7873,leaf,G2 Esports,Viper,0.79,185,14,17,7,67,117,27,1,3,-2
498622,2282,2025,Lotus,4581,JonahP,G2 Esports,Breach,0.56,112,9,16,11,67,64,15,1,3,-2
498622,2282,2025,Lotus,7378,Jinggg,Paper Rex,Raze,1.18,231,20,15,4,63,147,18,1,3,-2
498622,2282,2025,Lotus,17086,something,Paper Rex,Yoru,1.14,246,19,17,8,79,146,33,7,3,4
498622,2282,2025,Lotus,9801,f0rsakeN,Paper Rex,Omen,1.07,185,14,15,11,75,123,23,1,5,-4
498622,2282,2025,Lotus,9803,d4v41,Paper Rex,Vyse,1.05,172,16,16,5,71,113,26,3,0,3
498622,2282,2025,Lotus,13744,PatMen,Paper Rex,Fade,0.96,161,13,15,13,71,122,33,0,1,-1
498634,2282,2025,Split,7426,Juicy,Wolves Esports,Raze,1.05,215,16,16,2,64,140,24,4,4,0
498634,2282,2025,Split,37489,Lysoar,Wolves Esports,Omen,1.02,188,15,17,7,77,126,37,2,0,2
498634,2282,2025,Split,14125,Spring,Wolves Esports,Viper,0.99,231,17,16,3,64,149,25,4,4,0
498634,2282,2025,Split,7849,SiuFatBB,Wolves Esports,Fade,0.96,166,12,15,8,68,112,23,1,0,1
498634,2282,2025,Split,11218,Yuicaw,Wolves Esports,Cypher,0.44,111,8,18,0,41,81,28,1,2,-1
498634,2282,2025,Split,458,Chronicle,FNATIC,Viper,1.27,240,19,12,5,82,155,25,1,2,-1
498634,2282,2025,Split,4,crashies,FNATIC,Fade,1.13,172,14,13,11,77,125,32,2,1,1
498634,2282,2025,Split,9554,kaajak,FNATIC,Yoru,1.07,220,18,13,3,68,129,21,4,3,1
498634,2282,2025,Split,9810,Alfajer,FNATIC,Raze,1.0,267,21,17,3,68,165,25,1,4,-3
498634,2282,2025,Split,438,Boaster,FNATIC,Astra,0.75,139,10,13,6,86,92,33,2,2,0
498634,2282,2025,Icebox,14125,Spring,Wolves Esports,Viper,1.22,286,16,15,3,71,173,28,1,1,0
498634,2282,2025,Icebox,37489,Lysoar,Wolves Esports,Killjoy,0.91,218,13,14,1,59,136,23,1,2,-1
498634,2282,2025,Icebox,7849,SiuFatBB,Wolves Esports,Sova,0.67,117,6,13,3,41,90,27,0,1,-1
498634,2282,2025,Icebox,7426,Juicy,Wolves Esports,Jett,0.55,171,10,16,1,53,102,35,3,5,-2
498634,2282,2025,Icebox,11218,Yuicaw,Wolves Esports,Gekko,0.29,88,5,16,4,47,51,50,0,3,-3
498634,2282,2025,Icebox,9554,kaajak,FNATIC,Jett,1.47,285,16,8,5,76,197,57,5,1,4
498634,2282,2025,Icebox,438,Boaster,FNATIC,Viper,1.34,254,16,9,5,88,154,20,3,0,3
498634,2282,2025,Icebox,9810,Alfajer,FNATIC,Killjoy,1.25,276,18,12,2,82,180,33,3,2,1
498634,2282,2025,Icebox,458,Chronicle,FNATIC,Sage,1.09,178,11,9,11,82,111,31,1,1,0
498634,2282,2025,Icebox,4,crashies,FNATIC,Sova,0.89,181,13,12,2,82,133,58,0,1,-1
498634,2282,2025,Lotus,14125,Spring,Wolves Esports,Viper,1.54,300,26,11,6,78,188,23,4,2,2
498634,2282,2025,Lotus,7426,Juicy,Wolves Esports,Raze,1.19,273,21,15,5,78,183,30,8,1,7
498634,2282,2025,Lotus,37489,Lysoar,Wolves Esports,Omen,0.93,198,17,14,6,78,114,20,2,2,0
498634,2282,2025,Lotus,7849,SiuFatBB,Wolves Esports,Fade,0.76,94,9,12,6,65,60,27,1,1,0
498634,2282,2025,Lotus,11218,Yuicaw,Wolves Esports,Killjoy,0.68,124,11,13,4,57,92,25,0,2,-2
498634,2282,2025,Lotus,4,crashies,FNATIC,Fade,1.09,222,17,18,7,61,145,36,1,3,-2
498634,2282,2025,Lotus,9810,Alfajer,FNATIC,Killjoy,1.05,223,19,17,5,61,156,32,3,3,0
498634,2282,2025,Lotus,458,Chronicle,FNATIC,Viper,1.0,179,13,18,8,61,123,21,1,2,-1
498634,2282,2025,Lotus,438,Boaster,FNATIC,Omen,0.78,101,7,13,5,65,76,20,3,2,1
498634,2282,2025,Lotus,9554,kaajak,FNATIC,Raze,0.64,121,9,18,1,61,81,13,0,5,-5
498634,2282,2025,Ascent,11218,Yuicaw,Wolves Esports,Cypher,0.88,204,11,16,3,44,126,26,2,0,2
498634,2282,2025,Ascent,7849,SiuFatBB,Wolves Esports,Sova,0.88,171,11,15,4,56,102,42,1,0,1
498634,2282,2025,Ascent,14125,Spring,Wolves Esports,Omen,0.82,159,10,15,2,61,107,31,0,2,-2
498634,2282,2025,Ascent,37489,Lysoar,Wolves Esports,Deadlock,0.62,158,10,16,2,50,92,39,2,2,0
498634,2282,2025,Ascent,7426,Juicy,Wolves Esports,Yoru,0.3,91,5,16,2,50,61,24,3,6,-3
498634,2282,2025,Ascent,9810,Alfajer,FNATIC,Chamber,1.46,338,22,12,6,72,202,31,4,2,2
498634,2282,2025,Ascent,438,Boaster,FNATIC,Omen,1.43,232,16,7,5,83,152,37,1,0,1
498634,2282,2025,Ascent,4,crashies,FNATIC,Sova,1.25,203,14,8,9,89,138,37,1,1,0
498634,2282,2025,Ascent,458,Chronicle,FNATIC,Vyse,1.13,193,13,9,4,72,139,30,2,2,0
498634,2282,2025,Ascent,9554,kaajak,FNATIC,Yoru,1.07,202,13,11,6,78,130,32,2,3,-1
490315,2282,2025,Split,4885,whzy,Bilibili Gaming,Raze,1.06,250,19,17,7,74,154,22,5,3,2
490315,2282,2025,Split,40845,Levius,Bilibili Gaming,Viper,0.99,148,13,12,1,61,102,20,0,2,-2
490315,2282,2025,Split,10698,nephh,Bilibili Gaming,Skye,0.87,160,12,16,12,70,103,19,2,0,2
490315,2282,2025,Split,48878,rushia,Bilibili Gaming,Omen,0.79,159,14,17,11,65,95,21,1,3,-2
490315,2282,2025,Split,4774,Knight,Bilibili Gaming,Cypher,0.75,149,11,15,6,65,101,17,3,4,-1
490315,2282,2025,Split,14125,Spring,Wolves Esports,Viper,1.28,270,21,16,5,78,172,25,5,3,2
490315,2282,2025,Split,37489,Lysoar,Wolves Esports,Omen,1.13,178,14,13,7,87,122,21,2,0,2
490315,2282,2025,Split,7426,Juicy,Wolves Esports,Raze,1.09,270,21,17,5,78,171,20,3,5,-2
490315,2282,2025,Split,11218,Yuicaw,Wolves Esports,Cypher,0.95,147,12,12,9,83,103,24,1,3,-2
490315,2282,2025,Split,7849,SiuFatBB,Wolves Esports,Fade,0.86,127,9,12,6,78,90,16,1,0,1
490315,2282,2025,Ascent,4885,whzy,Bilibili Gaming,Neon,1.4,283,19,14,1,83,172,33,3,1,2
490315,2282,2025,Ascent,4774,Knight,Bilibili Gaming,Sova,0.71,168,12,14,5,61,108,36,2,5,-3
490315,2282,2025,Ascent,40845,Levius,Bilibili Gaming,Killjoy,0.66,161,8,15,6,56,117,14,0,3,-3
490315,2282,2025,Ascent,10698,nephh,Bilibili Gaming,Kayo,0.63,132,7,15,10,56,87,18,0,2,-2
490315,2282,2025,Ascent,48878,rushia,Bilibili Gaming,Omen,0.57,121,7,16,8,67,77,28,0,2,-2
490315,2282,2025,Ascent,7849,SiuFatBB,Wolves Esports,Sova,1.41,254,17,10,8,94,165,32,1,0,1
490315,2282,2025,Ascent,14125,Spring,Wolves Esports,Omen,1.38,258,17,11,12,72,168,39,2,2,0
490315,2282,2025,Ascent,11218,Yuicaw,Wolves Esports,Cypher,1.26,236,15,10,9,83,141,30,4,0,4
490315,2282,2025,Ascent,37489,Lysoar,Wolves Esports,Deadlock,1.17,195,13,9,6,72,127,19,2,0,2
490315,2282,2025,Ascent,7426,Juicy,Wolves Esports,Yoru,0.76,182,12,13,3,67,108,23,4,3,1
498629,2282,2025,Icebox,36415,Viva,Xi Lai Gaming,Sova,0.71,148,7,14,4,56,110,29,0,0,0
498629,2282,2025,Icebox,22047,Rarga,Xi Lai Gaming,Jett,0.62,201,10,16,2,50,133,43,2,5,-3
498629,2282,2025,Icebox,37927,happywei,Xi Lai Gaming,Killjoy,0.58,146,8,14,1,31,99,52,1,6,-5
498629,2282,2025,Icebox,12365,coconut,Xi Lai Gaming,Viper,0.52,117,7,14,3,50,78,32,0,1,-1
498629,2282,2025,Icebox,37017,Midi,Xi Lai Gaming,Gekko,0.39,107,5,15,1,38,75,32,1,0,1
498629,2282,2025,Icebox,7873,leaf,G2 Esports,Killjoy,1.95,358,22,5,2,94,213,24,4,0,4
498629,2282,2025,Icebox,15500,trent,G2 Esports,Sova,1.68,268,16,6,4,100,179,38,3,0,3
498629,2282,2025,Icebox,3993,jawgemo,G2 Esports,Sage,1.54,278,17,7,6,88,183,26,3,1,2
498629,2282,2025,Icebox,4581,JonahP,G2 Esports,Viper,1.01,210,13,10,4,75,144,24,1,2,-1
498629,2282,2025,Icebox,3885,valyn,G2 Esports,Omen,0.76,76,5,9,5,81,35,20,1,1,0
498629,2282,2025,Haven,37927,happywei,Xi Lai Gaming,Cypher,1.4,270,20,13,5,76,165,47,4,2,2
498629,2282,2025,Haven,22047,Rarga,Xi Lai Gaming,Yoru,1.03,287,20,19,4,71,168,47,7,5,2
498629,2282,2025,Haven,37017,Midi,Xi Lai Gaming,Breach,0.93,153,14,15,4,71,108,45,0,1,-1
498629,2282,2025,Haven,36415,Viva,Xi Lai Gaming,Sova,0.73,139,9,17,6,71,102,26,2,0,2
498629,2282,2025,Haven,12365,coconut,Xi Lai Gaming,Omen,0.65,113,7,16,9,71,75,18,0,0,0
498629,2282,2025,Haven,7873,leaf,G2 Esports,Vyse,1.46,247,20,12,6,86,180,38,0,1,-1
498629,2282,2025,Haven,3993,jawgemo,G2 Esports,Yoru,1.01,260,18,16,11,81,161,25,3,5,-2
498629,2282,2025,Haven,4581,JonahP,G2 Esports,Viper,1.0,181,14,12,6,71,104,23,1,4,-3
498629,2282,2025,Haven,3885,valyn,G2 Esports,Omen,0.95,207,14,15,8,81,133,25,2,2,0
498629,2282,2025,Haven,15500,trent,G2 Esports,Fade,0.88,173,13,15,6,81,110,41,2,1,1
490311,2282,2025,Icebox,48878,rushia,Bilibili Gaming,Harbor,1.48,277,23,13,7,86,178,31,1,2,-1
490311,2282,2025,Icebox,4885,whzy,Bilibili Gaming,Jett,1.39,299,24,15,2,73,171,29,6,4,2
490311,2282,2025,Icebox,10698,nephh,Bilibili Gaming,Viper,1.26,218,17,12,9,77,136,31,3,4,-1
490311,2282,2025,Icebox,40845,Levius,Bilibili Gaming,Killjoy,1.08,154,14,11,2,82,103,21,0,1,-1
490311,2282,2025,Icebox,4774,Knight,Bilibili Gaming,Sova,0.64,116,9,13,5,73,84,39,0,1,-1
490311,2282,2025,Icebox,729,Zellsis,Sentinels,Killjoy,0.95,188,13,15,5,73,138,13,2,2,0
490311,2282,2025,Icebox,4004,zekken,Sentinels,Omen,0.88,185,13,17,5,73,128,43,4,0,4
490311,2282,2025,Icebox,1265,johnqt,Sentinels,Kayo,0.88,178,13,18,7,59,126,18,2,2,0
490311,2282,2025,Icebox,3880,bang,Sentinels,Viper,0.75,164,13,18,5,55,106,25,2,2,0
490311,2282,2025,Icebox,36245,N4RRATE,Sentinels,Gekko,0.54,147,12,19,2,59,93,27,2,4,-2
490311,2282,2025,Sunset,4885,whzy,Bilibili Gaming,Neon,0.98,272,16,15,2,56,164,35,2,2,0
490311,2282,2025,Sunset,48878,rushia,Bilibili Gaming,Omen,0.89,190,12,14,5,61,112,23,4,2,2
490311,2282,2025,Sunset,40845,Levius,Bilibili Gaming,Cypher,0.66,95,7,12,2,44,65,27,1,2,-1
490311,2282,2025,Sunset,10698,nephh,Bilibili Gaming,Kayo,0.52,167,9,17,9,50,102,22,1,2,-1
490311,2282,2025,Sunset,4774,Knight,Bilibili Gaming,Sova,0.42,104,4,14,4,50,77,22,1,1,0
490311,2282,2025,Sunset,4004,zekken,Sentinels,Neon,1.7,298,20,8,2,67,176,40,3,3,0
490311,2282,2025,Sunset,1265,johnqt,Sentinels,Breach,1.32,212,14,10,7,89,141,36,3,0,3
490311,2282,2025,Sunset,729,Zellsis,Sentinels,Cypher,1.22,243,16,12,7,78,139,19,1,0,1
490311,2282,2025,Sunset,3880,bang,Sentinels,Omen,1.16,166,12,8,7,72,107,50,1,2,-1
490311,2282,2025,Sunset,36245,N4RRATE,Sentinels,Fade,1.0,172,10,10,5,72,119,18,1,4,-3
490311,2282,2025,Lotus,40845,Levius,Bilibili Gaming,Vyse,0.92,171,13,12,2,82,111,29,0,3,-3
490311,2282,2025,Lotus,4774,Knight,Bilibili Gaming,Fade,0.88,172,14,15,3,77,110,26,0,2,-2
490311,2282,2025,Lotus,10698,nephh,Bilibili Gaming,Viper,0.82,143,11,12,3,82,98,21,1,0,1
490311,2282,2025,Lotus,4885,whzy,Bilibili Gaming,Raze,0.72,178,13,17,2,45,115,7,3,6,-3
490311,2282,2025,Lotus,48878,rushia,Bilibili Gaming,Omen,0.7,171,12,18,4,59,108,21,5,2,3
490311,2282,2025,Lotus,4004,zekken,Sentinels,Raze,1.46,310,23,13,6,91,186,19,8,2,6
490311,2282,2025,Lotus,729,Zellsis,Sentinels,Vyse,1.3,179,16,11,5,73,116,22,2,1,1
490311,2282,2025,Lotus,36245,N4RRATE,Sentinels,Fade,1.02,189,15,16,6,73,122,29,1,1,0
490311,2282,2025,Lotus,1265,johnqt,Sentinels,Viper,0.96,131,10,11,10,91,82,21,1,2,-1
490311,2282,2025,Lotus,3880,bang,Sentinels,Omen,0.77,119,9,12,8,82,84,37,1,3,-2
498624,2282,2025,Haven,4,crashies,FNATIC,Sova,1.28,240,21,16,7,71,166,40,1,0,1
498624,2282,2025,Haven,9554,kaajak,FNATIC,Yoru,1.27,263,20,17,7,67,170,44,6,5,1
498624,2282,2025,Haven,458,Chronicle,FNATIC,Cypher,1.04,178,15,15,6,63,124,27,1,1,0
498624,2282,2025,Haven,438,Boaster,FNATIC,Omen,0.75,120,9,16,8,67,79,20,1,3,-2
498624,2282,2025,Haven,9810,Alfajer,FNATIC,Iso,0.53,127,11,20,4,63,86,28,2,4,-2
498624,2282,2025,Haven,2489,Munchkin,Gen.G,Viper,1.26,258,21,15,13,58,157,26,4,3,1
498624,2282,2025,Haven,9196,t3xture,Gen.G,Neon,1.16,224,20,16,7,75,139,28,3,5,-2
498624,2282,2025,Haven,34974,Karon,Gen.G,Omen,1.11,218,18,16,9,83,143,26,5,0,5
498624,2282,2025,Haven,25017,Ash,Gen.G,Sova,0.88,135,13,13,2,79,109,30,1,1,0
498624,2282,2025,Haven,11600,Foxy9,Gen.G,Killjoy,0.74,141,12,16,1,67,98,38,0,2,-2
498624,2282,2025,Split,9810,Alfajer,FNATIC,Raze,1.33,305,28,22,4,85,196,26,7,2,5
498624,2282,2025,Split,9554,kaajak,FNATIC,Yoru,1.2,218,20,17,9,77,147,42,5,2,3
498624,2282,2025,Split,458,Chronicle,FNATIC,Viper,1.08,196,17,17,8,65,157,28,1,3,-2
498624,2282,2025,Split,4,crashies,FNATIC,Fade,1.04,182,16,14,7,85,113,30,1,0,1
498624,2282,2025,Split,438,Boaster,FNATIC,Astra,0.8,133,14,17,7,62,91,35,1,4,-3
498624,2282,2025,Split,34974,Karon,Gen.G,Omen,1.13,223,21,17,12,88,137,35,3,1,2
498624,2282,2025,Split,9196,t3xture,Gen.G,Neon,1.01,210,19,19,7,69,126,22,3,7,-4
498624,2282,2025,Split,25017,Ash,Gen.G,Tejo,0.99,212,19,19,4,69,134,29,2,1,1
498624,2282,2025,Split,2489,Munchkin,Gen.G,Viper,0.85,205,18,20,7,58,130,15,3,2,1
498624,2282,2025,Split,11600,Foxy9,Gen.G,Deadlock,0.41,97,10,20,3,62,65,33,0,4,-4
498624,2282,2025,Sunset,4,crashies,FNATIC,Sova,1.13,189,11,11,4,68,142,39,2,0,2
498624,2282,2025,Sunset,9810,Alfajer,FNATIC,Cypher,0.98,218,15,16,0,63,139,58,3,0,3
498624,2282,2025,Sunset,9554,kaajak,FNATIC,Neon,0.82,177,12,14,2,68,135,24,2,4,-2
498624,2282,2025,Sunset,458,Chronicle,FNATIC,Viper,0.65,166,10,15,2,42,118,29,4,3,1
498624,2282,2025,Sunset,438,Boaster,FNATIC,Omen,0.6,85,4,12,5,68,66,15,0,1,-1
498624,2282,2025,Sunset,9196,t3xture,Gen.G,Neon,1.61,317,21,10,4,74,196,24,3,3,0
498624,2282,2025,Sunset,11600,Foxy9,Gen.G,Deadlock,1.47,262,21,10,3,79,159,47,1,1,0
498624,2282,2025,Sunset,25017,Ash,Gen.G,Sova,1.17,184,11,9,5,74,117,48,2,0,2
498624,2282,2025,Sunset,2489,Munchkin,Gen.G,Viper,0.72,127,8,11,3,74,90,31,1,3,-2
498624,2282,2025,Sunset,34974,Karon,Gen.G,Omen,0.58,101,7,12,4,58,69,23,1,4,-3
498630,2282,2025,Lotus,8497,Monyet,Rex Regum Qeon,Omen,0.83,188,10,16,5,67,131,29,1,4,-3
498630,2282,2025,Lotus,1430,crazyguy,Rex Regum Qeon,Fade,0.81,193,11,17,4,44,119,13,3,1,2
498630,2282,2025,Lotus,4871,xffero,Rex Regum Qeon,Viper,0.69,149,9,15,3,56,103,26,2,1,1
498630,2282,2025,Lotus,4866,Kushy,Rex Regum Qeon,Vyse,0.5,122,7,15,4,56,74,29,0,3,-3
498630,2282,2025,Lotus,24895,Jemkin,Rex Regum Qeon,Raze,0.29,99,6,16,0,44,71,21,1,2,-1
498630,2282,2025,Lotus,458,Chronicle,FNATIC,Viper,1.71,283,18,6,7,94,174,20,4,0,4
498630,2282,2025,Lotus,4,crashies,FNATIC,Fade,1.58,201,15,6,10,78,122,26,0,1,-1
498630,2282,2025,Lotus,9554,kaajak,FNATIC,Raze,1.55,308,21,11,5,83,221,35,4,1,3
498630,2282,2025,Lotus,9810,Alfajer,FNATIC,Killjoy,1.13,212,15,10,3,94,145,32,2,3,-1
498630,2282,2025,Lotus,438,Boaster,FNATIC,Omen,0.91,143,10,10,8,83,100,18,1,2,-1
498630,2282,2025,Haven,24895,Jemkin,Rex Regum Qeon,Yoru,1.41,261,19,11,1,68,179,56,4,1,3
498630,2282,2025,Haven,4871,xffero,Rex Regum Qeon,Cypher,1.15,178,14,10,3,68,116,26,1,2,-1
498630,2282,2025,Haven,1430,crazyguy,Rex Regum Qeon,Omen,1.14,144,10,8,9,89,99,46,3,2,1
498630,2282,2025,Haven,8497,Monyet,Rex Regum Qeon,Neon,1.13,242,16,13,6,68,164,25,1,3,-2
498630,2282,2025,Haven,4866,Kushy,Rex Regum Qeon,Sova,0.77,137,9,12,5,63,90,32,1,1,0
498630,2282,2025,Haven,4,crashies,FNATIC,Sova,1.24,251,17,12,4,84,168,45,0,1,-1
498630,2282,2025,Haven,458,Chronicle,FNATIC,Cypher,1.11,189,12,12,5,68,119,35,2,1,1
498630,2282,2025,Haven,9554,kaajak,FNATIC,Yoru,0.84,215,13,15,2,58,131,35,6,1,5
498630,2282,2025,Haven,9810,Alfajer,FNATIC,Iso,0.54,131,8,15,5,58,99,32,0,4,-4
498630,2282,2025,Haven,438,Boaster,FNATIC,Omen,0.41,71,4,14,5,42,38,38,1,3,-2
498630,2282,2025,Ascent,4871,xffero,Rex Regum Qeon,Cypher,0.98,201,12,14,1,61,132,40,3,1,2
498630,2282,2025,Ascent,4866,Kushy,Rex Regum Qeon,Sova,0.95,231,13,14,5,67,148,43,0,0,0
498630,2282,2025,Ascent,8497,Monyet,Rex Regum Qeon,Omen,0.59,125,8,15,2,44,84,21,0,3,-3
498630,2282,2025,Ascent,1430,crazyguy,Rex Regum Qeon,Kayo,0.58,127,7,15,5,44,78,47,0,1,-1
498630,2282,2025,Ascent,24895,Jemkin,Rex Regum Qeon,Jett,0.35,142,9,17,2,61,92,42,6,4,2
498630,2282,2025,Ascent,9810,Alfajer,FNATIC,Chamber,1.52,349,24,13,0,67,211,26,5,3,2
498630,2282,2025,Ascent,9554,kaajak,FNATIC,Yoru,1.22,248,17,10,4,83,154,53,4,5,-1
498630,2282,2025,Ascent,4,crashies,FNATIC,Sova,1.17,177,11,9,7,94,124,26,0,0,0
498630,2282,2025,Ascent,438,Boaster,FNATIC,Omen,1.16,176,13,8,5,72,119,47,0,1,-1
498630,2282,2025,Ascent,458,Chronicle,FNATIC,Vyse,1.16,183,10,9,8,83,118,29,0,0,0
542266,2283,2025,Corrode,10971,RieNs,Team Heretics,Fade,1.21,219,18,16,10,81,147,23,2,1,1
542266,2283,2025,Corrode,18350,MiniBoo,Team Heretics,Yoru,0.96,197,18,19,2,58,139,36,5,3,2
542266,2283,2025,Corrode,21328,Wo0t,Team Heretics,Viper,0.82,196,16,22,3,65,136,32,4,4,0
542266,2283,2025,Corrode,1144,Boo,Team Heretics,Astra,0.68,129,11,18,4,69,89,44,3,3,0
542266,2283,2025,Corrode,29873,benjyfishy,Team Heretics,Vyse,0.65,127,11,19,9,65,94,26,1,0,1
542266,2283,2025,Corrode,5957,artzin,MIBR,Kayo,1.61,280,24,12,15,77,185,23,4,3,1
542266,2283,2025,Corrode,20240,xenom,MIBR,Omen,1.03,188,17,16,13,81,121,30,0,4,-4
542266,2283,2025,Corrode,8480,aspas,MIBR,Waylay,0.99,192,19,15,4,85,116,28,4,4,0
542266,2283,2025,Corrode,21668,Verno,MIBR,Sova,0.94,214,19,17,12,73,148,28,1,1,0
542266,2283,2025,Corrode,5395,cortezia,MIBR,Viper,0.8,135,15,14,3,77,87,20,2,3,-1
542266,2283,2025,Sunset,10971,RieNs,Team Heretics,Sova,1.02,220,12,16,5,58,142,28,1,1,0
542266,2283,2025,Sunset,29873,benjyfishy,Team Heretics,Vyse,0.82,181,12,18,2,58,106,37,0,1,-1
542266,2283,2025,Sunset,21328,Wo0t,Team Heretics,Viper,0.71,178,11,17,3,68,108,20,2,0,2
542266,2283,2025,Sunset,1144,Boo,Team Heretics,Omen,0.46,98,6,15,5,42,55,37,1,5,-4
542266,2283,2025,Sunset,18350,MiniBoo,Team Heretics,Yoru,0.39,110,8,16,0,32,83,29,0,8,-8
542266,2283,2025,Sunset,8480,aspas,MIBR,Neon,1.45,284,19,10,5,89,185,25,4,0,4
542266,2283,2025,Sunset,5395,cortezia,MIBR,Cypher,1.42,224,18,8,4,84,163,44,2,1,1
542266,2283,2025,Sunset,21668,Verno,MIBR,Sova,1.26,234,17,10,5,84,154,24,2,3,-1
542266,2283,2025,Sunset,5957,artzin,MIBR,Viper,1.18,244,15,12,10,84,152,20,4,0,4
542266,2283,2025,Sunset,20240,xenom,MIBR,Omen,1.06,174,13,9,9,79,112,21,3,0,3
542195,2283,2025,Bind,17086,something,Paper Rex,Yoru,1.63,258,21,12,12,91,167,15,4,0,4
542195,2283,2025,Bind,7378,Jinggg,Paper Rex,Raze,1.52,315,24,14,7,82,207,18,5,2,3
542195,2283,2025,Bind,9801,f0rsakeN,Paper Rex,Brimstone,1.17,217,18,13,13,77,150,36,2,5,-3
542195,2283,2025,Bind,9803,d4v41,Paper Rex,Viper,0.94,176,14,14,5,82,129,21,1,1,0
542195,2283,2025,Bind,13744,PatMen,Paper Rex,Fade,0.88,161,12,13,5,68,110,34,0,2,-2
542195,2283,2025,Bind,22047,Rarga,Xi Lai Gaming,Raze,0.98,183,14,16,3,64,130,24,3,1,2
542195,2283,2025,Bind,36415,Viva,Xi Lai Gaming,Brimstone,0.92,178,14,16,5,55,112,41,0,3,-3
542195,2283,2025,Bind,11527,NoMan,Xi Lai Gaming,Skye,0.84,221,17,20,1,64,139,35,3,1,2
542195,2283,2025,Bind,12365,coconut,Xi Lai Gaming,Gekko,0.57,169,13,19,3,59,100,38,3,3,0
542195,2283,2025,Bind,37927,happywei,Xi Lai Gaming,Viper,0.49,118,8,18,7,50,85,25,1,4,-3
542195,2283,2025,Sunset,9801,f0rsakeN,Paper Rex,Omen,1.59,319,23,12,4,78,183,39,4,2,2
542195,2283,2025,Sunset,17086,something,Paper Rex,Sova,1.57,308,19,11,9,83,212,26,2,1,1
542195,2283,2025,Sunset,7378,Jinggg,Paper Rex,Raze,1.08,257,15,13,5,72,153,14,1,3,-2
542195,2283,2025,Sunset,9803,d4v41,Paper Rex,Sage,0.87,139,11,11,7,61,81,22,1,2,-1
542195,2283,2025,Sunset,13744,PatMen,Paper Rex,Viper,0.39,95,6,13,2,61,64,38,2,0,2
542195,2283,2025,Sunset,11527,NoMan,Xi Lai Gaming,Neon,1.31,285,18,14,4,78,184,33,3,3,0
542195,2283,2025,Sunset,37927,happywei,Xi Lai Gaming,Cypher,0.97,212,13,14,6,61,168,45,2,4,-2
542195,2283,2025,Sunset,22047,Rarga,Xi Lai Gaming,Yoru,0.94,202,13,16,6,72,118,31,2,2,0
542195,2283,2025,Sunset,12365,coconut,Xi Lai Gaming,Omen,0.7,161,10,16,9,72,103,35,1,1,0
542195,2283,2025,Sunset,36415,Viva,Xi Lai Gaming,Sova,0.5,106,6,14,6,61,77,28,0,0,0
542210,2283,2025,Corrode,4462,MaKo,KIWOOM DRX,Omen,1.33,259,20,12,6,76,177,34,2,0,2
542210,2283,2025,Corrode,35013,Flashback,KIWOOM DRX,Yoru,1.26,282,22,14,2,71,188,38,6,3,3
542210,2283,2025,Corrode,28400,HYUNMIN,KIWOOM DRX,Waylay,0.86,183,13,14,5,81,116,39,2,1,1
542210,2283,2025,Corrode,4678,BeYN,KIWOOM DRX,Fade,0.85,134,10,11,4,76,88,23,3,1,2
542210,2283,2025,Corrode,1916,free1ng,KIWOOM DRX,Vyse,0.82,110,9,11,3,76,84,55,1,2,-1
542210,2283,2025,Corrode,11494,keiko,Team Liquid,Omen,1.27,234,18,16,5,76,156,38,0,2,-2
542210,2283,2025,Corrode,2168,trexx,Team Liquid,Vyse,1.05,164,10,13,8,57,114,24,0,1,-1
542210,2283,2025,Corrode,14681,kamo,Team Liquid,Neon,0.88,135,9,12,4,71,99,33,2,6,-4
542210,2283,2025,Corrode,457,nAts,Team Liquid,Waylay,0.77,195,14,17,3,62,126,17,4,5,-1
542210,2283,2025,Corrode,309,paTiTek,Team Liquid,Fade,0.76,161,11,16,6,67,100,26,1,0,1
542210,2283,2025,Abyss,28400,HYUNMIN,KIWOOM DRX,Waylay,1.47,324,24,14,5,65,222,45,5,4,1
542210,2283,2025,Abyss,35013,Flashback,KIWOOM DRX,Yoru,1.35,257,18,12,3,70,171,29,3,2,1
542210,2283,2025,Abyss,4462,MaKo,KIWOOM DRX,Omen,1.05,166,11,11,8,75,97,25,2,2,0
542210,2283,2025,Abyss,1916,free1ng,KIWOOM DRX,Cypher,0.93,169,13,13,3,70,110,47,0,0,0
542210,2283,2025,Abyss,4678,BeYN,KIWOOM DRX,Sova,0.86,127,10,11,2,75,82,32,1,1,0
542210,2283,2025,Abyss,11494,keiko,Team Liquid,Omen,1.21,255,18,15,6,80,160,30,5,2,3
542210,2283,2025,Abyss,14681,kamo,Team Liquid,Jett,1.08,208,16,14,1,55,141,45,1,4,-3
542210,2283,2025,Abyss,2168,trexx,Team Liquid,Sova,0.89,176,12,15,0,65,116,26,0,1,-1
542210,2283,2025,Abyss,457,nAts,Team Liquid,Cypher,0.65,179,11,17,7,60,122,31,3,4,-1
542210,2283,2025,Abyss,309,paTiTek,Team Liquid,Kayo,0.33,72,4,15,5,60,52,50,0,0,0
542273,2283,2025,Lotus,4462,MaKo,KIWOOM DRX,Omen,1.25,243,18,14,5,65,141,29,3,4,-1
542273,2283,2025,Lotus,1916,free1ng,KIWOOM DRX,Vyse,0.97,224,15,15,4,55,137,26,1,2,-1
542273,2283,2025,Lotus,35013,Flashback,KIWOOM DRX,Yoru,0.64,151,10,17,2,50,98,24,2,4,-2
542273,2283,2025,Lotus,28400,HYUNMIN,KIWOOM DRX,Waylay,0.62,115,6,15,8,65,87,36,0,3,-3
542273,2283,2025,Lotus,4678,BeYN,KIWOOM DRX,Fade,0.53,71,5,14,3,55,53,18,0,1,-1
542273,2283,2025,Lotus,3993,jawgemo,G2 Esports,Yoru,1.74,365,28,13,5,75,230,29,6,1,5
542273,2283,2025,Lotus,4581,JonahP,G2 Esports,Fade,1.17,193,11,9,10,80,118,14,2,2,0
542273,2283,2025,Lotus,3885,valyn,G2 Esports,Omen,1.16,149,10,8,13,80,80,27,2,2,0
542273,2283,2025,Lotus,7873,leaf,G2 Esports,Viper,0.99,179,11,13,11,75,118,27,2,0,2
542273,2283,2025,Lotus,15500,trent,G2 Esports,Tejo,0.99,208,15,12,2,65,151,42,2,1,1
542273,2283,2025,Abyss,28400,HYUNMIN,KIWOOM DRX,Waylay,1.84,357,30,14,10,87,224,50,3,2,1
542273,2283,2025,Abyss,35013,Flashback,KIWOOM DRX,Yoru,1.25,255,22,16,4,74,156,27,4,1,3
542273,2283,2025,Abyss,4462,MaKo,KIWOOM DRX,Omen,1.03,213,18,16,9,70,123,29,3,3,0
542273,2283,2025,Abyss,4678,BeYN,KIWOOM DRX,Sova,0.73,146,9,16,11,74,98,31,3,1,2
542273,2283,2025,Abyss,1916,free1ng,KIWOOM DRX,Cypher,0.41,62,6,14,3,61,35,17,1,2,-1
542273,2283,2025,Abyss,15500,trent,G2 Esports,Tejo,1.14,213,16,16,5,78,156,47,0,1,-1
542273,2283,2025,Abyss,7873,leaf,G2 Esports,Chamber,0.99,210,17,18,6,70,147,20,4,2,2
542273,2283,2025,Abyss,4581,JonahP,G2 Esports,Sova,0.94,181,15,15,8,70,103,14,0,3,-3
542273,2283,2025,Abyss,3885,valyn,G2 Esports,Astra,0.85,170,14,16,5,74,105,24,1,1,0
542273,2283,2025,Abyss,3993,jawgemo,G2 Esports,Yoru,0.67,183,14,20,4,61,114,36,4,7,-3
542273,2283,2025,Bind,4462,MaKo,KIWOOM DRX,Brimstone,1.6,261,21,10,11,85,160,23,3,0,3
542273,2283,2025,Bind,35013,Flashback,KIWOOM DRX,Yoru,1.36,234,18,9,3,70,129,15,5,3,2
542273,2283,2025,Bind,28400,HYUNMIN,KIWOOM DRX,Waylay,1.12,178,11,10,5,75,127,24,1,2,-1
542273,2283,2025,Bind,1916,free1ng,KIWOOM DRX,Viper,1.07,198,14,11,7,80,127,41,3,1,2
542273,2283,2025,Bind,4678,BeYN,KIWOOM DRX,Fade,0.81,169,12,13,8,75,99,21,1,1,0
542273,2283,2025,Bind,3885,valyn,G2 Esports,Brimstone,1.29,233,16,14,5,75,142,32,2,0,2
542273,2283,2025,Bind,3993,jawgemo,G2 Esports,Yoru,0.94,222,15,15,3,70,133,18,5,1,4
542273,2283,2025,Bind,15500,trent,G2 Esports,Tejo,0.81,165,12,15,2,70,99,29,0,3,-3
542273,2283,2025,Bind,7873,leaf,G2 Esports,Deadlock,0.44,130,8,17,6,55,86,19,0,6,-6
542273,2283,2025,Bind,4581,JonahP,G2 Esports,Fade,0.36,62,2,15,6,50,44,18,0,3,-3
542198,2283,2025,Abyss,36415,Viva,Xi Lai Gaming,Sova,1.0,169,13,16,6,70,130,30,2,3,-1
542198,2283,2025,Abyss,12365,coconut,Xi Lai Gaming,Astra,0.97,160,13,16,12,65,108,52,1,0,1
542198,2283,2025,Abyss,37927,happywei,Xi Lai Gaming,Omen,0.96,201,16,18,14,83,131,49,1,2,-1
542198,2283,2025,Abyss,22047,Rarga,Xi Lai Gaming,Yoru,0.85,169,14,17,3,74,97,30,4,4,0
542198,2283,2025,Abyss,11527,NoMan,Xi Lai Gaming,Jett,0.76,134,10,14,2,70,95,28,2,4,-2
542198,2283,2025,Abyss,36245,N4RRATE,Sentinels,Omen,1.26,234,19,14,7,87,139,25,2,1,1
542198,2283,2025,Abyss,729,Zellsis,Sentinels,Kayo,1.07,195,16,14,13,78,121,30,4,2,2
542198,2283,2025,Abyss,1265,johnqt,Sentinels,Sova,1.02,143,13,12,5,83,103,38,1,0,1
542198,2283,2025,Abyss,3880,bang,Sentinels,Astra,0.91,175,15,13,5,74,117,36,2,1,1
542198,2283,2025,Abyss,4004,zekken,Sentinels,Jett,0.88,207,14,17,9,74,143,25,4,6,-2
542198,2283,2025,Lotus,37927,happywei,Xi Lai Gaming,Cypher,1.49,270,23,13,6,88,172,35,4,1,3
542198,2283,2025,Lotus,22047,Rarga,Xi Lai Gaming,Sage,1.07,210,18,14,6,79,127,47,2,4,-2
542198,2283,2025,Lotus,36415,Viva,Xi Lai Gaming,Fade,0.94,158,14,15,10,88,104,38,4,3,1
542198,2283,2025,Lotus,12365,coconut,Xi Lai Gaming,Omen,0.92,189,16,16,14,79,106,26,4,0,4
542198,2283,2025,Lotus,11527,NoMan,Xi Lai Gaming,Deadlock,0.87,185,15,15,7,67,130,42,0,2,-2
542198,2283,2025,Lotus,4004,zekken,Sentinels,Raze,1.43,290,23,18,8,71,190,24,4,0,4
542198,2283,2025,Lotus,1265,johnqt,Sentinels,Viper,0.96,163,11,15,9,79,114,27,0,1,-1
542198,2283,2025,Lotus,3880,bang,Sentinels,Omen,0.81,118,11,16,9,75,85,50,0,2,-2
542198,2283,2025,Lotus,729,Zellsis,Sentinels,Vyse,0.77,178,15,19,4,67,119,24,4,5,-1
542198,2283,2025,Lotus,36245,N4RRATE,Sentinels,Fade,0.74,156,13,18,9,67,98,22,2,6,-4
542198,2283,2025,Haven,37927,happywei,Xi Lai Gaming,Viper,1.59,314,24,11,7,71,207,35,4,0,4
542198,2283,2025,Haven,11527,NoMan,Xi Lai Gaming,Killjoy,1.48,294,23,11,1,86,193,32,3,0,3
542198,2283,2025,Haven,22047,Rarga,Xi Lai Gaming,Neon,1.14,237,19,14,2,86,158,47,5,2,3
542198,2283,2025,Haven,12365,coconut,Xi Lai Gaming,Omen,0.98,134,8,10,16,76,77,27,2,4,-2
542198,2283,2025,Haven,36415,Viva,Xi Lai Gaming,Sova,0.97,129,10,10,6,86,86,26,1,0,1
542198,2283,2025,Haven,1265,johnqt,Sentinels,Viper,1.16,195,15,13,3,67,132,36,0,1,-1
542198,2283,2025,Haven,3880,bang,Sentinels,Omen,0.74,157,12,17,8,57,101,29,1,2,-1
542198,2283,2025,Haven,4004,zekken,Sentinels,Neon,0.65,168,11,19,4,52,128,28,2,7,-5
542198,2283,2025,Haven,729,Zellsis,Sentinels,Killjoy,0.63,125,9,16,1,67,76,21,3,4,-1
542198,2283,2025,Haven,36245,N4RRATE,Sentinels,Sova,0.58,139,9,19,6,52,97,11,0,1,-1
542201,2283,2025,Ascent,4866,Kushy,Rex Regum Qeon,Sova,1.35,264,20,15,6,70,189,46,4,2,2
542201,2283,2025,Ascent,24895,Jemkin,Rex Regum Qeon,Yoru,1.05,256,20,17,3,70,146,28,7,4,3
542201,2283,2025,Ascent,4871,xffero,Rex Regum Qeon,Cypher,0.89,178,14,15,2,57,130,20,2,1,1
542201,2283,2025,Ascent,1430,crazyguy,Rex Regum Qeon,Tejo,0.55,129,9,16,4,70,87,10,0,2,-2
542201,2283,2025,Ascent,8497,Monyet,Rex Regum Qeon,Omen,0.55,84,7,14,8,61,55,41,0,1,-1
542201,2283,2025,Ascent,458,Chronicle,FNATIC,Vyse,1.86,295,25,11,10,78,205,36,4,2,2
542201,2283,2025,Ascent,9810,Alfajer,FNATIC,Sage,1.24,230,18,15,7,74,148,34,3,1,2
542201,2283,2025,Ascent,438,Boaster,FNATIC,Omen,0.98,136,12,14,8,65,90,50,0,1,-1
542201,2283,2025,Ascent,4,crashies,FNATIC,Sova,0.94,175,13,15,7,65,117,24,2,2,0
542201,2283,2025,Ascent,9554,kaajak,FNATIC,Yoru,0.61,122,9,15,3,65,84,23,1,7,-6
542201,2283,2025,Abyss,4866,Kushy,Rex Regum Qeon,Kayo,1.05,244,17,16,3,65,159,53,2,3,-1
542201,2283,2025,Abyss,1430,crazyguy,Rex Regum Qeon,Sova,0.87,179,12,15,5,75,128,38,0,2,-2
542201,2283,2025,Abyss,8497,Monyet,Rex Regum Qeon,Omen,0.68,151,11,18,7,70,85,24,0,2,-2
542201,2283,2025,Abyss,24895,Jemkin,Rex Regum Qeon,Jett,0.61,158,10,15,4,55,97,20,1,4,-3
542201,2283,2025,Abyss,4871,xffero,Rex Regum Qeon,Cypher,0.34,111,7,17,5,65,68,50,1,4,-3
542201,2283,2025,Abyss,438,Boaster,FNATIC,Astra,1.96,306,24,8,5,90,187,53,1,0,1
542201,2283,2025,Abyss,458,Chronicle,FNATIC,Breach,1.4,244,19,10,4,90,164,32,2,0,2
542201,2283,2025,Abyss,9810,Alfajer,FNATIC,Cypher,1.29,263,20,12,4,85,167,41,6,0,6
542201,2283,2025,Abyss,4,crashies,FNATIC,Sova,0.6,105,5,14,12,85,84,30,0,2,-2
542201,2283,2025,Abyss,9554,kaajak,FNATIC,Waylay,0.59,185,13,18,1,70,113,41,6,2,4
542207,2283,2025,Abyss,5132,mada,NRG,Yoru,1.23,279,31,24,4,72,191,27,5,4,1
542207,2283,2025,Abyss,11118,skuba,NRG,Vyse,1.15,230,28,21,5,75,139,28,2,0,2
542207,2283,2025,Abyss,2172,brawk,NRG,Sova,1.02,200,21,20,7,66,148,21,5,2,3
542207,2283,2025,Abyss,11225,Ethan,NRG,Omen,1.02,205,20,22,15,66,145,42,2,6,-4
542207,2283,2025,Abyss,4164,s0m,NRG,Harbor,0.81,167,18,24,10,66,110,28,2,4,-2
542207,2283,2025,Abyss,4742,Smoggy,EDward Gaming,Omen,1.33,208,26,17,11,78,138,31,1,0,1
542207,2283,2025,Abyss,3017,nobody,EDward Gaming,Sova,0.97,176,20,22,5,72,122,38,2,1,1
542207,2283,2025,Abyss,3520,ZmjjKK,EDward Gaming,Yoru,0.89,212,23,26,7,69,131,29,8,7,1
542207,2283,2025,Abyss,15559,CHICHOO,EDward Gaming,Sage,0.85,191,21,25,12,66,130,28,3,4,-1
542207,2283,2025,Abyss,51244,Jieni7,EDward Gaming,Neon,0.74,191,21,28,8,69,123,28,2,4,-2
542207,2283,2025,Corrode,11225,Ethan,NRG,Kayo,1.3,236,19,16,17,71,155,21,2,2,0
542207,2283,2025,Corrode,4164,s0m,NRG,Omen,1.3,253,23,17,12,79,166,24,1,2,-1
542207,2283,2025,Corrode,11118,skuba,NRG,Viper,1.29,244,19,15,9,83,168,43,2,4,-2
542207,2283,2025,Corrode,2172,brawk,NRG,Sova,0.7,166,10,19,12,75,116,13,1,2,-1
542207,2283,2025,Corrode,5132,mada,NRG,Waylay,0.69,152,15,18,5,58,102,26,3,5,-2
542207,2283,2025,Corrode,3520,ZmjjKK,EDward Gaming,Yoru,1.36,282,23,17,6,71,185,35,4,2,2
542207,2283,2025,Corrode,4742,Smoggy,EDward Gaming,Omen,1.09,237,20,17,10,75,151,34,1,0,1
542207,2283,2025,Corrode,3017,nobody,EDward Gaming,Fade,0.97,175,15,17,5,75,118,26,2,2,0
542207,2283,2025,Corrode,15559,CHICHOO,EDward Gaming,Viper,0.94,165,14,16,4,75,122,16,2,3,-1
542207,2283,2025,Corrode,51244,Jieni7,EDward Gaming,Neon,0.67,144,13,19,2,71,91,14,6,2,4
542269,2283,2025,Abyss,8480,aspas,MIBR,Jett,1.45,285,32,15,2,77,175,20,6,3,3
542269,2283,2025,Abyss,5395,cortezia,MIBR,Cypher,1.18,230,25,17,2,73,164,41,4,1,3
542269,2283,2025,Abyss,20240,xenom,MIBR,Astra,0.97,146,16,15,16,80,90,22,2,1,1
542269,2283,2025,Abyss,21668,Verno,MIBR,Sova,0.88,141,12,15,12,77,91,16,3,0,3
542269,2283,2025,Abyss,5957,artzin,MIBR,Kayo,0.78,158,16,19,16,70,107,29,1,8,-7
542269,2283,2025,Abyss,5132,mada,NRG,Yoru,1.08,193,20,19,7,60,114,31,3,5,-2
542269,2283,2025,Abyss,2172,brawk,NRG,Sova,0.95,148,15,19,6,63,96,17,2,2,0
542269,2283,2025,Abyss,11225,Ethan,NRG,Omen,0.88,177,16,22,11,63,113,21,4,5,-1
542269,2283,2025,Abyss,4164,s0m,NRG,Harbor,0.79,162,18,23,5,70,101,20,2,3,-1
542269,2283,2025,Abyss,11118,skuba,NRG,Vyse,0.73,140,12,23,12,63,98,15,2,1,1
542269,2283,2025,Haven,8480,aspas,MIBR,Neon,1.73,318,23,8,1,94,172,25,6,0,6
542269,2283,2025,Haven,5395,cortezia,MIBR,Killjoy,1.56,230,15,5,4,82,147,17,3,0,3
542269,2283,2025,Haven,21668,Verno,MIBR,Sova,1.36,237,13,9,8,88,165,36,5,1,4
542269,2283,2025,Haven,5957,artzin,MIBR,Viper,1.2,235,16,10,6,76,159,16,0,1,-1
542269,2283,2025,Haven,20240,xenom,MIBR,Omen,1.12,119,6,6,19,82,58,13,1,0,1
542269,2283,2025,Haven,2172,brawk,NRG,Sova,0.95,210,9,14,9,65,147,17,1,2,-1
542269,2283,2025,Haven,11118,skuba,NRG,Killjoy,0.64,130,8,15,1,53,102,20,0,2,-2
542269,2283,2025,Haven,4164,s0m,NRG,Viper,0.61,189,11,15,0,47,121,30,1,6,-5
542269,2283,2025,Haven,11225,Ethan,NRG,Omen,0.43,89,4,14,3,47,64,26,0,1,-1
542269,2283,2025,Haven,5132,mada,NRG,Neon,0.42,101,6,15,3,41,75,19,0,4,-4
542269,2283,2025,Corrode,8480,aspas,MIBR,Waylay,1.08,212,25,19,3,60,129,33,3,4,-1
542269,2283,2025,Corrode,21668,Verno,MIBR,Sova,1.01,215,22,19,6,77,140,30,5,2,3
542269,2283,2025,Corrode,20240,xenom,MIBR,Omen,0.86,147,16,20,16,73,89,19,0,0,0
542269,2283,2025,Corrode,5395,cortezia,MIBR,Viper,0.84,160,15,19,7,70,102,36,6,2,4
542269,2283,2025,Corrode,5957,artzin,MIBR,Kayo,0.76,159,17,21,8,63,89,26,4,4,0
542269,2283,2025,Corrode,4164,s0m,NRG,Omen,1.24,192,22,18,8,70,136,30,2,2,0
542269,2283,2025,Corrode,11118,skuba,NRG,Viper,1.15,181,20,16,7,77,134,38,0,2,-2
542269,2283,2025,Corrode,11225,Ethan,NRG,Kayo,1.06,186,18,19,17,83,126,21,2,4,-2
542269,2283,2025,Corrode,2172,brawk,NRG,Sova,1.01,228,20,21,12,73,157,15,1,3,-2
542269,2283,2025,Corrode,5132,mada,NRG,Waylay,0.85,175,18,21,3,70,114,29,7,7,0
542203,2283,2025,Sunset,4774,Knight,Bilibili Gaming,Sova,1.62,253,20,10,4,85,168,36,2,1,1
542203,2283,2025,Sunset,40845,Levius,Bilibili Gaming,Cypher,1.45,345,26,15,5,70,196,35,6,2,4
542203,2283,2025,Sunset,48878,rushia,Bilibili Gaming,Omen,1.23,134,9,7,9,85,95,21,1,0,1
542203,2283,2025,Sunset,4885,whzy,Bilibili Gaming,Neon,0.98,190,13,14,8,90,128,35,2,3,-1
542203,2283,2025,Sunset,10698,nephh,Bilibili Gaming,Breach,0.91,110,7,10,11,75,70,32,1,2,-1
542203,2283,2025,Sunset,8497,Monyet,Rex Regum Qeon,Omen,0.96,178,12,15,9,65,111,31,3,1,2
542203,2283,2025,Sunset,1430,crazyguy,Rex Regum Qeon,Breach,0.91,166,12,13,4,55,123,40,2,3,-1
542203,2283,2025,Sunset,24895,Jemkin,Rex Regum Qeon,Waylay,0.76,165,12,14,2,65,101,23,1,2,-1
542203,2283,2025,Sunset,4871,xffero,Rex Regum Qeon,Cypher,0.58,147,9,15,9,65,96,18,2,3,-1
542203,2283,2025,Sunset,4866,Kushy,Rex Regum Qeon,Fade,0.49,145,11,18,0,50,95,39,0,3,-3
542203,2283,2025,Lotus,10698,nephh,Bilibili Gaming,Omen,1.27,245,18,14,6,71,144,21,3,3,0
542203,2283,2025,Lotus,4774,Knight,Bilibili Gaming,Fade,1.06,174,13,14,10,71,125,35,0,2,-2
542203,2283,2025,Lotus,4885,whzy,Bilibili Gaming,Raze,0.83,181,13,17,4,67,117,33,2,2,0
542203,2283,2025,Lotus,40845,Levius,Bilibili Gaming,Vyse,0.83,177,13,16,4,71,120,27,1,1,0
542203,2283,2025,Lotus,48878,rushia,Bilibili Gaming,Viper,0.54,165,10,19,5,62,104,25,4,3,1
542203,2283,2025,Lotus,8497,Monyet,Rex Regum Qeon,Raze,1.31,284,21,14,5,76,181,21,2,2,0
542203,2283,2025,Lotus,1430,crazyguy,Rex Regum Qeon,Omen,1.16,203,15,13,11,76,149,26,2,2,0
542203,2283,2025,Lotus,4871,xffero,Rex Regum Qeon,Viper,1.14,218,16,13,5,71,127,22,4,3,1
542203,2283,2025,Lotus,4866,Kushy,Rex Regum Qeon,Fade,0.98,176,15,14,3,76,120,37,1,2,-1
542203,2283,2025,Lotus,24895,Jemkin,Rex Regum Qeon,Yoru,0.78,149,13,13,1,62,93,32,2,1,1
542203,2283,2025,Abyss,10698,nephh,Bilibili Gaming,Omen,0.85,183,10,12,3,47,117,16,0,1,-1
542203,2283,2025,Abyss,40845,Levius,Bilibili Gaming,Vyse,0.8,148,9,11,2,53,104,43,1,2,-1
542203,2283,2025,Abyss,4774,Knight,Bilibili Gaming,Sova,0.67,139,8,14,2,47,90,8,1,3,-2
542203,2283,2025,Abyss,48878,rushia,Bilibili Gaming,Harbor,0.62,159,8,16,4,53,123,31,1,2,-1
542203,2283,2025,Abyss,4885,whzy,Bilibili Gaming,Yoru,0.24,110,5,16,4,53,78,14,1,5,-4
542203,2283,2025,Abyss,24895,Jemkin,Rex Regum Qeon,Jett,2.08,424,26,10,4,94,277,53,8,0,8
542203,2283,2025,Abyss,4871,xffero,Rex Regum Qeon,Cypher,1.45,203,14,6,3,76,131,36,1,1,0
542203,2283,2025,Abyss,8497,Monyet,Rex Regum Qeon,Omen,1.35,207,13,7,12,82,131,34,1,1,0
542203,2283,2025,Abyss,4866,Kushy,Rex Regum Qeon,Kayo,1.24,187,9,9,20,88,110,23,3,2,1
542203,2283,2025,Abyss,1430,crazyguy,Rex Regum Qeon,Sova,1.01,125,7,8,8,76,87,12,0,0,0
542211,2283,2025,Corrode,7873,leaf,G2 Esports,Cypher,1.03,178,15,15,3,65,115,25,1,1,0
542211,2283,2025,Corrode,15500,trent,G2 Esports,Fade,0.99,154,14,14,5,65,91,24,0,2,-2
542211,2283,2025,Corrode,3885,valyn,G2 Esports,Omen,0.93,222,16,20,11,65,139,20,4,3,1
542211,2283,2025,Corrode,4581,JonahP,G2 Esports,Sage,0.61,130,11,17,5,52,84,26,1,4,-3
542211,2283,2025,Corrode,3993,jawgemo,G2 Esports,Raze,0.6,141,9,18,6,61,101,15,2,5,-3
542211,2283,2025,Corrode,29873,benjyfishy,Team Heretics,Vyse,1.59,315,25,13,8,87,202,29,3,2,1
542211,2283,2025,Corrode,10971,RieNs,Team Heretics,Fade,1.44,270,21,14,11,91,169,28,2,0,2
542211,2283,2025,Corrode,18350,MiniBoo,Team Heretics,Yoru,1.25,267,23,17,5,74,168,40,9,3,6
542211,2283,2025,Corrode,1144,Boo,Team Heretics,Astra,1.11,127,10,10,21,83,78,32,1,0,1
542211,2283,2025,Corrode,21328,Wo0t,Team Heretics,Viper,0.6,65,5,11,4,78,52,33,0,3,-3
542211,2283,2025,Lotus,3885,valyn,G2 Esports,Omen,1.42,273,21,17,10,74,179,32,4,1,3
542211,2283,2025,Lotus,7873,leaf,G2 Esports,Viper,1.18,255,21,18,7,65,172,16,0,6,-6
542211,2283,2025,Lotus,15500,trent,G2 Esports,Tejo,0.8,153,12,16,4,74,100,40,0,1,-1
542211,2283,2025,Lotus,3993,jawgemo,G2 Esports,Yoru,0.74,165,14,18,6,52,95,30,3,4,-1
542211,2283,2025,Lotus,4581,JonahP,G2 Esports,Fade,0.58,136,9,18,12,74,89,11,2,2,0
542211,2283,2025,Lotus,21328,Wo0t,Team Heretics,Chamber,1.35,285,23,16,4,70,196,35,3,1,2
542211,2283,2025,Lotus,10971,RieNs,Team Heretics,Fade,1.21,213,20,15,8,78,159,44,2,2,0
542211,2283,2025,Lotus,18350,MiniBoo,Team Heretics,Raze,1.1,219,17,15,5,74,153,26,7,3,4
542211,2283,2025,Lotus,1144,Boo,Team Heretics,Omen,1.08,173,13,15,20,74,107,23,1,2,-1
542211,2283,2025,Lotus,29873,benjyfishy,Team Heretics,Deadlock,0.95,186,14,16,10,74,133,18,1,1,0
542270,2283,2025,Ascent,9554,kaajak,FNATIC,Yoru,1.21,244,23,22,5,69,160,40,5,5,0
542270,2283,2025,Ascent,438,Boaster,FNATIC,Omen,1.16,185,18,16,14,69,119,21,1,3,-2
542270,2283,2025,Ascent,458,Chronicle,FNATIC,Vyse,1.05,182,18,16,5,62,120,25,4,0,4
542270,2283,2025,Ascent,4,crashies,FNATIC,Sova,0.87,171,14,18,6,62,118,25,1,0,1
542270,2283,2025,Ascent,9810,Alfajer,FNATIC,Sage,0.73,173,15,21,12,73,110,33,5,2,3
542270,2283,2025,Ascent,2172,brawk,NRG,Sova,1.22,263,22,18,11,85,163,11,1,1,0
542270,2283,2025,Ascent,4164,s0m,NRG,Omen,1.19,217,19,17,10,85,136,22,1,0,1
542270,2283,2025,Ascent,11118,skuba,NRG,Vyse,1.18,229,22,15,4,73,146,31,1,0,1
542270,2283,2025,Ascent,11225,Ethan,NRG,Kayo,0.88,170,15,18,13,77,105,18,3,3,0
542270,2283,2025,Ascent,5132,mada,NRG,Jett,0.66,176,15,20,2,46,119,42,4,12,-8
542270,2283,2025,Abyss,458,Chronicle,FNATIC,Breach,0.92,173,11,14,3,78,120,29,2,0,2
542270,2283,2025,Abyss,4,crashies,FNATIC,Sova,0.89,182,12,15,5,67,125,25,3,3,0
542270,2283,2025,Abyss,9554,kaajak,FNATIC,Waylay,0.74,154,10,14,1,61,104,35,4,2,2
542270,2283,2025,Abyss,9810,Alfajer,FNATIC,Cypher,0.59,129,9,15,0,50,89,30,1,1,0
542270,2283,2025,Abyss,438,Boaster,FNATIC,Astra,0.4,78,3,13,5,44,58,10,1,1,0
542270,2283,2025,Abyss,11118,skuba,NRG,Vyse,1.52,251,17,7,6,83,158,45,1,3,-2
542270,2283,2025,Abyss,5132,mada,NRG,Yoru,1.23,246,16,11,2,67,158,30,3,2,1
542270,2283,2025,Abyss,2172,brawk,NRG,Sova,1.12,181,12,9,2,83,119,31,0,1,-1
542270,2283,2025,Abyss,4164,s0m,NRG,Harbor,1.07,201,14,11,6,78,144,39,1,2,-1
542270,2283,2025,Abyss,11225,Ethan,NRG,Omen,1.03,174,11,10,5,78,114,29,2,3,-1
542197,2283,2025,Ascent,9801,f0rsakeN,Paper Rex,Omen,1.0,204,17,19,14,75,118,26,2,2,0
542197,2283,2025,Ascent,17086,something,Paper Rex,Yoru,0.89,218,19,19,5,67,135,30,4,5,-1
542197,2283,2025,Ascent,9803,d4v41,Paper Rex,Vyse,0.89,173,14,17,9,71,115,28,1,0,1
542197,2283,2025,Ascent,7378,Jinggg,Paper Rex,Sage,0.87,154,14,16,5,75,104,33,4,1,3
542197,2283,2025,Ascent,13744,PatMen,Paper Rex,Sova,0.86,188,14,18,7,75,131,47,3,2,1
542197,2283,2025,Ascent,11332,ara,GIANTX,Jett,1.54,300,26,14,3,67,189,37,5,5,0
542197,2283,2025,Ascent,4181,Cloud,GIANTX,Sova,1.2,224,18,14,8,83,154,32,2,1,1
542197,2283,2025,Ascent,34684,westside,GIANTX,Cypher,1.19,212,20,15,5,71,143,48,1,4,-3
542197,2283,2025,Ascent,6959,Flickless,GIANTX,Kayo,0.94,151,10,16,22,75,104,20,0,3,-3
542197,2283,2025,Ascent,5550,grubinho,GIANTX,Omen,0.9,180,15,19,12,92,101,21,2,1,1
542197,2283,2025,Lotus,17086,something,Paper Rex,Yoru,1.39,275,23,14,6,70,168,28,5,2,3
542197,2283,2025,Lotus,9803,d4v41,Paper Rex,Vyse,1.2,203,19,11,3,70,145,26,0,3,-3
542197,2283,2025,Lotus,7378,Jinggg,Paper Rex,Raze,1.17,241,18,15,5,78,157,25,2,6,-4
542197,2283,2025,Lotus,13744,PatMen,Paper Rex,Fade,0.97,132,10,12,9,83,91,27,0,0,0
542197,2283,2025,Lotus,9801,f0rsakeN,Paper Rex,Omen,0.7,151,12,17,8,83,95,31,1,4,-3
542197,2283,2025,Lotus,34684,westside,GIANTX,Cypher,1.16,222,18,16,4,74,134,44,4,2,2
542197,2283,2025,Lotus,4181,Cloud,GIANTX,Fade,0.88,149,11,16,8,61,102,24,0,1,-1
542197,2283,2025,Lotus,6959,Flickless,GIANTX,Viper,0.85,173,12,16,4,61,121,37,3,1,2
542197,2283,2025,Lotus,5550,grubinho,GIANTX,Omen,0.84,166,13,17,6,74,115,29,3,0,3
542197,2283,2025,Lotus,11332,ara,GIANTX,Raze,0.75,168,15,17,1,65,109,19,5,4,1
542197,2283,2025,Sunset,17086,something,Paper Rex,Sova,1.59,277,21,8,7,89,158,33,3,1,2
542197,2283,2025,Sunset,7378,Jinggg,Paper Rex,Raze,1.48,318,23,13,3,84,200,24,3,2,1
542197,2283,2025,Sunset,9803,d4v41,Paper Rex,Sage,1.06,141,10,8,3,74,103,35,1,0,1
542197,2283,2025,Sunset,13744,PatMen,Paper Rex,Viper,1.02,194,14,10,0,79,113,28,2,3,-1
542197,2283,2025,Sunset,9801,f0rsakeN,Paper Rex,Omen,0.82,166,11,12,12,74,122,20,1,3,-2
542197,2283,2025,Sunset,5550,grubinho,GIANTX,Omen,0.9,177,12,15,3,53,123,28,1,5,-4
542197,2283,2025,Sunset,6959,Flickless,GIANTX,Breach,0.87,196,12,17,4,53,131,18,3,1,2
542197,2283,2025,Sunset,34684,westside,GIANTX,Cypher,0.74,154,8,15,6,63,107,41,3,4,-1
542197,2283,2025,Sunset,11332,ara,GIANTX,Neon,0.72,162,11,16,2,53,109,43,0,0,0
542197,2283,2025,Sunset,4181,Cloud,GIANTX,Sova,0.71,151,8,16,4,58,111,43,2,0,2
542196,2283,2025,Corrode,11332,ara,GIANTX,Yoru,0.85,166,10,12,1,58,100,36,1,3,-2
542196,2283,2025,Corrode,4181,Cloud,GIANTX,Fade,0.78,149,9,14,4,58,99,19,2,3,-1
542196,2283,2025,Corrode,34684,westside,GIANTX,Vyse,0.74,162,10,16,0,37,99,50,2,0,2
542196,2283,2025,Corrode,6959,Flickless,GIANTX,Viper,0.61,106,7,13,4,63,67,24,1,3,-2
542196,2283,2025,Corrode,5550,grubinho,GIANTX,Omen,0.55,126,8,16,2,47,91,30,2,2,0
542196,2283,2025,Corrode,36245,N4RRATE,Sentinels,Fade,1.58,238,15,8,15,79,143,32,1,1,0
542196,2283,2025,Corrode,1265,johnqt,Sentinels,Viper,1.32,188,13,7,6,84,106,33,2,1,1
542196,2283,2025,Corrode,3880,bang,Sentinels,Omen,1.27,177,14,8,8,84,97,30,3,2,1
542196,2283,2025,Corrode,4004,zekken,Sentinels,Neon,1.18,305,20,13,9,74,186,32,4,4,0
542196,2283,2025,Corrode,729,Zellsis,Sentinels,Vyse,0.96,125,9,8,5,84,76,16,1,0,1
542196,2283,2025,Sunset,4181,Cloud,GIANTX,Sova,2.05,362,23,9,5,94,224,33,4,0,4
542196,2283,2025,Sunset,34684,westside,GIANTX,Cypher,1.42,235,15,8,4,76,163,53,1,1,0
542196,2283,2025,Sunset,6959,Flickless,GIANTX,Breach,1.31,207,13,8,11,94,137,31,0,1,-1
542196,2283,2025,Sunset,11332,ara,GIANTX,Neon,0.85,161,11,11,3,71,101,30,2,4,-2
542196,2283,2025,Sunset,5550,grubinho,GIANTX,Omen,0.84,198,11,12,11,88,124,19,4,0,4
542196,2283,2025,Sunset,1265,johnqt,Sentinels,Cypher,1.37,245,16,14,6,76,139,30,1,0,1
542196,2283,2025,Sunset,36245,N4RRATE,Sentinels,Fade,1.08,212,12,13,7,82,131,21,2,2,0
542196,2283,2025,Sunset,729,Zellsis,Sentinels,Breach,0.53,125,7,15,6,59,88,17,1,2,-1
542196,2283,2025,Sunset,4004,zekken,Sentinels,Neon,0.42,146,8,16,2,53,112,18,1,5,-4
542196,2283,2025,Sunset,3880,bang,Sentinels,Omen,0.26,82,5,15,4,41,54,31,1,2,-1
542196,2283,2025,Haven,4181,Cloud,GIANTX,Sova,1.28,250,19,13,6,64,158,23,0,2,-2
542196,2283,2025,Haven,11332,ara,GIANTX,Neon,1.13,286,22,17,4,91,184,32,10,2,8
542196,2283,2025,Haven,6959,Flickless,GIANTX,Breach,1.04,164,12,11,12,95,115,24,0,1,-1
542196,2283,2025,Haven,5550,grubinho,GIANTX,Omen,0.99,196,17,14,7,82,119,30,1,3,-2
542196,2283,2025,Haven,34684,westside,GIANTX,Cypher,0.74,147,12,13,3,64,100,44,0,3,-3
542196,2283,2025,Haven,4004,zekken,Sentinels,Neon,1.17,260,18,17,7,82,178,25,5,4,1
542196,2283,2025,Haven,1265,johnqt,Sentinels,Viper,1.11,188,17,14,5,82,123,36,1,2,-1
542196,2283,2025,Haven,729,Zellsis,Sentinels,Killjoy,0.75,166,12,16,5,45,108,10,4,1,3
542196,2283,2025,Haven,3880,bang,Sentinels,Omen,0.7,136,10,16,3,68,92,37,0,2,-2
542196,2283,2025,Haven,36245,N4RRATE,Sentinels,Sova,0.57,162,11,19,5,55,125,44,1,2,-1
542213,2283,2025,Lotus,10971,RieNs,Team Heretics,Fade,1.45,275,23,14,9,87,171,34,0,0,0
542213,2283,2025,Lotus,21328,Wo0t,Team Heretics,Chamber,1.23,277,23,14,3,74,178,28,7,3,4
542213,2283,2025,Lotus,1144,Boo,Team Heretics,Omen,1.0,138,12,14,18,87,82,44,1,1,0
542213,2283,2025,Lotus,29873,benjyfishy,Team Heretics,Deadlock,0.99,192,15,15,6,78,126,31,1,2,-1
542213,2283,2025,Lotus,18350,MiniBoo,Team Heretics,Raze,0.94,217,17,16,5,78,135,12,4,4,0
542213,2283,2025,Lotus,804,BuZz,T1,Neon,1.09,214,18,17,10,78,139,26,1,3,-2
542213,2283,2025,Lotus,43057,DH,T1,Omen,1.08,201,16,17,6,65,128,50,1,3,-2
542213,2283,2025,Lotus,29833,iZu,T1,Yoru,1.07,237,19,18,4,61,145,24,3,5,-2
542213,2283,2025,Lotus,13039,Meteor,T1,Vyse,0.76,156,13,18,3,61,92,38,4,1,3
542213,2283,2025,Lotus,485,stax,T1,Fade,0.41,107,7,20,9,57,67,35,1,1,0
542213,2283,2025,Sunset,10971,RieNs,Team Heretics,Sova,1.15,238,19,16,5,63,151,41,1,1,0
542213,2283,2025,Sunset,21328,Wo0t,Team Heretics,Raze,1.09,244,19,19,6,83,175,19,1,1,0
542213,2283,2025,Sunset,1144,Boo,Team Heretics,Omen,1.03,160,14,15,13,79,106,18,1,2,-1
542213,2283,2025,Sunset,18350,MiniBoo,Team Heretics,Yoru,0.96,196,17,16,1,67,120,31,6,4,2
542213,2283,2025,Sunset,29873,benjyfishy,Team Heretics,Cypher,0.56,119,10,19,7,50,76,38,1,6,-5
542213,2283,2025,Sunset,13039,Meteor,T1,Cypher,1.45,292,24,17,7,88,190,34,6,1,5
542213,2283,2025,Sunset,29833,iZu,T1,Yoru,1.19,230,21,16,3,79,124,33,4,1,3
542213,2283,2025,Sunset,43057,DH,T1,Omen,0.96,202,16,16,12,67,144,35,2,1,1
542213,2283,2025,Sunset,485,stax,T1,Sova,0.86,126,10,13,6,71,96,33,0,0,0
542213,2283,2025,Sunset,804,BuZz,T1,Neon,0.64,156,14,17,4,54,100,19,2,7,-5
542272,2283,2025,Corrode,2172,brawk,NRG,Sova,1.93,375,24,7,2,94,212,19,1,1,0
542272,2283,2025,Corrode,5132,mada,NRG,Waylay,1.41,295,17,10,6,81,169,19,6,3,3
542272,2283,2025,Corrode,11225,Ethan,NRG,Kayo,1.22,178,11,7,4,75,121,37,2,1,1
542272,2283,2025,Corrode,4164,s0m,NRG,Omen,1.11,190,10,8,10,88,116,19,1,0,1
542272,2283,2025,Corrode,11118,skuba,NRG,Viper,0.98,162,10,8,4,94,116,24,0,1,-1
542272,2283,2025,Corrode,9554,kaajak,FNATIC,Yoru,1.03,184,11,13,0,56,128,59,1,1,0
542272,2283,2025,Corrode,4,crashies,FNATIC,Fade,0.75,168,9,13,6,63,114,23,1,4,-3
542272,2283,2025,Corrode,458,Chronicle,FNATIC,Viper,0.54,112,6,15,3,38,74,32,1,1,0
542272,2283,2025,Corrode,438,Boaster,FNATIC,Astra,0.44,121,6,15,4,56,73,9,2,2,0
542272,2283,2025,Corrode,9810,Alfajer,FNATIC,Vyse,0.41,144,8,16,2,50,102,45,1,2,-1
542272,2283,2025,Lotus,5132,mada,NRG,Raze,1.27,275,20,13,4,79,170,40,5,4,1
542272,2283,2025,Lotus,11118,skuba,NRG,Viper,1.2,175,13,9,4,84,103,39,1,2,-1
542272,2283,2025,Lotus,2172,brawk,NRG,Vyse,1.04,203,14,13,8,74,117,8,1,2,-1
542272,2283,2025,Lotus,11225,Ethan,NRG,Fade,0.89,158,13,12,4,74,93,19,0,0,0
542272,2283,2025,Lotus,4164,s0m,NRG,Omen,0.88,160,10,13,6,68,101,15,2,2,0
542272,2283,2025,Lotus,9554,kaajak,FNATIC,Raze,1.34,313,21,15,4,79,198,38,6,4,2
542272,2283,2025,Lotus,458,Chronicle,FNATIC,Viper,1.05,186,12,12,5,58,131,30,1,2,-1
542272,2283,2025,Lotus,9810,Alfajer,FNATIC,Killjoy,0.88,173,11,13,1,58,117,27,1,1,0
542272,2283,2025,Lotus,438,Boaster,FNATIC,Omen,0.82,163,9,14,7,79,110,12,1,0,1
542272,2283,2025,Lotus,4,crashies,FNATIC,Fade,0.49,107,7,16,7,58,78,28,1,2,-1
542272,2283,2025,Abyss,11118,skuba,NRG,Vyse,1.2,216,22,15,4,75,131,32,3,2,1
542272,2283,2025,Abyss,2172,brawk,NRG,Sova,1.18,222,20,17,9,71,151,26,3,1,2
542272,2283,2025,Abyss,11225,Ethan,NRG,Omen,1.0,183,17,16,10,71,118,25,1,2,-1
542272,2283,2025,Abyss,5132,mada,NRG,Yoru,0.82,153,15,18,3,64,113,41,5,5,0
542272,2283,2025,Abyss,4164,s0m,NRG,Harbor,0.53,129,13,22,5,64,87,28,0,6,-6
542272,2283,2025,Abyss,4,crashies,FNATIC,Sova,1.38,221,22,15,7,61,139,29,3,3,0
542272,2283,2025,Abyss,9554,kaajak,FNATIC,Waylay,1.12,247,24,19,4,64,160,30,7,4,3
542272,2283,2025,Abyss,458,Chronicle,FNATIC,Breach,0.91,167,17,19,8,61,117,27,2,1,1
542272,2283,2025,Abyss,9810,Alfajer,FNATIC,Cypher,0.86,136,14,17,5,61,87,18,3,2,1
542272,2283,2025,Abyss,438,Boaster,FNATIC,Astra,0.85,130,11,17,10,71,87,28,1,2,-1
542272,2283,2025,Ascent,2172,brawk,NRG,Sova,1.22,218,15,13,10,76,140,26,2,1,1
542272,2283,2025,Ascent,4164,s0m,NRG,Omen,1.0,246,17,18,7,76,146,25,4,2,2
542272,2283,2025,Ascent,11225,Ethan,NRG,Kayo,0.91,164,13,15,8,71,96,14,0,4,-4
542272,2283,2025,Ascent,11118,skuba,NRG,Vyse,0.81,204,16,19,2,71,119,29,2,1,1
542272,2283,2025,Ascent,5132,mada,NRG,Jett,0.8,145,10,14,4,62,94,16,1,4,-3
542272,2283,2025,Ascent,9810,Alfajer,FNATIC,Sage,1.44,299,23,14,4,76,200,46,5,1,4
542272,2283,2025,Ascent,9554,kaajak,FNATIC,Yoru,1.18,222,18,13,4,71,138,40,6,2,4
542272,2283,2025,Ascent,4,crashies,FNATIC,Sova,1.04,202,14,16,10,76,137,23,1,2,-1
542272,2283,2025,Ascent,458,Chronicle,FNATIC,Vyse,0.98,221,18,16,7,71,137,21,0,2,-2
542272,2283,2025,Ascent,438,Boaster,FNATIC,Omen,0.66,103,6,12,9,76,76,17,0,2,-2
542272,2283,2025,Sunset,11225,Ethan,NRG,Breach,1.71,355,23,12,9,83,223,27,2,2,0
542272,2283,2025,Sunset,11118,skuba,NRG,Cypher,1.19,201,15,9,2,83,140,18,3,0,3
542272,2283,2025,Sunset,2172,brawk,NRG,Sova,1.12,203,11,11,11,100,145,31,0,0,0
542272,2283,2025,Sunset,4164,s0m,NRG,Omen,1.0,160,13,12,9,83,103,17,2,2,0
542272,2283,2025,Sunset,5132,mada,NRG,Neon,0.74,191,12,14,5,67,126,26,4,3,1
542272,2283,2025,Sunset,9554,kaajak,FNATIC,Yoru,1.12,227,16,15,2,67,152,27,3,1,2
542272,2283,2025,Sunset,9810,Alfajer,FNATIC,Neon,1.04,253,16,15,5,72,160,19,3,4,-1
542272,2283,2025,Sunset,458,Chronicle,FNATIC,Cypher,1.0,197,13,15,5,78,131,24,1,3,-2
542272,2283,2025,Sunset,4,crashies,FNATIC,Fade,0.57,141,7,14,6,72,98,40,0,3,-3
542272,2283,2025,Sunset,438,Boaster,FNATIC,Omen,0.49,113,6,15,9,61,65,10,0,0,0
542208,2283,2025,Haven,1916,free1ng,KIWOOM DRX,Cypher,1.35,199,14,7,4,82,127,33,1,1,0
542208,2283,2025,Haven,35013,Flashback,KIWOOM DRX,Neon,1.22,229,15,11,3,53,159,28,3,4,-1
542208,2283,2025,Haven,28400,HYUNMIN,KIWOOM DRX,Waylay,1.21,281,18,12,4,76,170,34,5,1,4
542208,2283,2025,Haven,4678,BeYN,KIWOOM DRX,Sova,1.04,188,12,11,4,71,125,46,0,1,-1
542208,2283,2025,Haven,4462,MaKo,KIWOOM DRX,Omen,1.03,117,7,8,11,82,65,22,0,1,-1
542208,2283,2025,Haven,11118,skuba,NRG,Killjoy,1.05,227,15,13,2,53,131,30,1,1,0
542208,2283,2025,Haven,5132,mada,NRG,Neon,0.96,235,14,15,4,47,153,25,3,6,-3
542208,2283,2025,Haven,4164,s0m,NRG,Viper,0.75,163,8,13,9,76,94,26,0,1,-1
542208,2283,2025,Haven,2172,brawk,NRG,Sova,0.71,138,6,12,6,71,104,11,2,0,2
542208,2283,2025,Haven,11225,Ethan,NRG,Omen,0.66,127,6,13,4,76,81,17,2,1,1
542208,2283,2025,Corrode,35013,Flashback,KIWOOM DRX,Yoru,1.39,305,26,17,3,79,190,34,7,2,5
542208,2283,2025,Corrode,28400,HYUNMIN,KIWOOM DRX,Waylay,0.99,201,17,16,6,71,131,50,2,0,2
542208,2283,2025,Corrode,4678,BeYN,KIWOOM DRX,Fade,0.94,201,16,17,8,67,120,48,2,3,-1
542208,2283,2025,Corrode,4462,MaKo,KIWOOM DRX,Omen,0.85,125,11,15,8,75,82,17,1,1,0
542208,2283,2025,Corrode,1916,free1ng,KIWOOM DRX,Viper,0.73,147,13,16,3,75,111,48,4,2,2
542208,2283,2025,Corrode,5132,mada,NRG,Waylay,1.17,239,22,17,4,75,152,33,4,8,-4
542208,2283,2025,Corrode,4164,s0m,NRG,Omen,1.13,210,18,17,9,67,135,39,3,1,2
542208,2283,2025,Corrode,11118,skuba,NRG,Viper,1.09,211,18,16,6,75,140,49,0,1,-1
542208,2283,2025,Corrode,2172,brawk,NRG,Sova,0.98,178,13,15,8,75,121,14,1,2,-1
542208,2283,2025,Corrode,11225,Ethan,NRG,Kayo,0.64,139,10,18,14,67,72,14,0,4,-4
542208,2283,2025,Lotus,35013,Flashback,KIWOOM DRX,Yoru,1.29,292,25,19,3,83,190,25,5,4,1
542208,2283,2025,Lotus,4678,BeYN,KIWOOM DRX,Fade,1.21,227,21,15,4,63,152,33,0,2,-2
542208,2283,2025,Lotus,28400,HYUNMIN,KIWOOM DRX,Waylay,1.0,210,19,17,1,71,136,30,2,3,-1
542208,2283,2025,Lotus,4462,MaKo,KIWOOM DRX,Omen,0.57,105,8,17,9,67,76,19,0,2,-2
542208,2283,2025,Lotus,1916,free1ng,KIWOOM DRX,Vyse,0.49,115,8,18,5,54,85,14,2,4,-2
542208,2283,2025,Lotus,2172,brawk,NRG,Vyse,1.65,304,28,15,4,75,194,17,1,0,1
542208,2283,2025,Lotus,11225,Ethan,NRG,Fade,1.07,169,14,13,9,67,116,27,3,3,0
542208,2283,2025,Lotus,4164,s0m,NRG,Omen,1.03,190,15,17,18,79,112,13,4,2,2
542208,2283,2025,Lotus,5132,mada,NRG,Raze,0.96,246,19,22,9,79,164,12,6,4,2
542208,2283,2025,Lotus,11118,skuba,NRG,Viper,0.91,118,10,14,15,88,74,17,1,0,1
542205,2283,2025,Abyss,11494,keiko,Team Liquid,Omen,1.15,238,17,17,8,67,147,53,4,1,3
542205,2283,2025,Abyss,2168,trexx,Team Liquid,Sova,1.0,177,12,14,5,62,107,22,1,2,-1
542205,2283,2025,Abyss,14681,kamo,Team Liquid,Jett,0.95,220,17,16,2,71,146,41,4,6,-2
542205,2283,2025,Abyss,309,paTiTek,Team Liquid,Kayo,0.94,175,12,16,10,57,118,23,1,1,0
542205,2283,2025,Abyss,457,nAts,Team Liquid,Cypher,0.52,52,3,12,3,76,40,25,0,1,-1
542205,2283,2025,Abyss,4462,MaKo,KIWOOM DRX,Omen,1.4,210,17,10,10,81,139,47,2,2,0
542205,2283,2025,Abyss,35013,Flashback,KIWOOM DRX,Yoru,1.37,252,21,12,5,76,164,32,2,3,-1
542205,2283,2025,Abyss,1916,free1ng,KIWOOM DRX,Cypher,0.94,177,13,14,8,86,128,38,3,1,2
542205,2283,2025,Abyss,4678,BeYN,KIWOOM DRX,Sova,0.81,151,9,13,12,95,104,24,1,1,0
542205,2283,2025,Abyss,28400,HYUNMIN,KIWOOM DRX,Waylay,0.78,138,11,12,2,67,98,52,3,3,0
542205,2283,2025,Bind,11494,keiko,Team Liquid,Brimstone,1.14,191,15,15,8,70,125,52,2,0,2
542205,2283,2025,Bind,457,nAts,Team Liquid,Viper,1.11,187,14,13,5,61,118,47,3,2,1
542205,2283,2025,Bind,309,paTiTek,Team Liquid,Skye,0.79,152,13,16,4,52,95,35,0,4,-4
542205,2283,2025,Bind,14681,kamo,Team Liquid,Raze,0.73,180,13,19,1,43,114,14,3,5,-2
542205,2283,2025,Bind,2168,trexx,Team Liquid,Gekko,0.51,109,6,19,7,39,82,10,1,3,-2
542205,2283,2025,Bind,4462,MaKo,KIWOOM DRX,Brimstone,1.23,205,17,10,9,91,129,36,1,1,0
542205,2283,2025,Bind,4678,BeYN,KIWOOM DRX,Fade,1.2,224,19,13,7,70,143,35,3,3,0
542205,2283,2025,Bind,28400,HYUNMIN,KIWOOM DRX,Waylay,1.18,202,18,11,3,78,121,46,4,1,3
542205,2283,2025,Bind,35013,Flashback,KIWOOM DRX,Yoru,1.0,214,16,14,5,65,142,15,4,3,1
542205,2283,2025,Bind,1916,free1ng,KIWOOM DRX,Viper,0.84,147,12,13,8,74,107,25,2,1,1
542265,2283,2025,Lotus,17086,something,Paper Rex,Yoru,1.21,218,20,15,3,67,136,21,3,5,-2
542265,2283,2025,Lotus,7378,Jinggg,Paper Rex,Raze,1.2,247,20,17,6,71,158,18,4,3,1
542265,2283,2025,Lotus,9803,d4v41,Paper Rex,Vyse,1.01,192,15,15,8,75,137,36,1,1,0
542265,2283,2025,Lotus,9801,f0rsakeN,Paper Rex,Omen,0.85,178,14,18,12,71,114,32,1,5,-4
542265,2283,2025,Lotus,13744,PatMen,Paper Rex,Fade,0.8,176,16,17,3,54,111,31,0,1,-1
542265,2283,2025,Lotus,3993,jawgemo,G2 Esports,Yoru,1.37,296,25,17,2,75,183,20,8,2,6
542265,2283,2025,Lotus,4581,JonahP,G2 Esports,Fade,1.08,215,17,17,5,71,130,26,1,2,-1
542265,2283,2025,Lotus,7873,leaf,G2 Esports,Viper,1.05,231,19,18,8,75,150,12,4,1,3
542265,2283,2025,Lotus,3885,valyn,G2 Esports,Omen,0.85,169,14,17,3,71,121,27,2,1,1
542265,2283,2025,Lotus,15500,trent,G2 Esports,Tejo,0.46,72,7,16,2,63,56,33,0,3,-3
542265,2283,2025,Corrode,17086,something,Paper Rex,Yoru,1.35,285,28,19,5,82,175,37,6,3,3
542265,2283,2025,Corrode,13744,PatMen,Paper Rex,Fade,1.1,209,21,17,6,71,132,33,0,0,0
542265,2283,2025,Corrode,7378,Jinggg,Paper Rex,Raze,0.93,207,18,19,4,82,137,9,3,4,-1
542265,2283,2025,Corrode,9801,f0rsakeN,Paper Rex,Omen,0.89,186,20,22,11,71,126,24,0,6,-6
542265,2283,2025,Corrode,9803,d4v41,Paper Rex,Vyse,0.72,148,13,20,8,54,99,34,2,4,-2
542265,2283,2025,Corrode,4581,JonahP,G2 Esports,Fade,1.23,280,26,22,9,79,164,24,9,3,6
542265,2283,2025,Corrode,7873,leaf,G2 Esports,Viper,1.15,225,22,19,5,71,157,32,5,0,5
542265,2283,2025,Corrode,15500,trent,G2 Esports,Tejo,1.08,227,21,20,8,68,146,28,1,1,0
542265,2283,2025,Corrode,3993,jawgemo,G2 Esports,Yoru,0.8,143,14,20,3,61,96,32,2,3,-1
542265,2283,2025,Corrode,3885,valyn,G2 Esports,Omen,0.75,140,14,19,11,75,97,16,0,4,-4
542265,2283,2025,Ascent,9801,f0rsakeN,Paper Rex,Omen,1.73,310,28,14,7,75,199,35,5,1,4
542265,2283,2025,Ascent,17086,something,Paper Rex,Yoru,1.31,233,20,14,6,79,152,34,4,5,-1
542265,2283,2025,Ascent,7378,Jinggg,Paper Rex,Sage,0.81,193,16,18,9,71,119,26,2,1,1
542265,2283,2025,Ascent,9803,d4v41,Paper Rex,Vyse,0.8,208,16,19,7,79,151,26,0,3,-3
542265,2283,2025,Ascent,13744,PatMen,Paper Rex,Sova,0.54,105,9,17,3,63,78,13,0,3,-3
542265,2283,2025,Ascent,7873,leaf,G2 Esports,Chamber,1.61,362,30,19,3,79,238,24,8,4,4
542265,2283,2025,Ascent,15500,trent,G2 Esports,Sova,0.97,156,13,15,6,71,106,15,1,1,0
542265,2283,2025,Ascent,3885,valyn,G2 Esports,Omen,0.82,142,11,16,11,63,97,22,0,1,-1
542265,2283,2025,Ascent,4581,JonahP,G2 Esports,Vyse,0.76,184,14,20,6,63,116,20,1,3,-2
542265,2283,2025,Ascent,3993,jawgemo,G2 Esports,Yoru,0.75,176,14,19,3,67,122,26,3,2,1
542268,2283,2025,Bind,9554,kaajak,FNATIC,Yoru,1.68,369,30,17,8,83,228,33,8,1,7
542268,2283,2025,Bind,1369,doma,FNATIC,Tejo,1.0,159,13,14,4,65,118,32,1,0,1
542268,2283,2025,Bind,438,Boaster,FNATIC,Astra,0.83,134,9,14,6,70,103,25,1,0,1
542268,2283,2025,Bind,4,crashies,FNATIC,Fade,0.78,165,14,16,7,78,106,19,2,3,-1
542268,2283,2025,Bind,458,Chronicle,FNATIC,Viper,0.55,129,10,18,3,52,96,35,1,6,-5
542268,2283,2025,Bind,9803,d4v41,Paper Rex,Viper,1.25,190,18,12,3,74,127,29,1,3,-2
542268,2283,2025,Bind,9801,f0rsakeN,Paper Rex,Brimstone,1.13,218,17,15,8,74,152,44,0,1,-1
542268,2283,2025,Bind,13744,PatMen,Paper Rex,Fade,1.08,184,15,14,3,61,129,30,2,2,0
542268,2283,2025,Bind,17086,something,Paper Rex,Yoru,0.9,189,16,17,2,70,119,18,5,2,3
542268,2283,2025,Bind,7378,Jinggg,Paper Rex,Raze,0.81,184,13,18,8,78,140,19,2,5,-3
542268,2283,2025,Haven,9554,kaajak,FNATIC,Yoru,1.69,325,20,9,3,88,206,30,4,0,4
542268,2283,2025,Haven,458,Chronicle,FNATIC,Viper,1.46,293,18,9,4,82,192,27,3,2,1
542268,2283,2025,Haven,4,crashies,FNATIC,Sova,1.3,171,12,7,0,71,117,33,1,2,-1
542268,2283,2025,Haven,438,Boaster,FNATIC,Omen,0.95,125,8,9,8,82,68,44,1,0,1
542268,2283,2025,Haven,1369,doma,FNATIC,Killjoy,0.84,186,11,11,2,59,123,29,2,2,0
542268,2283,2025,Haven,9803,d4v41,Paper Rex,Vyse,0.84,154,11,12,1,53,95,28,0,3,-3
542268,2283,2025,Haven,7378,Jinggg,Paper Rex,Omen,0.71,150,9,13,2,53,93,32,0,0,0
542268,2283,2025,Haven,9801,f0rsakeN,Paper Rex,Waylay,0.63,208,12,16,3,53,127,26,2,5,-3
542268,2283,2025,Haven,13744,PatMen,Paper Rex,Fade,0.58,136,7,15,5,59,85,25,1,1,0
542268,2283,2025,Haven,17086,something,Paper Rex,Yoru,0.53,135,6,13,4,47,83,21,3,2,1
542268,2283,2025,Lotus,458,Chronicle,FNATIC,Viper,1.86,376,31,14,7,86,246,39,3,0,3
542268,2283,2025,Lotus,438,Boaster,FNATIC,Omen,1.06,202,14,14,10,64,137,10,0,3,-3
542268,2283,2025,Lotus,9554,kaajak,FNATIC,Raze,1.04,250,19,18,8,77,153,16,5,6,-1
542268,2283,2025,Lotus,1369,doma,FNATIC,Killjoy,0.95,157,12,15,7,91,119,26,2,2,0
542268,2283,2025,Lotus,4,crashies,FNATIC,Fade,0.8,110,9,14,7,77,79,41,0,1,-1
542268,2283,2025,Lotus,7378,Jinggg,Paper Rex,Raze,1.07,232,19,17,6,82,164,23,3,2,1
542268,2283,2025,Lotus,9803,d4v41,Paper Rex,Vyse,1.01,211,17,17,5,91,133,26,2,0,2
542268,2283,2025,Lotus,9801,f0rsakeN,Paper Rex,Omen,0.93,219,15,18,7,77,137,21,4,0,4
542268,2283,2025,Lotus,13744,PatMen,Paper Rex,Fade,0.77,143,11,16,4,73,105,32,0,0,0
542268,2283,2025,Lotus,17086,something,Paper Rex,Yoru,0.7,163,13,17,3,59,132,22,3,8,-5
542204,2283,2025,Corrode,5957,artzin,MIBR,Kayo,1.78,345,21,9,9,78,213,23,4,1,3
542204,2283,2025,Corrode,8480,aspas,MIBR,Waylay,1.51,262,19,8,2,94,165,32,4,0,4
542204,2283,2025,Corrode,5395,cortezia,MIBR,Viper,1.34,203,13,8,10,78,129,44,1,1,0
542204,2283,2025,Corrode,21668,Verno,MIBR,Sova,0.98,147,9,9,6,78,95,26,2,1,1
542204,2283,2025,Corrode,20240,xenom,MIBR,Omen,0.85,135,8,8,8,89,85,44,2,2,0
542204,2283,2025,Corrode,8497,Monyet,Rex Regum Qeon,Neon,0.94,197,12,14,7,67,118,26,1,4,-3
542204,2283,2025,Corrode,4866,Kushy,Rex Regum Qeon,Fade,0.82,158,10,13,3,61,103,48,0,3,-3
542204,2283,2025,Corrode,1430,crazyguy,Rex Regum Qeon,Omen,0.59,114,6,15,5,61,81,42,1,1,0
542204,2283,2025,Corrode,24895,Jemkin,Rex Regum Qeon,Waylay,0.53,106,6,14,2,50,72,32,1,3,-2
542204,2283,2025,Corrode,4871,xffero,Rex Regum Qeon,Viper,0.52,119,8,14,1,61,88,20,2,2,0
542204,2283,2025,Abyss,20240,xenom,MIBR,Astra,1.44,193,15,8,5,83,124,46,0,0,0
542204,2283,2025,Abyss,8480,aspas,MIBR,Jett,1.43,247,17,6,2,83,161,24,3,1,2
542204,2283,2025,Abyss,21668,Verno,MIBR,Sova,1.19,208,13,10,5,78,155,20,2,0,2
542204,2283,2025,Abyss,5395,cortezia,MIBR,Cypher,1.15,219,14,11,5,83,133,34,2,2,0
542204,2283,2025,Abyss,5957,artzin,MIBR,Kayo,0.78,167,9,13,12,67,99,22,4,4,0
542204,2283,2025,Abyss,24895,Jemkin,Rex Regum Qeon,Jett,1.15,252,15,13,2,44,163,48,3,4,-1
542204,2283,2025,Abyss,4871,xffero,Rex Regum Qeon,Cypher,1.08,228,15,14,2,72,156,38,4,2,2
542204,2283,2025,Abyss,8497,Monyet,Rex Regum Qeon,Omen,0.72,123,8,14,7,61,92,36,0,1,-1
542204,2283,2025,Abyss,1430,crazyguy,Rex Regum Qeon,Sova,0.65,148,6,14,8,61,108,11,0,2,-2
542204,2283,2025,Abyss,4866,Kushy,Rex Regum Qeon,Kayo,0.33,78,4,16,5,50,48,31,0,2,-2
542274,2283,2025,Ascent,10971,RieNs,Team Heretics,Sova,1.84,350,23,8,4,88,224,32,3,0,3
542274,2283,2025,Ascent,18350,MiniBoo,Team Heretics,Yoru,1.26,271,17,11,4,76,192,23,5,3,2
542274,2283,2025,Ascent,21328,Wo0t,Team Heretics,Jett,1.12,188,13,8,0,82,96,27,1,1,0
542274,2283,2025,Ascent,29873,benjyfishy,Team Heretics,Cypher,1.06,170,11,8,4,94,109,26,1,0,1
542274,2283,2025,Ascent,1144,Boo,Team Heretics,Omen,1.02,157,9,10,16,88,96,26,1,2,-1
542274,2283,2025,Ascent,6959,Flickless,GIANTX,Kayo,0.99,203,13,15,8,88,117,26,1,1,0
542274,2283,2025,Ascent,11332,ara,GIANTX,Jett,0.94,185,10,14,4,65,137,25,1,4,-3
542274,2283,2025,Ascent,34684,westside,GIANTX,Cypher,0.76,169,10,15,4,65,114,42,1,3,-2
542274,2283,2025,Ascent,4181,Cloud,GIANTX,Sova,0.69,150,8,14,4,47,98,24,3,0,3
542274,2283,2025,Ascent,5550,grubinho,GIANTX,Omen,0.37,81,4,15,9,65,44,56,0,3,-3
542274,2283,2025,Lotus,21328,Wo0t,Team Heretics,Chamber,0.92,182,10,11,1,50,105,31,3,5,-2
542274,2283,2025,Lotus,18350,MiniBoo,Team Heretics,Raze,0.72,183,11,14,1,56,121,26,2,2,0
542274,2283,2025,Lotus,29873,benjyfishy,Team Heretics,Deadlock,0.65,154,9,15,2,63,97,29,0,0,0
542274,2283,2025,Lotus,1144,Boo,Team Heretics,Omen,0.39,46,2,12,5,31,35,18,0,1,-1
542274,2283,2025,Lotus,10971,RieNs,Team Heretics,Fade,0.38,135,6,16,3,50,90,43,0,3,-3
542274,2283,2025,Lotus,6959,Flickless,GIANTX,Viper,1.48,249,13,6,11,94,160,32,1,1,0
542274,2283,2025,Lotus,11332,ara,GIANTX,Raze,1.35,271,14,11,5,75,183,28,5,0,5
542274,2283,2025,Lotus,34684,westside,GIANTX,Cypher,1.34,223,16,7,3,81,127,31,1,1,0
542274,2283,2025,Lotus,4181,Cloud,GIANTX,Fade,1.34,236,14,7,5,69,144,31,2,1,1
542274,2283,2025,Lotus,5550,grubinho,GIANTX,Omen,1.21,175,11,7,6,75,119,23,2,2,0
542274,2283,2025,Bind,18350,MiniBoo,Team Heretics,Waylay,1.14,243,19,17,4,64,140,36,2,4,-2
542274,2283,2025,Bind,1144,Boo,Team Heretics,Brimstone,1.08,176,16,14,7,77,111,37,1,1,0
542274,2283,2025,Bind,10971,RieNs,Team Heretics,Fade,0.98,171,14,17,8,68,117,38,1,1,0
542274,2283,2025,Bind,29873,benjyfishy,Team Heretics,Viper,0.89,199,12,17,9,64,133,25,4,3,1
542274,2283,2025,Bind,21328,Wo0t,Team Heretics,Yoru,0.85,200,16,18,5,77,125,38,1,4,-3
542274,2283,2025,Bind,4181,Cloud,GIANTX,Gekko,1.26,213,18,13,9,77,142,29,1,1,0
542274,2283,2025,Bind,34684,westside,GIANTX,Deadlock,1.23,241,20,15,7,64,139,35,2,2,0
542274,2283,2025,Bind,6959,Flickless,GIANTX,Viper,1.02,229,17,16,8,77,153,26,3,0,3
542274,2283,2025,Bind,5550,grubinho,GIANTX,Astra,1.0,209,16,16,13,73,126,18,3,2,1
542274,2283,2025,Bind,11332,ara,GIANTX,Raze,0.58,153,10,17,6,59,106,23,4,4,0
542202,2283,2025,Bind,8480,aspas,MIBR,Raze,1.39,267,19,10,4,83,183,15,4,0,4
542202,2283,2025,Bind,5395,cortezia,MIBR,Viper,1.32,228,16,9,2,78,139,34,2,0,2
542202,2283,2025,Bind,21668,Verno,MIBR,Fade,1.15,213,13,11,9,89,132,19,1,1,0
542202,2283,2025,Bind,5957,artzin,MIBR,Yoru,1.14,225,15,10,4,83,121,33,3,6,-3
542202,2283,2025,Bind,20240,xenom,MIBR,Brimstone,0.89,182,11,13,12,78,123,20,0,1,-1
542202,2283,2025,Bind,9810,Alfajer,FNATIC,Tejo,1.0,186,12,14,2,67,121,57,2,2,0
542202,2283,2025,Bind,458,Chronicle,FNATIC,Viper,0.96,206,11,15,7,78,142,27,3,1,2
542202,2283,2025,Bind,9554,kaajak,FNATIC,Yoru,0.94,173,12,13,1,56,122,28,2,0,2
542202,2283,2025,Bind,4,crashies,FNATIC,Fade,0.93,224,14,16,3,61,137,30,0,2,-2
542202,2283,2025,Bind,438,Boaster,FNATIC,Astra,0.18,80,4,16,2,39,68,35,1,5,-4
542202,2283,2025,Abyss,8480,aspas,MIBR,Jett,1.23,297,21,15,1,75,189,28,5,2,3
542202,2283,2025,Abyss,21668,Verno,MIBR,Sova,1.08,236,16,13,5,80,144,25,1,1,0
542202,2283,2025,Abyss,20240,xenom,MIBR,Astra,0.61,89,6,13,9,70,51,11,0,0,0
542202,2283,2025,Abyss,5395,cortezia,MIBR,Cypher,0.55,153,11,17,3,60,96,41,1,4,-3
542202,2283,2025,Abyss,5957,artzin,MIBR,Kayo,0.42,125,7,17,8,45,82,25,1,4,-3
542202,2283,2025,Abyss,438,Boaster,FNATIC,Astra,1.42,185,12,10,13,80,126,16,1,1,0
542202,2283,2025,Abyss,4,crashies,FNATIC,Sova,1.26,222,13,12,13,80,170,37,3,1,2
542202,2283,2025,Abyss,9810,Alfajer,FNATIC,Cypher,1.25,267,20,13,2,80,178,31,2,3,-1
542202,2283,2025,Abyss,9554,kaajak,FNATIC,Waylay,1.11,202,15,14,6,60,131,39,3,2,1
542202,2283,2025,Abyss,458,Chronicle,FNATIC,Breach,0.71,115,9,12,3,70,90,28,2,1,1
542202,2283,2025,Haven,20240,xenom,MIBR,Omen,1.16,219,18,15,4,74,130,29,5,2,3
542202,2283,2025,Haven,5957,artzin,MIBR,Viper,1.15,228,17,13,6,70,153,24,1,2,-1
542202,2283,2025,Haven,8480,aspas,MIBR,Neon,0.74,171,14,18,2,70,114,24,4,4,0
542202,2283,2025,Haven,5395,cortezia,MIBR,Killjoy,0.63,107,10,14,3,74,85,26,0,2,-2
542202,2283,2025,Haven,21668,Verno,MIBR,Sova,0.61,122,8,16,7,65,77,38,1,2,-1
542202,2283,2025,Haven,9554,kaajak,FNATIC,Yoru,1.17,231,20,14,2,70,135,33,6,2,4
542202,2283,2025,Haven,458,Chronicle,FNATIC,Viper,1.17,192,15,13,8,83,137,28,0,1,-1
542202,2283,2025,Haven,4,crashies,FNATIC,Sova,1.06,202,16,13,5,74,127,31,2,1,1
542202,2283,2025,Haven,9810,Alfajer,FNATIC,Killjoy,0.91,176,15,15,3,70,123,31,3,2,1
542202,2283,2025,Haven,438,Boaster,FNATIC,Omen,0.89,137,10,12,10,74,94,24,1,5,-4
542277,2283,2025,Ascent,9803,d4v41,Paper Rex,Vyse,1.38,233,20,13,11,75,152,19,4,3,1
542277,2283,2025,Ascent,17086,something,Paper Rex,Yoru,1.25,279,22,17,9,88,168,18,6,2,4
542277,2283,2025,Ascent,9801,f0rsakeN,Paper Rex,Omen,1.03,211,18,17,12,67,122,25,3,2,1
542277,2283,2025,Ascent,13744,PatMen,Paper Rex,Sova,0.85,169,13,15,9,71,112,30,0,1,-1
542277,2283,2025,Ascent,7378,Jinggg,Paper Rex,Sage,0.76,150,13,16,10,75,94,27,0,3,-3
542277,2283,2025,Ascent,21328,Wo0t,Team Heretics,Jett,1.27,282,24,19,3,67,181,30,5,4,1
542277,2283,2025,Ascent,10971,RieNs,Team Heretics,Sova,1.16,224,19,17,7,75,155,47,3,2,1
542277,2283,2025,Ascent,1144,Boo,Team Heretics,Omen,0.97,172,13,17,10,71,111,47,0,2,-2
542277,2283,2025,Ascent,18350,MiniBoo,Team Heretics,Yoru,0.85,166,13,17,4,67,115,18,3,3,0
542277,2283,2025,Ascent,29873,benjyfishy,Team Heretics,Cypher,0.64,101,9,16,3,67,70,18,0,2,-2
542277,2283,2025,Bind,9801,f0rsakeN,Paper Rex,Brimstone,1.2,284,21,17,9,82,181,40,3,1,2
542277,2283,2025,Bind,9803,d4v41,Paper Rex,Viper,0.91,198,15,16,8,59,132,34,1,4,-3
542277,2283,2025,Bind,7378,Jinggg,Paper Rex,Raze,0.89,213,16,16,4,73,136,11,2,4,-2
542277,2283,2025,Bind,17086,something,Paper Rex,Yoru,0.86,147,12,14,5,64,91,21,3,2,1
542277,2283,2025,Bind,13744,PatMen,Paper Rex,Fade,0.86,184,16,15,5,73,120,32,1,1,0
542277,2283,2025,Bind,21328,Wo0t,Team Heretics,Yoru,1.55,292,25,16,4,86,169,40,4,2,2
542277,2283,2025,Bind,10971,RieNs,Team Heretics,Fade,1.1,184,14,15,9,73,121,34,2,0,2
542277,2283,2025,Bind,29873,benjyfishy,Team Heretics,Viper,0.9,161,13,14,5,68,97,28,2,0,2
542277,2283,2025,Bind,1144,Boo,Team Heretics,Brimstone,0.88,176,13,17,9,77,119,39,2,3,-1
542277,2283,2025,Bind,18350,MiniBoo,Team Heretics,Waylay,0.76,173,13,18,6,55,109,27,2,5,-3
542277,2283,2025,Lotus,13744,PatMen,Paper Rex,Fade,1.61,238,15,8,11,88,156,31,0,1,-1
542277,2283,2025,Lotus,9801,f0rsakeN,Paper Rex,Omen,1.51,239,14,10,13,88,159,40,2,2,0
542277,2283,2025,Lotus,9803,d4v41,Paper Rex,Vyse,1.4,273,17,10,2,71,186,35,3,1,2
542277,2283,2025,Lotus,17086,something,Paper Rex,Yoru,1.06,217,13,11,9,76,149,25,0,4,-4
542277,2283,2025,Lotus,7378,Jinggg,Paper Rex,Raze,0.89,190,12,13,4,65,114,14,1,3,-2
542277,2283,2025,Lotus,29873,benjyfishy,Team Heretics,Deadlock,1.02,196,11,14,6,88,142,38,2,0,2
542277,2283,2025,Lotus,10971,RieNs,Team Heretics,Fade,0.92,214,14,14,6,59,136,42,1,1,0
542277,2283,2025,Lotus,21328,Wo0t,Team Heretics,Chamber,0.73,130,8,12,4,47,98,47,3,2,1
542277,2283,2025,Lotus,1144,Boo,Team Heretics,Omen,0.66,172,9,15,7,59,112,16,2,1,1
542277,2283,2025,Lotus,18350,MiniBoo,Team Heretics,Raze,0.66,211,10,16,4,76,150,15,3,2,1
542279,2283,2025,Sunset,9810,Alfajer,FNATIC,Vyse,1.25,258,19,15,3,67,169,44,3,5,-2
542279,2283,2025,Sunset,4,crashies,FNATIC,Fade,1.14,171,12,12,4,67,122,41,1,0,1
542279,2283,2025,Sunset,9554,kaajak,FNATIC,Neon,0.92,198,14,16,4,62,131,44,4,4,0
542279,2283,2025,Sunset,438,Boaster,FNATIC,Omen,0.7,111,9,15,5,67,66,38,1,2,-1
542279,2283,2025,Sunset,458,Chronicle,FNATIC,Breach,0.4,95,6,18,5,52,70,19,0,1,-1
542279,2283,2025,Sunset,1916,free1ng,KIWOOM DRX,Cypher,1.33,211,15,9,2,67,144,39,3,0,3
542279,2283,2025,Sunset,28400,HYUNMIN,KIWOOM DRX,Waylay,1.24,280,22,15,4,67,185,43,4,2,2
542279,2283,2025,Sunset,35013,Flashback,KIWOOM DRX,Yoru,1.2,255,20,13,1,86,161,20,3,3,0
542279,2283,2025,Sunset,4678,BeYN,KIWOOM DRX,Sova,0.82,150,11,13,3,76,101,18,1,2,-1
542279,2283,2025,Sunset,4462,MaKo,KIWOOM DRX,Omen,0.73,100,8,10,4,62,65,39,1,2,-1
542279,2283,2025,Corrode,4,crashies,FNATIC,Fade,1.78,290,18,6,2,75,186,48,1,1,0
542279,2283,2025,Corrode,458,Chronicle,FNATIC,Viper,1.6,298,18,9,4,81,189,34,1,0,1
542279,2283,2025,Corrode,9810,Alfajer,FNATIC,Vyse,1.33,214,14,8,3,81,156,38,5,1,4
542279,2283,2025,Corrode,438,Boaster,FNATIC,Astra,1.26,158,10,5,3,81,106,25,0,1,-1
542279,2283,2025,Corrode,9554,kaajak,FNATIC,Yoru,0.95,175,8,10,6,81,126,29,4,2,2
542279,2283,2025,Corrode,4678,BeYN,KIWOOM DRX,Fade,0.76,161,10,13,2,50,97,48,1,1,0
542279,2283,2025,Corrode,28400,HYUNMIN,KIWOOM DRX,Waylay,0.63,177,9,14,4,63,128,31,0,1,-1
542279,2283,2025,Corrode,35013,Flashback,KIWOOM DRX,Yoru,0.62,187,10,15,0,56,102,35,3,4,-1
542279,2283,2025,Corrode,1916,free1ng,KIWOOM DRX,Vyse,0.57,123,7,12,1,50,77,39,0,2,-2
542279,2283,2025,Corrode,4462,MaKo,KIWOOM DRX,Omen,0.23,63,2,14,5,50,52,21,1,3,-2
542279,2283,2025,Haven,4,crashies,FNATIC,Sova,1.4,215,20,11,5,83,140,53,2,0,2
542279,2283,2025,Haven,9554,kaajak,FNATIC,Yoru,1.3,243,20,14,5,71,146,24,6,4,2
542279,2283,2025,Haven,458,Chronicle,FNATIC,Viper,1.01,203,16,16,8,71,142,30,2,4,-2
542279,2283,2025,Haven,9810,Alfajer,FNATIC,Killjoy,0.84,186,15,16,0,54,120,34,1,4,-3
542279,2283,2025,Haven,438,Boaster,FNATIC,Omen,0.73,124,10,17,14,71,78,34,0,1,-1
542279,2283,2025,Haven,4678,BeYN,KIWOOM DRX,Sova,1.27,242,20,14,7,75,156,37,1,0,1
542279,2283,2025,Haven,28400,HYUNMIN,KIWOOM DRX,Waylay,0.91,169,12,16,7,67,122,41,3,2,1
542279,2283,2025,Haven,4462,MaKo,KIWOOM DRX,Omen,0.91,197,16,17,11,75,116,16,3,2,1
542279,2283,2025,Haven,35013,Flashback,KIWOOM DRX,Yoru,0.86,172,16,17,3,54,108,31,3,4,-1
542279,2283,2025,Haven,1916,free1ng,KIWOOM DRX,Cypher,0.72,132,10,17,7,71,84,42,3,3,0
542279,2283,2025,Bind,458,Chronicle,FNATIC,Viper,1.5,278,17,8,3,76,186,32,4,1,3
542279,2283,2025,Bind,9554,kaajak,FNATIC,Yoru,1.4,279,17,9,8,82,172,38,5,3,2
542279,2283,2025,Bind,438,Boaster,FNATIC,Astra,1.34,189,12,7,4,76,107,10,0,0,0
542279,2283,2025,Bind,4,crashies,FNATIC,Fade,1.11,235,15,10,4,82,144,45,1,1,0
542279,2283,2025,Bind,9810,Alfajer,FNATIC,Tejo,0.72,100,6,8,4,59,70,19,0,2,-2
542279,2283,2025,Bind,4462,MaKo,KIWOOM DRX,Brimstone,1.04,178,11,11,7,53,94,23,2,1,1
542279,2283,2025,Bind,4678,BeYN,KIWOOM DRX,Fade,0.84,133,8,11,3,71,87,33,1,2,-1
542279,2283,2025,Bind,28400,HYUNMIN,KIWOOM DRX,Waylay,0.65,180,9,16,4,47,109,39,1,1,0
542279,2283,2025,Bind,1916,free1ng,KIWOOM DRX,Viper,0.64,144,8,15,3,53,91,19,2,2,0
542279,2283,2025,Bind,35013,Flashback,KIWOOM DRX,Yoru,0.47,135,6,14,3,47,98,11,1,4,-3
542214,2283,2025,Lotus,7873,leaf,G2 Esports,Viper,1.59,305,23,12,6,75,193,27,2,1,1
542214,2283,2025,Lotus,4581,JonahP,G2 Esports,Fade,1.13,213,15,13,5,80,125,16,1,1,0
542214,2283,2025,Lotus,3993,jawgemo,G2 Esports,Yoru,1.1,238,16,14,6,75,155,38,6,3,3
542214,2283,2025,Lotus,3885,valyn,G2 Esports,Omen,1.06,153,11,10,6,85,104,33,0,2,-2
542214,2283,2025,Lotus,15500,trent,G2 Esports,Tejo,0.74,115,7,12,8,75,93,26,0,4,-4
542214,2283,2025,Lotus,52904,Akeman,Dragon Ranger Gaming,Waylay,1.21,269,20,15,0,70,159,34,5,0,5
542214,2283,2025,Lotus,4705,Flex1n,Dragon Ranger Gaming,Omen,0.84,188,12,14,10,75,122,36,2,2,0
542214,2283,2025,Lotus,26171,Demon1,Dragon Ranger Gaming,Vyse,0.78,143,11,13,2,80,89,35,1,1,0
542214,2283,2025,Lotus,31753,SpiritZ1,Dragon Ranger Gaming,Yoru,0.7,200,13,17,5,65,128,24,3,2,1
542214,2283,2025,Lotus,11524,Nicc,Dragon Ranger Gaming,Breach,0.49,89,5,13,7,60,68,33,0,4,-4
542214,2283,2025,Abyss,3993,jawgemo,G2 Esports,Yoru,1.55,317,23,13,9,80,197,33,3,6,-3
542214,2283,2025,Abyss,15500,trent,G2 Esports,Tejo,1.43,232,19,10,7,75,164,30,1,1,0
542214,2283,2025,Abyss,4581,JonahP,G2 Esports,Sova,1.15,187,14,13,10,75,136,32,3,2,1
542214,2283,2025,Abyss,7873,leaf,G2 Esports,Deadlock,0.8,153,12,15,3,75,114,14,1,1,0
542214,2283,2025,Abyss,3885,valyn,G2 Esports,Astra,0.75,165,11,15,7,70,107,26,1,1,0
542214,2283,2025,Abyss,26171,Demon1,Dragon Ranger Gaming,Cypher,1.19,205,14,13,7,80,141,53,1,1,0
542214,2283,2025,Abyss,4705,Flex1n,Dragon Ranger Gaming,Omen,1.12,233,17,15,6,85,148,31,3,0,3
542214,2283,2025,Abyss,31753,SpiritZ1,Dragon Ranger Gaming,Yoru,0.78,199,14,17,3,70,116,30,5,5,0
542214,2283,2025,Abyss,52904,Akeman,Dragon Ranger Gaming,Waylay,0.72,154,11,16,3,60,109,26,2,2,0
542214,2283,2025,Abyss,11524,Nicc,Dragon Ranger Gaming,Sova,0.58,151,10,18,5,75,115,33,0,1,-1
542209,2283,2025,Sunset,2168,trexx,Team Liquid,Fade,0.86,171,10,13,2,63,132,16,0,1,-1
542209,2283,2025,Sunset,309,paTiTek,Team Liquid,Omen,0.86,187,9,14,7,69,124,31,1,1,0
542209,2283,2025,Sunset,11494,keiko,Team Liquid,Raze,0.62,143,8,14,1,56,94,22,3,1,2
542209,2283,2025,Sunset,14681,kamo,Team Liquid,Yoru,0.48,107,6,14,2,63,66,38,1,6,-5
542209,2283,2025,Sunset,457,nAts,Team Liquid,Cypher,0.48,129,6,13,5,69,88,20,1,1,0
542209,2283,2025,Sunset,3520,ZmjjKK,EDward Gaming,Neon,1.75,358,22,9,1,63,210,12,4,4,0
542209,2283,2025,Sunset,3017,nobody,EDward Gaming,Sova,1.6,213,15,5,3,81,143,54,1,0,1
542209,2283,2025,Sunset,51244,Jieni7,EDward Gaming,Breach,1.28,259,14,9,12,81,154,33,1,1,0
542209,2283,2025,Sunset,15559,CHICHOO,EDward Gaming,Cypher,1.18,143,9,5,3,88,101,12,0,0,0
542209,2283,2025,Sunset,4742,Smoggy,EDward Gaming,Omen,0.81,163,8,11,7,88,102,9,4,1,3
542209,2283,2025,Abyss,457,nAts,Team Liquid,Cypher,1.94,349,27,7,0,89,218,24,1,1,0
542209,2283,2025,Abyss,14681,kamo,Team Liquid,Jett,1.05,262,17,14,3,74,175,38,6,2,4
542209,2283,2025,Abyss,309,paTiTek,Team Liquid,Kayo,1.04,183,13,11,13,84,115,19,0,1,-1
542209,2283,2025,Abyss,2168,trexx,Team Liquid,Sova,0.91,138,9,9,5,84,98,17,1,1,0
542209,2283,2025,Abyss,11494,keiko,Team Liquid,Omen,0.9,178,11,10,5,79,114,52,4,2,2
542209,2283,2025,Abyss,4742,Smoggy,EDward Gaming,Omen,1.03,173,12,15,8,68,103,30,1,2,-1
542209,2283,2025,Abyss,51244,Jieni7,EDward Gaming,Waylay,0.71,185,11,16,1,58,112,23,3,1,2
542209,2283,2025,Abyss,3017,nobody,EDward Gaming,Sova,0.62,146,8,15,3,47,102,28,0,3,-3
542209,2283,2025,Abyss,15559,CHICHOO,EDward Gaming,Astra,0.59,109,7,15,6,47,81,20,0,2,-2
542209,2283,2025,Abyss,3520,ZmjjKK,EDward Gaming,Yoru,0.53,138,10,18,1,47,83,37,3,4,-1
542209,2283,2025,Bind,457,nAts,Team Liquid,Viper,1.45,270,27,17,4,68,162,24,4,2,2
542209,2283,2025,Bind,14681,kamo,Team Liquid,Yoru,1.21,220,22,17,5,64,144,29,4,7,-3
542209,2283,2025,Bind,309,paTiTek,Team Liquid,Fade,0.91,168,16,18,9,75,107,24,1,1,0
542209,2283,2025,Bind,2168,trexx,Team Liquid,Brimstone,0.9,186,17,21,12,71,122,25,3,1,2
542209,2283,2025,Bind,11494,keiko,Team Liquid,Raze,0.69,163,14,21,5,64,117,17,1,4,-3
542209,2283,2025,Bind,4742,Smoggy,EDward Gaming,Brimstone,1.18,249,22,21,12,79,161,18,4,2,2
542209,2283,2025,Bind,3017,nobody,EDward Gaming,Fade,0.96,145,16,17,3,68,99,18,0,2,-2
542209,2283,2025,Bind,15559,CHICHOO,EDward Gaming,Viper,0.92,183,19,17,5,71,116,21,3,1,2
542209,2283,2025,Bind,3520,ZmjjKK,EDward Gaming,Yoru,0.86,197,19,20,7,57,125,19,6,6,0
542209,2283,2025,Bind,51244,Jieni7,EDward Gaming,Tejo,0.85,180,18,21,4,61,119,31,2,2,0
542267,2283,2025,Haven,2172,brawk,NRG,Sova,2.4,324,18,1,8,93,198,15,1,0,1
542267,2283,2025,Haven,5132,mada,NRG,Neon,1.52,272,15,6,2,79,164,23,3,1,2
542267,2283,2025,Haven,4164,s0m,NRG,Viper,1.38,321,15,11,5,93,223,26,3,3,0
542267,2283,2025,Haven,11225,Ethan,NRG,Omen,1.03,129,7,5,7,93,85,17,0,2,-2
542267,2283,2025,Haven,11118,skuba,NRG,Killjoy,0.83,87,4,4,3,79,61,26,0,1,-1
542267,2283,2025,Haven,5550,grubinho,GIANTX,Omen,0.77,181,10,12,4,57,116,40,3,0,3
542267,2283,2025,Haven,4181,Cloud,GIANTX,Sova,0.56,123,4,11,10,71,88,24,0,2,-2
542267,2283,2025,Haven,34684,westside,GIANTX,Cypher,0.51,118,5,13,1,43,84,22,2,1,1
542267,2283,2025,Haven,6959,Flickless,GIANTX,Breach,0.47,120,4,11,7,71,93,35,0,1,-1
542267,2283,2025,Haven,11332,ara,GIANTX,Neon,0.25,80,4,12,0,64,46,50,2,3,-1
542267,2283,2025,Lotus,11118,skuba,NRG,Viper,1.51,226,17,9,8,89,133,35,2,3,-1
542267,2283,2025,Lotus,5132,mada,NRG,Raze,1.5,269,19,11,4,84,177,14,3,0,3
542267,2283,2025,Lotus,4164,s0m,NRG,Omen,1.16,202,14,10,11,95,120,21,1,1,0
542267,2283,2025,Lotus,2172,brawk,NRG,Vyse,1.15,257,17,12,3,74,161,12,3,3,0
542267,2283,2025,Lotus,11225,Ethan,NRG,Fade,0.91,150,8,11,7,74,97,28,3,0,3
542267,2283,2025,Lotus,4181,Cloud,GIANTX,Fade,1.14,217,14,13,7,89,135,23,2,1,1
542267,2283,2025,Lotus,34684,westside,GIANTX,Cypher,1.13,203,15,14,2,68,142,43,1,2,-1
542267,2283,2025,Lotus,5550,grubinho,GIANTX,Omen,0.76,200,14,17,3,63,120,34,3,4,-1
542267,2283,2025,Lotus,6959,Flickless,GIANTX,Viper,0.54,128,8,16,4,58,95,19,1,0,1
542267,2283,2025,Lotus,11332,ara,GIANTX,Raze,0.1,43,2,15,2,53,38,9,0,5,-5
542212,2283,2025,Lotus,31753,SpiritZ1,Dragon Ranger Gaming,Yoru,1.43,301,26,21,14,86,205,29,6,1,5
542212,2283,2025,Lotus,11524,Nicc,Dragon Ranger Gaming,Breach,1.24,239,25,18,8,89,156,33,0,0,0
542212,2283,2025,Lotus,26171,Demon1,Dragon Ranger Gaming,Vyse,1.02,185,21,16,0,71,119,35,1,1,0
542212,2283,2025,Lotus,52904,Akeman,Dragon Ranger Gaming,Waylay,0.73,184,19,22,5,61,111,31,6,8,-2
542212,2283,2025,Lotus,4705,Flex1n,Dragon Ranger Gaming,Omen,0.55,125,12,21,12,71,80,17,1,4,-3
542212,2283,2025,Lotus,43057,DH,T1,Omen,1.57,276,27,18,13,82,170,27,3,2,1
542212,2283,2025,Lotus,29833,iZu,T1,Yoru,0.95,216,22,22,6,71,125,28,7,4,3
542212,2283,2025,Lotus,804,BuZz,T1,Neon,0.92,192,17,20,10,64,136,17,2,4,-2
542212,2283,2025,Lotus,485,stax,T1,Fade,0.86,170,16,20,14,71,105,39,1,1,0
542212,2283,2025,Lotus,13039,Meteor,T1,Vyse,0.84,173,16,23,3,61,122,29,1,3,-2
542212,2283,2025,Sunset,31753,SpiritZ1,Dragon Ranger Gaming,Yoru,1.19,248,27,23,10,87,155,34,7,3,4
542212,2283,2025,Sunset,11524,Nicc,Dragon Ranger Gaming,Fade,1.11,215,24,19,7,77,129,35,2,1,1
542212,2283,2025,Sunset,26171,Demon1,Dragon Ranger Gaming,Cypher,1.0,166,18,21,7,67,117,34,1,1,0
542212,2283,2025,Sunset,4705,Flex1n,Dragon Ranger Gaming,Omen,0.92,193,20,22,11,73,134,33,4,6,-2
542212,2283,2025,Sunset,52904,Akeman,Dragon Ranger Gaming,Neon,0.77,180,18,24,8,60,124,15,2,3,-1
542212,2283,2025,Sunset,13039,Meteor,T1,Cypher,1.34,275,29,20,6,77,172,49,3,2,1
542212,2283,2025,Sunset,804,BuZz,T1,Neon,1.16,269,31,23,4,80,170,27,2,7,-5
542212,2283,2025,Sunset,29833,iZu,T1,Yoru,0.9,154,16,19,7,70,95,24,4,1,3
542212,2283,2025,Sunset,485,stax,T1,Sova,0.79,172,16,21,8,73,112,44,2,4,-2
542212,2283,2025,Sunset,43057,DH,T1,Omen,0.78,167,17,24,10,67,105,29,3,2,1
542200,2283,2025,Haven,4774,Knight,Bilibili Gaming,Sova,1.0,246,12,14,5,67,173,29,2,2,0
542200,2283,2025,Haven,4885,whzy,Bilibili Gaming,Neon,0.45,131,6,14,3,47,83,24,2,2,0
542200,2283,2025,Haven,10698,nephh,Bilibili Gaming,Breach,0.43,120,5,12,5,67,84,17,0,2,-2
542200,2283,2025,Haven,40845,Levius,Bilibili Gaming,Cypher,0.42,77,5,10,1,47,43,30,1,3,-2
542200,2283,2025,Haven,48878,rushia,Bilibili Gaming,Omen,0.38,107,4,13,4,67,77,17,0,1,-1
542200,2283,2025,Haven,21668,Verno,MIBR,Sova,2.0,274,18,3,3,93,188,26,1,1,0
542200,2283,2025,Haven,8480,aspas,MIBR,Neon,1.56,265,13,6,7,87,189,33,1,0,1
542200,2283,2025,Haven,5395,cortezia,MIBR,Killjoy,1.24,207,12,7,2,87,150,40,3,0,3
542200,2283,2025,Haven,5957,artzin,MIBR,Viper,1.09,213,12,8,1,80,138,34,2,2,0
542200,2283,2025,Haven,20240,xenom,MIBR,Omen,0.96,142,8,8,6,93,83,20,3,2,1
542200,2283,2025,Corrode,4774,Knight,Bilibili Gaming,Sova,1.07,172,12,15,6,64,125,23,3,1,2
542200,2283,2025,Corrode,10698,nephh,Bilibili Gaming,Deadlock,1.06,162,13,12,3,73,104,20,1,0,1
542200,2283,2025,Corrode,40845,Levius,Bilibili Gaming,Viper,1.01,193,14,16,4,50,125,20,3,1,2
542200,2283,2025,Corrode,48878,rushia,Bilibili Gaming,Omen,0.75,173,12,18,9,55,109,13,0,4,-4
542200,2283,2025,Corrode,4885,whzy,Bilibili Gaming,Neon,0.57,160,12,19,2,59,95,38,3,6,-3
542200,2283,2025,Corrode,8480,aspas,MIBR,Waylay,1.52,276,22,11,3,77,177,27,5,1,4
542200,2283,2025,Corrode,5957,artzin,MIBR,Kayo,1.08,211,16,14,9,73,146,27,1,1,0
542200,2283,2025,Corrode,21668,Verno,MIBR,Sova,1.06,215,17,13,7,82,134,21,4,1,3
542200,2283,2025,Corrode,5395,cortezia,MIBR,Viper,1.04,202,16,14,7,73,133,22,2,4,-2
542200,2283,2025,Corrode,20240,xenom,MIBR,Omen,0.92,135,9,11,15,77,81,21,0,3,-3
542278,2283,2025,Ascent,28400,HYUNMIN,KIWOOM DRX,Waylay,1.55,345,36,19,1,64,220,41,8,1,7
542278,2283,2025,Ascent,1916,free1ng,KIWOOM DRX,Vyse,0.97,176,16,17,7,75,110,62,3,4,-1
542278,2283,2025,Ascent,4462,MaKo,KIWOOM DRX,Omen,0.97,149,15,16,8,75,106,31,1,3,-2
542278,2283,2025,Ascent,4678,BeYN,KIWOOM DRX,Sova,0.95,172,16,18,7,71,119,18,1,0,1
542278,2283,2025,Ascent,35013,Flashback,KIWOOM DRX,Yoru,0.84,186,17,20,7,68,121,19,2,5,-3
542278,2283,2025,Ascent,7378,Jinggg,Paper Rex,Sage,1.26,276,28,19,5,64,175,42,7,6,1
542278,2283,2025,Ascent,9803,d4v41,Paper Rex,Vyse,0.95,195,16,21,10,79,143,19,1,2,-1
542278,2283,2025,Ascent,13744,PatMen,Paper Rex,Sova,0.87,151,13,18,3,71,113,36,1,2,-1
542278,2283,2025,Ascent,9801,f0rsakeN,Paper Rex,Omen,0.83,137,15,21,11,61,97,37,1,2,-1
542278,2283,2025,Ascent,17086,something,Paper Rex,Yoru,0.78,179,18,21,3,57,109,14,3,3,0
542278,2283,2025,Lotus,4462,MaKo,KIWOOM DRX,Omen,1.58,205,17,8,14,81,114,21,3,0,3
542278,2283,2025,Lotus,1916,free1ng,KIWOOM DRX,Vyse,1.26,211,16,11,5,76,137,31,3,1,2
542278,2283,2025,Lotus,4678,BeYN,KIWOOM DRX,Fade,1.23,193,14,10,4,76,124,39,4,0,4
542278,2283,2025,Lotus,28400,HYUNMIN,KIWOOM DRX,Raze,1.13,246,19,13,3,57,173,37,1,3,-2
542278,2283,2025,Lotus,35013,Flashback,KIWOOM DRX,Yoru,1.02,188,14,15,8,71,134,25,1,5,-4
542278,2283,2025,Lotus,7378,Jinggg,Paper Rex,Raze,1.26,261,20,15,1,71,181,35,4,2,2
542278,2283,2025,Lotus,9803,d4v41,Paper Rex,Vyse,0.99,157,12,14,3,62,102,24,0,1,-1
542278,2283,2025,Lotus,9801,f0rsakeN,Paper Rex,Omen,0.63,163,11,16,5,67,106,30,0,3,-3
542278,2283,2025,Lotus,17086,something,Paper Rex,Yoru,0.55,145,10,18,6,67,100,30,3,3,0
542278,2283,2025,Lotus,13744,PatMen,Paper Rex,Fade,0.24,59,4,17,1,33,42,24,2,3,-1
542264,2283,2025,Haven,9554,kaajak,FNATIC,Yoru,1.5,264,22,12,5,75,184,31,3,2,1
542264,2283,2025,Haven,9810,Alfajer,FNATIC,Killjoy,1.48,283,25,12,2,75,206,37,4,3,1
542264,2283,2025,Haven,4,crashies,FNATIC,Sova,1.04,185,16,14,5,67,126,23,1,0,1
542264,2283,2025,Haven,438,Boaster,FNATIC,Omen,0.67,125,10,17,6,71,71,29,2,2,0
542264,2283,2025,Haven,458,Chronicle,FNATIC,Viper,0.62,123,9,17,7,67,94,19,2,5,-3
542264,2283,2025,Haven,4678,BeYN,KIWOOM DRX,Sova,1.18,182,15,13,7,75,128,19,1,0,1
542264,2283,2025,Haven,4462,MaKo,KIWOOM DRX,Omen,1.03,196,15,14,6,67,128,22,1,4,-3
542264,2283,2025,Haven,28400,HYUNMIN,KIWOOM DRX,Waylay,0.87,179,14,17,8,71,124,36,2,2,0
542264,2283,2025,Haven,35013,Flashback,KIWOOM DRX,Neon,0.79,196,16,19,1,71,121,22,8,3,5
542264,2283,2025,Haven,1916,free1ng,KIWOOM DRX,Cypher,0.61,135,12,19,3,54,90,38,0,3,-3
542264,2283,2025,Ascent,458,Chronicle,FNATIC,Vyse,1.29,252,17,14,8,67,162,28,3,2,1
542264,2283,2025,Ascent,9810,Alfajer,FNATIC,Sage,1.19,226,19,14,4,67,142,41,2,4,-2
542264,2283,2025,Ascent,9554,kaajak,FNATIC,Yoru,1.1,215,16,14,5,71,144,32,4,3,1
542264,2283,2025,Ascent,438,Boaster,FNATIC,Omen,0.73,145,8,15,11,62,83,18,1,1,0
542264,2283,2025,Ascent,4,crashies,FNATIC,Sova,0.65,105,8,14,4,62,80,17,0,1,-1
542264,2283,2025,Ascent,4462,MaKo,KIWOOM DRX,Omen,1.24,212,16,11,9,71,129,20,3,3,0
542264,2283,2025,Ascent,35013,Flashback,KIWOOM DRX,Yoru,1.19,248,18,14,4,76,166,24,4,1,3
542264,2283,2025,Ascent,4678,BeYN,KIWOOM DRX,Sova,1.03,173,11,12,7,71,134,24,1,0,1
542264,2283,2025,Ascent,28400,HYUNMIN,KIWOOM DRX,Waylay,0.94,223,16,15,3,86,143,37,2,5,-3
542264,2283,2025,Ascent,1916,free1ng,KIWOOM DRX,Vyse,0.7,134,10,16,2,57,88,28,1,1,0
542264,2283,2025,Lotus,9810,Alfajer,FNATIC,Killjoy,1.76,326,20,10,9,89,223,37,3,1,2
542264,2283,2025,Lotus,9554,kaajak,FNATIC,Raze,1.39,203,14,7,5,78,129,27,2,2,0
542264,2283,2025,Lotus,4,crashies,FNATIC,Fade,1.06,183,13,11,4,72,109,42,2,1,1
542264,2283,2025,Lotus,438,Boaster,FNATIC,Omen,0.99,144,9,10,9,83,86,9,2,4,-2
542264,2283,2025,Lotus,458,Chronicle,FNATIC,Viper,0.85,156,10,13,8,78,125,24,1,0,1
542264,2283,2025,Lotus,28400,HYUNMIN,KIWOOM DRX,Waylay,0.99,187,13,12,0,72,115,39,1,1,0
542264,2283,2025,Lotus,35013,Flashback,KIWOOM DRX,Yoru,0.93,240,15,14,4,61,152,17,2,3,-1
542264,2283,2025,Lotus,1916,free1ng,KIWOOM DRX,Vyse,0.77,134,8,12,4,61,98,43,1,1,0
542264,2283,2025,Lotus,4678,BeYN,KIWOOM DRX,Fade,0.71,140,9,13,2,61,86,25,2,3,-1
542264,2283,2025,Lotus,4462,MaKo,KIWOOM DRX,Omen,0.49,116,6,15,2,72,77,29,2,2,0
542276,2283,2025,Sunset,8480,aspas,MIBR,Neon,1.45,296,25,15,4,83,198,27,5,0,5
542276,2283,2025,Sunset,5395,cortezia,MIBR,Cypher,1.27,217,18,11,3,74,148,37,3,0,3
542276,2283,2025,Sunset,21668,Verno,MIBR,Sova,1.04,212,16,13,5,70,138,37,2,2,0
542276,2283,2025,Sunset,5957,artzin,MIBR,Viper,1.02,190,16,15,1,78,132,26,5,3,2
542276,2283,2025,Sunset,20240,xenom,MIBR,Omen,0.92,130,10,13,9,78,85,27,1,2,-1
542276,2283,2025,Sunset,4678,BeYN,KIWOOM DRX,Sova,0.99,177,15,16,5,65,116,32,0,2,-2
542276,2283,2025,Sunset,1916,free1ng,KIWOOM DRX,Cypher,0.98,175,14,15,3,65,115,38,1,3,-2
542276,2283,2025,Sunset,4462,MaKo,KIWOOM DRX,Omen,0.94,156,13,16,7,61,107,21,2,1,1
542276,2283,2025,Sunset,28400,HYUNMIN,KIWOOM DRX,Waylay,0.71,150,13,17,2,43,105,34,2,1,1
542276,2283,2025,Sunset,35013,Flashback,KIWOOM DRX,Neon,0.47,157,12,21,3,43,104,22,2,9,-7
542276,2283,2025,Ascent,8480,aspas,MIBR,Jett,1.38,268,28,19,3,75,170,22,8,2,6
542276,2283,2025,Ascent,5395,cortezia,MIBR,Vyse,1.16,223,22,18,5,64,152,40,4,2,2
542276,2283,2025,Ascent,21668,Verno,MIBR,Sova,0.96,179,16,19,9,54,126,24,0,2,-2
542276,2283,2025,Ascent,20240,xenom,MIBR,Omen,0.95,179,17,20,14,71,109,20,0,2,-2
542276,2283,2025,Ascent,5957,artzin,MIBR,Kayo,0.5,116,8,22,16,79,76,13,3,5,-2
542276,2283,2025,Ascent,4678,BeYN,KIWOOM DRX,Sova,1.37,242,24,14,6,71,162,24,2,1,1
542276,2283,2025,Ascent,1916,free1ng,KIWOOM DRX,Vyse,1.14,224,23,17,9,71,145,36,4,4,0
542276,2283,2025,Ascent,35013,Flashback,KIWOOM DRX,Yoru,0.9,218,20,22,10,68,148,22,5,5,0
542276,2283,2025,Ascent,4462,MaKo,KIWOOM DRX,Omen,0.77,139,13,18,10,68,89,20,0,2,-2
542276,2283,2025,Ascent,28400,HYUNMIN,KIWOOM DRX,Waylay,0.76,182,18,20,3,61,118,54,2,3,-1
542276,2283,2025,Bind,8480,aspas,MIBR,Raze,1.36,284,23,17,1,78,181,25,5,2,3
542276,2283,2025,Bind,5395,cortezia,MIBR,Viper,1.07,208,17,14,8,78,139,32,0,0,0
542276,2283,2025,Bind,20240,xenom,MIBR,Brimstone,0.88,148,10,15,20,74,88,21,1,1,0
542276,2283,2025,Bind,21668,Verno,MIBR,Fade,0.84,142,11,14,11,78,95,19,2,1,1
542276,2283,2025,Bind,5957,artzin,MIBR,Yoru,0.76,136,10,14,3,78,97,34,4,6,-2
542276,2283,2025,Bind,35013,Flashback,KIWOOM DRX,Yoru,1.39,258,23,13,1,57,159,23,5,3,2
542276,2283,2025,Bind,4462,MaKo,KIWOOM DRX,Brimstone,1.03,162,11,11,8,83,112,19,0,3,-3
542276,2283,2025,Bind,4678,BeYN,KIWOOM DRX,Fade,0.93,156,12,13,10,74,97,14,1,1,0
542276,2283,2025,Bind,28400,HYUNMIN,KIWOOM DRX,Waylay,0.8,173,14,18,4,61,118,37,0,2,-2
542276,2283,2025,Bind,1916,free1ng,KIWOOM DRX,Viper,0.79,181,14,16,3,65,119,24,4,3,1
542215,2283,2025,Lotus,29833,iZu,T1,Yoru,1.42,248,21,12,1,86,160,23,2,0,2
542215,2283,2025,Lotus,13039,Meteor,T1,Vyse,1.03,227,16,18,6,68,148,29,7,1,6
542215,2283,2025,Lotus,485,stax,T1,Fade,0.64,136,12,16,6,64,86,23,0,4,-4
542215,2283,2025,Lotus,804,BuZz,T1,Neon,0.63,195,15,18,2,68,126,46,1,2,-1
542215,2283,2025,Lotus,43057,DH,T1,Omen,0.56,121,8,16,8,59,79,32,1,4,-3
542215,2283,2025,Lotus,3885,valyn,G2 Esports,Omen,1.44,284,21,15,10,86,183,32,4,2,2
542215,2283,2025,Lotus,7873,leaf,G2 Esports,Viper,1.21,202,16,12,6,77,147,20,1,2,-1
542215,2283,2025,Lotus,3993,jawgemo,G2 Esports,Yoru,1.2,278,23,17,1,68,163,34,4,2,2
542215,2283,2025,Lotus,15500,trent,G2 Esports,Tejo,0.96,156,12,13,8,82,109,25,1,3,-2
542215,2283,2025,Lotus,4581,JonahP,G2 Esports,Fade,0.81,131,8,15,13,77,87,18,1,2,-1
542215,2283,2025,Corrode,485,stax,T1,Fade,0.91,168,12,16,3,57,123,48,0,0,0
542215,2283,2025,Corrode,43057,DH,T1,Omen,0.81,149,11,15,8,67,98,36,0,4,-4
542215,2283,2025,Corrode,29833,iZu,T1,Waylay,0.74,188,14,17,1,52,109,26,1,4,-3
542215,2283,2025,Corrode,13039,Meteor,T1,Vyse,0.71,191,12,18,1,52,135,38,4,3,1
542215,2283,2025,Corrode,804,BuZz,T1,Neon,0.53,116,8,17,7,67,76,23,1,4,-3
542215,2283,2025,Corrode,15500,trent,G2 Esports,Tejo,1.47,231,18,11,6,81,145,36,1,1,0
542215,2283,2025,Corrode,3993,jawgemo,G2 Esports,Yoru,1.35,241,19,12,6,76,140,27,7,2,5
542215,2283,2025,Corrode,7873,leaf,G2 Esports,Viper,1.2,243,19,12,5,71,163,19,2,0,2
542215,2283,2025,Corrode,3885,valyn,G2 Esports,Omen,1.11,208,14,12,8,90,139,24,4,2,2
542215,2283,2025,Corrode,4581,JonahP,G2 Esports,Fade,1.08,161,13,10,10,76,87,14,1,1,0
542199,2283,2025,Bind,11332,ara,GIANTX,Raze,1.46,297,27,19,3,62,184,33,7,1,6
542199,2283,2025,Bind,34684,westside,GIANTX,Deadlock,0.98,196,18,20,7,69,124,33,3,1,2
542199,2283,2025,Bind,5550,grubinho,GIANTX,Astra,0.98,179,16,19,10,69,124,36,4,4,0
542199,2283,2025,Bind,4181,Cloud,GIANTX,Gekko,0.83,184,16,21,6,62,133,44,0,2,-2
542199,2283,2025,Bind,6959,Flickless,GIANTX,Viper,0.57,109,9,19,9,62,78,21,1,3,-2
542199,2283,2025,Bind,36415,Viva,Xi Lai Gaming,Brimstone,1.38,247,23,15,9,81,180,38,1,2,-1
542199,2283,2025,Bind,37927,happywei,Xi Lai Gaming,Viper,1.09,266,24,19,4,73,169,44,2,4,-2
542199,2283,2025,Bind,11527,NoMan,Xi Lai Gaming,Skye,1.02,177,19,14,6,73,114,23,1,5,-4
542199,2283,2025,Bind,22047,Rarga,Xi Lai Gaming,Waylay,0.94,232,21,20,8,73,137,28,7,3,4
542199,2283,2025,Bind,12365,coconut,Xi Lai Gaming,Gekko,0.72,133,11,18,8,73,88,19,0,1,-1
542199,2283,2025,Ascent,11332,ara,GIANTX,Jett,1.62,311,27,12,1,74,190,19,6,5,1
542199,2283,2025,Ascent,6959,Flickless,GIANTX,Kayo,1.34,223,16,11,18,83,142,27,1,1,0
542199,2283,2025,Ascent,4181,Cloud,GIANTX,Sova,1.14,225,17,15,9,78,156,28,0,2,-2
542199,2283,2025,Ascent,34684,westside,GIANTX,Cypher,0.99,150,14,14,3,78,92,50,2,3,-1
542199,2283,2025,Ascent,5550,grubinho,GIANTX,Omen,0.61,130,9,17,16,65,78,48,2,1,1
542199,2283,2025,Ascent,11527,NoMan,Xi Lai Gaming,Kayo,1.34,254,21,16,9,78,149,34,4,1,3
542199,2283,2025,Ascent,36415,Viva,Xi Lai Gaming,Sova,1.2,179,14,12,4,70,128,30,2,0,2
542199,2283,2025,Ascent,22047,Rarga,Xi Lai Gaming,Jett,0.8,227,16,20,5,65,141,36,4,0,4
542199,2283,2025,Ascent,37927,happywei,Xi Lai Gaming,Cypher,0.6,134,10,18,6,61,92,46,1,8,-7
542199,2283,2025,Ascent,12365,coconut,Xi Lai Gaming,Omen,0.49,101,8,17,7,70,67,21,1,2,-1
626545,2760,2026,Pearl,10307,marteen,Gentle Mates,Yoru,1.55,275,20,10,7,89,175,35,3,1,2
626545,2760,2026,Pearl,565,starxo,Gentle Mates,Fade,1.32,278,17,12,11,83,196,31,1,0,1
626545,2760,2026,Pearl,18400,bipo,Gentle Mates,Neon,1.13,213,16,12,2,72,130,19,4,3,1
626545,2760,2026,Pearl,23169,Minny,Gentle Mates,Cypher,1.1,179,12,9,4,89,112,65,4,1,3
626545,2760,2026,Pearl,8286,GLYPH,Gentle Mates,Astra,0.88,178,12,12,7,72,124,31,0,1,-1
626545,2760,2026,Pearl,25494,Shr1mp,All Gamers,Fade,1.19,226,14,14,4,61,146,39,1,1,0
626545,2760,2026,Pearl,55038,Au1,All Gamers,Killjoy,0.87,210,12,16,2,61,140,21,1,2,-1
626545,2760,2026,Pearl,21216,f4ngeer,All Gamers,Yoru,0.72,172,12,15,1,61,117,33,3,3,0
626545,2760,2026,Pearl,46748,K1ra,All Gamers,Astra,0.72,173,11,15,1,44,121,30,0,2,-2
626545,2760,2026,Pearl,58959,iamgrq,All Gamers,Waylay,0.51,147,6,17,6,61,106,26,1,4,-3
626545,2760,2026,Split,10307,marteen,Gentle Mates,Yoru,1.02,184,10,13,3,71,126,14,3,1,2
626545,2760,2026,Split,565,starxo,Gentle Mates,Fade,0.93,174,11,13,3,65,107,41,0,0,0
626545,2760,2026,Split,8286,GLYPH,Gentle Mates,Astra,0.67,163,9,14,3,59,110,24,2,0,2
626545,2760,2026,Split,23169,Minny,Gentle Mates,Viper,0.63,165,8,14,1,59,117,27,2,1,1
626545,2760,2026,Split,18400,bipo,Gentle Mates,Raze,0.44,128,7,15,2,53,83,27,4,4,0
626545,2760,2026,Split,58959,iamgrq,All Gamers,Omen,1.68,246,17,6,4,88,156,27,1,0,1
626545,2760,2026,Split,46748,K1ra,All Gamers,Raze,1.54,319,22,11,2,71,208,27,0,3,-3
626545,2760,2026,Split,55038,Au1,All Gamers,Viper,1.08,233,13,11,6,82,152,9,2,4,-2
626545,2760,2026,Split,25494,Shr1mp,All Gamers,Skye,0.93,116,7,8,10,76,77,21,2,1,1
626545,2760,2026,Split,21216,f4ngeer,All Gamers,Waylay,0.89,147,10,9,3,82,95,20,1,3,-2
626545,2760,2026,Bind,10307,marteen,Gentle Mates,Yoru,1.37,262,19,13,6,71,162,30,2,3,-1
626545,2760,2026,Bind,23169,Minny,Gentle Mates,Viper,0.86,172,13,16,3,67,107,16,4,5,-1
626545,2760,2026,Bind,18400,bipo,Gentle Mates,Waylay,0.67,166,11,18,5,67,109,30,3,2,1
626545,2760,2026,Bind,565,starxo,Gentle Mates,Fade,0.53,118,9,17,1,48,76,19,1,1,0
626545,2760,2026,Bind,8286,GLYPH,Gentle Mates,Astra,0.41,79,4,15,4,57,61,30,0,0,0
626545,2760,2026,Bind,46748,K1ra,All Gamers,Raze,1.51,281,22,13,2,76,172,22,3,4,-1
626545,2760,2026,Bind,58959,iamgrq,All Gamers,Brimstone,1.3,213,16,10,19,81,131,36,0,2,-2
626545,2760,2026,Bind,21216,f4ngeer,All Gamers,Yoru,1.15,225,17,12,1,67,138,21,6,3,3
626545,2760,2026,Bind,55038,Au1,All Gamers,Viper,1.1,164,12,10,9,76,118,10,0,0,0
626545,2760,2026,Bind,25494,Shr1mp,All Gamers,Fade,0.92,137,12,11,2,81,98,37,2,1,1
625788,2760,2026,Haven,23169,Minny,Gentle Mates,Cypher,1.33,241,21,16,5,71,163,42,1,1,0
625788,2760,2026,Haven,565,starxo,Gentle Mates,Sova,1.07,207,17,15,4,58,125,26,4,5,-1
625788,2760,2026,Haven,10307,marteen,Gentle Mates,Yoru,0.94,164,12,15,7,63,107,26,2,4,-2
625788,2760,2026,Haven,18400,bipo,Gentle Mates,Neon,0.93,162,14,13,6,63,104,21,2,4,-2
625788,2760,2026,Haven,8286,GLYPH,Gentle Mates,Astra,0.85,114,10,15,8,54,73,25,1,0,1
625788,2760,2026,Haven,3520,ZmjjKK,EDward Gaming,Chamber,1.21,240,21,14,1,67,153,28,6,2,4
625788,2760,2026,Haven,39697,cb,EDward Gaming,Neon,0.93,204,19,15,0,71,128,33,3,2,1
625788,2760,2026,Haven,3017,nobody,EDward Gaming,Sova,0.92,147,13,14,3,50,101,18,0,2,-2
625788,2760,2026,Haven,4742,Smoggy,EDward Gaming,Omen,0.81,148,10,16,9,71,104,23,3,2,1
625788,2760,2026,Haven,15559,CHICHOO,EDward Gaming,Viper,0.8,146,11,15,5,58,106,21,2,2,0
625788,2760,2026,Pearl,10307,marteen,Gentle Mates,Yoru,1.7,288,20,9,10,85,191,33,2,2,0
625788,2760,2026,Pearl,8286,GLYPH,Gentle Mates,Astra,1.46,291,20,13,14,95,185,23,1,0,1
625788,2760,2026,Pearl,23169,Minny,Gentle Mates,Cypher,1.22,216,16,11,4,80,120,29,2,2,0
625788,2760,2026,Pearl,565,starxo,Gentle Mates,Fade,0.95,129,7,10,11,75,91,15,0,1,-1
625788,2760,2026,Pearl,18400,bipo,Gentle Mates,Neon,0.73,146,11,14,2,65,92,23,5,5,0
625788,2760,2026,Pearl,15559,CHICHOO,EDward Gaming,Killjoy,0.94,169,13,14,2,65,114,31,2,2,0
625788,2760,2026,Pearl,39697,cb,EDward Gaming,Yoru,0.9,203,15,16,1,70,136,33,3,1,2
625788,2760,2026,Pearl,4742,Smoggy,EDward Gaming,Astra,0.86,159,12,13,4,75,102,37,1,1,0
625788,2760,2026,Pearl,3520,ZmjjKK,EDward Gaming,Neon,0.72,147,11,15,2,50,94,52,3,5,-2
625788,2760,2026,Pearl,3017,nobody,EDward Gaming,Sova,0.46,121,6,16,4,40,80,10,1,1,0
626546,2760,2026,Haven,796,eeiu,FURIA,Sova,1.09,201,14,12,5,65,130,39,5,0,5
626546,2760,2026,Haven,754,nerve,FURIA,Viper,0.91,159,10,14,8,60,102,35,1,0,1
626546,2760,2026,Haven,3722,koalanoob,FURIA,Omen,0.86,200,15,15,4,70,126,14,1,2,-1
626546,2760,2026,Haven,48025,alym,FURIA,Neon,0.79,204,14,16,4,65,112,18,5,2,3
626546,2760,2026,Haven,5957,artzin,FURIA,Killjoy,0.77,190,13,15,3,60,135,25,1,3,-2
626546,2760,2026,Haven,40935,lovers rock,BBL Esports,Yoru,1.23,231,18,13,2,70,133,13,2,2,0
626546,2760,2026,Haven,12795,Crewen,BBL Esports,Cypher,1.15,245,18,14,4,70,158,46,1,4,-3
626546,2760,2026,Haven,24344,Loita,BBL Esports,Omen,1.07,177,10,13,16,80,110,20,2,1,1
626546,2760,2026,Haven,31305,Lar0k,BBL Esports,Neon,1.06,210,17,14,4,70,140,29,1,3,-2
626546,2760,2026,Haven,5565,Rosé,BBL Esports,Sova,0.92,159,9,12,7,55,108,26,1,3,-2
626546,2760,2026,Breeze,796,eeiu,FURIA,Sova,1.15,217,19,15,6,65,145,29,0,3,-3
626546,2760,2026,Breeze,48025,alym,FURIA,Neon,1.06,234,20,17,3,61,148,44,4,3,1
626546,2760,2026,Breeze,3722,koalanoob,FURIA,Yoru,1.04,179,15,13,6,65,110,20,1,3,-2
626546,2760,2026,Breeze,754,nerve,FURIA,Viper,0.97,228,16,19,8,74,153,30,1,2,-1
626546,2760,2026,Breeze,5957,artzin,FURIA,Omen,0.94,195,17,17,7,70,111,29,4,2,2
626546,2760,2026,Breeze,31305,Lar0k,BBL Esports,Jett,1.73,355,31,16,1,83,216,35,6,1,5
626546,2760,2026,Breeze,5565,Rosé,BBL Esports,Sova,0.9,189,15,16,5,74,141,41,1,0,1
626546,2760,2026,Breeze,24344,Loita,BBL Esports,Viper,0.85,157,13,18,8,65,118,44,1,1,0
626546,2760,2026,Breeze,12795,Crewen,BBL Esports,Cypher,0.73,168,14,19,2,65,122,48,3,2,1
626546,2760,2026,Breeze,40935,lovers rock,BBL Esports,Yoru,0.44,107,8,18,5,61,79,12,2,6,-4
626546,2760,2026,Abyss,796,eeiu,FURIA,Sova,1.32,246,22,14,8,83,172,41,1,1,0
626546,2760,2026,Abyss,5957,artzin,FURIA,Astra,1.25,259,23,18,6,79,166,29,3,3,0
626546,2760,2026,Abyss,48025,alym,FURIA,Waylay,0.99,177,15,16,7,67,116,28,4,4,0
626546,2760,2026,Abyss,3722,koalanoob,FURIA,Omen,0.83,144,13,17,7,67,90,23,2,2,0
626546,2760,2026,Abyss,754,nerve,FURIA,Tejo,0.67,143,10,17,5,67,103,8,2,3,-1
626546,2760,2026,Abyss,24344,Loita,BBL Esports,Omen,1.27,255,23,17,13,71,151,30,0,2,-2
626546,2760,2026,Abyss,12795,Crewen,BBL Esports,Cypher,1.15,205,18,14,4,71,149,20,3,0,3
626546,2760,2026,Abyss,5565,Rosé,BBL Esports,Sova,0.94,169,12,17,7,67,119,31,3,1,2
626546,2760,2026,Abyss,31305,Lar0k,BBL Esports,Waylay,0.85,181,13,17,7,63,130,17,0,4,-4
626546,2760,2026,Abyss,40935,lovers rock,BBL Esports,Yoru,0.7,159,14,18,2,63,100,22,6,4,2
626544,2760,2026,Corrode,42772,Xross,Nongshim RedForce,Fade,1.27,259,25,16,4,75,172,31,2,0,2
626544,2760,2026,Corrode,31829,Ivy,Nongshim RedForce,Viper,1.07,183,16,13,6,71,120,47,2,2,0
626544,2760,2026,Corrode,488,Rb,Nongshim RedForce,Omen,1.05,218,19,17,9,71,131,22,1,1,0
626544,2760,2026,Corrode,31827,Dambi,Nongshim RedForce,Neon,0.92,198,16,19,6,71,129,19,4,5,-1
626544,2760,2026,Corrode,31828,Francis,Nongshim RedForce,Yoru,0.73,167,12,19,7,79,110,26,3,4,-1
626544,2760,2026,Corrode,7378,Jinggg,Paper Rex,Omen,1.37,252,23,16,9,83,156,41,1,1,0
626544,2760,2026,Corrode,17086,something,Paper Rex,Waylay,1.14,253,20,18,6,71,159,17,7,3,4
626544,2760,2026,Corrode,9803,d4v41,Paper Rex,Vyse,1.0,203,17,18,7,58,151,32,0,1,-1
626544,2760,2026,Corrode,9801,f0rsakeN,Paper Rex,Viper,0.74,169,13,18,5,67,122,38,3,6,-3
626544,2760,2026,Corrode,8504,invy,Paper Rex,Fade,0.71,129,11,18,10,58,75,45,1,1,0
626544,2760,2026,Split,31829,Ivy,Nongshim RedForce,Viper,1.58,290,19,8,2,88,175,33,2,0,2
626544,2760,2026,Split,42772,Xross,Nongshim RedForce,Fade,1.45,224,14,7,8,88,140,18,3,1,2
626544,2760,2026,Split,31828,Francis,Nongshim RedForce,Yoru,1.37,268,17,10,6,94,181,19,4,1,3
626544,2760,2026,Split,31827,Dambi,Nongshim RedForce,Neon,1.17,220,14,10,5,71,125,12,3,1,2
626544,2760,2026,Split,488,Rb,Nongshim RedForce,Omen,1.04,181,12,9,8,76,114,23,1,1,0
626544,2760,2026,Split,9801,f0rsakeN,Paper Rex,Omen,1.16,296,15,16,1,71,194,19,0,0,0
626544,2760,2026,Split,8504,invy,Paper Rex,Fade,0.75,191,12,15,1,53,123,33,1,1,0
626544,2760,2026,Split,9803,d4v41,Paper Rex,Viper,0.73,163,9,15,1,47,104,44,2,2,0
626544,2760,2026,Split,7378,Jinggg,Paper Rex,Raze,0.62,110,7,13,1,47,73,17,1,3,-2
626544,2760,2026,Split,17086,something,Paper Rex,Yoru,0.02,41,1,17,2,29,36,13,0,7,-7
626544,2760,2026,Abyss,42772,Xross,Nongshim RedForce,Sova,2.15,358,21,5,5,94,245,23,1,0,1
626544,2760,2026,Abyss,31828,Francis,Nongshim RedForce,Yoru,1.27,283,17,11,4,69,172,43,5,0,5
626544,2760,2026,Abyss,31827,Dambi,Nongshim RedForce,Waylay,1.08,172,11,9,2,75,124,24,2,2,0
626544,2760,2026,Abyss,31829,Ivy,Nongshim RedForce,Cypher,0.96,218,13,11,6,75,153,45,2,1,1
626544,2760,2026,Abyss,488,Rb,Nongshim RedForce,Omen,0.87,112,6,7,8,75,67,14,2,1,1
626544,2760,2026,Abyss,9803,d4v41,Paper Rex,Vyse,1.3,245,15,13,1,56,151,37,1,0,1
626544,2760,2026,Abyss,7378,Jinggg,Paper Rex,Omen,0.78,155,9,13,3,75,108,36,1,4,-3
626544,2760,2026,Abyss,17086,something,Paper Rex,Yoru,0.59,155,7,14,2,56,112,24,1,1,0
626544,2760,2026,Abyss,8504,invy,Paper Rex,Sova,0.54,113,6,13,3,56,71,26,0,1,-1
626544,2760,2026,Abyss,9801,f0rsakeN,Paper Rex,Waylay,0.32,114,6,15,2,44,69,20,1,6,-5
626535,2760,2026,Breeze,11494,keiko,NRG,Jett,1.36,261,24,16,2,75,166,36,5,1,4
626535,2760,2026,Breeze,5132,mada,NRG,Yoru,1.14,279,24,20,8,88,170,39,6,2,4
626535,2760,2026,Breeze,2172,brawk,NRG,Sova,1.09,208,17,16,7,75,140,39,1,3,-2
626535,2760,2026,Breeze,11118,skuba,NRG,Viper,1.04,195,16,16,11,75,130,26,4,1,3
626535,2760,2026,Breeze,11225,Ethan,NRG,Omen,0.52,125,8,19,11,75,91,28,1,0,1
626535,2760,2026,Breeze,1885,purp0,Team Liquid,Sova,1.18,230,21,16,4,75,151,45,0,1,-1
626535,2760,2026,Breeze,24628,wayne,Team Liquid,Omen,1.17,227,20,17,7,67,142,36,2,3,-1
626535,2760,2026,Breeze,457,nAts,Team Liquid,Viper,1.0,173,15,16,8,71,102,23,0,3,-3
626535,2760,2026,Breeze,14681,kamo,Team Liquid,Yoru,0.74,170,15,19,4,71,107,24,1,2,-1
626535,2760,2026,Breeze,18350,MiniBoo,Team Liquid,Neon,0.59,185,16,21,1,58,118,38,4,8,-4
626535,2760,2026,Abyss,11494,keiko,NRG,Omen,1.8,307,19,5,4,94,199,43,2,0,2
626535,2760,2026,Abyss,11118,skuba,NRG,Viper,1.39,246,14,8,4,82,166,23,2,1,1
626535,2760,2026,Abyss,11225,Ethan,NRG,Tejo,1.27,180,12,7,3,100,129,15,3,1,2
626535,2760,2026,Abyss,2172,brawk,NRG,Sova,1.19,192,12,8,4,82,131,42,0,0,0
626535,2760,2026,Abyss,5132,mada,NRG,Waylay,0.75,142,10,12,1,71,84,53,3,4,-1
626535,2760,2026,Abyss,14681,kamo,Team Liquid,Yoru,0.94,222,13,13,3,82,141,45,0,1,-1
626535,2760,2026,Abyss,457,nAts,Team Liquid,Astra,0.6,153,9,14,0,53,103,39,3,3,0
626535,2760,2026,Abyss,24628,wayne,Team Liquid,Harbor,0.49,100,7,14,1,53,58,22,0,0,0
626535,2760,2026,Abyss,18350,MiniBoo,Team Liquid,Neon,0.4,118,5,15,2,76,90,17,2,3,-1
626535,2760,2026,Abyss,1885,purp0,Team Liquid,Skye,0.11,78,5,16,1,53,56,50,1,3,-2
626541,2760,2026,Corrode,31827,Dambi,Nongshim RedForce,Neon,1.65,376,25,15,8,80,224,15,6,3,3
626541,2760,2026,Corrode,31829,Ivy,Nongshim RedForce,Viper,1.27,190,16,9,1,70,123,48,0,0,0
626541,2760,2026,Corrode,31828,Francis,Nongshim RedForce,Yoru,1.24,238,17,14,6,85,159,26,3,1,2
626541,2760,2026,Corrode,488,Rb,Nongshim RedForce,Omen,1.07,165,12,11,11,75,97,13,4,3,1
626541,2760,2026,Corrode,42772,Xross,Nongshim RedForce,Fade,0.76,131,10,12,6,75,100,41,0,0,0
626541,2760,2026,Corrode,7873,leaf,G2 Esports,Viper,1.0,268,18,17,4,70,174,19,1,2,-1
626541,2760,2026,Corrode,15500,trent,G2 Esports,Skye,0.86,191,12,16,5,60,132,25,2,1,1
626541,2760,2026,Corrode,3993,jawgemo,G2 Esports,Iso,0.86,190,14,16,2,65,130,36,2,3,-1
626541,2760,2026,Corrode,3885,valyn,G2 Esports,Astra,0.84,174,12,14,7,50,105,10,1,3,-2
626541,2760,2026,Corrode,2170,BABYBAY,G2 Esports,Waylay,0.22,93,5,17,1,40,69,15,1,4,-3
626541,2760,2026,Split,42772,Xross,Nongshim RedForce,Fade,1.29,236,19,16,12,77,144,30,1,1,0
626541,2760,2026,Split,31827,Dambi,Nongshim RedForce,Neon,1.2,261,24,18,6,77,148,13,4,6,-2
626541,2760,2026,Split,31828,Francis,Nongshim RedForce,Yoru,1.17,258,23,21,3,77,173,39,3,5,-2
626541,2760,2026,Split,31829,Ivy,Nongshim RedForce,Viper,1.04,192,18,18,4,73,129,50,3,0,3
626541,2760,2026,Split,488,Rb,Nongshim RedForce,Omen,0.76,107,9,15,16,73,61,14,1,2,-1
626541,2760,2026,Split,7873,leaf,G2 Esports,Viper,1.15,263,25,18,1,65,159,22,4,2,2
626541,2760,2026,Split,3885,valyn,G2 Esports,Astra,0.94,197,18,21,6,69,120,20,3,0,3
626541,2760,2026,Split,15500,trent,G2 Esports,Fade,0.92,155,16,17,9,77,103,27,1,3,-2
626541,2760,2026,Split,2170,BABYBAY,G2 Esports,Waylay,0.82,176,14,18,7,77,130,17,1,4,-3
626541,2760,2026,Split,3993,jawgemo,G2 Esports,Neon,0.65,154,15,19,4,54,95,15,5,3,2
626541,2760,2026,Abyss,31827,Dambi,Nongshim RedForce,Waylay,1.02,249,17,15,0,60,154,27,4,4,0
626541,2760,2026,Abyss,42772,Xross,Nongshim RedForce,Sova,0.89,194,13,15,4,70,136,24,1,0,1
626541,2760,2026,Abyss,488,Rb,Nongshim RedForce,Omen,0.83,167,12,15,5,65,108,25,1,0,1
626541,2760,2026,Abyss,31829,Ivy,Nongshim RedForce,Astra,0.8,151,10,15,5,60,94,48,2,1,1
626541,2760,2026,Abyss,31828,Francis,Nongshim RedForce,Yoru,0.25,87,5,18,5,50,62,33,1,6,-5
626541,2760,2026,Abyss,2170,BABYBAY,G2 Esports,Waylay,1.27,257,18,13,4,75,157,41,6,4,2
626541,2760,2026,Abyss,15500,trent,G2 Esports,Sova,1.25,202,12,12,7,80,148,24,2,0,2
626541,2760,2026,Abyss,7873,leaf,G2 Esports,Astra,1.24,193,15,10,5,80,127,33,1,1,0
626541,2760,2026,Abyss,3885,valyn,G2 Esports,Harbor,1.21,178,15,10,7,75,122,21,0,0,0
626541,2760,2026,Abyss,3993,jawgemo,G2 Esports,Neon,1.01,202,16,12,1,75,126,19,2,4,-2
626529,2760,2026,Split,8504,invy,Paper Rex,Fade,1.45,253,20,10,3,87,165,38,2,1,1
626529,2760,2026,Split,9801,f0rsakeN,Paper Rex,Omen,1.39,268,24,14,9,78,175,40,2,0,2
626529,2760,2026,Split,9803,d4v41,Paper Rex,Viper,1.06,179,15,11,3,78,121,25,3,1,2
626529,2760,2026,Split,7378,Jinggg,Paper Rex,Raze,0.73,161,12,13,5,70,108,19,2,7,-5
626529,2760,2026,Split,17086,something,Paper Rex,Yoru,0.43,117,9,18,8,65,69,27,2,2,0
626529,2760,2026,Split,11494,keiko,NRG,Omen,1.05,191,16,14,10,78,110,32,3,1,2
626529,2760,2026,Split,11225,Ethan,NRG,Skye,0.98,180,14,15,7,70,130,34,2,1,1
626529,2760,2026,Split,2172,brawk,NRG,Vyse,0.92,178,14,16,6,74,127,29,1,0,1
626529,2760,2026,Split,5132,mada,NRG,Neon,0.84,183,15,17,4,57,116,23,4,5,-1
626529,2760,2026,Split,11118,skuba,NRG,Viper,0.26,98,7,18,3,43,70,32,1,4,-3
626529,2760,2026,Pearl,8504,invy,Paper Rex,Fade,1.36,266,21,14,8,78,173,20,2,2,0
626529,2760,2026,Pearl,7378,Jinggg,Paper Rex,Raze,1.03,221,19,18,0,74,141,22,5,1,4
626529,2760,2026,Pearl,17086,something,Paper Rex,Yoru,0.94,135,13,14,7,52,77,33,1,4,-3
626529,2760,2026,Pearl,9803,d4v41,Paper Rex,Astra,0.54,97,8,16,5,57,69,24,0,0,0
626529,2760,2026,Pearl,9801,f0rsakeN,Paper Rex,Veto,0.32,125,9,20,2,57,89,38,4,4,0
626529,2760,2026,Pearl,5132,mada,NRG,Waylay,1.22,256,23,15,1,74,153,44,4,2,2
626529,2760,2026,Pearl,11494,keiko,NRG,Killjoy,1.16,186,15,12,2,70,128,35,2,3,-1
626529,2760,2026,Pearl,11225,Ethan,NRG,Tejo,1.06,164,13,13,4,83,114,27,1,1,0
626529,2760,2026,Pearl,11118,skuba,NRG,Astra,1.06,199,15,15,10,87,126,33,2,1,1
626529,2760,2026,Pearl,2172,brawk,NRG,Sova,0.98,201,16,15,5,70,139,20,2,5,-3
626529,2760,2026,Haven,9803,d4v41,Paper Rex,Chamber,1.25,221,22,13,1,67,161,34,1,2,-1
626529,2760,2026,Haven,9801,f0rsakeN,Paper Rex,Omen,1.14,198,16,13,9,75,123,29,3,3,0
626529,2760,2026,Haven,8504,invy,Paper Rex,Fade,1.07,215,19,14,10,75,130,18,2,5,-3
626529,2760,2026,Haven,7378,Jinggg,Paper Rex,Phoenix,1.03,178,14,12,5,79,117,25,2,2,0
626529,2760,2026,Haven,17086,something,Paper Rex,Yoru,0.74,141,10,14,5,71,100,16,1,3,-2
626529,2760,2026,Haven,11494,keiko,NRG,Viper,1.11,216,16,17,5,63,152,42,3,2,1
626529,2760,2026,Haven,5132,mada,NRG,Neon,1.09,211,16,16,7,83,130,23,8,2,6
626529,2760,2026,Haven,11118,skuba,NRG,Killjoy,1.02,151,15,14,3,71,114,22,2,2,0
626529,2760,2026,Haven,2172,brawk,NRG,Sova,0.75,132,10,17,8,58,99,20,2,1,1
626529,2760,2026,Haven,11225,Ethan,NRG,Omen,0.61,107,9,17,8,58,62,12,0,2,-2
626548,2760,2026,Haven,3993,jawgemo,G2 Esports,Phoenix,1.91,391,25,13,3,83,248,44,5,2,3
626548,2760,2026,Haven,3885,valyn,G2 Esports,Astra,1.39,206,15,7,6,83,125,16,2,0,2
626548,2760,2026,Haven,7873,leaf,G2 Esports,Yoru,1.13,257,17,13,6,78,160,21,5,2,3
626548,2760,2026,Haven,15500,trent,G2 Esports,Fade,0.92,130,8,10,10,78,95,19,0,0,0
626548,2760,2026,Haven,2170,BABYBAY,G2 Esports,Chamber,0.69,60,4,8,2,67,47,36,1,1,0
626548,2760,2026,Haven,40935,lovers rock,BBL Esports,Yoru,1.0,220,12,15,4,61,165,19,3,2,1
626548,2760,2026,Haven,5565,Rosé,BBL Esports,Sova,0.93,245,15,15,5,67,153,36,0,1,-1
626548,2760,2026,Haven,24344,Loita,BBL Esports,Omen,0.76,140,9,12,7,67,87,39,0,1,-1
626548,2760,2026,Haven,12795,Crewen,BBL Esports,Cypher,0.61,141,9,13,0,50,104,35,0,3,-3
626548,2760,2026,Haven,31305,Lar0k,BBL Esports,Neon,0.45,94,6,14,3,67,65,32,2,6,-4
626548,2760,2026,Breeze,15500,trent,G2 Esports,Sova,1.52,253,19,12,9,71,182,47,1,1,0
626548,2760,2026,Breeze,2170,BABYBAY,G2 Esports,Yoru,1.16,200,16,13,3,67,116,21,3,3,0
626548,2760,2026,Breeze,3885,valyn,G2 Esports,Astra,1.0,147,12,13,4,57,82,18,2,1,1
626548,2760,2026,Breeze,3993,jawgemo,G2 Esports,Neon,1.0,222,18,17,4,76,147,23,5,4,1
626548,2760,2026,Breeze,7873,leaf,G2 Esports,Viper,0.67,122,7,15,12,71,92,21,0,1,-1
626548,2760,2026,Breeze,31305,Lar0k,BBL Esports,Jett,1.4,323,22,15,3,76,219,40,4,4,0
626548,2760,2026,Breeze,24344,Loita,BBL Esports,Viper,1.17,222,18,14,5,76,153,61,1,1,0
626548,2760,2026,Breeze,12795,Crewen,BBL Esports,Cypher,0.93,169,14,12,4,71,108,33,2,2,0
626548,2760,2026,Breeze,40935,lovers rock,BBL Esports,Yoru,0.72,134,9,14,3,52,89,20,1,0,1
626548,2760,2026,Breeze,5565,Rosé,BBL Esports,Sova,0.36,100,7,17,4,57,75,40,2,4,-2
626539,2760,2026,Haven,796,eeiu,FURIA,Sova,1.47,265,22,13,3,73,186,30,4,0,4
626539,2760,2026,Haven,754,nerve,FURIA,Viper,1.41,228,17,14,8,86,153,30,3,1,2
626539,2760,2026,Haven,5957,artzin,FURIA,Killjoy,1.07,201,15,15,8,82,151,20,0,2,-2
626539,2760,2026,Haven,3722,koalanoob,FURIA,Omen,0.92,236,19,19,5,82,155,26,3,1,2
626539,2760,2026,Haven,48025,alym,FURIA,Neon,0.63,173,12,18,5,64,118,21,2,6,-4
626539,2760,2026,Haven,9803,d4v41,Paper Rex,Chamber,1.19,250,21,16,2,77,164,35,3,1,2
626539,2760,2026,Haven,17086,something,Paper Rex,Yoru,1.14,206,18,15,6,64,140,37,3,4,-1
626539,2760,2026,Haven,9801,f0rsakeN,Paper Rex,Omen,0.82,186,15,18,4,59,120,24,2,4,-2
626539,2760,2026,Haven,7378,Jinggg,Paper Rex,Phoenix,0.76,205,14,18,8,77,128,30,2,2,0
626539,2760,2026,Haven,8504,invy,Paper Rex,Fade,0.67,174,11,18,9,73,126,44,0,1,-1
626539,2760,2026,Breeze,3722,koalanoob,FURIA,Yoru,0.92,187,11,15,5,65,104,19,3,2,1
626539,2760,2026,Breeze,796,eeiu,FURIA,Sova,0.83,206,12,14,2,47,140,25,0,1,-1
626539,2760,2026,Breeze,754,nerve,FURIA,Viper,0.66,109,7,12,1,59,75,50,0,1,-1
626539,2760,2026,Breeze,48025,alym,FURIA,Neon,0.64,173,9,15,3,53,125,18,2,6,-4
626539,2760,2026,Breeze,5957,artzin,FURIA,Omen,0.6,120,6,15,6,71,89,11,1,1,0
626539,2760,2026,Breeze,17086,something,Paper Rex,Jett,1.49,267,17,9,3,82,181,33,4,0,4
626539,2760,2026,Breeze,9803,d4v41,Paper Rex,Viper,1.31,197,12,7,5,94,122,32,3,1,2
626539,2760,2026,Breeze,7378,Jinggg,Paper Rex,Omen,1.28,286,20,11,0,88,183,28,0,1,-1
626539,2760,2026,Breeze,8504,invy,Paper Rex,Sova,1.18,173,11,7,6,88,120,16,0,1,-1
626539,2760,2026,Breeze,9801,f0rsakeN,Paper Rex,Yoru,0.92,193,11,11,4,76,131,35,4,3,1
626539,2760,2026,Split,796,eeiu,FURIA,Fade,1.49,326,22,15,5,75,223,39,3,1,2
626539,2760,2026,Split,3722,koalanoob,FURIA,Yoru,0.83,200,13,16,6,70,132,16,2,2,0
626539,2760,2026,Split,5957,artzin,FURIA,Omen,0.58,123,8,16,7,50,80,14,0,1,-1
626539,2760,2026,Split,754,nerve,FURIA,Viper,0.51,149,10,17,2,55,102,22,2,1,1
626539,2760,2026,Split,48025,alym,FURIA,Waylay,0.38,118,8,16,4,55,74,38,3,5,-2
626539,2760,2026,Split,17086,something,Paper Rex,Yoru,1.66,266,21,10,2,85,164,31,1,2,-1
626539,2760,2026,Split,9803,d4v41,Paper Rex,Viper,1.47,305,24,15,3,80,216,32,2,1,1
626539,2760,2026,Split,8504,invy,Paper Rex,Fade,1.25,177,14,10,7,85,114,28,0,1,-1
626539,2760,2026,Split,7378,Jinggg,Paper Rex,Raze,0.94,223,14,15,4,75,140,20,6,3,3
626539,2760,2026,Split,9801,f0rsakeN,Paper Rex,Omen,0.84,118,7,11,10,70,86,20,1,3,-2
625790,2760,2026,Split,7873,leaf,G2 Esports,Viper,1.26,254,20,16,5,64,156,27,3,1,2
625790,2760,2026,Split,3885,valyn,G2 Esports,Astra,1.21,245,18,15,10,91,167,29,0,1,-1
625790,2760,2026,Split,15500,trent,G2 Esports,Fade,1.04,187,16,14,4,64,122,25,3,1,2
625790,2760,2026,Split,3993,jawgemo,G2 Esports,Neon,0.65,189,15,20,3,77,115,27,4,6,-2
625790,2760,2026,Split,2170,BABYBAY,G2 Esports,Waylay,0.56,124,9,17,6,59,91,12,0,3,-3
625790,2760,2026,Split,8504,invy,Paper Rex,Fade,1.26,226,17,14,3,73,159,28,3,0,3
625790,2760,2026,Split,9801,f0rsakeN,Paper Rex,Omen,1.18,235,18,15,8,82,163,25,2,1,1
625790,2760,2026,Split,9803,d4v41,Paper Rex,Viper,1.11,218,17,15,7,68,168,30,2,3,-1
625790,2760,2026,Split,17086,something,Paper Rex,Yoru,1.0,191,17,16,1,55,118,29,2,2,0
625790,2760,2026,Split,7378,Jinggg,Paper Rex,Raze,0.69,166,13,18,1,64,116,23,3,4,-1
625790,2760,2026,Corrode,3885,valyn,G2 Esports,Astra,1.12,218,13,14,9,72,152,35,2,0,2
625790,2760,2026,Corrode,15500,trent,G2 Esports,Skye,1.03,190,11,14,12,72,121,29,0,2,-2
625790,2760,2026,Corrode,3993,jawgemo,G2 Esports,Iso,0.9,230,14,17,2,72,156,26,4,2,2
625790,2760,2026,Corrode,7873,leaf,G2 Esports,Viper,0.59,145,9,16,4,56,98,16,2,1,1
625790,2760,2026,Corrode,2170,BABYBAY,G2 Esports,Waylay,0.48,153,8,17,3,61,102,19,4,1,3
625790,2760,2026,Corrode,9801,f0rsakeN,Paper Rex,Viper,1.72,368,23,11,8,83,236,40,2,1,1
625790,2760,2026,Corrode,9803,d4v41,Paper Rex,Vyse,1.4,272,18,11,6,67,187,36,0,1,-1
625790,2760,2026,Corrode,8504,invy,Paper Rex,Fade,1.18,204,14,10,2,78,136,37,1,2,-1
625790,2760,2026,Corrode,7378,Jinggg,Paper Rex,Omen,1.14,229,14,11,9,83,153,33,2,1,1
625790,2760,2026,Corrode,17086,something,Paper Rex,Waylay,0.71,133,9,12,1,78,92,29,1,7,-6
626537,2760,2026,Haven,31829,Ivy,Nongshim RedForce,Killjoy,1.43,268,24,13,3,83,192,37,1,1,0
626537,2760,2026,Haven,488,Rb,Nongshim RedForce,Omen,0.97,168,15,14,6,70,110,30,1,3,-2
626537,2760,2026,Haven,42772,Xross,Nongshim RedForce,Sova,0.94,205,14,19,6,74,139,27,5,1,4
626537,2760,2026,Haven,31827,Dambi,Nongshim RedForce,Neon,0.93,205,19,17,4,61,130,33,4,1,3
626537,2760,2026,Haven,31828,Francis,Nongshim RedForce,Yoru,0.46,125,9,18,5,65,77,15,2,4,-2
626537,2760,2026,Haven,10307,marteen,Gentle Mates,Yoru,1.67,341,28,18,6,87,211,42,5,0,5
626537,2760,2026,Haven,8286,GLYPH,Gentle Mates,Astra,1.09,210,17,16,7,74,142,35,2,3,-1
626537,2760,2026,Haven,565,starxo,Gentle Mates,Sova,0.9,134,10,14,3,70,111,25,1,0,1
626537,2760,2026,Haven,23169,Minny,Gentle Mates,Cypher,0.86,164,13,15,6,83,102,20,2,6,-4
626537,2760,2026,Haven,18400,bipo,Gentle Mates,Neon,0.7,162,13,18,7,57,118,30,0,4,-4
626537,2760,2026,Corrode,31828,Francis,Nongshim RedForce,Yoru,1.34,276,23,15,7,91,191,20,4,1,3
626537,2760,2026,Corrode,31827,Dambi,Nongshim RedForce,Neon,1.29,261,22,15,4,78,133,16,7,1,6
626537,2760,2026,Corrode,42772,Xross,Nongshim RedForce,Fade,1.2,171,15,11,10,78,125,33,1,0,1
626537,2760,2026,Corrode,31829,Ivy,Nongshim RedForce,Viper,1.12,276,22,16,8,74,177,29,4,4,0
626537,2760,2026,Corrode,488,Rb,Nongshim RedForce,Omen,0.92,131,9,13,16,78,102,43,1,0,1
626537,2760,2026,Corrode,8286,GLYPH,Gentle Mates,Astra,1.23,177,14,15,13,70,113,22,0,2,-2
626537,2760,2026,Corrode,10307,marteen,Gentle Mates,Phoenix,1.14,256,19,20,7,65,161,30,4,4,0
626537,2760,2026,Corrode,565,starxo,Gentle Mates,Sova,1.09,238,17,18,9,65,165,20,1,1,0
626537,2760,2026,Corrode,18400,bipo,Gentle Mates,Neon,0.58,151,14,19,2,57,87,19,1,6,-5
626537,2760,2026,Corrode,23169,Minny,Gentle Mates,Kayo,0.46,102,6,19,15,70,69,20,0,4,-4
626538,2760,2026,Split,21216,f4ngeer,All Gamers,Waylay,1.25,255,16,12,3,68,167,42,4,3,1
626538,2760,2026,Split,55038,Au1,All Gamers,Viper,0.79,174,10,15,2,58,112,21,2,2,0
626538,2760,2026,Split,25494,Shr1mp,All Gamers,Skye,0.77,157,10,13,6,84,96,43,1,2,-1
626538,2760,2026,Split,58959,iamgrq,All Gamers,Omen,0.7,159,12,14,4,63,89,26,0,0,0
626538,2760,2026,Split,46748,K1ra,All Gamers,Raze,0.45,130,7,14,2,63,93,15,1,4,-3
626538,2760,2026,Split,2170,BABYBAY,G2 Esports,Waylay,1.5,222,16,9,4,74,134,29,4,1,3
626538,2760,2026,Split,3885,valyn,G2 Esports,Astra,1.23,187,12,9,8,74,135,21,1,0,1
626538,2760,2026,Split,15500,trent,G2 Esports,Fade,1.12,146,11,9,6,68,90,19,0,0,0
626538,2760,2026,Split,7873,leaf,G2 Esports,Viper,1.07,213,14,13,7,79,143,13,2,2,0
626538,2760,2026,Split,3993,jawgemo,G2 Esports,Neon,0.84,216,15,15,4,63,120,13,4,5,-1
626538,2760,2026,Abyss,46748,K1ra,All Gamers,Astra,0.8,168,11,14,3,59,110,28,3,4,-1
626538,2760,2026,Abyss,58959,iamgrq,All Gamers,Waylay,0.78,224,13,14,1,71,133,26,1,3,-2
626538,2760,2026,Abyss,55038,Au1,All Gamers,Harbor,0.73,187,11,14,3,59,129,20,1,2,-1
626538,2760,2026,Abyss,25494,Shr1mp,All Gamers,Sova,0.62,128,6,14,3,65,101,30,1,0,1
626538,2760,2026,Abyss,21216,f4ngeer,All Gamers,Yoru,0.44,120,6,15,2,53,86,47,1,1,0
626538,2760,2026,Abyss,3885,valyn,G2 Esports,Harbor,1.58,262,16,9,7,88,177,41,2,2,0
626538,2760,2026,Abyss,2170,BABYBAY,G2 Esports,Waylay,1.58,285,18,8,5,88,176,36,3,0,3
626538,2760,2026,Abyss,15500,trent,G2 Esports,Sova,1.45,213,12,8,9,76,145,36,2,1,1
626538,2760,2026,Abyss,3993,jawgemo,G2 Esports,Neon,1.12,223,16,12,5,65,129,32,2,3,-1
626538,2760,2026,Abyss,7873,leaf,G2 Esports,Astra,0.89,158,9,10,10,76,104,31,1,1,0
626549,2760,2026,Haven,9803,d4v41,Paper Rex,Chamber,1.25,237,22,15,0,71,147,30,6,1,5
626549,2760,2026,Haven,7378,Jinggg,Paper Rex,Phoenix,1.03,226,16,18,13,83,168,43,2,1,1
626549,2760,2026,Haven,9801,f0rsakeN,Paper Rex,Omen,0.97,205,16,17,4,67,150,33,2,1,1
626549,2760,2026,Haven,17086,something,Paper Rex,Yoru,0.79,168,15,17,3,58,105,31,2,3,-1
626549,2760,2026,Haven,8504,invy,Paper Rex,Fade,0.75,167,11,17,9,67,122,38,3,3,0
626549,2760,2026,Haven,3993,jawgemo,G2 Esports,Phoenix,1.36,265,24,17,2,71,173,21,0,5,-5
626549,2760,2026,Haven,3885,valyn,G2 Esports,Astra,1.14,175,14,13,9,71,111,35,3,4,-1
626549,2760,2026,Haven,15500,trent,G2 Esports,Fade,1.13,195,16,15,7,75,138,29,1,0,1
626549,2760,2026,Haven,7873,leaf,G2 Esports,Yoru,0.86,217,18,18,6,63,137,27,2,3,-1
626549,2760,2026,Haven,2170,BABYBAY,G2 Esports,Chamber,0.76,144,12,17,3,63,89,10,3,3,0
626549,2760,2026,Breeze,17086,something,Paper Rex,Jett,1.38,261,21,11,1,82,169,21,2,2,0
626549,2760,2026,Breeze,9801,f0rsakeN,Paper Rex,Yoru,1.22,272,21,14,6,82,170,36,3,4,-1
626549,2760,2026,Breeze,8504,invy,Paper Rex,Sova,1.19,228,18,13,5,82,188,38,1,2,-1
626549,2760,2026,Breeze,7378,Jinggg,Paper Rex,Omen,1.06,156,14,12,5,73,109,35,2,3,-1
626549,2760,2026,Breeze,9803,d4v41,Paper Rex,Viper,0.73,157,12,15,5,59,104,44,2,1,1
626549,2760,2026,Breeze,15500,trent,G2 Esports,Sova,1.34,206,17,14,5,64,147,41,2,0,2
626549,2760,2026,Breeze,3993,jawgemo,G2 Esports,Neon,1.03,243,16,19,9,68,174,18,4,3,1
626549,2760,2026,Breeze,3885,valyn,G2 Esports,Astra,0.9,163,11,18,9,73,113,27,4,1,3
626549,2760,2026,Breeze,7873,leaf,G2 Esports,Viper,0.65,174,12,19,5,50,112,27,2,4,-2
626549,2760,2026,Breeze,2170,BABYBAY,G2 Esports,Yoru,0.59,103,9,16,4,55,61,9,0,2,-2
626549,2760,2026,Corrode,17086,something,Paper Rex,Waylay,1.86,290,21,5,4,94,145,18,6,1,5
626549,2760,2026,Corrode,9803,d4v41,Paper Rex,Vyse,1.53,271,19,9,3,94,177,33,2,0,2
626549,2760,2026,Corrode,7378,Jinggg,Paper Rex,Omen,1.51,277,15,8,11,82,194,27,3,1,2
626549,2760,2026,Corrode,9801,f0rsakeN,Paper Rex,Viper,1.16,244,14,10,7,82,175,30,2,0,2
626549,2760,2026,Corrode,8504,invy,Paper Rex,Fade,0.69,135,8,9,4,65,94,19,0,2,-2
626549,2760,2026,Corrode,3993,jawgemo,G2 Esports,Neon,0.87,193,12,15,2,47,104,17,3,3,0
626549,2760,2026,Corrode,7873,leaf,G2 Esports,Vyse,0.83,150,8,15,6,65,105,19,1,3,-2
626549,2760,2026,Corrode,2170,BABYBAY,G2 Esports,Yoru,0.61,131,7,15,3,53,89,23,0,2,-2
626549,2760,2026,Corrode,15500,trent,G2 Esports,Fade,0.59,162,9,16,4,65,116,37,0,1,-1
626549,2760,2026,Corrode,3885,valyn,G2 Esports,Astra,0.3,96,5,16,2,41,66,17,0,4,-4
626543,2760,2026,Bind,31828,Francis,Nongshim RedForce,Yoru,1.76,319,24,12,6,82,200,21,7,3,4
626543,2760,2026,Bind,488,Rb,Nongshim RedForce,Brimstone,1.13,215,17,15,9,77,138,23,2,1,1
626543,2760,2026,Bind,31827,Dambi,Nongshim RedForce,Neon,0.99,232,19,18,5,77,137,14,3,3,0
626543,2760,2026,Bind,42772,Xross,Nongshim RedForce,Fade,0.75,144,11,16,7,73,105,39,0,1,-1
626543,2760,2026,Bind,31829,Ivy,Nongshim RedForce,Viper,0.66,109,8,14,7,64,83,31,1,1,0
626543,2760,2026,Bind,11118,skuba,NRG,Viper,1.07,233,18,16,5,73,143,21,4,2,2
626543,2760,2026,Bind,11494,keiko,NRG,Raze,0.99,225,19,19,1,91,144,23,2,2,0
626543,2760,2026,Bind,2172,brawk,NRG,Brimstone,0.88,171,13,15,5,59,132,51,0,2,-2
626543,2760,2026,Bind,11225,Ethan,NRG,Fade,0.88,147,13,12,4,68,93,13,0,1,-1
626543,2760,2026,Bind,5132,mada,NRG,Yoru,0.65,162,12,17,5,73,113,15,3,6,-3
626543,2760,2026,Abyss,31828,Francis,Nongshim RedForce,Yoru,1.25,225,20,15,5,79,150,22,1,1,0
626543,2760,2026,Abyss,31829,Ivy,Nongshim RedForce,Cypher,1.11,206,19,14,5,75,131,35,2,2,0
626543,2760,2026,Abyss,42772,Xross,Nongshim RedForce,Sova,0.93,174,16,16,1,83,116,31,2,0,2
626543,2760,2026,Abyss,488,Rb,Nongshim RedForce,Omen,0.91,179,15,16,12,79,123,23,2,2,0
626543,2760,2026,Abyss,31827,Dambi,Nongshim RedForce,Waylay,0.85,200,16,18,6,75,123,29,6,6,0
626543,2760,2026,Abyss,11494,keiko,NRG,Omen,1.47,258,22,16,9,71,164,45,2,2,0
626543,2760,2026,Abyss,11118,skuba,NRG,Viper,1.21,229,22,17,3,71,156,27,1,2,-1
626543,2760,2026,Abyss,2172,brawk,NRG,Sova,0.88,166,13,16,7,67,119,18,2,2,0
626543,2760,2026,Abyss,5132,mada,NRG,Waylay,0.72,168,14,20,3,54,101,16,3,3,0
626543,2760,2026,Abyss,11225,Ethan,NRG,Tejo,0.35,97,7,19,2,58,66,22,3,4,-1
626547,2760,2026,Corrode,8504,invy,Paper Rex,Fade,1.47,250,21,14,3,78,170,29,1,2,-1
626547,2760,2026,Corrode,7378,Jinggg,Paper Rex,Omen,1.32,294,24,18,6,74,176,31,2,1,1
626547,2760,2026,Corrode,9801,f0rsakeN,Paper Rex,Viper,0.88,182,16,16,3,74,123,29,3,1,2
626547,2760,2026,Corrode,17086,something,Paper Rex,Waylay,0.72,159,12,18,8,70,123,46,3,4,-1
626547,2760,2026,Corrode,9803,d4v41,Paper Rex,Vyse,0.38,79,5,16,5,70,59,14,1,5,-4
626547,2760,2026,Corrode,46748,K1ra,All Gamers,Omen,1.19,144,12,10,10,83,96,54,0,1,-1
626547,2760,2026,Corrode,25494,Shr1mp,All Gamers,Fade,1.09,193,16,15,8,78,139,33,1,3,-2
626547,2760,2026,Corrode,55038,Au1,All Gamers,Viper,1.05,234,20,17,5,74,137,19,3,0,3
626547,2760,2026,Corrode,21216,f4ngeer,All Gamers,Chamber,1.04,244,20,18,4,65,161,30,5,4,1
626547,2760,2026,Corrode,58959,iamgrq,All Gamers,Neon,0.78,182,14,18,5,83,110,22,4,2,2
626547,2760,2026,Pearl,17086,something,Paper Rex,Yoru,1.64,257,19,8,3,95,166,30,1,1,0
626547,2760,2026,Pearl,9803,d4v41,Paper Rex,Vyse,1.29,221,18,12,6,80,151,30,1,4,-3
626547,2760,2026,Pearl,8504,invy,Paper Rex,Sova,1.12,191,13,12,6,80,137,15,3,0,3
626547,2760,2026,Pearl,7378,Jinggg,Paper Rex,Neon,1.05,240,18,13,6,75,153,25,2,5,-3
626547,2760,2026,Pearl,9801,f0rsakeN,Paper Rex,Astra,0.74,135,9,13,9,65,88,8,1,2,-1
626547,2760,2026,Pearl,21216,f4ngeer,All Gamers,Yoru,1.58,324,23,15,4,75,201,26,6,1,5
626547,2760,2026,Pearl,25494,Shr1mp,All Gamers,Fade,0.77,128,9,14,4,70,90,19,1,0,1
626547,2760,2026,Pearl,55038,Au1,All Gamers,Killjoy,0.77,169,11,17,2,55,135,12,1,0,1
626547,2760,2026,Pearl,46748,K1ra,All Gamers,Astra,0.69,153,10,15,4,55,105,25,1,3,-2
626547,2760,2026,Pearl,58959,iamgrq,All Gamers,Neon,0.43,110,5,16,7,70,90,15,3,4,-1
626547,2760,2026,Split,17086,something,Paper Rex,Yoru,1.92,335,23,7,2,94,194,28,6,0,6
626547,2760,2026,Split,7378,Jinggg,Paper Rex,Raze,1.54,287,18,10,5,82,182,20,3,0,3
626547,2760,2026,Split,8504,invy,Paper Rex,Fade,1.52,241,15,9,8,94,150,25,4,1,3
626547,2760,2026,Split,9803,d4v41,Paper Rex,Viper,0.96,180,12,10,4,71,121,23,0,2,-2
626547,2760,2026,Split,9801,f0rsakeN,Paper Rex,Omen,0.74,143,7,11,14,76,107,35,0,1,-1
626547,2760,2026,Split,25494,Shr1mp,All Gamers,Skye,0.89,188,12,15,4,53,111,36,1,2,-1
626547,2760,2026,Split,46748,K1ra,All Gamers,Raze,0.61,179,10,15,1,65,106,11,3,2,1
626547,2760,2026,Split,55038,Au1,All Gamers,Viper,0.58,172,8,15,5,59,135,24,0,2,-2
626547,2760,2026,Split,21216,f4ngeer,All Gamers,Waylay,0.57,158,10,16,0,53,108,45,0,4,-4
626547,2760,2026,Split,58959,iamgrq,All Gamers,Omen,0.49,130,7,14,3,47,87,25,0,3,-3
626542,2760,2026,Pearl,17086,something,Paper Rex,Yoru,1.13,205,18,17,6,81,147,24,5,1,4
626542,2760,2026,Pearl,9801,f0rsakeN,Paper Rex,Astra,0.95,219,22,21,7,73,134,25,1,5,-4
626542,2760,2026,Pearl,9803,d4v41,Paper Rex,Vyse,0.95,203,20,17,6,73,145,34,2,3,-1
626542,2760,2026,Pearl,7378,Jinggg,Paper Rex,Phoenix,0.89,232,19,21,8,73,164,23,3,2,1
626542,2760,2026,Pearl,8504,invy,Paper Rex,Sova,0.77,147,12,15,7,73,107,38,0,3,-3
626542,2760,2026,Pearl,11118,skuba,NRG,Astra,1.46,279,26,18,10,88,181,42,5,2,3
626542,2760,2026,Pearl,5132,mada,NRG,Waylay,1.12,220,21,18,4,62,134,24,7,5,2
626542,2760,2026,Pearl,11494,keiko,NRG,Killjoy,0.97,206,19,19,6,85,146,26,2,1,1
626542,2760,2026,Pearl,2172,brawk,NRG,Sova,0.91,179,12,20,11,73,147,21,1,1,0
626542,2760,2026,Pearl,11225,Ethan,NRG,Tejo,0.74,138,13,18,5,73,88,16,0,3,-3
626542,2760,2026,Bind,9803,d4v41,Paper Rex,Skye,1.19,205,19,14,5,71,135,24,1,1,0
626542,2760,2026,Bind,8504,invy,Paper Rex,Brimstone,1.11,195,17,16,9,71,136,37,1,1,0
626542,2760,2026,Bind,17086,something,Paper Rex,Gekko,0.99,166,15,14,9,71,98,22,2,4,-2
626542,2760,2026,Bind,7378,Jinggg,Paper Rex,Raze,0.81,172,14,17,4,54,110,11,4,4,0
626542,2760,2026,Bind,9801,f0rsakeN,Paper Rex,Harbor,0.77,195,15,19,8,71,125,22,3,3,0
626542,2760,2026,Bind,11118,skuba,NRG,Viper,1.24,220,19,14,3,67,139,29,2,3,-1
626542,2760,2026,Bind,5132,mada,NRG,Yoru,1.18,203,15,13,4,71,137,31,5,2,3
626542,2760,2026,Bind,2172,brawk,NRG,Brimstone,1.16,188,16,15,8,75,138,26,1,0,1
626542,2760,2026,Bind,11225,Ethan,NRG,Fade,0.81,187,15,18,7,75,118,23,1,3,-2
626542,2760,2026,Bind,11494,keiko,NRG,Raze,0.68,179,15,20,2,58,120,25,4,3,1
625791,2760,2026,Haven,37927,happywei,Xi Lai Gaming,Viper,0.9,255,11,12,1,53,186,17,3,0,3
625791,2760,2026,Haven,22047,Rarga,Xi Lai Gaming,Neon,0.47,189,9,13,1,47,111,25,0,4,-4
625791,2760,2026,Haven,11527,NoMan,Xi Lai Gaming,Killjoy,0.43,119,5,13,2,47,71,29,1,3,-2
625791,2760,2026,Haven,37489,Lysoar,Xi Lai Gaming,Omen,0.41,74,3,12,6,67,49,12,0,2,-2
625791,2760,2026,Haven,24308,WsLeo,Xi Lai Gaming,Sova,0.33,78,4,12,1,47,53,5,0,2,-2
625791,2760,2026,Haven,5132,mada,NRG,Neon,1.75,304,17,7,4,93,179,23,5,2,3
625791,2760,2026,Haven,11494,keiko,NRG,Viper,1.58,213,12,4,7,100,123,25,1,0,1
625791,2760,2026,Haven,11118,skuba,NRG,Killjoy,1.44,244,14,7,4,93,159,14,4,0,4
625791,2760,2026,Haven,2172,brawk,NRG,Sova,1.26,200,10,8,6,80,138,19,0,0,0
625791,2760,2026,Haven,11225,Ethan,NRG,Omen,1.17,155,9,6,8,87,86,15,1,2,-1
625791,2760,2026,Abyss,37489,Lysoar,Xi Lai Gaming,Omen,1.24,225,21,14,5,91,141,40,0,1,-1
625791,2760,2026,Abyss,37927,happywei,Xi Lai Gaming,Astra,1.03,178,15,14,9,74,111,25,2,2,0
625791,2760,2026,Abyss,22047,Rarga,Xi Lai Gaming,Yoru,0.94,241,19,20,7,83,161,29,7,2,5
625791,2760,2026,Abyss,24308,WsLeo,Xi Lai Gaming,Sova,0.84,169,13,16,9,83,111,36,2,1,1
625791,2760,2026,Abyss,11527,NoMan,Xi Lai Gaming,Waylay,0.76,131,13,16,1,78,94,52,3,2,1
625791,2760,2026,Abyss,11494,keiko,NRG,Omen,1.29,284,23,17,5,74,178,48,4,1,3
625791,2760,2026,Abyss,2172,brawk,NRG,Sova,1.02,209,17,17,6,74,145,23,1,1,0
625791,2760,2026,Abyss,11225,Ethan,NRG,Tejo,0.96,136,10,14,8,65,98,18,1,2,-1
625791,2760,2026,Abyss,11118,skuba,NRG,Viper,0.81,141,13,16,3,70,92,43,0,5,-5
625791,2760,2026,Abyss,5132,mada,NRG,Waylay,0.68,165,12,19,5,78,104,29,2,5,-3
626533,2760,2026,Abyss,37927,happywei,Xi Lai Gaming,Astra,1.09,195,17,15,7,62,121,40,3,3,0
626533,2760,2026,Abyss,37489,Lysoar,Xi Lai Gaming,Omen,1.06,271,20,17,3,76,159,38,2,0,2
626533,2760,2026,Abyss,22047,Rarga,Xi Lai Gaming,Yoru,0.81,213,15,18,4,71,145,38,1,2,-1
626533,2760,2026,Abyss,11527,NoMan,Xi Lai Gaming,Waylay,0.74,161,13,15,3,62,100,24,5,3,2
626533,2760,2026,Abyss,24308,WsLeo,Xi Lai Gaming,Sova,0.61,117,7,16,12,81,92,24,1,1,0
626533,2760,2026,Abyss,7873,leaf,G2 Esports,Astra,1.38,219,17,12,7,76,139,32,3,1,2
626533,2760,2026,Abyss,3885,valyn,G2 Esports,Harbor,1.27,258,18,14,7,86,159,21,2,2,0
626533,2760,2026,Abyss,2170,BABYBAY,G2 Esports,Waylay,1.15,258,19,17,4,71,180,31,2,2,0
626533,2760,2026,Abyss,15500,trent,G2 Esports,Sova,1.09,186,15,13,4,71,133,32,1,1,0
626533,2760,2026,Abyss,3993,jawgemo,G2 Esports,Neon,0.62,156,12,16,1,52,101,46,1,6,-5
626533,2760,2026,Haven,37927,happywei,Xi Lai Gaming,Viper,1.03,225,10,14,4,63,161,19,0,2,-2
626533,2760,2026,Haven,11527,NoMan,Xi Lai Gaming,Killjoy,0.94,209,12,14,2,56,118,26,2,1,1
626533,2760,2026,Haven,24308,WsLeo,Xi Lai Gaming,Sova,0.82,158,7,13,5,50,125,23,2,1,1
626533,2760,2026,Haven,22047,Rarga,Xi Lai Gaming,Neon,0.64,198,10,15,3,50,125,34,3,5,-2
626533,2760,2026,Haven,37489,Lysoar,Xi Lai Gaming,Omen,0.58,124,8,15,4,56,90,41,0,0,0
626533,2760,2026,Haven,3993,jawgemo,G2 Esports,Phoenix,1.9,394,23,9,1,88,255,40,2,1,1
626533,2760,2026,Haven,7873,leaf,G2 Esports,Yoru,1.28,259,14,9,6,69,178,19,2,2,0
626533,2760,2026,Haven,15500,trent,G2 Esports,Fade,1.07,196,12,9,2,88,125,28,1,0,1
626533,2760,2026,Haven,2170,BABYBAY,G2 Esports,Chamber,0.89,177,11,10,2,75,114,33,3,2,1
626533,2760,2026,Haven,3885,valyn,G2 Esports,Astra,0.87,173,11,10,9,88,103,9,1,2,-1
625789,2760,2026,Breeze,485,stax,T1,Sova,1.56,265,21,13,2,62,184,39,1,0,1
625789,2760,2026,Breeze,2489,Munchkin,T1,Viper,1.01,216,14,15,7,67,139,25,3,2,1
625789,2760,2026,Breeze,29833,iZu,T1,Yoru,0.89,215,16,17,1,52,146,31,2,5,-3
625789,2760,2026,Breeze,804,BuZz,T1,Jett,0.81,163,11,16,6,67,126,26,1,4,-3
625789,2760,2026,Breeze,13039,Meteor,T1,Astra,0.26,79,4,17,2,29,56,26,1,2,-1
625789,2760,2026,Breeze,18350,MiniBoo,Team Liquid,Neon,1.28,270,20,15,6,71,180,46,4,2,2
625789,2760,2026,Breeze,14681,kamo,Team Liquid,Yoru,1.27,241,17,12,10,67,161,44,4,3,1
625789,2760,2026,Breeze,1885,purp0,Team Liquid,Sova,1.15,184,15,11,4,81,133,45,1,0,1
625789,2760,2026,Breeze,457,nAts,Team Liquid,Viper,0.95,169,14,13,1,67,119,48,2,1,1
625789,2760,2026,Breeze,24628,wayne,Team Liquid,Omen,0.75,157,12,15,6,62,97,44,2,2,0
625789,2760,2026,Split,485,stax,T1,Fade,1.32,221,24,17,6,79,140,27,1,2,-1
625789,2760,2026,Split,29833,iZu,T1,Yoru,1.16,239,26,20,2,64,154,30,4,2,2
625789,2760,2026,Split,804,BuZz,T1,Raze,0.82,205,17,22,8,68,146,12,2,3,-1
625789,2760,2026,Split,2489,Munchkin,T1,Omen,0.78,166,13,21,15,68,113,11,3,3,0
625789,2760,2026,Split,13039,Meteor,T1,Viper,0.66,176,17,22,3,54,115,33,1,7,-6
625789,2760,2026,Split,24628,wayne,Team Liquid,Omen,1.23,225,22,18,7,79,143,24,4,3,1
625789,2760,2026,Split,1885,purp0,Team Liquid,Skye,1.12,227,22,20,9,79,147,40,3,0,3
625789,2760,2026,Split,457,nAts,Team Liquid,Viper,1.04,238,24,22,7,75,155,32,1,2,-1
625789,2760,2026,Split,18350,MiniBoo,Team Liquid,Neon,1.02,202,18,19,9,79,125,23,7,4,3
625789,2760,2026,Split,14681,kamo,Team Liquid,Waylay,0.81,159,16,18,3,71,100,48,2,2,0
626540,2760,2026,Pearl,40935,lovers rock,BBL Esports,Yoru,1.18,266,16,18,3,63,180,13,3,1,2
626540,2760,2026,Pearl,24344,Loita,BBL Esports,Astra,0.94,188,13,16,4,42,139,44,0,2,-2
626540,2760,2026,Pearl,12795,Crewen,BBL Esports,Cypher,0.66,173,11,18,2,53,119,62,2,2,0
626540,2760,2026,Pearl,5565,Rosé,BBL Esports,Sova,0.41,111,7,17,4,42,80,33,1,5,-4
626540,2760,2026,Pearl,31305,Lar0k,BBL Esports,Neon,0.14,49,3,17,3,42,33,20,0,3,-3
626540,2760,2026,Pearl,11118,skuba,NRG,Astra,1.93,289,22,6,14,95,173,20,5,1,4
626540,2760,2026,Pearl,11494,keiko,NRG,Killjoy,1.49,257,20,10,3,95,170,40,3,0,3
626540,2760,2026,Pearl,11225,Ethan,NRG,Tejo,1.29,253,18,12,10,95,160,23,1,0,1
626540,2760,2026,Pearl,5132,mada,NRG,Waylay,1.04,196,14,10,5,63,134,31,3,3,0
626540,2760,2026,Pearl,2172,brawk,NRG,Sova,0.91,169,12,12,6,79,110,15,1,2,-1
626540,2760,2026,Abyss,31305,Lar0k,BBL Esports,Waylay,2.14,360,27,9,5,95,237,32,7,1,6
626540,2760,2026,Abyss,24344,Loita,BBL Esports,Omen,1.03,130,10,9,7,84,83,40,1,2,-1
626540,2760,2026,Abyss,40935,lovers rock,BBL Esports,Yoru,1.01,209,14,13,7,89,126,25,2,2,0
626540,2760,2026,Abyss,12795,Crewen,BBL Esports,Cypher,0.91,212,14,13,5,58,133,39,2,2,0
626540,2760,2026,Abyss,5565,Rosé,BBL Esports,Sova,0.74,129,8,11,7,74,90,16,0,0,0
626540,2760,2026,Abyss,11225,Ethan,NRG,Tejo,0.96,185,12,15,5,68,121,18,2,3,-1
626540,2760,2026,Abyss,11118,skuba,NRG,Viper,0.85,200,12,15,3,68,130,18,2,1,1
626540,2760,2026,Abyss,5132,mada,NRG,Waylay,0.71,193,13,15,1,42,118,57,1,3,-2
626540,2760,2026,Abyss,2172,brawk,NRG,Sova,0.63,115,8,15,4,53,94,19,0,1,-1
626540,2760,2026,Abyss,11494,keiko,NRG,Omen,0.51,142,10,16,5,63,79,15,2,4,-2
626540,2760,2026,Split,24344,Loita,BBL Esports,Omen,1.16,230,27,24,14,75,145,28,1,3,-2
626540,2760,2026,Split,40935,lovers rock,BBL Esports,Yoru,1.15,247,28,22,6,81,151,17,1,2,-1
626540,2760,2026,Split,12795,Crewen,BBL Esports,Viper,1.05,192,21,21,10,63,135,34,3,1,2
626540,2760,2026,Split,31305,Lar0k,BBL Esports,Neon,0.8,173,18,24,8,69,106,18,5,6,-1
626540,2760,2026,Split,5565,Rosé,BBL Esports,Fade,0.71,154,18,23,8,56,97,32,4,6,-2
626540,2760,2026,Split,2172,brawk,NRG,Vyse,1.25,213,20,20,14,69,151,10,1,1,0
626540,2760,2026,Split,11225,Ethan,NRG,Skye,1.09,208,25,21,12,75,138,20,2,2,0
626540,2760,2026,Split,11494,keiko,NRG,Omen,1.07,222,27,23,5,72,147,43,4,2,2
626540,2760,2026,Split,5132,mada,NRG,Neon,1.07,225,24,24,9,75,148,21,9,6,3
626540,2760,2026,Split,11118,skuba,NRG,Viper,0.73,161,18,24,5,69,108,13,2,3,-1
626550,2760,2026,Pearl,11494,keiko,NRG,Killjoy,1.46,260,23,12,1,62,158,21,3,2,1
626550,2760,2026,Pearl,5132,mada,NRG,Waylay,1.18,291,20,19,5,81,195,30,8,0,8
626550,2760,2026,Pearl,11225,Ethan,NRG,Tejo,1.06,199,17,14,6,76,140,31,0,1,-1
626550,2760,2026,Pearl,2172,brawk,NRG,Sova,0.89,155,9,14,9,71,113,10,0,2,-2
626550,2760,2026,Pearl,11118,skuba,NRG,Astra,0.84,187,15,16,6,71,113,19,2,3,-1
626550,2760,2026,Pearl,8504,invy,Paper Rex,Sova,1.25,280,20,16,4,67,193,26,1,4,-3
626550,2760,2026,Pearl,9801,f0rsakeN,Paper Rex,Astra,1.14,251,19,18,8,71,155,27,2,1,1
626550,2760,2026,Pearl,17086,something,Paper Rex,Yoru,0.81,173,13,16,3,71,127,27,3,2,1
626550,2760,2026,Pearl,9803,d4v41,Paper Rex,Vyse,0.72,181,13,17,5,48,114,29,0,0,0
626550,2760,2026,Pearl,7378,Jinggg,Paper Rex,Neon,0.54,131,10,17,3,57,90,22,2,6,-4
626550,2760,2026,Split,11118,skuba,NRG,Viper,1.12,225,16,16,5,60,141,25,1,2,-1
626550,2760,2026,Split,5132,mada,NRG,Neon,0.82,210,13,17,5,55,128,13,5,6,-1
626550,2760,2026,Split,11494,keiko,NRG,Omen,0.79,139,9,15,7,55,91,34,0,1,-1
626550,2760,2026,Split,11225,Ethan,NRG,Skye,0.71,134,11,16,4,55,91,24,1,1,0
626550,2760,2026,Split,2172,brawk,NRG,Vyse,0.7,123,8,14,3,60,81,31,2,1,1
626550,2760,2026,Split,17086,something,Paper Rex,Yoru,1.45,295,21,11,4,85,181,18,3,1,2
626550,2760,2026,Split,9803,d4v41,Paper Rex,Viper,1.25,214,16,10,5,85,141,26,3,1,2
626550,2760,2026,Split,8504,invy,Paper Rex,Fade,1.15,192,14,11,6,80,129,45,0,0,0
626550,2760,2026,Split,7378,Jinggg,Paper Rex,Raze,1.09,238,17,13,7,85,157,19,3,3,0
626550,2760,2026,Split,9801,f0rsakeN,Paper Rex,Omen,0.76,130,10,12,6,75,82,25,2,4,-2
626550,2760,2026,Corrode,11118,skuba,NRG,Viper,1.37,278,19,13,5,79,176,27,2,0,2
626550,2760,2026,Corrode,11494,keiko,NRG,Omen,0.88,193,12,16,8,84,122,29,1,1,0
626550,2760,2026,Corrode,5132,mada,NRG,Waylay,0.78,201,12,15,4,53,124,24,4,7,-3
626550,2760,2026,Corrode,2172,brawk,NRG,Sova,0.69,169,11,15,4,68,117,30,1,0,1
626550,2760,2026,Corrode,11225,Ethan,NRG,Skye,0.56,120,8,17,5,53,85,23,0,3,-3
626550,2760,2026,Corrode,9803,d4v41,Paper Rex,Vyse,1.36,235,18,12,3,79,147,33,1,0,1
626550,2760,2026,Corrode,9801,f0rsakeN,Paper Rex,Viper,1.2,235,17,13,6,74,159,23,2,0,2
626550,2760,2026,Corrode,8504,invy,Paper Rex,Fade,1.15,218,15,12,3,68,154,33,4,4,0
626550,2760,2026,Corrode,7378,Jinggg,Paper Rex,Omen,1.06,233,15,12,6,68,154,31,2,2,0
626550,2760,2026,Corrode,17086,something,Paper Rex,Waylay,0.85,176,11,13,3,58,139,28,2,2,0
626550,2760,2026,Breeze,11118,skuba,NRG,Viper,1.28,227,19,14,2,73,147,39,2,1,1
626550,2760,2026,Breeze,5132,mada,NRG,Yoru,1.23,222,17,15,7,91,147,58,5,3,2
626550,2760,2026,Breeze,11225,Ethan,NRG,Omen,1.07,234,17,17,5,59,161,38,2,2,0
626550,2760,2026,Breeze,2172,brawk,NRG,Sova,0.85,189,13,16,5,68,126,23,0,0,0
626550,2760,2026,Breeze,11494,keiko,NRG,Jett,0.56,150,12,19,2,64,106,48,2,5,-3
626550,2760,2026,Breeze,7378,Jinggg,Paper Rex,Omen,1.37,247,19,14,9,77,156,16,2,2,0
626550,2760,2026,Breeze,9801,f0rsakeN,Paper Rex,Yoru,1.11,247,19,18,9,73,148,29,5,5,0
626550,2760,2026,Breeze,9803,d4v41,Paper Rex,Viper,1.09,208,19,13,0,73,143,34,1,0,1
626550,2760,2026,Breeze,8504,invy,Paper Rex,Sova,0.95,193,15,15,4,64,140,41,0,0,0
626550,2760,2026,Breeze,17086,something,Paper Rex,Jett,0.47,127,9,18,5,64,100,32,3,4,-1
626530,2760,2026,Pearl,10307,marteen,Gentle Mates,Yoru,1.72,339,30,17,8,79,200,29,5,3,2
626530,2760,2026,Pearl,565,starxo,Gentle Mates,Fade,1.45,211,17,13,17,88,142,19,0,0,0
626530,2760,2026,Pearl,23169,Minny,Gentle Mates,Cypher,0.87,184,16,19,4,75,127,39,4,5,-1
626530,2760,2026,Pearl,18400,bipo,Gentle Mates,Neon,0.78,177,14,19,9,83,112,23,2,4,-2
626530,2760,2026,Pearl,8286,GLYPH,Gentle Mates,Astra,0.61,111,8,18,12,79,72,9,0,1,-1
626530,2760,2026,Pearl,14681,kamo,Team Liquid,Waylay,1.08,256,23,19,6,67,163,53,4,2,2
626530,2760,2026,Pearl,457,nAts,Team Liquid,Viper,1.06,210,16,15,6,79,139,22,2,2,0
626530,2760,2026,Pearl,1885,purp0,Team Liquid,Skye,0.93,158,15,13,7,83,101,45,0,1,-1
626530,2760,2026,Pearl,18350,MiniBoo,Team Liquid,Neon,0.91,203,18,19,7,67,131,35,5,4,1
626530,2760,2026,Pearl,24628,wayne,Team Liquid,Harbor,0.79,173,14,19,13,63,121,29,2,2,0
626530,2760,2026,Bind,10307,marteen,Gentle Mates,Yoru,1.65,298,18,8,3,81,188,42,2,1,1
626530,2760,2026,Bind,565,starxo,Gentle Mates,Fade,1.34,186,12,7,7,88,122,21,1,1,0
626530,2760,2026,Bind,23169,Minny,Gentle Mates,Viper,1.18,222,13,9,4,69,144,36,0,3,-3
626530,2760,2026,Bind,8286,GLYPH,Gentle Mates,Astra,1.17,218,12,9,8,88,134,24,1,1,0
626530,2760,2026,Bind,18400,bipo,Gentle Mates,Waylay,1.08,206,12,11,6,88,128,26,2,4,-2
626530,2760,2026,Bind,24628,wayne,Team Liquid,Brimstone,0.87,209,11,13,5,63,118,28,2,1,1
626530,2760,2026,Bind,457,nAts,Team Liquid,Viper,0.84,198,10,13,4,56,141,27,0,0,0
626530,2760,2026,Bind,1885,purp0,Team Liquid,Skye,0.69,142,8,13,3,69,92,28,2,0,2
626530,2760,2026,Bind,14681,kamo,Team Liquid,Waylay,0.53,135,7,14,4,63,94,30,1,3,-2
626530,2760,2026,Bind,18350,MiniBoo,Team Liquid,Neon,0.41,157,8,14,1,69,105,44,5,2,3
626534,2760,2026,Breeze,7873,leaf,G2 Esports,Viper,1.3,238,16,11,5,74,156,23,2,2,0
626534,2760,2026,Breeze,3993,jawgemo,G2 Esports,Neon,1.25,289,19,16,4,84,212,26,5,2,3
626534,2760,2026,Breeze,15500,trent,G2 Esports,Sova,1.16,166,11,11,10,79,116,24,1,0,1
626534,2760,2026,Breeze,2170,BABYBAY,G2 Esports,Yoru,1.06,204,15,11,4,58,126,27,1,6,-5
626534,2760,2026,Breeze,3885,valyn,G2 Esports,Astra,0.68,147,10,14,4,63,102,15,0,0,0
626534,2760,2026,Breeze,29833,iZu,T1,Yoru,1.2,207,15,12,3,68,143,42,2,4,-2
626534,2760,2026,Breeze,13039,Meteor,T1,Astra,0.86,233,15,17,7,68,147,38,1,1,0
626534,2760,2026,Breeze,804,BuZz,T1,Jett,0.85,240,15,17,5,79,144,28,6,3,3
626534,2760,2026,Breeze,2489,Munchkin,T1,Viper,0.78,165,8,12,8,68,119,14,0,0,0
626534,2760,2026,Breeze,485,stax,T1,Sova,0.76,130,10,13,2,68,85,32,1,1,0
626534,2760,2026,Haven,15500,trent,G2 Esports,Fade,1.62,280,32,17,8,80,163,33,0,1,-1
626534,2760,2026,Haven,3993,jawgemo,G2 Esports,Phoenix,1.03,226,24,22,5,77,161,27,1,4,-3
626534,2760,2026,Haven,3885,valyn,G2 Esports,Astra,0.98,184,17,19,13,90,125,25,1,0,1
626534,2760,2026,Haven,2170,BABYBAY,G2 Esports,Chamber,0.8,172,19,19,4,67,101,10,3,5,-2
626534,2760,2026,Haven,7873,leaf,G2 Esports,Yoru,0.74,184,19,23,6,70,120,24,6,9,-3
626534,2760,2026,Haven,29833,iZu,T1,Cypher,1.22,263,29,22,5,60,181,50,2,2,0
626534,2760,2026,Haven,2489,Munchkin,T1,Omen,1.11,192,19,20,10,77,126,18,5,1,4
626534,2760,2026,Haven,804,BuZz,T1,Yoru,1.01,236,24,24,6,70,161,26,7,5,2
626534,2760,2026,Haven,13039,Meteor,T1,Iso,0.83,179,17,24,6,77,120,25,5,3,2
626534,2760,2026,Haven,485,stax,T1,Sova,0.56,99,11,21,5,63,72,19,0,0,0
626532,2760,2026,Bind,3520,ZmjjKK,EDward Gaming,Chamber,0.97,152,8,11,4,64,109,5,0,3,-3
626532,2760,2026,Bind,4742,Smoggy,EDward Gaming,Brimstone,0.71,162,7,14,5,57,115,30,1,2,-1
626532,2760,2026,Bind,15559,CHICHOO,EDward Gaming,Viper,0.63,160,7,13,3,57,101,28,1,3,-2
626532,2760,2026,Bind,39697,cb,EDward Gaming,Neon,0.6,132,6,13,5,71,77,6,2,1,1
626532,2760,2026,Bind,3017,nobody,EDward Gaming,Skye,0.1,61,2,14,3,29,41,13,0,1,-1
626532,2760,2026,Bind,485,stax,T1,Fade,1.65,218,12,3,7,100,147,15,0,0,0
626532,2760,2026,Bind,804,BuZz,T1,Waylay,1.56,341,18,8,2,79,207,21,5,2,3
626532,2760,2026,Bind,2489,Munchkin,T1,Brimstone,1.56,235,10,4,14,100,136,20,1,0,1
626532,2760,2026,Bind,13039,Meteor,T1,Viper,1.17,217,12,7,0,86,142,43,2,0,2
626532,2760,2026,Bind,29833,iZu,T1,Yoru,1.13,236,13,8,3,64,156,48,2,2,0
626532,2760,2026,Haven,3520,ZmjjKK,EDward Gaming,Chamber,1.32,290,25,18,2,70,185,33,4,1,3
626532,2760,2026,Haven,15559,CHICHOO,EDward Gaming,Viper,1.07,219,17,17,9,70,127,35,2,2,0
626532,2760,2026,Haven,3017,nobody,EDward Gaming,Sova,0.99,223,17,17,2,87,128,18,3,1,2
626532,2760,2026,Haven,4742,Smoggy,EDward Gaming,Omen,0.71,136,11,17,6,65,95,34,1,2,-1
626532,2760,2026,Haven,39697,cb,EDward Gaming,Neon,0.47,123,10,20,4,65,78,24,1,6,-5
626532,2760,2026,Haven,29833,iZu,T1,Omen,1.23,228,18,15,15,83,142,40,3,2,1
626532,2760,2026,Haven,2489,Munchkin,T1,Viper,1.14,232,19,15,11,74,158,25,1,2,-1
626532,2760,2026,Haven,485,stax,T1,Sova,1.11,233,19,17,6,74,158,25,1,3,-2
626532,2760,2026,Haven,804,BuZz,T1,Neon,1.04,235,17,17,10,87,150,16,6,3,3
626532,2760,2026,Haven,13039,Meteor,T1,Killjoy,0.98,175,16,16,3,74,124,39,1,1,0
670464,2765,2026,Lotus,7873,leaf,G2 Esports,Viper,1.63,277,19,12,9,90,195,45,0,1,-1
670464,2765,2026,Lotus,2170,BABYBAY,G2 Esports,Vyse,1.57,291,19,9,5,90,186,28,3,1,2
670464,2765,2026,Lotus,3993,jawgemo,G2 Esports,Raze,1.16,187,14,11,6,85,134,24,1,2,-1
670464,2765,2026,Lotus,15500,trent,G2 Esports,Fade,1.01,190,13,13,7,80,139,38,2,2,0
670464,2765,2026,Lotus,3885,valyn,G2 Esports,Omen,1.0,201,17,13,5,80,139,28,2,6,-4
670464,2765,2026,Lotus,37927,happywei,Xi Lai Gaming,Cypher,0.99,221,15,16,5,70,139,37,5,2,3
670464,2765,2026,Lotus,37489,Lysoar,Xi Lai Gaming,Omen,0.96,238,18,18,3,65,162,41,2,0,2
670464,2765,2026,Lotus,24308,WsLeo,Xi Lai Gaming,Fade,0.65,163,11,18,6,75,110,24,2,3,-1
670464,2765,2026,Lotus,22047,Rarga,Xi Lai Gaming,Sage,0.59,107,8,16,5,55,68,35,3,3,0
670464,2765,2026,Lotus,11527,NoMan,Xi Lai Gaming,Deadlock,0.55,98,6,14,3,55,69,27,0,0,0
670464,2765,2026,Ascent,7873,leaf,G2 Esports,Phoenix,1.14,240,14,14,4,71,147,41,3,4,-1
670464,2765,2026,Ascent,15500,trent,G2 Esports,Sova,1.08,208,11,14,4,76,165,23,1,0,1
670464,2765,2026,Ascent,3885,valyn,G2 Esports,Omen,1.07,226,13,14,5,65,148,32,1,0,1
670464,2765,2026,Ascent,3993,jawgemo,G2 Esports,Neon,0.58,142,7,15,3,59,100,15,1,3,-2
670464,2765,2026,Ascent,2170,BABYBAY,G2 Esports,Vyse,0.33,103,5,16,1,47,78,37,2,2,0
670464,2765,2026,Ascent,37927,happywei,Xi Lai Gaming,Cypher,1.4,257,15,10,11,76,196,23,1,1,0
670464,2765,2026,Ascent,37489,Lysoar,Xi Lai Gaming,Omen,1.28,187,15,7,6,82,117,23,2,1,1
670464,2765,2026,Ascent,24308,WsLeo,Xi Lai Gaming,Sova,1.27,259,17,11,7,82,163,27,2,0,2
670464,2765,2026,Ascent,11527,NoMan,Xi Lai Gaming,Jett,1.21,223,13,10,5,82,163,46,1,4,-3
670464,2765,2026,Ascent,22047,Rarga,Xi Lai Gaming,Phoenix,0.93,227,13,12,4,65,154,27,3,2,1
670464,2765,2026,Split,2170,BABYBAY,G2 Esports,Vyse,1.24,251,19,17,6,68,159,25,2,4,-2
670464,2765,2026,Split,15500,trent,G2 Esports,Fade,1.04,189,14,16,8,73,136,35,2,3,-1
670464,2765,2026,Split,3993,jawgemo,G2 Esports,Raze,0.97,189,14,16,5,68,129,22,2,3,-1
670464,2765,2026,Split,7873,leaf,G2 Esports,Viper,0.79,151,10,17,5,68,99,26,2,3,-1
670464,2765,2026,Split,3885,valyn,G2 Esports,Astra,0.72,118,11,15,2,64,79,24,0,1,-1
670464,2765,2026,Split,37927,happywei,Xi Lai Gaming,Viper,1.29,256,20,14,8,86,167,40,5,2,3
670464,2765,2026,Split,11527,NoMan,Xi Lai Gaming,Raze,1.05,210,17,14,4,77,117,15,2,2,0
670464,2765,2026,Split,24308,WsLeo,Xi Lai Gaming,Skye,1.01,161,12,11,5,73,109,22,3,1,2
670464,2765,2026,Split,37489,Lysoar,Xi Lai Gaming,Omen,0.97,228,19,15,2,73,131,23,1,0,1
670464,2765,2026,Split,22047,Rarga,Xi Lai Gaming,Waylay,0.69,155,13,14,0,64,105,26,3,3,0
670477,2765,2026,Haven,3520,ZmjjKK,EDward Gaming,Neon,0.87,193,13,14,3,72,121,20,3,3,0
670477,2765,2026,Haven,51244,Jieni7,EDward Gaming,Cypher,0.66,150,10,15,3,61,99,36,1,2,-1
670477,2765,2026,Haven,4742,Smoggy,EDward Gaming,Raze,0.59,187,11,16,2,67,134,27,3,1,2
670477,2765,2026,Haven,3017,nobody,EDward Gaming,Skye,0.57,161,10,15,5,67,97,28,1,3,-2
670477,2765,2026,Haven,15559,CHICHOO,EDward Gaming,Omen,0.49,71,3,12,7,61,63,13,0,1,-1
670477,2765,2026,Haven,8549,kiNgg,LEVIATÁN,Astra,1.46,177,12,5,11,78,113,41,2,2,0
670477,2765,2026,Haven,21659,Sato,LEVIATÁN,Phoenix,1.37,279,18,13,7,72,178,45,1,1,0
670477,2765,2026,Haven,29243,Neon,LEVIATÁN,Chamber,1.33,194,14,7,3,72,117,39,2,3,-1
670477,2765,2026,Haven,21661,spike,LEVIATÁN,Neon,1.3,303,18,14,10,78,175,20,5,2,3
670477,2765,2026,Haven,21251,blowz,LEVIATÁN,Sova,1.21,158,10,8,9,89,109,12,0,0,0
670477,2765,2026,Pearl,3017,nobody,EDward Gaming,Fade,1.16,251,20,17,6,73,157,45,3,2,1
670477,2765,2026,Pearl,3520,ZmjjKK,EDward Gaming,Jett,0.98,246,19,18,6,68,157,18,3,4,-1
670477,2765,2026,Pearl,4742,Smoggy,EDward Gaming,Phoenix,0.89,194,13,18,9,73,136,27,1,5,-4
670477,2765,2026,Pearl,15559,CHICHOO,EDward Gaming,Astra,0.75,146,11,16,6,64,100,21,0,0,0
670477,2765,2026,Pearl,51244,Jieni7,EDward Gaming,Vyse,0.54,112,10,18,3,45,76,30,1,3,-2
670477,2765,2026,Pearl,21659,Sato,LEVIATÁN,Phoenix,1.66,315,26,14,9,86,204,32,2,0,2
670477,2765,2026,Pearl,8549,kiNgg,LEVIATÁN,Astra,1.17,180,15,11,5,68,127,28,1,0,1
670477,2765,2026,Pearl,29243,Neon,LEVIATÁN,Chamber,1.07,232,17,16,6,77,148,24,8,3,5
670477,2765,2026,Pearl,21661,spike,LEVIATÁN,Neon,1.04,236,17,18,10,77,166,23,3,3,0
670477,2765,2026,Pearl,21251,blowz,LEVIATÁN,Sova,0.96,172,12,14,6,68,128,30,0,2,-2
670477,2765,2026,Split,3017,nobody,EDward Gaming,Skye,1.03,200,16,18,7,79,126,29,3,3,0
670477,2765,2026,Split,15559,CHICHOO,EDward Gaming,Viper,0.99,197,15,18,11,75,148,24,1,2,-1
670477,2765,2026,Split,3520,ZmjjKK,EDward Gaming,Jett,0.9,194,17,18,2,67,119,26,1,3,-2
670477,2765,2026,Split,51244,Jieni7,EDward Gaming,Omen,0.84,155,14,17,12,83,97,25,1,3,-2
670477,2765,2026,Split,4742,Smoggy,EDward Gaming,Raze,0.65,186,14,21,6,58,125,19,4,3,1
670477,2765,2026,Split,8549,kiNgg,LEVIATÁN,Viper,1.64,299,24,11,10,96,200,21,2,1,1
670477,2765,2026,Split,29243,Neon,LEVIATÁN,Omen,1.36,258,22,14,6,79,170,34,5,3,2
670477,2765,2026,Split,21661,spike,LEVIATÁN,Neon,1.2,266,22,17,7,79,171,21,5,3,2
670477,2765,2026,Split,21251,blowz,LEVIATÁN,Fade,1.07,166,15,15,9,88,103,44,1,0,1
670477,2765,2026,Split,21659,Sato,LEVIATÁN,Phoenix,0.44,114,9,19,8,88,77,27,1,3,-2
684618,2765,2026,Haven,13744,PatMen,Global Esports,Omen,1.23,255,22,13,12,70,163,37,1,4,-3
684618,2765,2026,Haven,7754,xavi8k,Global Esports,Sova,1.19,243,19,15,6,78,177,31,2,1,1
684618,2765,2026,Haven,5796,Kr1stal,Global Esports,Deadlock,1.08,174,14,12,6,70,128,53,3,1,2
684618,2765,2026,Haven,4428,UdoTan,Global Esports,Neon,0.97,189,15,14,2,78,116,41,3,1,2
684618,2765,2026,Haven,872,Autumn,Global Esports,Cypher,0.91,204,17,16,6,65,121,38,4,3,1
684618,2765,2026,Haven,11527,NoMan,Xi Lai Gaming,Jett,1.04,185,16,16,3,57,136,34,3,3,0
684618,2765,2026,Haven,37927,happywei,Xi Lai Gaming,Cypher,0.95,180,15,17,2,61,118,39,3,1,2
684618,2765,2026,Haven,24308,WsLeo,Xi Lai Gaming,Sova,0.91,160,10,16,10,65,114,21,2,4,-2
684618,2765,2026,Haven,37489,Lysoar,Xi Lai Gaming,Omen,0.91,182,15,18,6,65,106,34,0,1,-1
684618,2765,2026,Haven,22047,Rarga,Xi Lai Gaming,Phoenix,0.79,184,14,20,3,57,124,36,2,4,-2
684618,2765,2026,Lotus,872,Autumn,Global Esports,Jett,1.18,221,19,12,1,77,134,33,5,3,2
684618,2765,2026,Lotus,4428,UdoTan,Global Esports,Raze,1.11,252,17,16,10,82,163,16,5,2,3
684618,2765,2026,Lotus,5796,Kr1stal,Global Esports,Vyse,0.99,209,16,14,3,68,142,18,0,1,-1
684618,2765,2026,Lotus,13744,PatMen,Global Esports,Omen,0.61,157,11,17,6,64,105,26,0,2,-2
684618,2765,2026,Lotus,7754,xavi8k,Global Esports,Skye,0.41,118,9,19,4,64,73,19,1,3,-2
684618,2765,2026,Lotus,22047,Rarga,Xi Lai Gaming,Sage,1.65,305,23,14,11,82,199,36,3,1,2
684618,2765,2026,Lotus,37489,Lysoar,Xi Lai Gaming,Omen,1.17,185,14,13,13,82,119,32,0,2,-2
684618,2765,2026,Lotus,11527,NoMan,Xi Lai Gaming,Deadlock,1.17,246,20,17,6,59,152,51,3,2,1
684618,2765,2026,Lotus,24308,WsLeo,Xi Lai Gaming,Fade,0.91,129,10,12,4,73,99,35,2,3,-1
684618,2765,2026,Lotus,37927,happywei,Xi Lai Gaming,Cypher,0.66,134,11,16,2,64,93,46,3,3,0
684618,2765,2026,Breeze,4428,UdoTan,Global Esports,Neon,1.24,247,20,17,5,74,156,24,1,4,-3
684618,2765,2026,Breeze,5796,Kr1stal,Global Esports,Sova,1.13,228,16,16,7,70,156,45,1,0,1
684618,2765,2026,Breeze,7754,xavi8k,Global Esports,Sage,0.88,158,14,16,10,70,97,25,1,0,1
684618,2765,2026,Breeze,13744,PatMen,Global Esports,Viper,0.61,191,15,20,4,57,116,31,3,5,-2
684618,2765,2026,Breeze,872,Autumn,Global Esports,Chamber,0.55,126,10,19,0,61,73,33,3,5,-2
684618,2765,2026,Breeze,37489,Lysoar,Xi Lai Gaming,Omen,1.56,305,25,14,5,91,200,27,2,1,1
684618,2765,2026,Breeze,24308,WsLeo,Xi Lai Gaming,Sova,1.06,188,15,13,6,70,122,23,1,0,1
684618,2765,2026,Breeze,37927,happywei,Xi Lai Gaming,Viper,1.05,213,17,16,6,70,148,24,3,3,0
684618,2765,2026,Breeze,22047,Rarga,Xi Lai Gaming,Phoenix,0.94,195,17,17,3,78,137,40,4,2,2
684618,2765,2026,Breeze,11527,NoMan,Xi Lai Gaming,Jett,0.91,190,14,15,4,65,130,23,4,3,1
684615,2765,2026,Ascent,11225,Ethan,NRG,Astra,1.31,210,15,13,5,70,160,25,1,1,0
684615,2765,2026,Ascent,11118,skuba,NRG,Vyse,1.12,221,16,15,7,70,140,34,2,1,1
684615,2765,2026,Ascent,2172,brawk,NRG,Sova,0.85,191,12,16,3,65,139,19,1,2,-1
684615,2765,2026,Ascent,11494,keiko,NRG,Phoenix,0.56,156,10,17,4,60,111,38,1,4,-3
684615,2765,2026,Ascent,5132,mada,NRG,Jett,0.42,155,10,19,5,60,101,47,3,4,-1
684615,2765,2026,Ascent,21659,Sato,LEVIATÁN,Phoenix,1.66,317,23,12,6,80,208,31,3,0,3
684615,2765,2026,Ascent,29243,Neon,LEVIATÁN,Chamber,1.3,216,17,11,3,90,147,15,2,2,0
684615,2765,2026,Ascent,21251,blowz,LEVIATÁN,Sova,1.12,218,15,14,11,85,140,29,2,0,2
684615,2765,2026,Ascent,8549,kiNgg,LEVIATÁN,Omen,0.97,132,10,10,9,80,81,19,1,3,-2
684615,2765,2026,Ascent,21661,spike,LEVIATÁN,Neon,0.73,186,15,16,6,70,101,22,4,3,1
684615,2765,2026,Lotus,11225,Ethan,NRG,Fade,1.32,222,14,9,7,78,156,38,0,1,-1
684615,2765,2026,Lotus,11118,skuba,NRG,Viper,1.29,200,13,8,3,83,135,26,1,0,1
684615,2765,2026,Lotus,5132,mada,NRG,Raze,1.26,244,17,11,2,67,160,16,4,3,1
684615,2765,2026,Lotus,11494,keiko,NRG,Omen,1.25,167,13,9,14,78,98,32,1,3,-2
684615,2765,2026,Lotus,2172,brawk,NRG,Vyse,1.17,213,13,12,9,83,148,15,3,2,1
684615,2765,2026,Lotus,21661,spike,LEVIATÁN,Omen,1.12,191,13,13,6,67,131,24,0,0,0
684615,2765,2026,Lotus,21251,blowz,LEVIATÁN,Skye,0.83,152,10,13,5,61,103,50,3,2,1
684615,2765,2026,Lotus,29243,Neon,LEVIATÁN,Jett,0.83,214,13,15,2,61,139,50,5,4,1
684615,2765,2026,Lotus,8549,kiNgg,LEVIATÁN,Vyse,0.69,146,9,14,3,56,105,27,1,2,-1
684615,2765,2026,Lotus,21659,Sato,LEVIATÁN,Raze,0.31,86,4,15,1,44,75,10,0,1,-1
684615,2765,2026,Pearl,11118,skuba,NRG,Astra,0.98,161,13,15,3,57,102,20,2,0,2
684615,2765,2026,Pearl,11494,keiko,NRG,Vyse,0.88,220,16,20,6,52,147,37,2,2,0
684615,2765,2026,Pearl,2172,brawk,NRG,Sova,0.65,150,10,19,8,52,114,29,2,2,0
684615,2765,2026,Pearl,11225,Ethan,NRG,Tejo,0.64,169,9,19,10,57,129,12,1,1,0
684615,2765,2026,Pearl,5132,mada,NRG,Waylay,0.34,126,9,19,5,48,71,35,3,6,-3
684615,2765,2026,Pearl,21661,spike,LEVIATÁN,Neon,1.52,303,24,13,5,86,198,33,3,1,2
684615,2765,2026,Pearl,8549,kiNgg,LEVIATÁN,Astra,1.45,256,22,10,9,86,157,45,1,1,0
684615,2765,2026,Pearl,21251,blowz,LEVIATÁN,Sova,1.28,200,16,9,4,81,149,34,0,0,0
684615,2765,2026,Pearl,29243,Neon,LEVIATÁN,Chamber,1.19,205,15,12,7,76,133,14,4,4,0
684615,2765,2026,Pearl,21659,Sato,LEVIATÁN,Phoenix,0.99,192,15,13,8,71,135,32,3,4,-1
670474,2765,2026,Lotus,5022,Derke,Team Vitality,Raze,1.58,316,20,11,12,100,243,14,2,1,1
670474,2765,2026,Lotus,5554,PROFEK,Team Vitality,Omen,1.35,197,15,9,10,90,122,30,1,0,1
670474,2765,2026,Lotus,9780,Jamppi,Team Vitality,Fade,1.25,224,19,13,3,85,136,24,2,2,0
670474,2765,2026,Lotus,458,Chronicle,Team Vitality,Vyse,0.99,178,14,12,4,90,121,31,2,1,1
670474,2765,2026,Lotus,33902,Sayonara,Team Vitality,Viper,0.96,200,16,13,2,80,121,37,6,3,3
670474,2765,2026,Lotus,39357,s0pp,FUT Esports,Neon,0.99,187,14,15,1,60,132,44,1,3,-2
670474,2765,2026,Lotus,8369,yetujey,FUT Esports,Vyse,0.87,196,12,17,5,65,146,17,1,1,0
670474,2765,2026,Lotus,15735,KROSTALY,FUT Esports,Fade,0.78,176,11,17,6,55,117,40,3,2,1
670474,2765,2026,Lotus,12793,xeus,FUT Esports,Raze,0.65,179,13,18,0,55,108,35,1,3,-2
670474,2765,2026,Lotus,5568,sociablEE,FUT Esports,Omen,0.44,127,8,17,7,65,77,30,1,4,-3
670474,2765,2026,Ascent,5022,Derke,Team Vitality,Jett,1.9,319,20,6,3,80,179,28,3,2,1
670474,2765,2026,Ascent,5554,PROFEK,Team Vitality,Omen,1.53,283,17,6,7,93,171,21,1,2,-1
670474,2765,2026,Ascent,458,Chronicle,Team Vitality,Vyse,1.42,302,16,10,11,93,214,19,2,0,2
670474,2765,2026,Ascent,33902,Sayonara,Team Vitality,Phoenix,1.27,205,11,6,6,87,124,14,1,1,0
670474,2765,2026,Ascent,9780,Jamppi,Team Vitality,Sova,0.88,163,7,8,8,87,115,17,1,1,0
670474,2765,2026,Ascent,15735,KROSTALY,FUT Esports,Sova,0.96,251,13,14,2,73,177,42,3,2,1
670474,2765,2026,Ascent,5568,sociablEE,FUT Esports,Omen,0.58,146,7,13,6,60,85,15,0,2,-2
670474,2765,2026,Ascent,8369,yetujey,FUT Esports,Cypher,0.5,129,5,14,1,40,99,45,0,1,-1
670474,2765,2026,Ascent,39357,s0pp,FUT Esports,Jett,0.47,153,7,16,0,47,96,44,4,4,0
670474,2765,2026,Ascent,12793,xeus,FUT Esports,Sage,0.3,108,4,15,5,60,72,45,0,0,0
670467,2765,2026,Breeze,1144,Boo,Team Heretics,Sage,0.98,187,13,14,2,68,114,56,0,0,0
670467,2765,2026,Breeze,21328,Wo0t,Team Heretics,Chamber,0.86,208,13,15,2,63,133,23,2,4,-2
670467,2765,2026,Breeze,23365,koshmaras,Team Heretics,Neon,0.81,198,12,14,2,58,129,42,2,6,-4
670467,2765,2026,Breeze,10971,RieNs,Team Heretics,Sova,0.68,150,9,14,3,42,106,22,0,4,-4
670467,2765,2026,Breeze,29873,benjyfishy,Team Heretics,Viper,0.45,138,8,16,2,53,91,50,0,1,-1
670467,2765,2026,Breeze,5022,Derke,Team Vitality,Jett,1.68,319,21,10,5,79,215,23,8,1,7
670467,2765,2026,Breeze,458,Chronicle,Team Vitality,Viper,1.2,260,16,13,7,74,166,12,4,1,3
670467,2765,2026,Breeze,5554,PROFEK,Team Vitality,Harbor,1.13,175,14,11,8,74,108,19,3,1,2
670467,2765,2026,Breeze,9780,Jamppi,Team Vitality,Kayo,1.09,166,11,10,10,74,112,34,0,1,-1
670467,2765,2026,Breeze,33902,Sayonara,Team Vitality,Sova,0.97,149,11,11,5,68,114,40,0,0,0
670467,2765,2026,Lotus,23365,koshmaras,Team Heretics,Neon,1.18,246,16,16,5,70,163,22,4,2,2
670467,2765,2026,Lotus,29873,benjyfishy,Team Heretics,Vyse,0.84,174,12,16,4,70,116,39,3,2,1
670467,2765,2026,Lotus,21328,Wo0t,Team Heretics,Raze,0.74,177,13,16,1,65,116,20,2,3,-1
670467,2765,2026,Lotus,10971,RieNs,Team Heretics,Fade,0.71,162,11,15,6,60,88,46,2,1,1
670467,2765,2026,Lotus,1144,Boo,Team Heretics,Omen,0.62,128,8,15,4,50,88,36,0,1,-1
670467,2765,2026,Lotus,5022,Derke,Team Vitality,Raze,1.46,339,23,16,7,75,212,14,3,3,0
670467,2765,2026,Lotus,5554,PROFEK,Team Vitality,Omen,1.29,179,13,11,12,75,124,22,2,1,1
670467,2765,2026,Lotus,458,Chronicle,Team Vitality,Vyse,1.13,241,17,11,3,75,159,26,2,3,-1
670467,2765,2026,Lotus,33902,Sayonara,Team Vitality,Viper,1.07,195,14,12,7,65,132,26,2,2,0
670467,2765,2026,Lotus,9780,Jamppi,Team Vitality,Fade,0.96,137,11,10,9,85,85,14,0,2,-2
684619,2765,2026,Lotus,15735,KROSTALY,FUT Esports,Fade,0.97,137,11,13,6,83,91,31,0,1,-1
684619,2765,2026,Lotus,5568,sociablEE,FUT Esports,Omen,0.91,174,14,18,11,63,116,20,1,3,-2
684619,2765,2026,Lotus,12793,xeus,FUT Esports,Raze,0.87,192,17,19,2,58,122,32,5,2,3
684619,2765,2026,Lotus,39357,s0pp,FUT Esports,Neon,0.78,192,17,18,5,67,114,27,4,6,-2
684619,2765,2026,Lotus,8369,yetujey,FUT Esports,Vyse,0.75,176,13,19,4,54,126,24,1,1,0
684619,2765,2026,Lotus,11494,keiko,NRG,Omen,1.46,228,21,12,10,79,153,40,2,0,2
684619,2765,2026,Lotus,11118,skuba,NRG,Viper,1.24,202,17,12,8,63,121,25,2,1,1
684619,2765,2026,Lotus,2172,brawk,NRG,Vyse,1.18,195,17,13,5,79,127,14,0,2,-2
684619,2765,2026,Lotus,11225,Ethan,NRG,Fade,1.0,202,14,16,17,75,130,25,5,5,0
684619,2765,2026,Lotus,5132,mada,NRG,Raze,0.87,203,18,19,4,83,125,20,4,3,1
684619,2765,2026,Haven,15735,KROSTALY,FUT Esports,Sova,1.34,225,22,13,9,77,161,28,0,3,-3
684619,2765,2026,Haven,8369,yetujey,FUT Esports,Cypher,1.27,221,20,16,10,77,149,33,3,2,1
684619,2765,2026,Haven,12793,xeus,FUT Esports,Waylay,1.23,262,26,18,7,65,191,44,2,4,-2
684619,2765,2026,Haven,5568,sociablEE,FUT Esports,Omen,1.08,198,18,17,16,77,123,18,3,1,2
684619,2765,2026,Haven,39357,s0pp,FUT Esports,Jett,0.81,191,16,20,4,73,134,30,4,4,0
684619,2765,2026,Haven,11118,skuba,NRG,Cypher,1.06,201,19,19,8,77,131,24,1,0,1
684619,2765,2026,Haven,2172,brawk,NRG,Sova,0.95,191,17,19,6,65,136,21,2,3,-1
684619,2765,2026,Haven,11494,keiko,NRG,Phoenix,0.94,178,17,20,6,65,130,38,1,1,0
684619,2765,2026,Haven,5132,mada,NRG,Jett,0.79,192,19,22,2,77,112,40,5,3,2
684619,2765,2026,Haven,11225,Ethan,NRG,Omen,0.66,155,12,22,10,62,103,26,5,5,0
684619,2765,2026,Fracture,5568,sociablEE,FUT Esports,Brimstone,1.35,218,17,12,12,88,140,20,1,1,0
684619,2765,2026,Fracture,12793,xeus,FUT Esports,Raze,1.21,252,23,16,1,67,155,37,4,7,-3
684619,2765,2026,Fracture,39357,s0pp,FUT Esports,Jett,0.92,185,15,18,6,63,116,12,3,2,1
684619,2765,2026,Fracture,8369,yetujey,FUT Esports,Cypher,0.87,189,16,18,5,63,128,25,2,3,-1
684619,2765,2026,Fracture,15735,KROSTALY,FUT Esports,Fade,0.69,116,9,15,5,67,93,15,0,1,-1
684619,2765,2026,Fracture,11118,skuba,NRG,Cypher,1.06,187,16,14,8,75,115,24,3,0,3
684619,2765,2026,Fracture,11494,keiko,NRG,Phoenix,1.06,198,17,14,6,63,141,35,2,0,2
684619,2765,2026,Fracture,5132,mada,NRG,Waylay,0.92,216,17,17,6,79,139,17,3,6,-3
684619,2765,2026,Fracture,11225,Ethan,NRG,Fade,0.9,181,14,17,5,75,123,11,3,3,0
684619,2765,2026,Fracture,2172,brawk,NRG,Brimstone,0.85,180,15,18,16,71,101,18,3,1,2
684614,2765,2026,Pearl,9780,Jamppi,Team Vitality,Kayo,1.24,291,23,19,13,88,186,19,2,3,-1
684614,2765,2026,Pearl,458,Chronicle,Team Vitality,Chamber,1.17,239,20,16,6,58,163,25,4,4,0
684614,2765,2026,Pearl,33902,Sayonara,Team Vitality,Sova,1.05,192,17,16,7,71,118,20,2,3,-1
684614,2765,2026,Pearl,5554,PROFEK,Team Vitality,Astra,0.99,133,13,14,12,83,82,21,0,0,0
684614,2765,2026,Pearl,5022,Derke,Team Vitality,Neon,0.71,171,13,19,6,58,110,35,3,3,0
684614,2765,2026,Pearl,39357,s0pp,FUT Esports,Chamber,1.37,250,23,16,4,75,160,21,6,2,4
684614,2765,2026,Pearl,8369,yetujey,FUT Esports,Astra,1.09,236,20,16,5,83,135,27,2,1,1
684614,2765,2026,Pearl,12793,xeus,FUT Esports,Jett,0.95,214,19,19,5,63,137,43,3,5,-2
684614,2765,2026,Pearl,15735,KROSTALY,FUT Esports,Kayo,0.8,144,10,17,15,75,94,33,1,1,0
684614,2765,2026,Pearl,5568,sociablEE,FUT Esports,Fade,0.71,139,12,18,5,67,98,22,1,2,-1
684614,2765,2026,Haven,33902,Sayonara,Team Vitality,Phoenix,1.37,278,15,13,8,76,202,27,1,4,-3
684614,2765,2026,Haven,9780,Jamppi,Team Vitality,Sova,0.88,198,12,15,3,71,113,15,3,2,1
684614,2765,2026,Haven,5022,Derke,Team Vitality,Jett,0.76,173,11,14,3,59,119,27,1,1,0
684614,2765,2026,Haven,458,Chronicle,Team Vitality,Cypher,0.62,134,7,13,7,76,103,15,0,2,-2
684614,2765,2026,Haven,5554,PROFEK,Team Vitality,Omen,0.57,139,6,14,8,71,102,9,1,2,-1
684614,2765,2026,Haven,8369,yetujey,FUT Esports,Cypher,1.5,212,14,7,3,88,147,31,1,3,-2
684614,2765,2026,Haven,15735,KROSTALY,FUT Esports,Sova,1.39,244,16,9,4,88,163,45,0,0,0
684614,2765,2026,Haven,39357,s0pp,FUT Esports,Jett,1.12,262,16,13,5,76,171,24,6,2,4
684614,2765,2026,Haven,5568,sociablEE,FUT Esports,Omen,1.07,195,13,10,6,65,125,61,3,1,2
684614,2765,2026,Haven,12793,xeus,FUT Esports,Waylay,0.87,187,10,12,8,76,139,34,1,0,1
684614,2765,2026,Fracture,5554,PROFEK,Team Vitality,Brimstone,1.47,259,23,12,9,65,164,25,2,0,2
684614,2765,2026,Fracture,5022,Derke,Team Vitality,Raze,1.33,268,21,16,4,78,171,21,1,2,-1
684614,2765,2026,Fracture,458,Chronicle,Team Vitality,Cypher,1.33,259,21,14,4,83,167,25,4,3,1
684614,2765,2026,Fracture,33902,Sayonara,Team Vitality,Phoenix,0.77,183,14,17,5,74,125,17,4,3,1
684614,2765,2026,Fracture,9780,Jamppi,Team Vitality,Fade,0.64,128,11,15,5,74,85,36,0,4,-4
684614,2765,2026,Fracture,12793,xeus,FUT Esports,Raze,1.1,251,19,19,6,78,157,35,6,2,4
684614,2765,2026,Fracture,8369,yetujey,FUT Esports,Cypher,0.95,200,17,17,3,78,137,32,2,1,1
684614,2765,2026,Fracture,5568,sociablEE,FUT Esports,Brimstone,0.79,178,14,18,10,70,105,11,2,4,-2
684614,2765,2026,Fracture,39357,s0pp,FUT Esports,Jett,0.72,182,16,20,3,70,105,17,2,3,-1
684614,2765,2026,Fracture,15735,KROSTALY,FUT Esports,Fade,0.69,124,8,16,3,65,90,16,0,1,-1
670472,2765,2026,Ascent,15500,trent,G2 Esports,Sova,1.19,228,14,14,6,79,148,21,1,0,1
670472,2765,2026,Ascent,2170,BABYBAY,G2 Esports,Vyse,1.05,244,16,13,6,84,144,18,3,2,1
670472,2765,2026,Ascent,7873,leaf,G2 Esports,Phoenix,0.95,234,14,17,8,79,155,38,2,1,1
670472,2765,2026,Ascent,3885,valyn,G2 Esports,Omen,0.66,142,10,15,4,58,101,35,2,4,-2
670472,2765,2026,Ascent,3993,jawgemo,G2 Esports,Waylay,0.6,136,10,16,2,47,83,35,3,1,2
670472,2765,2026,Ascent,8369,yetujey,FUT Esports,Cypher,1.56,332,24,14,4,79,221,30,2,1,1
670472,2765,2026,Ascent,5568,sociablEE,FUT Esports,Omen,1.36,250,18,11,6,84,153,33,3,2,1
670472,2765,2026,Ascent,15735,KROSTALY,FUT Esports,Sova,1.1,210,14,10,4,63,125,14,1,1,0
670472,2765,2026,Ascent,12793,xeus,FUT Esports,Sage,0.7,151,10,15,5,63,101,31,1,2,-1
670472,2765,2026,Ascent,39357,s0pp,FUT Esports,Jett,0.63,146,9,14,6,63,116,20,1,5,-4
670472,2765,2026,Lotus,3993,jawgemo,G2 Esports,Raze,1.21,241,23,19,8,75,157,23,4,3,1
670472,2765,2026,Lotus,7873,leaf,G2 Esports,Viper,1.08,206,20,19,5,64,135,20,4,6,-2
670472,2765,2026,Lotus,3885,valyn,G2 Esports,Omen,1.06,219,21,21,10,82,153,26,3,2,1
670472,2765,2026,Lotus,15500,trent,G2 Esports,Fade,0.98,194,18,20,18,79,128,33,0,0,0
670472,2765,2026,Lotus,2170,BABYBAY,G2 Esports,Vyse,0.57,170,15,23,9,82,119,18,2,4,-2
670472,2765,2026,Lotus,12793,xeus,FUT Esports,Raze,1.29,270,24,20,9,68,194,35,3,5,-2
670472,2765,2026,Lotus,39357,s0pp,FUT Esports,Neon,1.28,254,27,21,5,71,151,29,5,3,2
670472,2765,2026,Lotus,5568,sociablEE,FUT Esports,Omen,1.13,201,19,17,15,71,124,28,3,4,-1
670472,2765,2026,Lotus,15735,KROSTALY,FUT Esports,Fade,0.86,179,19,21,9,64,117,28,4,0,4
670472,2765,2026,Lotus,8369,yetujey,FUT Esports,Vyse,0.82,133,13,18,7,75,105,29,0,1,-1
684611,2765,2026,Fracture,25255,primmie,FULL SENSE,Phoenix,0.83,205,11,14,1,56,124,26,0,0,0
684611,2765,2026,Fracture,3977,Crws,FULL SENSE,Brimstone,0.71,162,8,15,8,56,106,16,1,2,-1
684611,2765,2026,Fracture,13784,Killua,FULL SENSE,Fade,0.56,132,8,15,1,44,91,41,1,1,0
684611,2765,2026,Fracture,27254,Leviathan,FULL SENSE,Cypher,0.54,122,6,15,4,38,85,33,1,3,-2
684611,2765,2026,Fracture,13788,JitBoyS,FULL SENSE,Neon,0.03,61,3,16,0,31,38,33,1,6,-5
684611,2765,2026,Fracture,39357,s0pp,FUT Esports,Jett,1.96,401,22,8,6,100,254,31,4,0,4
684611,2765,2026,Fracture,8369,yetujey,FUT Esports,Cypher,1.61,251,15,6,6,81,190,27,2,0,2
684611,2765,2026,Fracture,12793,xeus,FUT Esports,Raze,1.4,233,16,7,1,75,138,36,4,1,3
684611,2765,2026,Fracture,5568,sociablEE,FUT Esports,Brimstone,1.2,191,12,8,8,94,112,30,1,2,-1
684611,2765,2026,Fracture,15735,KROSTALY,FUT Esports,Fade,1.06,157,10,7,4,88,105,16,1,1,0
684611,2765,2026,Haven,25255,primmie,FULL SENSE,Phoenix,1.3,282,19,15,7,70,176,29,1,2,-1
684611,2765,2026,Haven,13784,Killua,FULL SENSE,Fade,0.9,174,13,16,2,65,101,25,2,2,0
684611,2765,2026,Haven,3977,Crws,FULL SENSE,Omen,0.66,103,7,14,5,55,70,25,0,1,-1
684611,2765,2026,Haven,27254,Leviathan,FULL SENSE,Chamber,0.5,146,9,16,2,45,103,14,1,4,-3
684611,2765,2026,Haven,13788,JitBoyS,FULL SENSE,Neon,0.48,124,9,16,2,55,94,38,1,6,-5
684611,2765,2026,Haven,12793,xeus,FUT Esports,Waylay,1.4,287,22,12,1,80,187,53,2,0,2
684611,2765,2026,Haven,15735,KROSTALY,FUT Esports,Sova,1.33,215,14,10,9,70,152,26,1,0,1
684611,2765,2026,Haven,5568,sociablEE,FUT Esports,Omen,1.32,202,15,10,10,85,139,22,1,0,1
684611,2765,2026,Haven,39357,s0pp,FUT Esports,Jett,1.32,263,19,13,4,70,159,19,9,4,5
684611,2765,2026,Haven,8369,yetujey,FUT Esports,Cypher,0.67,99,7,12,5,70,64,15,2,1,1
670469,2765,2026,Breeze,9803,d4v41,Paper Rex,Viper,1.91,312,21,8,2,81,207,42,3,0,3
670469,2765,2026,Breeze,8504,invy,Paper Rex,Sova,1.56,272,16,8,5,88,183,50,2,0,2
670469,2765,2026,Breeze,17086,something,Paper Rex,Jett,1.34,223,15,9,4,94,153,25,2,1,1
670469,2765,2026,Breeze,9801,f0rsakeN,Paper Rex,Neon,0.97,199,9,12,8,88,155,28,2,2,0
670469,2765,2026,Breeze,7378,Jinggg,Paper Rex,Omen,0.76,176,12,11,4,81,123,37,2,2,0
670469,2765,2026,Breeze,5022,Derke,Team Vitality,Jett,1.13,275,15,14,1,63,175,33,4,2,2
670469,2765,2026,Breeze,458,Chronicle,Team Vitality,Viper,0.83,204,11,15,2,44,132,28,0,2,-2
670469,2765,2026,Breeze,5554,PROFEK,Team Vitality,Harbor,0.55,144,7,15,9,63,97,20,0,2,-2
670469,2765,2026,Breeze,9780,Jamppi,Team Vitality,Kayo,0.47,139,8,14,0,44,92,39,1,3,-2
670469,2765,2026,Breeze,33902,Sayonara,Team Vitality,Sova,0.43,122,7,15,2,63,86,40,0,2,-2
670469,2765,2026,Split,7378,Jinggg,Paper Rex,Raze,1.46,301,20,13,5,74,190,31,4,1,3
670469,2765,2026,Split,9801,f0rsakeN,Paper Rex,Omen,0.82,189,12,16,5,63,124,34,1,3,-2
670469,2765,2026,Split,8504,invy,Paper Rex,Skye,0.67,134,8,14,12,58,77,16,0,2,-2
670469,2765,2026,Split,9803,d4v41,Paper Rex,Viper,0.6,158,10,17,2,63,124,26,0,1,-1
670469,2765,2026,Split,17086,something,Paper Rex,Jett,0.53,138,9,16,3,53,86,19,4,3,1
670469,2765,2026,Split,5022,Derke,Team Vitality,Jett,1.49,290,21,13,2,79,203,28,4,4,0
670469,2765,2026,Split,458,Chronicle,Team Vitality,Viper,1.31,220,14,9,5,84,148,33,2,1,1
670469,2765,2026,Split,33902,Sayonara,Team Vitality,Raze,1.22,229,16,13,1,79,146,31,2,2,0
670469,2765,2026,Split,5554,PROFEK,Team Vitality,Omen,1.0,160,12,10,4,63,107,25,1,1,0
670469,2765,2026,Split,9780,Jamppi,Team Vitality,Skye,0.83,186,13,14,4,63,121,22,1,1,0
670469,2765,2026,Fracture,17086,something,Paper Rex,Brimstone,1.51,257,18,9,10,84,190,38,2,2,0
670469,2765,2026,Fracture,8504,invy,Paper Rex,Breach,1.49,197,14,7,8,89,148,47,0,0,0
670469,2765,2026,Fracture,7378,Jinggg,Paper Rex,Raze,1.22,253,17,13,3,74,172,31,5,3,2
670469,2765,2026,Fracture,9803,d4v41,Paper Rex,Killjoy,1.21,204,16,11,3,84,149,35,2,1,1
670469,2765,2026,Fracture,9801,f0rsakeN,Paper Rex,Skye,1.05,225,14,14,10,84,154,20,2,2,0
670469,2765,2026,Fracture,5554,PROFEK,Team Vitality,Brimstone,1.3,284,17,15,7,74,169,36,5,1,4
670469,2765,2026,Fracture,458,Chronicle,Team Vitality,Cypher,0.78,149,11,14,2,58,100,29,0,3,-3
670469,2765,2026,Fracture,9780,Jamppi,Team Vitality,Fade,0.64,132,9,16,3,74,73,26,1,0,1
670469,2765,2026,Fracture,5022,Derke,Team Vitality,Raze,0.59,166,10,17,2,58,131,28,0,3,-3
670469,2765,2026,Fracture,33902,Sayonara,Team Vitality,Phoenix,0.36,121,7,17,4,47,79,25,2,4,-2
670470,2765,2026,Breeze,15559,CHICHOO,EDward Gaming,Viper,1.15,241,24,21,3,54,166,31,5,5,0
670470,2765,2026,Breeze,3520,ZmjjKK,EDward Gaming,Jett,0.97,201,19,21,4,64,133,23,3,5,-2
670470,2765,2026,Breeze,51244,Jieni7,EDward Gaming,Kayo,0.87,188,17,23,12,61,130,24,1,2,-1
670470,2765,2026,Breeze,3017,nobody,EDward Gaming,Sova,0.75,146,15,20,3,50,96,50,1,2,-1
670470,2765,2026,Breeze,4742,Smoggy,EDward Gaming,Harbor,0.65,166,15,24,8,71,115,36,1,3,-2
670470,2765,2026,Breeze,7378,Jinggg,Paper Rex,Omen,1.55,280,30,16,12,82,183,35,2,2,0
670470,2765,2026,Breeze,17086,something,Paper Rex,Jett,1.2,255,25,19,4,82,162,24,5,2,3
670470,2765,2026,Breeze,8504,invy,Paper Rex,Sova,1.04,179,19,17,6,79,134,28,1,0,1
670470,2765,2026,Breeze,9803,d4v41,Paper Rex,Viper,0.95,148,15,16,7,79,100,26,0,0,0
670470,2765,2026,Breeze,9801,f0rsakeN,Paper Rex,Neon,0.9,220,20,22,10,82,141,30,9,7,2
670470,2765,2026,Fracture,4742,Smoggy,EDward Gaming,Phoenix,1.63,302,29,17,4,77,197,32,5,1,4
670470,2765,2026,Fracture,15559,CHICHOO,EDward Gaming,Cypher,1.02,202,18,21,7,62,137,33,2,2,0
670470,2765,2026,Fracture,51244,Jieni7,EDward Gaming,Brimstone,0.89,175,16,17,8,54,111,27,0,2,-2
670470,2765,2026,Fracture,3017,nobody,EDward Gaming,Fade,0.67,156,13,21,6,58,103,33,3,3,0
670470,2765,2026,Fracture,3520,ZmjjKK,EDward Gaming,Neon,0.55,135,10,21,10,69,93,22,3,5,-2
670470,2765,2026,Fracture,7378,Jinggg,Paper Rex,Raze,1.36,262,25,17,8,77,175,19,6,4,2
670470,2765,2026,Fracture,8504,invy,Paper Rex,Breach,1.09,200,19,16,8,81,138,26,1,1,0
670470,2765,2026,Fracture,9803,d4v41,Paper Rex,Killjoy,1.02,192,18,15,2,65,137,41,4,3,1
670470,2765,2026,Fracture,9801,f0rsakeN,Paper Rex,Skye,0.99,222,19,21,15,81,153,23,2,5,-3
670470,2765,2026,Fracture,17086,something,Paper Rex,Brimstone,0.98,184,16,17,13,77,127,31,0,0,0
670470,2765,2026,Split,3017,nobody,EDward Gaming,Skye,0.88,150,10,14,8,74,114,32,0,2,-2
670470,2765,2026,Split,15559,CHICHOO,EDward Gaming,Viper,0.82,178,11,15,3,58,124,24,0,2,-2
670470,2765,2026,Split,4742,Smoggy,EDward Gaming,Raze,0.8,208,12,16,3,58,144,19,4,1,3
670470,2765,2026,Split,51244,Jieni7,EDward Gaming,Omen,0.73,184,13,16,2,42,122,29,1,3,-2
670470,2765,2026,Split,3520,ZmjjKK,EDward Gaming,Jett,0.6,175,10,18,3,47,119,18,3,3,0
670470,2765,2026,Split,8504,invy,Paper Rex,Skye,1.71,275,20,10,17,95,169,21,2,1,1
670470,2765,2026,Split,9803,d4v41,Paper Rex,Viper,1.48,240,16,9,5,79,170,27,1,1,0
670470,2765,2026,Split,17086,something,Paper Rex,Jett,1.34,244,17,9,4,89,147,18,1,1,0
670470,2765,2026,Split,9801,f0rsakeN,Paper Rex,Omen,1.04,202,13,13,11,84,118,29,4,3,1
670470,2765,2026,Split,7378,Jinggg,Paper Rex,Raze,0.93,226,13,15,8,79,165,11,3,2,1
684612,2765,2026,Pearl,29243,Neon,LEVIATÁN,Chamber,1.35,263,15,11,1,59,202,45,3,3,0
684612,2765,2026,Pearl,8549,kiNgg,LEVIATÁN,Astra,1.04,196,12,11,1,65,114,23,1,0,1
684612,2765,2026,Pearl,21251,blowz,LEVIATÁN,Sova,0.78,107,6,11,5,47,75,31,1,0,1
684612,2765,2026,Pearl,21661,spike,LEVIATÁN,Neon,0.55,176,9,16,2,65,120,41,4,2,2
684612,2765,2026,Pearl,21659,Sato,LEVIATÁN,Phoenix,0.53,157,8,16,6,65,99,33,1,2,-1
684612,2765,2026,Pearl,5796,Kr1stal,Global Esports,Killjoy,1.79,350,21,10,4,88,224,33,3,3,0
684612,2765,2026,Pearl,872,Autumn,Global Esports,Phoenix,1.26,232,15,9,3,82,136,44,2,1,1
684612,2765,2026,Pearl,4428,UdoTan,Global Esports,Neon,1.2,225,13,9,3,76,146,27,2,2,0
684612,2765,2026,Pearl,7754,xavi8k,Global Esports,Astra,0.79,134,7,10,10,88,90,12,0,1,-1
684612,2765,2026,Pearl,13744,PatMen,Global Esports,Fade,0.61,131,9,12,2,82,77,23,0,3,-3
684612,2765,2026,Fracture,21659,Sato,LEVIATÁN,Waylay,1.64,304,27,14,6,79,186,27,8,3,5
684612,2765,2026,Fracture,29243,Neon,LEVIATÁN,Brimstone,1.19,236,17,13,17,75,160,21,1,2,-1
684612,2765,2026,Fracture,8549,kiNgg,LEVIATÁN,Breach,1.07,143,14,13,9,67,91,26,0,2,-2
684612,2765,2026,Fracture,21251,blowz,LEVIATÁN,Tejo,0.96,139,10,14,8,71,110,24,0,0,0
684612,2765,2026,Fracture,21661,spike,LEVIATÁN,Neon,0.88,179,16,18,10,71,113,33,4,4,0
684612,2765,2026,Fracture,4428,UdoTan,Global Esports,Chamber,1.32,301,24,16,3,67,184,39,5,4,1
684612,2765,2026,Fracture,7754,xavi8k,Global Esports,Astra,0.88,154,14,16,6,58,103,29,1,2,-1
684612,2765,2026,Fracture,872,Autumn,Global Esports,Phoenix,0.82,156,14,16,4,63,110,35,2,1,1
684612,2765,2026,Fracture,13744,PatMen,Global Esports,Waylay,0.67,157,12,19,2,42,107,23,2,3,-1
684612,2765,2026,Fracture,5796,Kr1stal,Global Esports,Fade,0.51,95,8,17,4,67,63,17,1,3,-2
684612,2765,2026,Split,21659,Sato,LEVIATÁN,Phoenix,1.43,271,19,13,6,86,183,44,2,3,-1
684612,2765,2026,Split,8549,kiNgg,LEVIATÁN,Viper,1.28,199,15,10,5,73,127,29,2,2,0
684612,2765,2026,Split,29243,Neon,LEVIATÁN,Omen,1.15,182,15,10,6,77,108,27,3,1,2
684612,2765,2026,Split,21661,spike,LEVIATÁN,Neon,1.11,257,19,17,4,73,156,38,4,3,1
684612,2765,2026,Split,21251,blowz,LEVIATÁN,Fade,0.97,122,11,10,4,77,88,73,1,1,0
684612,2765,2026,Split,4428,UdoTan,Global Esports,Raze,0.91,230,19,17,1,68,154,36,0,1,-1
684612,2765,2026,Split,5796,Kr1stal,Global Esports,Fade,0.82,127,9,13,4,68,79,27,5,0,5
684612,2765,2026,Split,7754,xavi8k,Global Esports,Sage,0.71,124,10,15,8,64,80,26,1,4,-3
684612,2765,2026,Split,872,Autumn,Global Esports,Viper,0.68,156,11,16,6,59,113,31,1,2,-1
684612,2765,2026,Split,13744,PatMen,Global Esports,Omen,0.64,170,11,18,7,68,139,30,3,5,-2
670475,2765,2026,Haven,11527,NoMan,Xi Lai Gaming,Jett,1.02,180,14,14,2,75,122,24,2,2,0
670475,2765,2026,Haven,24308,WsLeo,Xi Lai Gaming,Sova,0.88,181,12,15,7,80,115,25,2,3,-1
670475,2765,2026,Haven,22047,Rarga,Xi Lai Gaming,Phoenix,0.79,174,13,16,7,75,111,37,2,3,-1
670475,2765,2026,Haven,37927,happywei,Xi Lai Gaming,Cypher,0.72,165,11,16,4,55,113,36,1,3,-2
670475,2765,2026,Haven,37489,Lysoar,Xi Lai Gaming,Omen,0.57,116,6,17,13,75,80,24,0,2,-2
670475,2765,2026,Haven,21661,spike,LEVIATÁN,Neon,1.71,366,26,13,8,80,231,28,4,3,1
670475,2765,2026,Haven,21659,Sato,LEVIATÁN,Phoenix,1.34,244,16,13,13,85,174,29,1,1,0
670475,2765,2026,Haven,21251,blowz,LEVIATÁN,Sova,1.32,192,13,10,11,90,130,43,1,0,1
670475,2765,2026,Haven,8549,kiNgg,LEVIATÁN,Astra,1.19,155,11,8,10,90,104,43,2,2,0
670475,2765,2026,Haven,29243,Neon,LEVIATÁN,Chamber,0.87,161,12,12,4,70,114,23,5,1,4
670475,2765,2026,Lotus,22047,Rarga,Xi Lai Gaming,Sage,1.01,217,11,13,1,69,128,35,2,4,-2
670475,2765,2026,Lotus,37489,Lysoar,Xi Lai Gaming,Omen,0.54,166,8,17,2,50,112,27,0,1,-1
670475,2765,2026,Lotus,24308,WsLeo,Xi Lai Gaming,Fade,0.42,140,8,16,1,44,82,50,1,2,-1
670475,2765,2026,Lotus,37927,happywei,Xi Lai Gaming,Cypher,0.36,110,5,15,2,44,76,14,3,1,2
670475,2765,2026,Lotus,11527,NoMan,Xi Lai Gaming,Deadlock,0.28,64,3,14,2,44,56,20,0,2,-2
670475,2765,2026,Lotus,29243,Neon,LEVIATÁN,Jett,1.75,316,20,6,1,88,203,33,4,1,3
670475,2765,2026,Lotus,21661,spike,LEVIATÁN,Omen,1.58,285,17,8,9,75,191,39,3,2,1
670475,2765,2026,Lotus,21251,blowz,LEVIATÁN,Skye,1.4,169,11,4,9,94,132,40,0,1,-1
670475,2765,2026,Lotus,21659,Sato,LEVIATÁN,Raze,1.19,269,15,10,7,75,173,22,2,2,0
670475,2765,2026,Lotus,8549,kiNgg,LEVIATÁN,Vyse,1.16,201,12,7,3,75,132,34,1,0,1
684613,2765,2026,Pearl,11527,NoMan,Xi Lai Gaming,Jett,1.17,236,15,14,2,68,139,52,2,3,-1
684613,2765,2026,Pearl,37489,Lysoar,Xi Lai Gaming,Astra,0.88,173,12,15,8,68,116,23,0,1,-1
684613,2765,2026,Pearl,37927,happywei,Xi Lai Gaming,Vyse,0.8,168,12,16,2,68,110,38,2,1,1
684613,2765,2026,Pearl,22047,Rarga,Xi Lai Gaming,Phoenix,0.76,172,11,15,5,68,116,50,3,2,1
684613,2765,2026,Pearl,24308,WsLeo,Xi Lai Gaming,Fade,0.59,148,8,15,7,68,104,16,1,4,-3
684613,2765,2026,Pearl,11494,keiko,NRG,Vyse,1.69,352,26,14,3,84,211,25,2,0,2
684613,2765,2026,Pearl,2172,brawk,NRG,Sova,1.33,215,11,9,12,89,173,25,1,0,1
684613,2765,2026,Pearl,5132,mada,NRG,Waylay,1.04,211,17,11,2,63,143,34,4,4,0
684613,2765,2026,Pearl,11225,Ethan,NRG,Tejo,0.92,196,13,13,4,84,126,26,3,4,-1
684613,2765,2026,Pearl,11118,skuba,NRG,Astra,0.89,140,8,11,8,68,94,19,1,0,1
684613,2765,2026,Lotus,37927,happywei,Xi Lai Gaming,Cypher,1.17,252,22,17,4,79,159,31,4,0,4
684613,2765,2026,Lotus,24308,WsLeo,Xi Lai Gaming,Fade,1.06,233,18,19,10,71,156,24,3,3,0
684613,2765,2026,Lotus,22047,Rarga,Xi Lai Gaming,Sage,0.86,148,14,16,7,79,89,34,1,3,-2
684613,2765,2026,Lotus,37489,Lysoar,Xi Lai Gaming,Omen,0.82,160,14,18,11,75,111,22,2,0,2
684613,2765,2026,Lotus,11527,NoMan,Xi Lai Gaming,Deadlock,0.67,147,12,16,6,63,90,24,3,4,-1
684613,2765,2026,Lotus,11494,keiko,NRG,Omen,1.97,388,34,15,5,75,244,36,5,1,4
684613,2765,2026,Lotus,11118,skuba,NRG,Viper,0.93,150,12,14,9,75,107,20,1,3,-2
684613,2765,2026,Lotus,11225,Ethan,NRG,Fade,0.79,171,14,18,11,67,110,18,1,4,-3
684613,2765,2026,Lotus,5132,mada,NRG,Raze,0.78,157,13,16,6,75,105,19,2,4,-2
684613,2765,2026,Lotus,2172,brawk,NRG,Vyse,0.75,173,13,17,9,58,119,11,1,1,0
670468,2765,2026,Lotus,37927,happywei,Xi Lai Gaming,Cypher,1.25,261,20,16,4,78,163,45,2,1,1
670468,2765,2026,Lotus,22047,Rarga,Xi Lai Gaming,Sage,1.05,199,17,14,3,70,108,26,4,6,-2
670468,2765,2026,Lotus,37489,Lysoar,Xi Lai Gaming,Omen,0.91,155,12,15,11,78,103,18,0,2,-2
670468,2765,2026,Lotus,24308,WsLeo,Xi Lai Gaming,Fade,0.88,197,14,18,7,61,134,30,0,3,-3
670468,2765,2026,Lotus,11527,NoMan,Xi Lai Gaming,Deadlock,0.59,133,10,18,8,74,84,43,2,3,-1
670468,2765,2026,Lotus,15559,CHICHOO,EDward Gaming,Omen,1.29,198,15,12,15,87,119,36,0,0,0
670468,2765,2026,Lotus,51244,Jieni7,EDward Gaming,Vyse,1.26,283,23,16,5,70,179,29,3,1,2
670468,2765,2026,Lotus,4742,Smoggy,EDward Gaming,Raze,1.05,185,17,13,0,70,132,39,4,2,2
670468,2765,2026,Lotus,3520,ZmjjKK,EDward Gaming,Jett,0.95,220,16,16,4,70,139,19,7,3,4
670468,2765,2026,Lotus,3017,nobody,EDward Gaming,Skye,0.77,117,10,16,14,74,67,50,1,2,-1
670468,2765,2026,Breeze,22047,Rarga,Xi Lai Gaming,Phoenix,1.28,239,19,13,2,78,170,22,2,3,-1
670468,2765,2026,Breeze,37927,happywei,Xi Lai Gaming,Viper,1.17,191,17,13,5,70,125,28,2,2,0
670468,2765,2026,Breeze,11527,NoMan,Xi Lai Gaming,Jett,1.05,224,18,16,2,74,130,22,6,1,5
670468,2765,2026,Breeze,24308,WsLeo,Xi Lai Gaming,Sova,1.02,177,14,13,5,74,116,16,1,0,1
670468,2765,2026,Breeze,37489,Lysoar,Xi Lai Gaming,Omen,0.57,128,9,17,9,65,79,21,2,4,-2
670468,2765,2026,Breeze,15559,CHICHOO,EDward Gaming,Viper,1.24,241,19,14,4,78,163,20,4,2,2
670468,2765,2026,Breeze,3017,nobody,EDward Gaming,Sova,1.18,252,18,15,5,70,181,27,3,0,3
670468,2765,2026,Breeze,51244,Jieni7,EDward Gaming,Kayo,1.11,189,16,15,7,65,132,27,0,1,-1
670468,2765,2026,Breeze,3520,ZmjjKK,EDward Gaming,Jett,0.66,151,11,17,4,57,108,23,3,8,-5
670468,2765,2026,Breeze,4742,Smoggy,EDward Gaming,Harbor,0.66,110,8,16,12,65,62,20,0,2,-2
670468,2765,2026,Split,37927,happywei,Xi Lai Gaming,Viper,0.81,186,8,13,6,56,138,21,4,2,2
670468,2765,2026,Split,37489,Lysoar,Xi Lai Gaming,Omen,0.79,153,8,12,4,75,92,31,0,0,0
670468,2765,2026,Split,11527,NoMan,Xi Lai Gaming,Raze,0.72,141,8,10,2,81,90,21,0,2,-2
670468,2765,2026,Split,22047,Rarga,Xi Lai Gaming,Waylay,0.54,122,6,12,1,50,97,22,1,3,-2
670468,2765,2026,Split,24308,WsLeo,Xi Lai Gaming,Skye,0.4,79,4,12,3,44,42,22,0,4,-4
670468,2765,2026,Split,3520,ZmjjKK,EDward Gaming,Jett,1.82,285,18,6,2,94,196,30,5,2,3
670468,2765,2026,Split,4742,Smoggy,EDward Gaming,Raze,1.39,235,13,7,3,81,153,29,2,2,0
670468,2765,2026,Split,51244,Jieni7,EDward Gaming,Omen,1.3,195,11,6,7,81,130,35,1,1,0
670468,2765,2026,Split,3017,nobody,EDward Gaming,Skye,1.12,157,8,7,9,88,92,22,2,0,2
670468,2765,2026,Split,15559,CHICHOO,EDward Gaming,Viper,1.02,139,9,8,1,69,102,26,1,0,1
670471,2765,2026,Fracture,7378,Jinggg,Paper Rex,Raze,1.85,343,19,9,5,93,225,20,1,0,1
670471,2765,2026,Fracture,17086,something,Paper Rex,Brimstone,1.65,251,15,6,6,87,138,17,2,1,1
670471,2765,2026,Fracture,9801,f0rsakeN,Paper Rex,Skye,1.33,251,15,9,4,80,178,24,3,3,0
670471,2765,2026,Fracture,8504,invy,Paper Rex,Breach,1.23,169,9,7,16,93,109,50,1,0,1
670471,2765,2026,Fracture,9803,d4v41,Paper Rex,Killjoy,1.0,196,10,9,3,87,150,31,4,0,4
670471,2765,2026,Fracture,29243,Neon,LEVIATÁN,Brimstone,0.88,186,9,13,7,80,110,28,1,3,-2
670471,2765,2026,Fracture,8549,kiNgg,LEVIATÁN,Breach,0.86,235,13,14,0,67,132,34,1,0,1
670471,2765,2026,Fracture,21659,Sato,LEVIATÁN,Waylay,0.48,141,5,15,7,60,107,21,0,1,-1
670471,2765,2026,Fracture,21251,blowz,LEVIATÁN,Tejo,0.45,133,7,13,1,53,94,35,0,3,-3
670471,2765,2026,Fracture,21661,spike,LEVIATÁN,Neon,0.44,117,6,13,1,53,80,17,2,4,-2
670471,2765,2026,Split,17086,something,Paper Rex,Jett,1.21,251,16,14,2,68,156,32,5,2,3
670471,2765,2026,Split,8504,invy,Paper Rex,Skye,1.06,179,12,13,3,63,124,43,1,0,1
670471,2765,2026,Split,7378,Jinggg,Paper Rex,Raze,0.61,166,11,17,1,68,110,19,1,2,-1
670471,2765,2026,Split,9801,f0rsakeN,Paper Rex,Omen,0.58,175,10,17,5,53,125,20,2,1,1
670471,2765,2026,Split,9803,d4v41,Paper Rex,Viper,0.5,104,6,15,5,58,81,27,2,3,-1
670471,2765,2026,Split,21659,Sato,LEVIATÁN,Phoenix,1.58,345,23,12,9,89,205,43,1,3,-2
670471,2765,2026,Split,29243,Neon,LEVIATÁN,Omen,1.42,205,16,7,5,89,141,23,1,0,1
670471,2765,2026,Split,21251,blowz,LEVIATÁN,Fade,1.18,191,14,10,6,84,131,35,1,2,-1
670471,2765,2026,Split,21661,spike,LEVIATÁN,Neon,0.95,212,14,14,3,79,123,12,5,4,1
670471,2765,2026,Split,8549,kiNgg,LEVIATÁN,Viper,0.74,127,9,12,4,63,84,30,0,2,-2
670471,2765,2026,Breeze,8504,invy,Paper Rex,Sova,1.36,244,22,14,3,79,159,38,0,0,0
670471,2765,2026,Breeze,17086,something,Paper Rex,Jett,1.16,251,22,17,2,71,153,19,2,2,0
670471,2765,2026,Breeze,9803,d4v41,Paper Rex,Viper,0.91,163,14,15,5,75,113,27,4,2,2
670471,2765,2026,Breeze,7378,Jinggg,Paper Rex,Omen,0.87,154,13,15,9,58,109,23,1,2,-1
670471,2765,2026,Breeze,9801,f0rsakeN,Paper Rex,Neon,0.6,139,10,18,8,54,91,12,3,8,-5
670471,2765,2026,Breeze,21251,blowz,LEVIATÁN,Sova,1.35,256,22,15,5,75,182,47,3,0,3
670471,2765,2026,Breeze,29243,Neon,LEVIATÁN,Jett,1.14,250,20,18,4,67,156,32,6,5,1
670471,2765,2026,Breeze,21661,spike,LEVIATÁN,Neon,1.05,200,16,16,4,71,152,31,4,4,0
670471,2765,2026,Breeze,21659,Sato,LEVIATÁN,Omen,0.97,188,16,15,4,67,130,33,1,1,0
670471,2765,2026,Breeze,8549,kiNgg,LEVIATÁN,Harbor,0.44,68,5,18,8,58,51,35,0,0,0
670471,2765,2026,Ascent,7378,Jinggg,Paper Rex,Sage,1.26,213,16,14,10,78,150,40,1,3,-2
670471,2765,2026,Ascent,8504,invy,Paper Rex,Sova,1.24,226,18,16,8,74,168,16,0,2,-2
670471,2765,2026,Ascent,9801,f0rsakeN,Paper Rex,Omen,1.14,201,17,18,16,74,135,34,4,1,3
670471,2765,2026,Ascent,17086,something,Paper Rex,Yoru,0.75,180,14,18,1,61,118,16,4,5,-1
670471,2765,2026,Ascent,9803,d4v41,Paper Rex,Vyse,0.64,149,13,18,7,61,93,22,2,1,1
670471,2765,2026,Ascent,21661,spike,LEVIATÁN,Neon,1.39,278,23,15,3,65,173,29,5,5,0
670471,2765,2026,Ascent,21251,blowz,LEVIATÁN,Sova,1.13,238,18,16,10,83,154,32,2,1,1
670471,2765,2026,Ascent,29243,Neon,LEVIATÁN,Chamber,1.04,219,19,15,2,61,130,26,3,2,1
670471,2765,2026,Ascent,8549,kiNgg,LEVIATÁN,Omen,0.88,144,11,15,15,87,106,27,0,0,0
670471,2765,2026,Ascent,21659,Sato,LEVIATÁN,Phoenix,0.86,180,13,17,13,78,115,30,2,3,-1
670471,2765,2026,Lotus,8504,invy,Paper Rex,Skye,1.48,265,17,13,7,72,177,30,0,1,-1
670471,2765,2026,Lotus,17086,something,Paper Rex,Jett,1.05,233,13,15,3,67,149,34,7,3,4
670471,2765,2026,Lotus,7378,Jinggg,Paper Rex,Raze,0.8,180,9,15,7,78,134,7,1,0,1
670471,2765,2026,Lotus,9803,d4v41,Paper Rex,Vyse,0.63,116,7,13,2,56,92,29,1,0,1
670471,2765,2026,Lotus,9801,f0rsakeN,Paper Rex,Omen,0.48,122,7,15,9,72,84,33,2,3,-1
670471,2765,2026,Lotus,21251,blowz,LEVIATÁN,Skye,1.51,231,14,9,12,94,151,44,0,1,-1
670471,2765,2026,Lotus,21661,spike,LEVIATÁN,Omen,1.38,260,17,10,9,94,159,31,3,1,2
670471,2765,2026,Lotus,29243,Neon,LEVIATÁN,Jett,1.18,243,15,11,6,72,166,10,4,4,0
670471,2765,2026,Lotus,8549,kiNgg,LEVIATÁN,Vyse,0.89,146,11,9,1,78,96,22,0,1,-1
670471,2765,2026,Lotus,21659,Sato,LEVIATÁN,Raze,0.68,217,14,14,1,56,149,34,0,4,-4
670465,2765,2026,Haven,3520,ZmjjKK,EDward Gaming,Waylay,1.06,207,14,12,2,71,123,25,1,1,0
670465,2765,2026,Haven,4742,Smoggy,EDward Gaming,Raze,0.86,240,12,14,8,94,176,19,2,0,2
670465,2765,2026,Haven,15559,CHICHOO,EDward Gaming,Omen,0.84,131,8,11,2,53,93,29,2,2,0
670465,2765,2026,Haven,3017,nobody,EDward Gaming,Skye,0.61,149,9,13,2,59,78,38,2,3,-1
670465,2765,2026,Haven,51244,Jieni7,EDward Gaming,Cypher,0.38,131,7,14,2,53,96,34,1,3,-2
670465,2765,2026,Haven,5568,sociablEE,FUT Esports,Omen,1.6,240,15,7,6,94,175,33,1,0,1
670465,2765,2026,Haven,39357,s0pp,FUT Esports,Jett,1.41,319,21,14,2,82,199,50,5,3,2
670465,2765,2026,Haven,12793,xeus,FUT Esports,Waylay,1.12,213,14,11,2,71,140,61,2,3,-1
670465,2765,2026,Haven,8369,yetujey,FUT Esports,Cypher,1.0,162,9,9,4,71,122,27,1,2,-1
670465,2765,2026,Haven,15735,KROSTALY,FUT Esports,Sova,0.86,99,5,9,8,94,72,35,0,0,0
670465,2765,2026,Pearl,15559,CHICHOO,EDward Gaming,Astra,1.27,204,19,14,12,69,136,23,0,2,-2
670465,2765,2026,Pearl,3520,ZmjjKK,EDward Gaming,Jett,1.12,275,24,20,8,77,174,24,3,6,-3
670465,2765,2026,Pearl,4742,Smoggy,EDward Gaming,Phoenix,1.06,222,19,19,10,81,159,39,2,2,0
670465,2765,2026,Pearl,51244,Jieni7,EDward Gaming,Vyse,0.99,197,20,18,6,62,132,37,2,2,0
670465,2765,2026,Pearl,3017,nobody,EDward Gaming,Fade,0.88,173,16,19,8,69,117,28,2,5,-3
670465,2765,2026,Pearl,12793,xeus,FUT Esports,Jett,1.33,284,26,19,5,73,168,39,9,2,7
670465,2765,2026,Pearl,15735,KROSTALY,FUT Esports,Kayo,1.13,204,18,19,19,81,134,45,1,0,1
670465,2765,2026,Pearl,8369,yetujey,FUT Esports,Astra,1.07,221,20,19,7,77,159,19,1,0,1
670465,2765,2026,Pearl,39357,s0pp,FUT Esports,Chamber,0.96,200,16,21,7,77,132,12,4,4,0
670465,2765,2026,Pearl,5568,sociablEE,FUT Esports,Fade,0.5,113,10,20,8,62,77,32,2,3,-1
670465,2765,2026,Fracture,3520,ZmjjKK,EDward Gaming,Neon,1.46,340,22,11,5,72,196,27,7,4,3
670465,2765,2026,Fracture,51244,Jieni7,EDward Gaming,Brimstone,1.39,187,13,8,8,78,115,31,0,0,0
670465,2765,2026,Fracture,3017,nobody,EDward Gaming,Fade,1.35,289,19,11,7,94,177,26,1,0,1
670465,2765,2026,Fracture,15559,CHICHOO,EDward Gaming,Cypher,1.14,192,14,9,3,78,136,28,2,1,1
670465,2765,2026,Fracture,4742,Smoggy,EDward Gaming,Phoenix,0.7,126,8,13,7,89,91,47,1,2,-1
670465,2765,2026,Fracture,39357,s0pp,FUT Esports,Jett,0.92,186,10,14,5,50,134,30,2,6,-4
670465,2765,2026,Fracture,5568,sociablEE,FUT Esports,Brimstone,0.87,206,12,15,4,61,124,14,1,3,-2
670465,2765,2026,Fracture,12793,xeus,FUT Esports,Raze,0.82,160,11,15,3,67,117,30,1,1,0
670465,2765,2026,Fracture,15735,KROSTALY,FUT Esports,Fade,0.71,167,10,16,6,67,110,38,0,0,0
670465,2765,2026,Fracture,8369,yetujey,FUT Esports,Cypher,0.67,159,9,16,5,67,99,30,3,1,2
684616,2765,2026,Haven,11524,Nicc,Dragon Ranger Gaming,Skye,1.91,278,18,6,10,88,177,26,2,0,2
684616,2765,2026,Haven,3741,vo0kashu,Dragon Ranger Gaming,Cypher,1.71,337,20,11,10,100,225,17,4,0,4
684616,2765,2026,Haven,4705,Flex1n,Dragon Ranger Gaming,Omen,1.25,224,13,11,16,82,129,22,3,1,2
684616,2765,2026,Haven,31753,SpiritZ1,Dragon Ranger Gaming,Waylay,1.08,235,15,12,5,82,150,44,2,3,-1
684616,2765,2026,Haven,3028,Life,Dragon Ranger Gaming,Neon,0.77,163,10,12,3,88,113,38,1,1,0
684616,2765,2026,Haven,37927,happywei,Xi Lai Gaming,Cypher,0.97,180,11,14,2,71,122,48,1,1,0
684616,2765,2026,Haven,24308,WsLeo,Xi Lai Gaming,Sova,0.84,234,13,16,5,59,151,37,0,2,-2
684616,2765,2026,Haven,22047,Rarga,Xi Lai Gaming,Phoenix,0.77,196,11,15,3,71,131,27,3,2,1
684616,2765,2026,Haven,37489,Lysoar,Xi Lai Gaming,Omen,0.71,153,10,15,6,76,111,32,0,1,-1
684616,2765,2026,Haven,11527,NoMan,Xi Lai Gaming,Jett,0.3,120,7,16,3,53,81,23,1,6,-5
684616,2765,2026,Fracture,3741,vo0kashu,Dragon Ranger Gaming,Cypher,1.48,286,24,15,3,82,193,24,2,1,1
684616,2765,2026,Fracture,4705,Flex1n,Dragon Ranger Gaming,Brimstone,1.2,212,15,16,12,82,139,32,2,2,0
684616,2765,2026,Fracture,11524,Nicc,Dragon Ranger Gaming,Fade,1.05,232,18,16,5,68,157,41,1,1,0
684616,2765,2026,Fracture,31753,SpiritZ1,Dragon Ranger Gaming,Waylay,0.62,146,11,17,5,55,110,22,1,1,0
684616,2765,2026,Fracture,3028,Life,Dragon Ranger Gaming,Phoenix,0.17,80,6,20,4,68,51,43,4,7,-3
684616,2765,2026,Fracture,22047,Rarga,Xi Lai Gaming,Waylay,1.38,268,22,16,5,82,176,40,5,2,3
684616,2765,2026,Fracture,37489,Lysoar,Xi Lai Gaming,Brimstone,1.34,257,20,13,12,68,164,38,2,1,1
684616,2765,2026,Fracture,37927,happywei,Xi Lai Gaming,Cypher,1.21,244,18,14,7,77,177,38,3,3,0
684616,2765,2026,Fracture,11527,NoMan,Xi Lai Gaming,Tejo,1.13,204,15,15,7,64,154,26,2,2,0
684616,2765,2026,Fracture,24308,WsLeo,Xi Lai Gaming,Skye,0.5,102,9,16,5,73,63,25,0,2,-2
684616,2765,2026,Split,31753,SpiritZ1,Dragon Ranger Gaming,Jett,1.31,280,22,16,2,71,169,38,6,1,5
684616,2765,2026,Split,3741,vo0kashu,Dragon Ranger Gaming,Vyse,1.09,204,16,15,4,83,143,38,2,1,1
684616,2765,2026,Split,3028,Life,Dragon Ranger Gaming,Phoenix,0.99,213,17,15,7,63,150,44,1,3,-2
684616,2765,2026,Split,11524,Nicc,Dragon Ranger Gaming,Fade,0.83,149,13,17,5,79,98,22,1,3,-2
684616,2765,2026,Split,4705,Flex1n,Dragon Ranger Gaming,Astra,0.75,128,10,14,5,63,76,21,3,3,0
684616,2765,2026,Split,37927,happywei,Xi Lai Gaming,Viper,2.28,397,35,12,5,79,268,39,4,1,3
684616,2765,2026,Split,24308,WsLeo,Xi Lai Gaming,Skye,0.86,142,8,16,14,75,108,24,1,1,0
684616,2765,2026,Split,37489,Lysoar,Xi Lai Gaming,Omen,0.69,133,10,16,12,75,89,7,0,0,0
684616,2765,2026,Split,11527,NoMan,Xi Lai Gaming,Raze,0.65,143,11,17,5,63,104,24,2,2,0
684616,2765,2026,Split,22047,Rarga,Xi Lai Gaming,Waylay,0.61,148,13,17,2,58,90,30,4,9,-5
670476,2765,2026,Lotus,5022,Derke,Team Vitality,Raze,1.19,224,12,13,4,65,156,18,2,4,-2
670476,2765,2026,Lotus,33902,Sayonara,Team Vitality,Viper,1.1,232,15,13,5,88,140,33,2,2,0
670476,2765,2026,Lotus,9780,Jamppi,Team Vitality,Fade,0.59,132,8,14,3,59,75,24,0,1,-1
670476,2765,2026,Lotus,458,Chronicle,Team Vitality,Vyse,0.32,142,7,15,3,59,93,19,1,5,-4
670476,2765,2026,Lotus,5554,PROFEK,Team Vitality,Omen,0.27,101,6,16,7,59,59,10,0,0,0
670476,2765,2026,Lotus,29243,Neon,LEVIATÁN,Jett,1.77,292,19,8,4,94,201,50,2,1,1
670476,2765,2026,Lotus,21251,blowz,LEVIATÁN,Skye,1.49,272,18,10,6,82,156,27,2,2,0
670476,2765,2026,Lotus,21659,Sato,LEVIATÁN,Raze,1.07,262,16,12,3,82,173,26,4,2,2
670476,2765,2026,Lotus,21661,spike,LEVIATÁN,Omen,0.98,151,9,9,8,82,89,16,2,0,2
670476,2765,2026,Lotus,8549,kiNgg,LEVIATÁN,Vyse,0.91,142,9,9,4,65,98,32,2,0,2
670476,2765,2026,Split,458,Chronicle,Team Vitality,Viper,1.26,262,16,11,1,71,163,27,0,2,-2
670476,2765,2026,Split,9780,Jamppi,Team Vitality,Skye,0.64,131,7,14,2,53,80,36,1,2,-1
670476,2765,2026,Split,5554,PROFEK,Team Vitality,Omen,0.62,134,7,15,10,53,89,18,1,2,-1
670476,2765,2026,Split,33902,Sayonara,Team Vitality,Raze,0.54,171,8,15,2,35,127,34,1,5,-4
670476,2765,2026,Split,5022,Derke,Team Vitality,Jett,0.46,127,8,14,1,47,84,33,2,1,1
670476,2765,2026,Split,21659,Sato,LEVIATÁN,Phoenix,1.64,285,18,7,4,88,186,27,3,1,2
670476,2765,2026,Split,21661,spike,LEVIATÁN,Neon,1.63,309,21,9,4,82,197,16,2,2,0
670476,2765,2026,Split,21251,blowz,LEVIATÁN,Fade,1.36,221,14,10,4,76,139,29,4,0,4
670476,2765,2026,Split,8549,kiNgg,LEVIATÁN,Viper,0.93,163,9,11,5,82,113,29,2,1,1
670476,2765,2026,Split,29243,Neon,LEVIATÁN,Omen,0.79,118,7,9,6,82,68,17,1,1,0
670466,2765,2026,Ascent,9803,d4v41,Paper Rex,Vyse,2.05,273,16,1,3,93,197,54,1,0,1
670466,2765,2026,Ascent,17086,something,Paper Rex,Yoru,1.53,270,14,5,5,93,164,16,3,0,3
670466,2765,2026,Ascent,8504,invy,Paper Rex,Sova,1.53,329,16,8,4,86,220,15,4,0,4
670466,2765,2026,Ascent,7378,Jinggg,Paper Rex,Sage,1.24,200,11,6,7,86,128,28,1,2,-1
670466,2765,2026,Ascent,9801,f0rsakeN,Paper Rex,Omen,1.15,178,9,8,9,93,102,27,2,1,1
670466,2765,2026,Ascent,21659,Sato,LEVIATÁN,Phoenix,0.75,175,8,13,2,50,122,31,1,4,-3
670466,2765,2026,Ascent,21251,blowz,LEVIATÁN,Sova,0.71,134,5,13,4,50,109,26,0,0,0
670466,2765,2026,Ascent,29243,Neon,LEVIATÁN,Chamber,0.44,119,6,13,2,43,77,33,0,2,-2
670466,2765,2026,Ascent,21661,spike,LEVIATÁN,Neon,0.43,133,6,14,4,57,87,12,2,3,-1
670466,2765,2026,Ascent,8549,kiNgg,LEVIATÁN,Omen,0.36,102,3,13,5,64,69,14,0,2,-2
670466,2765,2026,Lotus,8504,invy,Paper Rex,Skye,1.11,207,16,17,15,78,147,37,0,5,-5
670466,2765,2026,Lotus,17086,something,Paper Rex,Jett,1.08,207,16,17,8,87,153,25,2,4,-2
670466,2765,2026,Lotus,9803,d4v41,Paper Rex,Vyse,1.0,209,19,19,5,83,132,34,1,0,1
670466,2765,2026,Lotus,7378,Jinggg,Paper Rex,Raze,0.94,182,16,17,5,65,133,14,1,3,-2
670466,2765,2026,Lotus,9801,f0rsakeN,Paper Rex,Omen,0.82,207,17,20,9,65,129,15,2,5,-3
670466,2765,2026,Lotus,29243,Neon,LEVIATÁN,Jett,1.6,328,28,16,4,87,221,38,9,0,9
670466,2765,2026,Lotus,21661,spike,LEVIATÁN,Omen,1.52,320,27,18,10,91,193,32,5,0,5
670466,2765,2026,Lotus,21251,blowz,LEVIATÁN,Skye,0.87,169,13,16,14,74,117,22,0,1,-1
670466,2765,2026,Lotus,8549,kiNgg,LEVIATÁN,Vyse,0.86,167,13,16,14,87,114,18,2,2,0
670466,2765,2026,Lotus,21659,Sato,LEVIATÁN,Raze,0.52,117,9,18,2,70,79,29,1,3,-2
684610,2765,2026,Lotus,5022,Derke,Team Vitality,Raze,1.51,276,19,10,3,78,180,38,5,1,4
684610,2765,2026,Lotus,33902,Sayonara,Team Vitality,Viper,1.42,294,19,10,6,78,180,19,4,1,3
684610,2765,2026,Lotus,5554,PROFEK,Team Vitality,Omen,1.24,213,14,8,5,72,141,25,3,0,3
684610,2765,2026,Lotus,9780,Jamppi,Team Vitality,Fade,1.22,207,13,9,7,94,151,24,2,1,1
684610,2765,2026,Lotus,458,Chronicle,Team Vitality,Vyse,1.0,177,13,8,4,78,111,25,0,1,-1
684610,2765,2026,Lotus,3741,vo0kashu,Dragon Ranger Gaming,Cypher,0.93,216,11,16,4,50,147,30,2,2,0
684610,2765,2026,Lotus,3028,Life,Dragon Ranger Gaming,Chamber,0.9,205,14,16,1,39,119,63,1,6,-5
684610,2765,2026,Lotus,11524,Nicc,Dragon Ranger Gaming,Skye,0.81,116,9,13,3,50,76,46,0,1,-1
684610,2765,2026,Lotus,31753,SpiritZ1,Dragon Ranger Gaming,Waylay,0.41,136,8,17,2,56,89,41,1,3,-2
684610,2765,2026,Lotus,4705,Flex1n,Dragon Ranger Gaming,Omen,0.3,82,3,16,6,44,64,14,0,2,-2
684610,2765,2026,Breeze,458,Chronicle,Team Vitality,Viper,1.47,189,13,6,3,88,139,21,1,1,0
684610,2765,2026,Breeze,5554,PROFEK,Team Vitality,Harbor,1.37,189,14,8,5,75,117,42,1,0,1
684610,2765,2026,Breeze,5022,Derke,Team Vitality,Jett,1.31,294,18,10,2,69,181,36,6,4,2
684610,2765,2026,Breeze,33902,Sayonara,Team Vitality,Sova,1.31,309,17,11,3,75,208,38,1,0,1
684610,2765,2026,Breeze,9780,Jamppi,Team Vitality,Kayo,0.68,117,6,10,8,69,77,35,1,1,0
684610,2765,2026,Breeze,3028,Life,Dragon Ranger Gaming,Chamber,1.01,210,12,14,1,56,121,44,4,3,1
684610,2765,2026,Breeze,11524,Nicc,Dragon Ranger Gaming,Sova,0.91,187,11,13,2,63,134,26,0,1,-1
684610,2765,2026,Breeze,3741,vo0kashu,Dragon Ranger Gaming,Viper,0.78,184,8,13,10,75,126,23,0,1,-1
684610,2765,2026,Breeze,31753,SpiritZ1,Dragon Ranger Gaming,Jett,0.67,170,8,13,1,44,125,35,1,3,-2
684610,2765,2026,Breeze,4705,Flex1n,Dragon Ranger Gaming,Astra,0.41,101,6,15,3,50,77,38,1,2,-1
670473,2765,2026,Split,21661,spike,LEVIATÁN,Neon,1.77,298,18,6,4,88,205,21,2,1,1
670473,2765,2026,Split,21251,blowz,LEVIATÁN,Fade,1.59,211,12,4,7,94,132,26,3,1,2
670473,2765,2026,Split,21659,Sato,LEVIATÁN,Phoenix,1.43,273,18,7,6,81,180,34,1,1,0
670473,2765,2026,Split,29243,Neon,LEVIATÁN,Omen,1.35,186,11,4,7,94,114,57,3,0,3
670473,2765,2026,Split,8549,kiNgg,LEVIATÁN,Viper,1.18,224,12,7,6,81,150,19,2,2,0
670473,2765,2026,Split,29873,benjyfishy,Team Heretics,Vyse,1.07,225,11,13,2,50,158,27,0,1,-1
670473,2765,2026,Split,23365,koshmaras,Team Heretics,Neon,0.46,117,5,15,3,38,74,14,3,4,-1
670473,2765,2026,Split,10971,RieNs,Team Heretics,Fade,0.45,106,5,15,3,50,68,35,0,1,-1
670473,2765,2026,Split,1144,Boo,Team Heretics,Astra,0.44,73,3,13,3,38,52,13,0,2,-2
670473,2765,2026,Split,21328,Wo0t,Team Heretics,Raze,0.27,92,4,15,0,31,76,26,2,3,-1
670473,2765,2026,Lotus,29243,Neon,LEVIATÁN,Jett,1.27,276,23,18,3,63,170,37,5,4,1
670473,2765,2026,Lotus,21659,Sato,LEVIATÁN,Raze,1.01,220,19,19,3,71,146,22,6,2,4
670473,2765,2026,Lotus,21661,spike,LEVIATÁN,Omen,0.97,192,16,17,9,58,116,21,1,2,-1
670473,2765,2026,Lotus,21251,blowz,LEVIATÁN,Skye,0.75,131,10,17,11,75,94,38,0,2,-2
670473,2765,2026,Lotus,8549,kiNgg,LEVIATÁN,Vyse,0.71,114,9,17,5,75,82,25,1,1,0
670473,2765,2026,Lotus,23365,koshmaras,Team Heretics,Neon,1.25,234,20,14,2,79,163,24,5,4,1
670473,2765,2026,Lotus,29873,benjyfishy,Team Heretics,Vyse,1.16,204,17,14,8,88,131,32,2,1,1
670473,2765,2026,Lotus,10971,RieNs,Team Heretics,Fade,1.05,209,19,16,8,79,128,40,2,0,2
670473,2765,2026,Lotus,1144,Boo,Team Heretics,Omen,0.97,177,15,16,13,79,113,30,1,3,-2
670473,2765,2026,Lotus,21328,Wo0t,Team Heretics,Raze,0.89,200,17,17,4,63,140,26,1,5,-4
670473,2765,2026,Ascent,21659,Sato,LEVIATÁN,Phoenix,1.7,326,23,10,6,79,204,22,4,2,2
670473,2765,2026,Ascent,29243,Neon,LEVIATÁN,Chamber,1.48,240,16,8,7,74,157,9,3,2,1
670473,2765,2026,Ascent,21251,blowz,LEVIATÁN,Sova,1.04,191,13,10,7,74,100,23,2,1,1
670473,2765,2026,Ascent,8549,kiNgg,LEVIATÁN,Omen,1.03,160,12,10,9,79,93,26,1,0,1
670473,2765,2026,Ascent,21661,spike,LEVIATÁN,Neon,0.88,199,14,13,4,74,133,17,2,2,0
670473,2765,2026,Ascent,10971,RieNs,Team Heretics,Sova,1.19,244,15,15,3,68,158,34,2,2,0
670473,2765,2026,Ascent,29873,benjyfishy,Team Heretics,Cypher,0.9,164,11,14,3,68,107,50,0,1,-1
670473,2765,2026,Ascent,23365,koshmaras,Team Heretics,Neon,0.82,210,12,17,5,63,143,20,4,3,1
670473,2765,2026,Ascent,21328,Wo0t,Team Heretics,Jett,0.48,115,6,16,5,58,81,15,1,3,-2
670473,2765,2026,Ascent,1144,Boo,Team Heretics,Omen,0.43,95,7,16,7,63,50,15,0,3,-3
684617,2765,2026,Split,5796,Kr1stal,Global Esports,Fade,1.04,155,13,14,6,64,100,21,2,1,1
684617,2765,2026,Split,13744,PatMen,Global Esports,Omen,0.91,188,12,18,10,68,121,29,2,0,2
684617,2765,2026,Split,7754,xavi8k,Global Esports,Sage,0.84,150,10,15,7,55,101,19,0,3,-3
684617,2765,2026,Split,4428,UdoTan,Global Esports,Raze,0.74,179,12,18,4,64,125,18,3,8,-5
684617,2765,2026,Split,872,Autumn,Global Esports,Viper,0.62,119,10,16,4,55,78,25,0,3,-3
684617,2765,2026,Split,25255,primmie,FULL SENSE,Jett,1.69,335,27,11,1,86,193,40,7,3,4
684617,2765,2026,Split,13788,JitBoyS,FULL SENSE,Sage,1.28,204,16,10,13,86,127,30,2,1,1
684617,2765,2026,Split,13784,Killua,FULL SENSE,Fade,1.11,196,15,9,4,86,132,52,2,0,2
684617,2765,2026,Split,3977,Crws,FULL SENSE,Viper,0.96,198,14,15,10,82,133,24,4,2,2
684617,2765,2026,Split,27254,Leviathan,FULL SENSE,Omen,0.69,117,9,12,9,73,77,47,0,1,-1
684617,2765,2026,Breeze,872,Autumn,Global Esports,Chamber,1.36,236,19,11,3,81,165,31,3,1,2
684617,2765,2026,Breeze,5796,Kr1stal,Global Esports,Sova,1.31,238,18,12,9,86,152,24,1,1,0
684617,2765,2026,Breeze,4428,UdoTan,Global Esports,Neon,1.28,305,24,17,5,76,180,47,4,3,1
684617,2765,2026,Breeze,7754,xavi8k,Global Esports,Sage,0.84,172,12,13,7,86,108,31,2,1,1
684617,2765,2026,Breeze,13744,PatMen,Global Esports,Viper,0.66,143,9,14,4,81,105,28,3,2,1
684617,2765,2026,Breeze,25255,primmie,FULL SENSE,Jett,1.37,250,20,14,3,81,155,31,3,2,1
684617,2765,2026,Breeze,13788,JitBoyS,FULL SENSE,Sage,0.92,224,15,17,7,76,154,35,1,4,-3
684617,2765,2026,Breeze,3977,Crws,FULL SENSE,Viper,0.77,135,10,14,1,57,101,26,2,1,1
684617,2765,2026,Breeze,27254,Leviathan,FULL SENSE,Omen,0.71,177,13,20,3,57,108,37,1,1,0
684617,2765,2026,Breeze,13784,Killua,FULL SENSE,Sova,0.59,130,9,17,3,52,87,35,1,5,-4
684617,2765,2026,Pearl,5796,Kr1stal,Global Esports,Killjoy,1.74,334,25,10,2,76,208,26,3,0,3
684617,2765,2026,Pearl,872,Autumn,Global Esports,Phoenix,1.04,218,17,15,3,71,137,30,2,5,-3
684617,2765,2026,Pearl,7754,xavi8k,Global Esports,Astra,0.91,153,12,11,7,76,94,25,1,2,-1
684617,2765,2026,Pearl,13744,PatMen,Global Esports,Fade,0.8,211,16,16,2,67,133,43,0,0,0
684617,2765,2026,Pearl,4428,UdoTan,Global Esports,Neon,0.65,166,12,16,4,71,103,30,4,4,0
684617,2765,2026,Pearl,25255,primmie,FULL SENSE,Jett,1.63,313,26,14,2,71,186,26,4,2,2
684617,2765,2026,Pearl,3977,Crws,FULL SENSE,Vyse,0.94,201,13,17,8,67,154,25,1,2,-1
684617,2765,2026,Pearl,27254,Leviathan,FULL SENSE,Astra,0.77,164,11,17,8,71,114,33,1,2,-1
684617,2765,2026,Pearl,13788,JitBoyS,FULL SENSE,Phoenix,0.65,160,10,17,12,67,119,28,3,2,1
684617,2765,2026,Pearl,13784,Killua,FULL SENSE,Fade,0.55,120,8,17,5,71,82,32,2,2,0
19084,353,2021,Split,92,ScreaM,Team Liquid,Sage,1.93,355,21,7,3,80,214,35,3,2,1
19084,353,2021,Split,101,soulcas,Team Liquid,Skye,1.5,266,15,7,6,93,158,30,1,1,0
19084,353,2021,Split,9780,Jamppi,Team Liquid,Jett,1.38,248,13,6,3,80,131,8,3,2,1
19084,353,2021,Split,99,L1NK,Team Liquid,Brimstone,1.33,244,13,8,9,100,137,23,1,2,-1
19084,353,2021,Split,97,Kryptix,Team Liquid,Viper,0.94,116,5,5,8,87,66,18,0,0,0
19084,353,2021,Split,2610,Klaus,KRÜ Esports,Killjoy,0.76,195,11,14,0,67,112,24,4,2,2
19084,353,2021,Split,7603,Mazino,KRÜ Esports,Sage,0.7,153,7,12,5,67,90,15,1,1,0
19084,353,2021,Split,2468,delz1k,KRÜ Esports,Omen,0.48,102,4,13,4,60,67,17,0,0,0
19084,353,2021,Split,1291,bnj,KRÜ Esports,Raze,0.41,145,7,15,0,53,89,13,0,1,-1
19084,353,2021,Split,1294,NagZ,KRÜ Esports,Jett,0.25,93,4,13,1,27,47,30,2,4,-2
19084,353,2021,Ascent,99,L1NK,Team Liquid,Omen,1.37,225,19,13,9,68,141,35,1,0,1
19084,353,2021,Ascent,92,ScreaM,Team Liquid,Phoenix,1.31,299,20,16,6,73,180,30,3,2,1
19084,353,2021,Ascent,101,soulcas,Team Liquid,Sova,1.16,175,13,10,10,77,121,20,0,3,-3
19084,353,2021,Ascent,9780,Jamppi,Team Liquid,Jett,1.12,237,20,14,3,73,135,20,3,6,-3
19084,353,2021,Ascent,97,Kryptix,Team Liquid,Killjoy,0.83,181,12,17,8,82,120,16,2,2,0
19084,353,2021,Ascent,2610,Klaus,KRÜ Esports,Killjoy,1.34,325,23,17,8,86,216,23,4,2,2
19084,353,2021,Ascent,7603,Mazino,KRÜ Esports,Sage,0.9,150,11,15,10,64,97,16,3,1,2
19084,353,2021,Ascent,1291,bnj,KRÜ Esports,Sova,0.87,161,10,15,11,73,131,21,1,0,1
19084,353,2021,Ascent,2468,delz1k,KRÜ Esports,Omen,0.68,166,12,18,5,73,104,17,1,1,0
19084,353,2021,Ascent,1294,NagZ,KRÜ Esports,Jett,0.66,184,14,19,2,68,127,33,4,5,-1
19076,353,2021,Split,97,Kryptix,Team Liquid,Viper,1.26,208,22,17,10,83,130,21,0,0,0
19076,353,2021,Split,92,ScreaM,Team Liquid,Sage,1.22,281,30,20,7,77,166,36,4,5,-1
19076,353,2021,Split,101,soulcas,Team Liquid,Skye,1.2,233,24,22,10,80,168,33,1,1,0
19076,353,2021,Split,99,L1NK,Team Liquid,Brimstone,1.11,224,23,20,8,80,129,25,1,2,-1
19076,353,2021,Split,9780,Jamppi,Team Liquid,Jett,0.58,150,14,24,3,63,92,17,6,10,-4
19076,353,2021,Split,7716,penny,Version1,Jett,1.12,217,22,20,4,70,147,22,8,5,3
19076,353,2021,Split,65,effys,Version1,Sage,1.11,192,22,19,9,67,109,20,1,0,1
19076,353,2021,Split,7870,vanity,Version1,Astra,0.96,244,24,24,12,87,148,15,2,1,1
19076,353,2021,Split,19,jammyz,Version1,Viper,0.75,195,19,25,8,63,127,8,2,3,-1
19076,353,2021,Split,729,Zellsis,Version1,Killjoy,0.66,185,16,25,9,60,126,12,5,3,2
19076,353,2021,Ascent,9780,Jamppi,Team Liquid,Jett,1.49,338,31,19,1,75,189,28,8,3,5
19076,353,2021,Ascent,92,ScreaM,Team Liquid,Phoenix,1.11,218,18,15,5,67,154,31,4,3,1
19076,353,2021,Ascent,97,Kryptix,Team Liquid,Killjoy,0.85,176,13,15,4,79,112,25,1,0,1
19076,353,2021,Ascent,101,soulcas,Team Liquid,Sova,0.85,172,13,16,11,75,107,48,0,2,-2
19076,353,2021,Ascent,99,L1NK,Team Liquid,Omen,0.8,170,13,17,8,83,111,24,2,1,1
19076,353,2021,Ascent,7716,penny,Version1,Jett,1.26,297,26,21,4,71,176,21,4,4,0
19076,353,2021,Ascent,729,Zellsis,Version1,Killjoy,0.93,209,17,18,6,71,133,17,2,2,0
19076,353,2021,Ascent,65,effys,Version1,Sova,0.89,182,14,16,3,54,113,26,1,2,-1
19076,353,2021,Ascent,7870,vanity,Version1,Astra,0.81,185,15,17,5,71,110,23,2,5,-3
19076,353,2021,Ascent,19,jammyz,Version1,Viper,0.74,126,10,16,7,79,88,20,0,2,-2
19076,353,2021,Haven,92,ScreaM,Team Liquid,Sage,1.13,210,13,12,5,71,152,55,2,2,0
19076,353,2021,Haven,99,L1NK,Team Liquid,Brimstone,0.91,212,12,13,2,82,116,35,1,2,-1
19076,353,2021,Haven,97,Kryptix,Team Liquid,Viper,0.84,196,12,11,6,71,103,19,3,1,2
19076,353,2021,Haven,101,soulcas,Team Liquid,Skye,0.75,159,10,15,2,71,104,38,0,2,-2
19076,353,2021,Haven,9780,Jamppi,Team Liquid,Killjoy,0.61,201,10,17,6,59,144,21,1,3,-2
19076,353,2021,Haven,729,Zellsis,Version1,Killjoy,1.95,387,24,10,5,82,262,14,1,0,1
19076,353,2021,Haven,65,effys,Version1,Sova,1.03,183,12,9,5,76,106,30,2,2,0
19076,353,2021,Haven,7716,penny,Version1,Jett,0.85,241,14,13,2,88,118,23,3,1,2
19076,353,2021,Haven,19,jammyz,Version1,Viper,0.83,132,8,10,3,53,101,25,2,2,0
19076,353,2021,Haven,7870,vanity,Version1,Astra,0.49,174,10,15,3,65,106,30,2,2,0
19075,353,2021,Haven,3157,gaabxx,Sharks Esports,Sage,2.1,311,22,6,9,72,199,47,3,0,3
19075,353,2021,Haven,1684,deNaro,Sharks Esports,Sova,1.42,259,15,9,7,78,168,25,0,0,0
19075,353,2021,Haven,1566,prozin,Sharks Esports,Raze,1.33,337,20,14,6,78,198,26,6,5,1
19075,353,2021,Haven,950,fra,Sharks Esports,Killjoy,0.68,143,9,12,0,67,92,17,0,2,-2
19075,353,2021,Haven,1565,light,Sharks Esports,Omen,0.61,86,5,10,7,72,46,9,0,2,-2
19075,353,2021,Haven,773,Lakia,NUTURN,Sova,0.93,221,13,14,3,67,149,33,3,1,2
19075,353,2021,Haven,4558,allow,NUTURN,Jett,0.86,190,11,13,2,61,114,34,2,2,0
19075,353,2021,Haven,4560,peri,NUTURN,Astra,0.77,180,11,14,1,50,101,22,2,3,-1
19075,353,2021,Haven,4559,Suggest,NUTURN,Raze,0.61,157,8,15,1,56,105,14,1,0,1
19075,353,2021,Haven,4562,solo,NUTURN,Breach,0.51,134,8,15,2,56,75,32,1,3,-2
19075,353,2021,Bind,950,fra,Sharks Esports,Skye,1.06,196,13,13,2,61,118,54,0,2,-2
19075,353,2021,Bind,3157,gaabxx,Sharks Esports,Viper,0.9,204,13,15,2,50,122,36,3,4,-1
19075,353,2021,Bind,1565,light,Sharks Esports,Brimstone,0.69,155,8,15,5,61,102,17,0,2,-2
19075,353,2021,Bind,1566,prozin,Sharks Esports,Raze,0.67,168,8,15,5,56,116,18,2,2,0
19075,353,2021,Bind,1684,deNaro,Sharks Esports,Sova,0.35,77,4,15,6,44,39,15,0,3,-3
19075,353,2021,Bind,4560,peri,NUTURN,Omen,1.75,315,21,9,3,83,166,28,5,0,5
19075,353,2021,Bind,773,Lakia,NUTURN,Sova,1.3,220,14,10,11,78,153,44,2,0,2
19075,353,2021,Bind,4559,Suggest,NUTURN,Raze,1.27,233,15,8,5,78,142,34,2,2,0
19075,353,2021,Bind,4558,allow,NUTURN,Jett,1.02,174,12,9,3,67,131,30,2,3,-1
19075,353,2021,Bind,4562,solo,NUTURN,Breach,0.94,185,11,10,9,72,109,30,2,0,2
19075,353,2021,Ascent,3157,gaabxx,Sharks Esports,Raze,1.05,198,12,13,1,39,115,15,3,2,1
19075,353,2021,Ascent,1565,light,Sharks Esports,Omen,0.64,107,5,15,5,56,70,23,2,1,1
19075,353,2021,Ascent,1684,deNaro,Sharks Esports,Sova,0.55,111,6,15,5,39,67,20,1,0,1
19075,353,2021,Ascent,1566,prozin,Sharks Esports,Phoenix,0.54,142,9,15,1,44,82,32,2,6,-4
19075,353,2021,Ascent,950,fra,Sharks Esports,Killjoy,0.39,105,4,15,1,44,69,22,0,1,-1
19075,353,2021,Ascent,773,Lakia,NUTURN,Sova,1.55,231,13,5,7,83,151,14,1,2,-1
19075,353,2021,Ascent,4562,solo,NUTURN,Killjoy,1.47,314,19,7,5,89,170,16,3,1,2
19075,353,2021,Ascent,4559,Suggest,NUTURN,Skye,1.26,230,16,8,6,94,117,27,2,0,2
19075,353,2021,Ascent,4560,peri,NUTURN,Astra,1.19,190,13,8,8,89,112,20,1,1,0
19075,353,2021,Ascent,4558,allow,NUTURN,Jett,1.0,187,12,8,2,72,106,13,3,4,-1
19089,353,2021,Split,45,SicK,Sentinels,Sage,1.25,175,16,14,12,85,121,16,1,3,-2
19089,353,2021,Split,47,zombs,Sentinels,Astra,1.17,259,23,20,14,85,172,18,3,1,2
19089,353,2021,Split,9,TenZ,Sentinels,Raze,1.06,268,24,22,8,77,163,18,5,1,4
19089,353,2021,Split,46,ShahZaM,Sentinels,Jett,1.03,258,25,23,5,69,142,21,6,5,1
19089,353,2021,Split,454,dapr,Sentinels,Cypher,1.0,163,15,16,10,81,113,19,0,1,-1
19089,353,2021,Split,2173,MAGNUM,FNATIC,Cypher,1.2,267,24,20,8,81,163,27,1,1,0
19089,353,2021,Split,1369,doma,FNATIC,Skye,1.05,233,21,22,7,77,161,29,2,2,0
19089,353,2021,Split,1457,Mistic,FNATIC,Viper,0.96,216,20,18,7,69,136,33,0,1,-1
19089,353,2021,Split,438,Boaster,FNATIC,Astra,0.84,203,19,21,3,50,138,25,2,2,0
19089,353,2021,Split,5022,Derke,FNATIC,Jett,0.44,126,10,22,4,65,72,23,6,9,-3
19089,353,2021,Bind,9,TenZ,Sentinels,Reyna,1.59,323,33,19,13,93,197,19,8,1,7
19089,353,2021,Bind,46,ShahZaM,Sentinels,Sova,1.2,195,20,14,7,87,113,23,4,0,4
19089,353,2021,Bind,47,zombs,Sentinels,Astra,1.03,155,18,16,10,83,96,11,1,3,-2
19089,353,2021,Bind,454,dapr,Sentinels,Viper,0.93,162,16,17,6,83,91,14,3,0,3
19089,353,2021,Bind,45,SicK,Sentinels,Raze,0.93,231,23,21,8,67,149,18,4,6,-2
19089,353,2021,Bind,1457,Mistic,FNATIC,Viper,1.06,134,15,15,7,60,85,21,0,3,-3
19089,353,2021,Bind,438,Boaster,FNATIC,Brimstone,0.99,216,23,24,2,63,131,24,5,5,0
19089,353,2021,Bind,5022,Derke,FNATIC,Sova,0.86,176,17,22,10,73,115,19,0,3,-3
19089,353,2021,Bind,1369,doma,FNATIC,Raze,0.72,173,15,23,8,63,128,15,4,5,-1
19089,353,2021,Bind,2173,MAGNUM,FNATIC,Skye,0.62,160,17,26,9,60,91,32,1,4,-3
19089,353,2021,Haven,46,ShahZaM,Sentinels,Sova,1.35,234,20,13,7,71,136,29,1,1,0
19089,353,2021,Haven,9,TenZ,Sentinels,Jett,1.2,277,22,20,4,75,176,28,6,0,6
19089,353,2021,Haven,454,dapr,Sentinels,Cypher,1.08,250,20,18,5,71,166,27,3,3,0
19089,353,2021,Haven,45,SicK,Sentinels,Phoenix,0.87,208,17,19,9,79,153,23,4,4,0
19089,353,2021,Haven,47,zombs,Sentinels,Astra,0.47,107,10,18,4,79,70,16,1,1,0
19089,353,2021,Haven,2173,MAGNUM,FNATIC,Killjoy,1.43,261,24,15,4,83,167,29,3,2,1
19089,353,2021,Haven,1457,Mistic,FNATIC,Skye,1.15,252,20,20,7,75,172,30,1,1,0
19089,353,2021,Haven,1369,doma,FNATIC,Sage,1.02,200,16,17,10,88,123,27,0,3,-3
19089,353,2021,Haven,5022,Derke,FNATIC,Jett,0.74,223,18,21,4,67,124,32,5,7,-2
19089,353,2021,Haven,438,Boaster,FNATIC,Astra,0.67,124,10,16,5,75,88,12,0,2,-2
19080,353,2021,Bind,45,SicK,Sentinels,Raze,1.81,325,20,10,6,83,217,31,2,0,2
19080,353,2021,Bind,9,TenZ,Sentinels,Reyna,1.37,273,19,12,7,89,148,19,5,3,2
19080,353,2021,Bind,454,dapr,Sentinels,Viper,1.32,217,15,8,5,78,118,8,1,1,0
19080,353,2021,Bind,46,ShahZaM,Sentinels,Sova,0.85,129,9,11,7,72,90,21,2,0,2
19080,353,2021,Bind,47,zombs,Sentinels,Astra,0.72,161,9,13,6,67,108,21,0,4,-4
19080,353,2021,Bind,773,Lakia,NUTURN,Sova,1.38,355,20,15,4,78,225,40,3,1,2
19080,353,2021,Bind,4559,Suggest,NUTURN,Raze,1.27,246,17,12,0,89,135,44,4,0,4
19080,353,2021,Bind,4562,solo,NUTURN,Breach,0.63,149,8,16,9,72,93,27,0,2,-2
19080,353,2021,Bind,4558,allow,NUTURN,Jett,0.28,124,8,15,1,39,79,9,1,6,-5
19080,353,2021,Bind,4560,peri,NUTURN,Omen,0.23,56,1,14,4,50,47,12,0,1,-1
19080,353,2021,Haven,45,SicK,Sentinels,Phoenix,1.52,277,15,11,8,94,213,31,3,3,0
19080,353,2021,Haven,9,TenZ,Sentinels,Jett,1.47,296,19,10,2,88,171,30,2,1,1
19080,353,2021,Haven,46,ShahZaM,Sentinels,Sova,1.32,227,15,10,6,88,128,30,3,2,1
19080,353,2021,Haven,454,dapr,Sentinels,Cypher,1.12,225,13,11,8,94,139,33,0,1,-1
19080,353,2021,Haven,47,zombs,Sentinels,Astra,1.03,170,12,9,2,76,90,23,2,0,2
19080,353,2021,Haven,4562,solo,NUTURN,Breach,1.37,294,18,14,4,71,159,21,3,0,3
19080,353,2021,Haven,4560,peri,NUTURN,Omen,0.56,98,7,13,2,59,67,32,0,2,-2
19080,353,2021,Haven,4558,allow,NUTURN,Jett,0.54,220,10,17,2,47,150,19,3,1,2
19080,353,2021,Haven,773,Lakia,NUTURN,Sova,0.49,157,9,15,0,47,106,59,0,3,-3
19080,353,2021,Haven,4559,Suggest,NUTURN,Raze,0.35,130,7,15,2,47,76,14,1,4,-3
19074,353,2021,Ascent,659,Sacy,Team Vikings,Sova,1.58,262,26,14,10,77,169,30,1,1,0
19074,353,2021,Ascent,727,saadhak,Team Vikings,Killjoy,1.18,210,18,14,5,69,137,18,2,2,0
19074,353,2021,Ascent,5244,sutecas,Team Vikings,Omen,1.08,221,19,18,6,73,150,36,3,5,-2
19074,353,2021,Ascent,1585,gtn,Team Vikings,Raze,0.84,191,16,18,5,69,134,20,0,3,-3
19074,353,2021,Ascent,651,frz,Team Vikings,Phoenix,0.81,181,15,19,12,58,103,23,5,4,1
19074,353,2021,Ascent,2452,Patiphan,X10 Esports,Sage,1.15,234,20,19,13,62,168,27,4,4,0
19074,353,2021,Ascent,6723,foxz,X10 Esports,Sova,1.04,218,18,20,10,73,160,19,3,1,2
19074,353,2021,Ascent,3342,Sushiboys,X10 Esports,Killjoy,0.99,177,15,17,4,54,131,14,1,2,-1
19074,353,2021,Ascent,4382,sScary,X10 Esports,Astra,0.87,167,15,19,6,69,106,15,3,2,1
19074,353,2021,Ascent,3977,Crws,X10 Esports,Skye,0.7,161,15,19,7,58,92,15,4,2,2
19074,353,2021,Icebox,5244,sutecas,Team Vikings,Omen,0.0,0,23,17,2,0,0,0,0,0,0
19074,353,2021,Icebox,651,frz,Team Vikings,Jett,0.0,0,22,16,1,0,0,0,0,0,0
19074,353,2021,Icebox,659,Sacy,Team Vikings,Sova,0.0,0,21,17,8,0,0,0,0,0,0
19074,353,2021,Icebox,727,saadhak,Team Vikings,Killjoy,0.0,0,17,16,7,0,0,0,0,0,0
19074,353,2021,Icebox,1585,gtn,Team Vikings,Raze,0.0,0,7,18,4,0,0,0,0,0,0
19074,353,2021,Icebox,4382,sScary,X10 Esports,Viper,0.0,0,23,19,11,0,0,0,0,0,0
19074,353,2021,Icebox,2452,Patiphan,X10 Esports,Jett,0.0,0,20,20,8,0,0,0,0,0,0
19074,353,2021,Icebox,6723,foxz,X10 Esports,Sova,0.0,0,16,16,6,0,0,0,0,0,0
19074,353,2021,Icebox,3977,Crws,X10 Esports,Skye,0.0,0,15,18,3,0,0,0,0,0,0
19074,353,2021,Icebox,3342,Sushiboys,X10 Esports,Cypher,0.0,0,10,17,6,0,0,0,0,0,0
19085,353,2021,Icebox,65,effys,Version1,Sova,1.3,259,24,16,5,77,151,25,2,3,-1
19085,353,2021,Icebox,7716,penny,Version1,Jett,1.13,201,19,16,5,65,148,18,4,3,1
19085,353,2021,Icebox,7870,vanity,Version1,Omen,1.04,237,21,19,4,69,139,19,3,3,0
19085,353,2021,Icebox,729,Zellsis,Version1,Killjoy,0.8,174,14,19,6,69,127,23,1,4,-3
19085,353,2021,Icebox,19,jammyz,Version1,Viper,0.6,157,12,21,8,65,103,17,0,3,-3
19085,353,2021,Icebox,5022,Derke,FNATIC,Jett,1.64,382,34,19,3,73,245,20,9,3,6
19085,353,2021,Icebox,2173,MAGNUM,FNATIC,Killjoy,1.26,284,24,21,4,73,160,28,4,0,4
19085,353,2021,Icebox,438,Boaster,FNATIC,Sova,0.85,178,15,17,10,77,120,20,1,2,-1
19085,353,2021,Icebox,1369,doma,FNATIC,Sage,0.56,126,11,18,5,65,78,32,1,2,-1
19085,353,2021,Icebox,1457,Mistic,FNATIC,Viper,0.52,97,7,17,9,54,56,3,1,3,-2
19085,353,2021,Ascent,7870,vanity,Version1,Astra,1.15,239,15,16,4,53,151,23,1,1,0
19085,353,2021,Ascent,65,effys,Version1,Sova,0.91,166,12,15,3,74,108,38,0,0,0
19085,353,2021,Ascent,729,Zellsis,Version1,Phoenix,0.88,184,11,16,9,68,102,14,2,2,0
19085,353,2021,Ascent,19,jammyz,Version1,Killjoy,0.56,115,7,16,4,53,79,26,2,2,0
19085,353,2021,Ascent,7716,penny,Version1,Jett,0.53,138,9,17,2,47,94,19,2,7,-5
19085,353,2021,Ascent,1369,doma,FNATIC,Omen,1.45,311,21,12,7,89,217,43,3,0,3
19085,353,2021,Ascent,5022,Derke,FNATIC,Jett,1.33,317,21,14,4,79,198,29,4,2,2
19085,353,2021,Ascent,1457,Mistic,FNATIC,Viper,1.26,177,13,8,8,89,105,29,2,1,1
19085,353,2021,Ascent,438,Boaster,FNATIC,Skye,1.13,222,15,10,8,79,158,22,1,2,-1
19085,353,2021,Ascent,2173,MAGNUM,FNATIC,Cypher,0.85,165,10,10,5,74,98,23,2,2,0
19079,353,2021,Haven,729,Zellsis,Version1,Killjoy,1.56,252,18,7,2,88,115,15,0,1,-1
19079,353,2021,Haven,7716,penny,Version1,Jett,1.43,309,17,10,6,94,207,15,4,1,3
19079,353,2021,Haven,19,jammyz,Version1,Viper,1.32,264,14,9,5,88,163,29,3,1,2
19079,353,2021,Haven,65,effys,Version1,Sova,0.99,169,10,9,5,69,104,20,1,0,1
19079,353,2021,Haven,7870,vanity,Version1,Astra,0.96,200,11,10,7,81,103,22,3,2,1
19079,353,2021,Haven,4559,Suggest,NUTURN,Raze,1.0,264,14,14,0,69,142,38,2,3,-1
19079,353,2021,Haven,4558,allow,NUTURN,Jett,0.94,211,11,14,1,56,127,34,2,3,-1
19079,353,2021,Haven,773,Lakia,NUTURN,Sova,0.63,174,9,15,3,69,105,53,1,0,1
19079,353,2021,Haven,4560,peri,NUTURN,Astra,0.49,116,6,12,1,50,66,17,0,3,-3
19079,353,2021,Haven,4562,solo,NUTURN,Breach,0.21,85,5,15,2,38,49,25,0,2,-2
19079,353,2021,Ascent,65,effys,Version1,Sova,1.74,302,30,14,9,86,204,23,1,0,1
19079,353,2021,Ascent,7870,vanity,Version1,Astra,0.95,212,20,20,7,75,110,25,6,4,2
19079,353,2021,Ascent,19,jammyz,Version1,Viper,0.87,189,18,21,7,61,117,16,3,4,-1
19079,353,2021,Ascent,729,Zellsis,Version1,Killjoy,0.84,187,16,22,5,64,135,15,2,2,0
19079,353,2021,Ascent,7716,penny,Version1,Jett,0.75,179,19,21,5,68,119,20,0,6,-6
19079,353,2021,Ascent,4560,peri,NUTURN,Astra,1.21,218,24,18,4,75,143,25,2,1,1
19079,353,2021,Ascent,773,Lakia,NUTURN,Sova,1.02,181,18,18,7,75,110,24,2,0,2
19079,353,2021,Ascent,4562,solo,NUTURN,Killjoy,0.97,252,21,23,10,71,175,21,4,5,-1
19079,353,2021,Ascent,4558,allow,NUTURN,Jett,0.81,193,18,22,5,68,127,29,6,3,3
19079,353,2021,Ascent,4559,Suggest,NUTURN,Skye,0.7,157,17,22,2,57,96,40,2,3,-1
19079,353,2021,Split,729,Zellsis,Version1,Killjoy,1.46,258,25,16,5,77,161,17,3,4,-1
19079,353,2021,Split,7870,vanity,Version1,Astra,0.92,211,19,19,3,69,134,15,2,1,1
19079,353,2021,Split,19,jammyz,Version1,Viper,0.91,178,14,19,4,58,129,16,2,3,-1
19079,353,2021,Split,7716,penny,Version1,Jett,0.67,184,14,22,4,65,112,22,3,3,0
19079,353,2021,Split,65,effys,Version1,Sage,0.46,91,8,20,7,65,57,18,1,4,-3
19079,353,2021,Split,773,Lakia,NUTURN,Raze,1.38,261,23,14,7,73,168,27,6,4,2
19079,353,2021,Split,4560,peri,NUTURN,Omen,1.31,234,22,14,6,81,145,24,3,0,3
19079,353,2021,Split,4559,Suggest,NUTURN,Breach,1.02,180,17,15,12,81,121,34,1,1,0
19079,353,2021,Split,4558,allow,NUTURN,Jett,0.92,185,17,18,6,69,113,22,1,2,-1
19079,353,2021,Split,4562,solo,NUTURN,Killjoy,0.82,204,17,19,6,62,129,21,4,4,0
19086,353,2021,Ascent,727,saadhak,Team Vikings,Killjoy,1.21,238,17,14,4,81,148,16,1,1,0
19086,353,2021,Ascent,5244,sutecas,Team Vikings,Astra,0.87,196,15,16,4,57,127,21,3,1,2
19086,353,2021,Ascent,659,Sacy,Team Vikings,Sova,0.87,156,10,14,3,71,106,23,0,2,-2
19086,353,2021,Ascent,1585,gtn,Team Vikings,Yoru,0.68,126,8,15,7,81,87,21,1,0,1
19086,353,2021,Ascent,651,frz,Team Vikings,Jett,0.58,136,9,17,3,48,96,17,6,6,0
19086,353,2021,Ascent,9780,Jamppi,Team Liquid,Jett,1.49,306,24,11,3,76,166,20,6,6,0
19086,353,2021,Ascent,99,L1NK,Team Liquid,Omen,1.34,195,17,10,5,86,105,30,2,0,2
19086,353,2021,Ascent,92,ScreaM,Team Liquid,Sage,1.01,203,14,15,10,71,156,30,2,2,0
19086,353,2021,Ascent,97,Kryptix,Team Liquid,Killjoy,0.93,152,10,12,5,71,103,17,0,0,0
19086,353,2021,Ascent,101,soulcas,Team Liquid,Sova,0.88,146,11,11,5,81,95,17,0,3,-3
19086,353,2021,Haven,659,Sacy,Team Vikings,Sova,1.0,240,14,15,4,72,152,30,2,3,-1
19086,353,2021,Haven,1585,gtn,Team Vikings,Yoru,0.64,173,11,16,4,67,101,17,1,2,-1
19086,353,2021,Haven,651,frz,Team Vikings,Jett,0.6,142,8,16,2,61,100,24,1,1,0
19086,353,2021,Haven,727,saadhak,Team Vikings,Cypher,0.57,142,9,16,2,50,80,29,1,2,-1
19086,353,2021,Haven,5244,sutecas,Team Vikings,Astra,0.42,107,6,16,4,33,65,35,1,4,-3
19086,353,2021,Haven,9780,Jamppi,Team Liquid,Killjoy,1.69,272,17,7,7,94,176,25,6,1,5
19086,353,2021,Haven,92,ScreaM,Team Liquid,Sage,1.45,330,23,9,8,89,159,27,1,0,1
19086,353,2021,Haven,99,L1NK,Team Liquid,Brimstone,1.23,245,16,10,5,78,146,48,0,1,-1
19086,353,2021,Haven,101,soulcas,Team Liquid,Skye,0.96,226,15,12,7,89,109,18,5,1,4
19086,353,2021,Haven,97,Kryptix,Team Liquid,Viper,0.8,124,8,10,8,83,79,24,0,3,-3
19073,353,2021,Icebox,46,ShahZaM,Sentinels,Jett,1.38,368,31,20,4,79,212,30,5,4,1
19073,353,2021,Icebox,9,TenZ,Sentinels,Reyna,1.18,277,25,18,7,75,144,13,4,3,1
19073,353,2021,Icebox,47,zombs,Sentinels,Viper,0.83,183,13,18,10,75,106,13,2,2,0
19073,353,2021,Icebox,454,dapr,Sentinels,Sage,0.74,106,7,16,14,71,70,15,1,0,1
19073,353,2021,Icebox,45,SicK,Sentinels,Sova,0.64,105,9,15,7,79,66,31,1,2,-1
19073,353,2021,Icebox,1457,Mistic,FNATIC,Viper,1.59,289,24,14,7,79,174,31,4,0,4
19073,353,2021,Icebox,2173,MAGNUM,FNATIC,Killjoy,0.97,216,16,17,8,71,150,26,1,1,0
19073,353,2021,Icebox,438,Boaster,FNATIC,Sova,0.92,205,16,18,6,71,136,29,2,2,0
19073,353,2021,Icebox,1369,doma,FNATIC,Sage,0.84,163,14,18,12,75,96,38,1,3,-2
19073,353,2021,Icebox,5022,Derke,FNATIC,Jett,0.77,215,17,18,3,63,133,28,3,7,-4
19073,353,2021,Haven,9,TenZ,Sentinels,Jett,1.52,316,24,16,8,78,197,23,4,3,1
19073,353,2021,Haven,454,dapr,Sentinels,Cypher,1.33,216,19,13,7,78,139,19,1,1,0
19073,353,2021,Haven,47,zombs,Sentinels,Astra,1.07,211,17,16,8,74,119,11,0,1,-1
19073,353,2021,Haven,46,ShahZaM,Sentinels,Sova,0.96,192,14,17,6,70,124,21,5,1,4
19073,353,2021,Haven,45,SicK,Sentinels,Phoenix,0.71,169,13,18,4,61,117,26,4,3,1
19073,353,2021,Haven,5022,Derke,FNATIC,Jett,1.27,312,24,19,5,74,205,26,6,8,-2
19073,353,2021,Haven,438,Boaster,FNATIC,Astra,1.0,220,16,16,6,78,145,21,2,2,0
19073,353,2021,Haven,1369,doma,FNATIC,Sage,0.84,179,15,18,9,83,104,20,0,3,-3
19073,353,2021,Haven,1457,Mistic,FNATIC,Skye,0.79,159,12,17,11,83,102,48,0,1,-1
19073,353,2021,Haven,2173,MAGNUM,FNATIC,Killjoy,0.62,147,13,17,2,70,107,28,1,0,1
19082,353,2021,Icebox,1566,prozin,Sharks Esports,Raze,1.09,253,15,15,1,61,166,33,2,1,1
19082,353,2021,Icebox,1684,deNaro,Sharks Esports,Sova,0.91,230,13,15,2,72,137,21,0,2,-2
19082,353,2021,Icebox,1565,light,Sharks Esports,Omen,0.54,100,5,14,4,56,70,22,1,2,-1
19082,353,2021,Icebox,950,fra,Sharks Esports,Sage,0.37,73,4,15,6,56,50,19,0,3,-3
19082,353,2021,Icebox,3157,gaabxx,Sharks Esports,Jett,0.34,137,9,18,2,44,56,13,2,5,-3
19082,353,2021,Icebox,1291,bnj,KRÜ Esports,Sova,1.73,300,18,8,13,89,193,18,2,1,1
19082,353,2021,Icebox,1294,NagZ,KRÜ Esports,Jett,1.54,250,19,7,0,78,170,30,3,0,3
19082,353,2021,Icebox,2468,delz1k,KRÜ Esports,Sage,1.14,180,12,8,3,83,105,19,3,1,2
19082,353,2021,Icebox,2610,Klaus,KRÜ Esports,Killjoy,1.12,249,13,11,8,83,138,20,5,2,3
19082,353,2021,Icebox,7603,Mazino,KRÜ Esports,Viper,1.08,227,15,12,5,78,144,20,0,1,-1
19082,353,2021,Bind,1566,prozin,Sharks Esports,Raze,0.95,287,18,16,2,68,165,13,7,4,3
19082,353,2021,Bind,1565,light,Sharks Esports,Brimstone,0.94,179,12,13,1,58,101,35,2,1,1
19082,353,2021,Bind,3157,gaabxx,Sharks Esports,Viper,0.72,148,9,14,3,58,87,31,1,3,-2
19082,353,2021,Bind,1684,deNaro,Sharks Esports,Sova,0.65,128,7,15,4,68,87,15,0,0,0
19082,353,2021,Bind,950,fra,Sharks Esports,Skye,0.5,95,5,14,8,68,70,19,0,1,-1
19082,353,2021,Bind,2468,delz1k,KRÜ Esports,Brimstone,1.55,253,19,8,5,95,147,27,1,0,1
19082,353,2021,Bind,7603,Mazino,KRÜ Esports,Viper,1.43,289,19,11,11,79,175,16,2,3,-1
19082,353,2021,Bind,2610,Klaus,KRÜ Esports,Skye,1.34,198,13,8,4,84,122,22,2,0,2
19082,353,2021,Bind,1294,NagZ,KRÜ Esports,Sage,1.01,157,11,10,4,68,89,20,2,2,0
19082,353,2021,Bind,1291,bnj,KRÜ Esports,Raze,0.67,150,10,14,5,74,97,20,2,5,-3
19071,353,2021,Haven,1369,doma,FNATIC,Sage,1.52,211,14,7,10,83,145,35,1,0,1
19071,353,2021,Haven,5022,Derke,FNATIC,Jett,1.41,331,19,12,6,83,186,29,6,2,4
19071,353,2021,Haven,2173,MAGNUM,FNATIC,Killjoy,1.39,213,15,8,5,83,131,33,4,0,4
19071,353,2021,Haven,1457,Mistic,FNATIC,Skye,0.97,169,10,9,6,78,111,27,1,0,1
19071,353,2021,Haven,438,Boaster,FNATIC,Astra,0.81,170,11,12,2,78,111,42,0,4,-4
19071,353,2021,Haven,7603,Mazino,KRÜ Esports,Viper,0.92,213,11,15,13,78,125,9,1,1,0
19071,353,2021,Haven,1294,NagZ,KRÜ Esports,Sage,0.9,221,13,15,3,56,139,38,2,5,-3
19071,353,2021,Haven,2610,Klaus,KRÜ Esports,Killjoy,0.89,191,13,12,1,72,103,18,1,2,-1
19071,353,2021,Haven,1291,bnj,KRÜ Esports,Skye,0.58,127,7,15,3,50,94,20,0,4,-4
19071,353,2021,Haven,2468,delz1k,KRÜ Esports,Astra,0.48,76,4,12,2,56,51,19,2,0,2
19071,353,2021,Icebox,5022,Derke,FNATIC,Jett,1.48,396,21,15,4,71,221,29,10,0,10
19071,353,2021,Icebox,2173,MAGNUM,FNATIC,Killjoy,1.23,239,14,10,5,71,164,19,0,0,0
19071,353,2021,Icebox,1457,Mistic,FNATIC,Viper,1.2,192,13,9,7,88,120,24,1,1,0
19071,353,2021,Icebox,438,Boaster,FNATIC,Sova,1.12,206,12,10,7,88,127,23,3,1,2
19071,353,2021,Icebox,1369,doma,FNATIC,Sage,0.94,189,11,10,11,71,108,39,0,1,-1
19071,353,2021,Icebox,2610,Klaus,KRÜ Esports,Killjoy,1.28,247,14,13,4,65,164,24,0,1,-1
19071,353,2021,Icebox,7603,Mazino,KRÜ Esports,Viper,0.94,250,15,15,2,65,148,24,2,3,-1
19071,353,2021,Icebox,1291,bnj,KRÜ Esports,Sova,0.89,157,8,12,6,71,101,26,1,1,0
19071,353,2021,Icebox,2468,delz1k,KRÜ Esports,Sage,0.68,166,11,14,3,65,86,23,0,3,-3
19071,353,2021,Icebox,1294,NagZ,KRÜ Esports,Jett,0.18,109,6,17,3,29,70,35,0,6,-6
19087,353,2021,Bind,1457,Mistic,FNATIC,Viper,1.14,155,12,12,5,61,113,27,2,2,0
19087,353,2021,Bind,1369,doma,FNATIC,Raze,1.08,238,18,16,5,70,152,27,1,3,-2
19087,353,2021,Bind,438,Boaster,FNATIC,Brimstone,1.06,223,19,15,2,70,123,36,3,2,1
19087,353,2021,Bind,2173,MAGNUM,FNATIC,Skye,0.87,173,14,15,4,74,107,35,3,2,1
19087,353,2021,Bind,5022,Derke,FNATIC,Sova,0.77,161,12,16,6,70,112,37,1,4,-3
19087,353,2021,Bind,97,Kryptix,Team Liquid,Viper,1.13,165,14,10,1,74,116,34,1,1,0
19087,353,2021,Bind,99,L1NK,Team Liquid,Brimstone,1.04,217,15,16,8,70,136,32,4,1,3
19087,353,2021,Bind,9780,Jamppi,Team Liquid,Jett,1.0,195,15,15,5,57,120,22,3,6,-3
19087,353,2021,Bind,101,soulcas,Team Liquid,Skye,0.99,201,16,15,4,70,117,32,3,1,2
19087,353,2021,Bind,92,ScreaM,Team Liquid,Sage,0.68,171,14,19,7,70,106,28,2,1,1
19087,353,2021,Ascent,2173,MAGNUM,FNATIC,Cypher,1.4,326,26,16,8,74,188,33,5,2,3
19087,353,2021,Ascent,1457,Mistic,FNATIC,Viper,1.33,176,16,8,11,83,118,28,0,0,0
19087,353,2021,Ascent,438,Boaster,FNATIC,Skye,1.12,222,17,15,13,83,111,18,3,1,2
19087,353,2021,Ascent,5022,Derke,FNATIC,Jett,0.98,188,15,15,4,74,120,29,3,4,-1
19087,353,2021,Ascent,1369,doma,FNATIC,Omen,0.84,164,13,15,6,83,100,24,3,2,1
19087,353,2021,Ascent,92,ScreaM,Team Liquid,Sage,1.37,318,24,18,5,70,206,34,5,3,2
19087,353,2021,Ascent,99,L1NK,Team Liquid,Omen,1.22,236,19,16,3,74,143,27,1,1,0
19087,353,2021,Ascent,101,soulcas,Team Liquid,Sova,0.62,122,7,16,9,52,88,38,1,3,-2
19087,353,2021,Ascent,9780,Jamppi,Team Liquid,Jett,0.56,118,11,17,1,52,67,28,1,5,-4
19087,353,2021,Ascent,97,Kryptix,Team Liquid,Killjoy,0.47,137,8,20,4,57,100,14,1,2,-1
19081,353,2021,Haven,2452,Patiphan,X10 Esports,Viper,1.67,319,24,11,5,91,212,34,3,1,2
19081,353,2021,Haven,4382,sScary,X10 Esports,Astra,1.1,196,18,12,3,68,94,20,0,2,-2
19081,353,2021,Haven,6723,foxz,X10 Esports,Jett,1.06,238,20,16,3,77,146,25,5,4,1
19081,353,2021,Haven,3977,Crws,X10 Esports,Skye,0.98,178,11,12,12,86,126,18,2,1,1
19081,353,2021,Haven,3342,Sushiboys,X10 Esports,Killjoy,0.95,174,12,12,8,77,110,10,3,1,2
19081,353,2021,Haven,2489,Munchkin,Crazy Raccoon,Phoenix,1.01,215,16,18,5,64,142,17,4,4,0
19081,353,2021,Haven,1970,neth,Crazy Raccoon,Killjoy,0.9,185,14,15,2,55,120,18,1,5,-4
19081,353,2021,Haven,687,zepher,Crazy Raccoon,Jett,0.88,209,14,18,6,77,124,14,2,1,1
19081,353,2021,Haven,993,Medusa,Crazy Raccoon,Sova,0.77,153,11,17,8,55,111,24,2,3,-1
19081,353,2021,Haven,992,rion,Crazy Raccoon,Astra,0.57,97,8,17,4,55,71,16,0,0,0
19081,353,2021,Icebox,3342,Sushiboys,X10 Esports,Cypher,1.44,300,20,13,5,100,186,29,3,1,2
19081,353,2021,Icebox,3977,Crws,X10 Esports,Breach,1.42,267,17,10,8,83,164,14,1,1,0
19081,353,2021,Icebox,4382,sScary,X10 Esports,Viper,1.29,152,11,6,5,78,93,18,0,0,0
19081,353,2021,Icebox,2452,Patiphan,X10 Esports,Jett,1.13,292,18,15,5,72,163,28,4,5,-1
19081,353,2021,Icebox,6723,foxz,X10 Esports,Sova,0.84,225,12,15,10,89,129,28,2,1,1
19081,353,2021,Icebox,1970,neth,Crazy Raccoon,Killjoy,1.34,317,19,15,5,89,185,24,2,0,2
19081,353,2021,Icebox,687,zepher,Crazy Raccoon,Jett,1.06,246,17,14,1,78,153,31,2,2,0
19081,353,2021,Icebox,993,Medusa,Crazy Raccoon,Sova,0.67,187,10,17,4,56,109,14,1,2,-1
19081,353,2021,Icebox,992,rion,Crazy Raccoon,Viper,0.4,132,8,16,3,61,94,35,1,2,-1
19081,353,2021,Icebox,2489,Munchkin,Crazy Raccoon,Sage,0.34,95,5,16,10,56,55,9,2,4,-2
19078,353,2021,Icebox,9,TenZ,Sentinels,Reyna,1.24,266,19,13,4,70,141,21,3,3,0
19078,353,2021,Icebox,46,ShahZaM,Sentinels,Jett,1.22,318,21,17,3,70,187,14,5,4,1
19078,353,2021,Icebox,45,SicK,Sentinels,Sova,1.2,202,15,9,3,85,100,2,1,0,1
19078,353,2021,Icebox,454,dapr,Sentinels,Sage,0.98,171,12,12,11,80,85,19,1,0,1
19078,353,2021,Icebox,47,zombs,Sentinels,Viper,0.65,139,10,13,8,60,80,25,1,2,-1
19078,353,2021,Icebox,659,Sacy,Team Vikings,Sova,1.14,260,16,15,4,55,174,41,1,3,-2
19078,353,2021,Icebox,1585,gtn,Team Vikings,Raze,1.01,181,11,13,5,70,129,11,0,0,0
19078,353,2021,Icebox,727,saadhak,Team Vikings,Killjoy,0.91,215,14,16,3,55,140,21,5,2,3
19078,353,2021,Icebox,5244,sutecas,Team Vikings,Omen,0.74,193,13,16,6,65,102,16,1,3,-2
19078,353,2021,Icebox,651,frz,Team Vikings,Jett,0.66,165,10,17,2,75,110,21,2,3,-1
19078,353,2021,Haven,9,TenZ,Sentinels,Jett,1.59,309,21,9,2,84,184,16,4,3,1
19078,353,2021,Haven,45,SicK,Sentinels,Phoenix,1.46,277,19,9,4,89,157,46,4,0,4
19078,353,2021,Haven,46,ShahZaM,Sentinels,Sova,1.43,239,17,9,7,95,126,27,1,1,0
19078,353,2021,Haven,454,dapr,Sentinels,Cypher,0.85,152,10,12,7,63,95,16,2,1,1
19078,353,2021,Haven,47,zombs,Sentinels,Astra,0.8,148,9,10,5,74,99,8,3,0,3
19078,353,2021,Haven,659,Sacy,Team Vikings,Sova,1.04,234,13,14,1,68,155,24,2,0,2
19078,353,2021,Haven,5244,sutecas,Team Vikings,Astra,0.83,170,12,15,4,58,102,34,0,4,-4
19078,353,2021,Haven,651,frz,Team Vikings,Phoenix,0.74,144,11,15,4,47,84,31,1,4,-3
19078,353,2021,Haven,1585,gtn,Team Vikings,Raze,0.57,136,7,16,3,47,94,26,1,3,-2
19078,353,2021,Haven,727,saadhak,Team Vikings,Cypher,0.46,127,6,16,5,47,87,26,1,3,-2
19083,353,2021,Icebox,1457,Mistic,FNATIC,Viper,1.76,289,20,6,8,100,159,22,2,1,1
19083,353,2021,Icebox,1369,doma,FNATIC,Sage,1.63,274,18,6,9,82,141,24,1,0,1
19083,353,2021,Icebox,2173,MAGNUM,FNATIC,Killjoy,1.35,185,11,5,3,88,128,26,2,1,1
19083,353,2021,Icebox,438,Boaster,FNATIC,Sova,1.15,222,15,10,7,82,133,19,0,1,-1
19083,353,2021,Icebox,5022,Derke,FNATIC,Jett,0.9,246,14,13,7,82,135,15,6,3,3
19083,353,2021,Icebox,6723,foxz,X10 Esports,Sova,1.56,278,18,14,1,71,155,34,1,0,1
19083,353,2021,Icebox,3977,Crws,X10 Esports,Breach,0.45,143,8,16,1,47,88,35,1,3,-2
19083,353,2021,Icebox,2452,Patiphan,X10 Esports,Jett,0.37,159,8,17,1,41,105,29,3,5,-2
19083,353,2021,Icebox,3342,Sushiboys,X10 Esports,Killjoy,0.26,85,3,15,2,29,62,14,1,1,0
19083,353,2021,Icebox,4382,sScary,X10 Esports,Viper,0.21,90,3,16,5,47,64,7,0,2,-2
19083,353,2021,Haven,1369,doma,FNATIC,Sage,1.31,251,21,14,3,82,146,38,1,1,0
19083,353,2021,Haven,1457,Mistic,FNATIC,Skye,1.25,222,19,14,6,77,134,28,1,3,-2
19083,353,2021,Haven,5022,Derke,FNATIC,Jett,0.88,215,16,18,4,73,138,26,4,5,-1
19083,353,2021,Haven,438,Boaster,FNATIC,Astra,0.83,178,13,16,5,73,119,22,2,3,-1
19083,353,2021,Haven,2173,MAGNUM,FNATIC,Killjoy,0.8,213,17,20,1,77,156,34,0,2,-2
19083,353,2021,Haven,4382,sScary,X10 Esports,Astra,1.15,240,18,15,5,73,157,9,1,0,1
19083,353,2021,Haven,2452,Patiphan,X10 Esports,Viper,1.11,229,19,16,6,68,161,23,2,0,2
19083,353,2021,Haven,3977,Crws,X10 Esports,Skye,0.81,195,15,18,3,73,124,15,3,4,-1
19083,353,2021,Haven,6723,foxz,X10 Esports,Jett,0.8,219,16,19,3,82,142,19,7,1,6
19083,353,2021,Haven,3342,Sushiboys,X10 Esports,Killjoy,0.74,184,14,18,3,68,101,15,1,3,-2
19088,353,2021,Bind,773,Lakia,NUTURN,Sova,1.19,258,18,15,7,76,158,33,3,2,1
19088,353,2021,Bind,4560,peri,NUTURN,Omen,1.11,209,16,13,4,76,127,39,0,2,-2
19088,353,2021,Bind,4559,Suggest,NUTURN,Raze,0.92,219,17,17,1,71,126,30,3,2,1
19088,353,2021,Bind,4558,allow,NUTURN,Jett,0.7,171,12,17,1,57,110,25,3,3,0
19088,353,2021,Bind,4562,solo,NUTURN,Breach,0.37,120,7,18,7,57,88,18,1,2,-1
19088,353,2021,Bind,1369,doma,FNATIC,Raze,1.37,270,18,14,10,90,186,25,3,2,1
19088,353,2021,Bind,5022,Derke,FNATIC,Sova,1.27,243,16,13,9,76,183,27,2,1,1
19088,353,2021,Bind,2173,MAGNUM,FNATIC,Skye,0.99,221,16,16,7,76,121,33,4,2,2
19088,353,2021,Bind,1457,Mistic,FNATIC,Viper,0.98,204,15,14,7,86,124,28,1,1,0
19088,353,2021,Bind,438,Boaster,FNATIC,Brimstone,0.9,137,14,13,0,67,55,39,1,4,-3
19088,353,2021,Ascent,4558,allow,NUTURN,Jett,1.5,307,23,13,4,81,186,27,4,3,1
19088,353,2021,Ascent,4560,peri,NUTURN,Astra,1.25,252,20,12,4,86,157,35,2,1,1
19088,353,2021,Ascent,773,Lakia,NUTURN,Sova,1.16,180,14,10,6,76,107,21,1,1,0
19088,353,2021,Ascent,4562,solo,NUTURN,Killjoy,0.88,175,12,14,7,81,117,8,2,2,0
19088,353,2021,Ascent,4559,Suggest,NUTURN,Skye,0.57,132,11,15,3,62,71,29,1,4,-3
19088,353,2021,Ascent,5022,Derke,FNATIC,Jett,1.58,356,25,16,4,71,208,37,6,4,2
19088,353,2021,Ascent,2173,MAGNUM,FNATIC,Cypher,0.78,161,13,15,5,62,108,27,1,2,-1
19088,353,2021,Ascent,1457,Mistic,FNATIC,Viper,0.74,153,10,16,5,57,93,19,3,1,2
19088,353,2021,Ascent,1369,doma,FNATIC,Omen,0.59,140,8,16,2,52,98,34,1,0,1
19088,353,2021,Ascent,438,Boaster,FNATIC,Skye,0.48,101,8,17,2,43,76,19,0,3,-3
19088,353,2021,Haven,773,Lakia,NUTURN,Sova,1.47,308,23,15,7,71,198,23,3,3,0
19088,353,2021,Haven,4558,allow,NUTURN,Jett,0.94,217,16,17,3,76,132,24,2,3,-1
19088,353,2021,Haven,4560,peri,NUTURN,Omen,0.81,159,10,15,6,62,113,18,2,0,2
19088,353,2021,Haven,4562,solo,NUTURN,Cypher,0.6,156,11,16,4,67,95,14,2,3,-1
19088,353,2021,Haven,4559,Suggest,NUTURN,Phoenix,0.45,105,7,17,4,62,64,33,1,2,-1
19088,353,2021,Haven,1457,Mistic,FNATIC,Skye,1.27,175,14,9,9,71,120,37,0,0,0
19088,353,2021,Haven,438,Boaster,FNATIC,Astra,1.2,228,18,11,3,67,120,28,2,3,-1
19088,353,2021,Haven,2173,MAGNUM,FNATIC,Killjoy,1.08,219,16,15,5,71,132,17,1,4,-3
19088,353,2021,Haven,5022,Derke,FNATIC,Jett,1.04,280,19,17,8,90,178,27,7,3,4
19088,353,2021,Haven,1369,doma,FNATIC,Sage,0.94,173,13,15,6,81,110,22,1,0,1
19072,353,2021,Ascent,729,Zellsis,Version1,Phoenix,1.32,259,23,17,7,79,190,25,2,2,0
19072,353,2021,Ascent,19,jammyz,Version1,Killjoy,1.29,248,21,15,4,79,167,11,4,2,2
19072,353,2021,Ascent,7716,penny,Version1,Jett,1.18,239,21,16,1,63,148,17,5,4,1
19072,353,2021,Ascent,65,effys,Version1,Sova,1.02,196,16,16,15,83,123,23,2,1,1
19072,353,2021,Ascent,7870,vanity,Version1,Astra,0.52,132,9,17,12,67,82,7,0,2,-2
19072,353,2021,Ascent,2489,Munchkin,Crazy Raccoon,Raze,1.23,302,23,18,5,83,183,13,6,4,2
19072,353,2021,Ascent,992,rion,Crazy Raccoon,Astra,0.9,209,15,18,6,79,133,33,2,2,0
19072,353,2021,Ascent,993,Medusa,Crazy Raccoon,Sova,0.89,193,15,18,5,54,123,27,2,5,-3
19072,353,2021,Ascent,687,zepher,Crazy Raccoon,Jett,0.8,193,16,19,3,71,123,29,1,0,1
19072,353,2021,Ascent,1970,neth,Crazy Raccoon,Killjoy,0.64,123,12,17,2,54,71,15,0,2,-2
19072,353,2021,Icebox,7716,penny,Version1,Jett,1.44,274,24,17,7,70,184,17,5,1,4
19072,353,2021,Icebox,729,Zellsis,Version1,Phoenix,1.04,210,20,18,7,83,164,15,3,3,0
19072,353,2021,Icebox,65,effys,Version1,Sova,0.96,126,13,12,8,74,79,16,0,1,-1
19072,353,2021,Icebox,7870,vanity,Version1,Omen,0.94,142,14,17,6,65,111,18,4,2,2
19072,353,2021,Icebox,19,jammyz,Version1,Viper,0.87,160,13,17,6,70,136,15,2,2,0
19072,353,2021,Icebox,1970,neth,Crazy Raccoon,Killjoy,1.28,187,18,14,6,61,162,22,2,3,-1
19072,353,2021,Icebox,2489,Munchkin,Crazy Raccoon,Raze,1.0,230,18,20,7,74,166,13,3,3,0
19072,353,2021,Icebox,993,Medusa,Crazy Raccoon,Sova,0.95,180,15,18,6,78,165,37,1,0,1
19072,353,2021,Icebox,687,zepher,Crazy Raccoon,Jett,0.81,162,15,16,0,57,110,17,2,3,-1
19072,353,2021,Icebox,992,rion,Crazy Raccoon,Omen,0.78,156,15,16,3,61,110,31,1,5,-4
51272,449,2021,Haven,7603,Mazino,KRÜ Esports,Sova,1.09,258,15,15,3,67,181,31,1,1,0
51272,449,2021,Haven,1294,NagZ,KRÜ Esports,Jett,0.96,209,13,15,2,67,147,27,3,4,-1
51272,449,2021,Haven,2610,Klaus,KRÜ Esports,Killjoy,0.91,187,12,13,2,56,120,14,1,3,-2
51272,449,2021,Haven,2462,keznit,KRÜ Esports,Reyna,0.52,154,8,16,3,50,103,33,0,4,-4
51272,449,2021,Haven,2468,delz1k,KRÜ Esports,Astra,0.27,91,6,18,6,61,49,17,1,0,1
51272,449,2021,Haven,14669,Nivera,Team Liquid,Sova,1.63,304,22,11,8,89,181,43,4,0,4
51272,449,2021,Haven,101,soulcas,Team Liquid,Kayo,1.5,289,17,10,10,83,193,31,1,0,1
51272,449,2021,Haven,99,L1NK,Team Liquid,Astra,1.23,244,15,12,13,94,159,42,3,1,2
51272,449,2021,Haven,92,ScreaM,Team Liquid,Jett,1.21,194,13,10,6,72,142,22,1,2,-1
51272,449,2021,Haven,9780,Jamppi,Team Liquid,Killjoy,0.87,148,10,11,4,72,102,21,3,3,0
51272,449,2021,Ascent,7603,Mazino,KRÜ Esports,Sova,1.09,270,18,17,6,86,182,22,2,1,1
51272,449,2021,Ascent,1294,NagZ,KRÜ Esports,Jett,1.01,172,14,13,2,67,110,19,2,4,-2
51272,449,2021,Ascent,2468,delz1k,KRÜ Esports,Astra,0.77,180,12,18,4,57,111,19,2,2,0
51272,449,2021,Ascent,2462,keznit,KRÜ Esports,Reyna,0.67,176,14,18,2,57,120,22,1,4,-3
51272,449,2021,Ascent,2610,Klaus,KRÜ Esports,Killjoy,0.55,156,10,18,3,57,102,38,1,2,-1
51272,449,2021,Ascent,99,L1NK,Team Liquid,Astra,1.33,242,19,13,6,81,176,42,3,2,1
51272,449,2021,Ascent,14669,Nivera,Team Liquid,Killjoy,1.2,195,15,11,3,86,132,28,0,1,-1
51272,449,2021,Ascent,92,ScreaM,Team Liquid,Reyna,1.13,272,19,17,4,81,166,27,5,1,4
51272,449,2021,Ascent,101,soulcas,Team Liquid,Sova,1.09,188,16,11,7,86,122,35,1,1,0
51272,449,2021,Ascent,9780,Jamppi,Team Liquid,Jett,0.86,210,15,16,3,86,126,16,4,3,1
51290,449,2021,Icebox,573,cNed,Acend,Jett,1.59,345,25,16,6,86,221,34,7,1,6
51290,449,2021,Icebox,3672,BONECOLD,Acend,Sova,1.35,234,19,13,7,86,158,34,2,1,1
51290,449,2021,Icebox,562,zeek,Acend,Reyna,1.13,283,21,17,5,76,187,23,3,2,1
51290,449,2021,Icebox,2894,Kiles,Acend,Viper,0.8,164,11,16,16,76,116,19,1,1,0
51290,449,2021,Icebox,565,starxo,Acend,Sage,0.51,106,9,15,5,52,66,11,1,2,-1
51290,449,2021,Icebox,10782,Witz,Team Secret,Reyna,1.22,282,17,18,7,62,196,18,0,2,-2
51290,449,2021,Icebox,2333,BORKUM,Team Secret,Viper,1.1,247,19,16,4,57,150,25,3,2,1
51290,449,2021,Icebox,2679,DubsteP,Team Secret,Jett,0.92,198,16,16,0,81,139,28,3,4,-1
51290,449,2021,Icebox,2335,dispenser,Team Secret,Sage,0.85,166,12,18,7,81,125,32,0,2,-2
51290,449,2021,Icebox,2334,JessieVash,Team Secret,Sova,0.77,191,13,17,8,67,144,32,1,4,-3
51290,449,2021,Breeze,562,zeek,Acend,Kayo,1.56,238,17,9,16,84,139,16,2,2,0
51290,449,2021,Breeze,3672,BONECOLD,Acend,Sova,1.39,246,17,10,9,89,174,25,2,3,-1
51290,449,2021,Breeze,573,cNed,Acend,Jett,1.37,264,18,11,6,79,175,32,5,1,4
51290,449,2021,Breeze,565,starxo,Acend,Viper,1.0,136,10,10,4,74,89,17,2,1,1
51290,449,2021,Breeze,2894,Kiles,Acend,Cypher,0.9,186,15,13,3,68,114,23,0,1,-1
51290,449,2021,Breeze,10782,Witz,Team Secret,Skye,0.96,207,13,14,3,68,135,24,2,1,1
51290,449,2021,Breeze,2679,DubsteP,Team Secret,Jett,0.95,216,13,16,2,47,141,26,4,2,2
51290,449,2021,Breeze,2335,dispenser,Team Secret,Cypher,0.9,186,12,15,4,68,130,29,0,2,-2
51290,449,2021,Breeze,2334,JessieVash,Team Secret,Sova,0.77,201,11,18,5,63,155,23,2,3,-1
51290,449,2021,Breeze,2333,BORKUM,Team Secret,Viper,0.36,75,4,14,4,53,62,25,0,3,-3
51294,449,2021,Bind,565,starxo,Acend,Skye,1.57,267,20,11,4,84,170,28,1,0,1
51294,449,2021,Bind,562,zeek,Acend,Raze,1.44,308,20,12,7,74,182,18,3,2,1
51294,449,2021,Bind,573,cNed,Acend,Sage,1.09,169,13,10,2,68,112,31,3,4,-1
51294,449,2021,Bind,2894,Kiles,Acend,Viper,1.01,169,11,11,6,74,104,29,2,1,1
51294,449,2021,Bind,3672,BONECOLD,Acend,Brimstone,0.92,119,9,10,6,79,80,44,1,2,-1
51294,449,2021,Bind,14669,Nivera,Team Liquid,Viper,1.02,195,13,14,4,74,136,28,0,2,-2
51294,449,2021,Bind,92,ScreaM,Team Liquid,Reyna,0.89,216,14,15,2,63,135,38,5,1,4
51294,449,2021,Bind,9780,Jamppi,Team Liquid,Sova,0.71,180,11,15,4,74,122,24,2,3,-1
51294,449,2021,Bind,99,L1NK,Team Liquid,Astra,0.63,148,10,15,2,63,91,30,2,1,1
51294,449,2021,Bind,101,soulcas,Team Liquid,Kayo,0.45,80,6,14,6,63,46,25,0,3,-3
51294,449,2021,Split,565,starxo,Acend,Sage,1.7,288,20,10,6,83,189,29,2,1,1
51294,449,2021,Split,2894,Kiles,Acend,Cypher,1.03,183,14,11,1,67,114,31,2,1,1
51294,449,2021,Split,562,zeek,Acend,Raze,0.85,174,11,12,3,67,122,22,3,1,2
51294,449,2021,Split,573,cNed,Acend,Jett,0.82,231,15,15,2,67,141,25,2,4,-2
51294,449,2021,Split,3672,BONECOLD,Acend,Omen,0.78,221,13,15,5,83,137,32,0,2,-2
51294,449,2021,Split,92,ScreaM,Team Liquid,Reyna,1.61,354,22,14,3,78,226,29,3,2,1
51294,449,2021,Split,99,L1NK,Team Liquid,Breach,0.81,162,10,14,2,72,116,44,2,0,2
51294,449,2021,Split,14669,Nivera,Team Liquid,Viper,0.78,158,10,15,5,78,102,36,0,0,0
51294,449,2021,Split,9780,Jamppi,Team Liquid,Astra,0.69,139,10,15,1,56,84,18,2,2,0
51294,449,2021,Split,101,soulcas,Team Liquid,Raze,0.68,188,11,15,3,56,139,18,2,5,-3
51275,449,2021,Fracture,2462,keznit,KRÜ Esports,Breach,1.54,312,27,17,8,83,208,33,1,0,1
51275,449,2021,Fracture,7603,Mazino,KRÜ Esports,Cypher,0.97,230,19,18,8,67,160,25,2,4,-2
51275,449,2021,Fracture,1294,NagZ,KRÜ Esports,Jett,0.91,195,16,18,3,67,122,17,6,2,4
51275,449,2021,Fracture,2468,delz1k,KRÜ Esports,Astra,0.75,148,14,18,5,71,111,32,2,0,2
51275,449,2021,Fracture,2610,Klaus,KRÜ Esports,Viper,0.73,155,11,19,9,63,100,21,3,4,-1
51275,449,2021,Fracture,1575,qck,FURIA,Cypher,1.39,295,26,17,5,75,189,20,4,5,-1
51275,449,2021,Fracture,725,nzr,FURIA,Viper,1.25,207,18,14,8,83,155,23,2,2,0
51275,449,2021,Fracture,681,xand,FURIA,Jett,0.94,213,19,19,2,71,132,37,3,5,-2
51275,449,2021,Fracture,1711,Khalil,FURIA,Astra,0.87,193,15,21,12,83,129,27,1,1,0
51275,449,2021,Fracture,8872,mazin,FURIA,Breach,0.81,131,12,16,8,83,99,39,0,1,-1
51275,449,2021,Ascent,2468,delz1k,KRÜ Esports,Astra,1.53,258,19,12,12,76,175,36,1,2,-1
51275,449,2021,Ascent,2462,keznit,KRÜ Esports,Reyna,1.48,261,21,12,4,81,152,13,2,2,0
51275,449,2021,Ascent,7603,Mazino,KRÜ Esports,Sova,1.25,204,15,12,8,62,141,19,2,1,1
51275,449,2021,Ascent,1294,NagZ,KRÜ Esports,Jett,1.19,248,18,13,5,81,158,18,4,3,1
51275,449,2021,Ascent,2610,Klaus,KRÜ Esports,Killjoy,0.69,108,7,14,3,67,78,13,2,2,0
51275,449,2021,Ascent,681,xand,FURIA,Jett,1.09,246,18,16,5,71,162,25,5,4,1
51275,449,2021,Ascent,725,nzr,FURIA,Sova,0.92,205,13,15,6,67,148,14,0,0,0
51275,449,2021,Ascent,1575,qck,FURIA,Sage,0.89,208,15,15,5,57,126,21,4,4,0
51275,449,2021,Ascent,1711,Khalil,FURIA,Killjoy,0.69,148,11,16,4,62,101,13,0,1,-1
51275,449,2021,Ascent,8872,mazin,FURIA,Astra,0.41,99,6,18,8,57,80,26,1,2,-1
51275,449,2021,Haven,1294,NagZ,KRÜ Esports,Jett,1.23,235,19,14,2,77,130,16,4,3,1
51275,449,2021,Haven,2610,Klaus,KRÜ Esports,Killjoy,1.21,254,21,16,4,77,156,20,1,1,0
51275,449,2021,Haven,2462,keznit,KRÜ Esports,Reyna,1.05,223,19,16,5,73,150,25,3,4,-1
51275,449,2021,Haven,7603,Mazino,KRÜ Esports,Sova,0.96,176,11,15,11,73,132,26,0,1,-1
51275,449,2021,Haven,2468,delz1k,KRÜ Esports,Astra,0.74,150,11,16,6,68,94,27,3,2,1
51275,449,2021,Haven,681,xand,FURIA,Jett,1.1,277,20,17,8,82,171,19,5,2,3
51275,449,2021,Haven,725,nzr,FURIA,Sova,1.09,192,15,14,7,86,138,19,1,1,0
51275,449,2021,Haven,8872,mazin,FURIA,Astra,1.07,244,19,17,7,77,145,25,4,1,3
51275,449,2021,Haven,1575,qck,FURIA,Skye,0.83,151,13,15,4,77,100,23,0,3,-3
51275,449,2021,Haven,1711,Khalil,FURIA,Killjoy,0.63,159,10,18,9,68,112,16,1,4,-3
51280,449,2021,Split,10782,Witz,Team Secret,Raze,1.57,281,18,9,3,89,182,22,2,0,2
51280,449,2021,Split,2333,BORKUM,Team Secret,Omen,1.51,233,18,7,5,72,140,18,2,0,2
51280,449,2021,Split,2335,dispenser,Team Secret,Cypher,1.18,217,15,10,4,72,144,35,1,1,0
51280,449,2021,Split,2679,DubsteP,Team Secret,Jett,1.08,237,14,14,6,72,136,17,8,1,7
51280,449,2021,Split,2334,JessieVash,Team Secret,Sage,0.7,126,7,12,10,83,83,18,1,2,-1
51280,449,2021,Split,1970,neth,Crazy Raccoon,Breach,1.09,204,11,13,11,61,149,27,0,1,-1
51280,449,2021,Split,805,Bazzi,Crazy Raccoon,Sova,0.84,194,12,14,2,67,125,22,1,0,1
51280,449,2021,Split,2489,Munchkin,Crazy Raccoon,Cypher,0.84,178,11,12,0,56,107,40,1,6,-5
51280,449,2021,Split,1026,ade,Crazy Raccoon,Astra,0.57,107,8,16,3,44,81,35,0,2,-2
51280,449,2021,Split,1046,Fisker,Crazy Raccoon,Jett,0.48,168,10,17,0,50,103,33,2,5,-3
51280,449,2021,Haven,2335,dispenser,Team Secret,Killjoy,1.74,308,18,7,2,93,229,21,2,2,0
51280,449,2021,Haven,2334,JessieVash,Team Secret,Sova,1.43,313,15,9,6,87,217,34,5,2,3
51280,449,2021,Haven,2333,BORKUM,Team Secret,Astra,1.35,145,11,6,4,80,102,29,0,1,-1
51280,449,2021,Haven,10782,Witz,Team Secret,Breach,1.25,171,10,7,8,93,133,26,0,0,0
51280,449,2021,Haven,2679,DubsteP,Team Secret,Jett,1.24,244,14,8,2,93,157,23,2,1,1
51280,449,2021,Haven,2489,Munchkin,Crazy Raccoon,Sova,0.79,160,8,13,7,60,129,31,3,1,2
51280,449,2021,Haven,1970,neth,Crazy Raccoon,Breach,0.74,167,8,13,4,53,111,29,2,1,1
51280,449,2021,Haven,1046,Fisker,Crazy Raccoon,Jett,0.67,176,10,14,1,60,99,35,1,4,-3
51280,449,2021,Haven,993,Medusa,Crazy Raccoon,Killjoy,0.5,139,7,14,2,47,93,30,0,2,-2
51280,449,2021,Haven,1026,ade,Crazy Raccoon,Astra,0.41,84,4,14,7,67,59,18,0,1,-1
51295,449,2021,Breeze,458,Chronicle,Gambit Esports,Skye,1.68,305,24,11,3,81,190,31,3,2,1
51295,449,2021,Breeze,1427,Redgar,Gambit Esports,Sova,1.24,202,17,14,4,71,153,37,2,2,0
51295,449,2021,Breeze,252,d3ffo,Gambit Esports,Jett,0.86,203,14,16,5,62,128,15,3,2,1
51295,449,2021,Breeze,1428,sheydos,Gambit Esports,Reyna,0.74,126,11,13,1,76,83,30,1,4,-3
51295,449,2021,Breeze,457,nAts,Gambit Esports,Viper,0.62,151,10,17,7,62,104,29,1,1,0
51295,449,2021,Breeze,1294,NagZ,KRÜ Esports,Jett,1.69,345,25,13,0,81,206,33,7,1,6
51295,449,2021,Breeze,2462,keznit,KRÜ Esports,Cypher,0.84,289,20,18,1,52,178,37,4,4,0
51295,449,2021,Breeze,2610,Klaus,KRÜ Esports,Sova,0.79,115,7,13,8,67,80,32,0,0,0
51295,449,2021,Breeze,7603,Mazino,KRÜ Esports,Kayo,0.74,124,8,15,7,57,93,36,0,2,-2
51295,449,2021,Breeze,2468,delz1k,KRÜ Esports,Viper,0.55,132,11,17,1,62,75,38,0,3,-3
51295,449,2021,Ascent,458,Chronicle,Gambit Esports,Sova,1.14,204,14,12,8,75,145,28,1,0,1
51295,449,2021,Ascent,252,d3ffo,Gambit Esports,Skye,1.02,191,13,14,9,70,121,23,2,3,-1
51295,449,2021,Ascent,1427,Redgar,Gambit Esports,Astra,0.95,191,15,17,7,70,107,32,5,2,3
51295,449,2021,Ascent,1428,sheydos,Gambit Esports,Sage,0.88,154,8,14,12,75,119,26,1,2,-1
51295,449,2021,Ascent,457,nAts,Gambit Esports,Cypher,0.62,141,10,16,3,60,101,33,0,4,-4
51295,449,2021,Ascent,7603,Mazino,KRÜ Esports,Sova,1.77,383,28,12,6,80,240,23,2,0,2
51295,449,2021,Ascent,1294,NagZ,KRÜ Esports,Jett,1.15,177,13,10,4,70,124,16,4,3,1
51295,449,2021,Ascent,2462,keznit,KRÜ Esports,Reyna,0.92,220,15,16,4,70,140,26,5,2,3
51295,449,2021,Ascent,2610,Klaus,KRÜ Esports,Killjoy,0.91,145,9,11,6,70,101,27,0,3,-3
51295,449,2021,Ascent,2468,delz1k,KRÜ Esports,Astra,0.81,103,7,11,8,75,80,26,0,1,-1
51295,449,2021,Bind,458,Chronicle,Gambit Esports,Sova,1.39,278,30,22,15,79,192,35,7,1,6
51295,449,2021,Bind,457,nAts,Gambit Esports,Viper,1.34,239,29,20,11,79,171,35,6,2,4
51295,449,2021,Bind,1427,Redgar,Gambit Esports,Astra,1.08,179,22,22,16,82,120,21,1,1,0
51295,449,2021,Bind,252,d3ffo,Gambit Esports,Jett,1.07,237,28,24,2,71,150,32,8,4,4
51295,449,2021,Bind,1428,sheydos,Gambit Esports,Skye,0.92,167,19,22,13,76,117,24,3,1,2
51295,449,2021,Bind,2610,Klaus,KRÜ Esports,Viper,1.13,204,25,21,9,62,132,26,2,8,-6
51295,449,2021,Bind,2468,delz1k,KRÜ Esports,Brimstone,1.04,211,26,26,12,74,145,24,1,2,-1
51295,449,2021,Bind,2462,keznit,KRÜ Esports,Raze,0.97,237,27,29,7,62,153,18,2,8,-6
51295,449,2021,Bind,7603,Mazino,KRÜ Esports,Skye,0.66,146,19,25,3,68,87,17,1,2,-1
51295,449,2021,Bind,1294,NagZ,KRÜ Esports,Sage,0.54,112,13,27,12,62,68,12,3,5,-2
51277,449,2021,Icebox,252,d3ffo,Gambit Esports,Jett,1.41,298,19,14,2,68,187,34,5,2,3
51277,449,2021,Icebox,1428,sheydos,Gambit Esports,Reyna,0.89,209,13,15,3,53,134,26,0,3,-3
51277,449,2021,Icebox,457,nAts,Gambit Esports,Viper,0.64,159,10,15,2,63,89,35,0,6,-6
51277,449,2021,Icebox,458,Chronicle,Gambit Esports,Sova,0.64,172,12,16,2,63,98,40,0,1,-1
51277,449,2021,Icebox,1427,Redgar,Gambit Esports,Sage,0.57,118,7,16,4,53,72,27,1,1,0
51277,449,2021,Icebox,2335,dispenser,Team Secret,Sage,1.4,249,20,10,9,89,157,24,1,0,1
51277,449,2021,Icebox,2679,DubsteP,Team Secret,Jett,1.27,291,20,15,2,74,190,28,5,3,2
51277,449,2021,Icebox,10782,Witz,Team Secret,Reyna,1.01,210,15,13,5,79,133,26,2,2,0
51277,449,2021,Icebox,2334,JessieVash,Team Secret,Sova,0.99,183,12,12,4,74,138,31,2,0,2
51277,449,2021,Icebox,2333,BORKUM,Team Secret,Viper,0.75,139,9,11,2,74,93,20,3,1,2
51277,449,2021,Breeze,457,nAts,Gambit Esports,Viper,1.91,251,14,1,4,92,157,19,1,1,0
51277,449,2021,Breeze,458,Chronicle,Gambit Esports,Killjoy,1.79,295,16,4,0,92,207,36,1,0,1
51277,449,2021,Breeze,1428,sheydos,Gambit Esports,Skye,1.5,303,15,8,1,85,183,26,5,0,5
51277,449,2021,Breeze,1427,Redgar,Gambit Esports,Sova,1.13,127,7,4,6,85,90,11,0,0,0
51277,449,2021,Breeze,252,d3ffo,Gambit Esports,Jett,1.09,251,11,9,3,77,163,26,4,1,3
51277,449,2021,Breeze,2334,JessieVash,Team Secret,Sova,0.93,239,9,12,4,62,163,21,0,1,-1
51277,449,2021,Breeze,10782,Witz,Team Secret,Skye,0.5,166,6,12,0,38,97,33,0,1,-1
51277,449,2021,Breeze,2333,BORKUM,Team Secret,Viper,0.33,89,3,13,1,31,61,11,0,1,-1
51277,449,2021,Breeze,2335,dispenser,Team Secret,Cypher,0.31,88,4,13,0,46,56,21,1,3,-2
51277,449,2021,Breeze,2679,DubsteP,Team Secret,Jett,0.17,104,4,13,1,31,72,20,1,5,-4
51277,449,2021,Bind,457,nAts,Gambit Esports,Viper,1.48,292,21,12,2,68,155,22,3,2,1
51277,449,2021,Bind,252,d3ffo,Gambit Esports,Jett,1.22,226,16,11,1,68,147,29,4,3,1
51277,449,2021,Bind,458,Chronicle,Gambit Esports,Sova,1.16,273,18,14,4,63,197,31,1,1,0
51277,449,2021,Bind,1427,Redgar,Gambit Esports,Astra,0.97,164,13,12,5,79,123,50,2,1,1
51277,449,2021,Bind,1428,sheydos,Gambit Esports,Skye,0.78,166,10,14,3,63,126,23,2,0,2
51277,449,2021,Bind,2334,JessieVash,Team Secret,Sova,1.06,226,13,15,8,74,144,28,2,1,1
51277,449,2021,Bind,2335,dispenser,Team Secret,Killjoy,0.85,173,12,16,5,74,106,20,1,2,-1
51277,449,2021,Bind,2679,DubsteP,Team Secret,Jett,0.83,192,15,15,1,68,113,18,2,2,0
51277,449,2021,Bind,2333,BORKUM,Team Secret,Astra,0.82,201,14,16,5,68,108,19,1,4,-3
51277,449,2021,Bind,10782,Witz,Team Secret,Skye,0.57,151,9,16,5,63,97,27,1,3,-2
51286,449,2021,Ascent,485,stax,Vision Strikers,Kayo,1.16,278,24,19,8,78,178,33,0,3,-3
51286,449,2021,Ascent,771,k1Ng,Vision Strikers,Killjoy,0.93,167,13,15,3,74,111,24,2,1,1
51286,449,2021,Ascent,804,BuZz,Vision Strikers,Jett,0.79,231,17,20,4,65,130,21,6,7,-1
51286,449,2021,Ascent,488,Rb,Vision Strikers,Sova,0.61,112,9,16,1,57,75,23,0,1,-1
51286,449,2021,Ascent,4462,MaKo,Vision Strikers,Astra,0.61,106,10,18,9,61,67,30,0,3,-3
51286,449,2021,Ascent,7873,leaf,Cloud9,Jett,1.65,355,26,16,7,83,228,20,9,0,9
51286,449,2021,Ascent,7871,Xeppaa,Cloud9,Kayo,1.28,237,21,15,13,83,149,25,4,1,3
51286,449,2021,Ascent,612,mitch,Cloud9,Killjoy,1.02,184,15,14,6,70,114,10,1,2,-1
51286,449,2021,Ascent,7870,vanity,Cloud9,Astra,1.02,135,12,14,13,78,108,16,1,4,-3
51286,449,2021,Ascent,474,xeta,Cloud9,Sova,0.96,139,14,14,9,83,90,18,0,1,-1
51286,449,2021,Split,4462,MaKo,Vision Strikers,Viper,1.33,221,17,10,6,82,133,16,1,1,0
51286,449,2021,Split,804,BuZz,Vision Strikers,Raze,1.31,313,22,14,3,73,198,27,7,3,4
51286,449,2021,Split,485,stax,Vision Strikers,Skye,1.18,175,14,11,5,73,120,23,3,0,3
51286,449,2021,Split,488,Rb,Vision Strikers,Sage,1.14,217,18,14,9,73,139,27,3,3,0
51286,449,2021,Split,771,k1Ng,Vision Strikers,Astra,0.84,124,11,12,11,82,100,33,0,1,-1
51286,449,2021,Split,7873,leaf,Cloud9,Skye,1.06,218,17,17,4,59,129,13,3,2,1
51286,449,2021,Split,612,mitch,Cloud9,Killjoy,0.91,186,12,16,3,73,127,14,1,0,1
51286,449,2021,Split,474,xeta,Cloud9,Breach,0.9,113,8,14,7,64,84,10,0,0,0
51286,449,2021,Split,7870,vanity,Cloud9,Astra,0.79,136,10,16,8,64,96,17,2,4,-2
51286,449,2021,Split,7871,Xeppaa,Cloud9,Raze,0.69,213,14,19,8,59,147,10,2,8,-6
51286,449,2021,Breeze,771,k1Ng,Vision Strikers,Cypher,1.1,190,19,15,3,58,136,33,1,2,-1
51286,449,2021,Breeze,488,Rb,Vision Strikers,Sova,0.96,185,15,16,6,71,111,31,2,1,1
51286,449,2021,Breeze,4462,MaKo,Vision Strikers,Viper,0.96,190,15,17,11,71,137,29,2,5,-3
51286,449,2021,Breeze,485,stax,Vision Strikers,Skye,0.73,183,15,19,5,63,113,35,2,4,-2
51286,449,2021,Breeze,804,BuZz,Vision Strikers,Jett,0.67,179,15,21,4,54,115,17,2,3,-1
51286,449,2021,Breeze,612,mitch,Cloud9,Cypher,1.41,263,26,14,1,92,158,28,3,1,2
51286,449,2021,Breeze,7871,Xeppaa,Cloud9,Kayo,1.36,238,20,15,7,75,158,23,2,0,2
51286,449,2021,Breeze,7873,leaf,Cloud9,Jett,1.2,256,21,17,3,71,172,29,6,6,0
51286,449,2021,Breeze,474,xeta,Cloud9,Sova,0.91,135,11,15,15,75,116,21,1,1,0
51286,449,2021,Breeze,7870,vanity,Cloud9,Viper,0.74,149,10,18,12,71,105,32,3,1,2
51296,449,2021,Breeze,562,zeek,Acend,Kayo,0.96,170,13,17,9,63,121,47,3,0,3
51296,449,2021,Breeze,3672,BONECOLD,Acend,Sova,0.89,168,14,16,4,58,117,57,2,4,-2
51296,449,2021,Breeze,573,cNed,Acend,Jett,0.89,178,16,16,0,63,107,20,3,3,0
51296,449,2021,Breeze,565,starxo,Acend,Viper,0.68,144,12,20,4,50,96,48,1,1,0
51296,449,2021,Breeze,2894,Kiles,Acend,Cypher,0.58,120,11,19,2,50,80,26,3,4,-1
51296,449,2021,Breeze,457,nAts,Gambit Esports,Viper,1.82,337,29,10,6,79,218,27,4,0,4
51296,449,2021,Breeze,458,Chronicle,Gambit Esports,Killjoy,1.32,260,22,14,4,67,181,29,3,3,0
51296,449,2021,Breeze,252,d3ffo,Gambit Esports,Jett,0.95,168,15,14,3,75,112,24,3,4,-1
51296,449,2021,Breeze,1428,sheydos,Gambit Esports,Skye,0.85,151,12,13,1,67,113,27,2,2,0
51296,449,2021,Breeze,1427,Redgar,Gambit Esports,Sova,0.82,122,10,15,7,75,80,17,0,3,-3
51296,449,2021,Ascent,3672,BONECOLD,Acend,Sova,1.41,246,17,10,7,90,162,41,1,0,1
51296,449,2021,Ascent,565,starxo,Acend,Astra,1.18,212,16,11,8,80,137,31,1,2,-1
51296,449,2021,Ascent,573,cNed,Acend,Jett,1.18,209,17,11,6,70,155,22,3,3,0
51296,449,2021,Ascent,562,zeek,Acend,Kayo,1.11,206,15,12,9,65,126,31,2,3,-1
51296,449,2021,Ascent,2894,Kiles,Acend,Killjoy,0.77,141,10,12,5,80,102,31,3,2,1
51296,449,2021,Ascent,1427,Redgar,Gambit Esports,Astra,1.27,249,17,15,7,75,166,39,5,2,3
51296,449,2021,Ascent,1428,sheydos,Gambit Esports,Skye,1.18,219,16,16,6,65,141,27,1,0,1
51296,449,2021,Ascent,252,d3ffo,Gambit Esports,Jett,0.82,160,9,14,2,70,108,29,2,3,-1
51296,449,2021,Ascent,457,nAts,Gambit Esports,Cypher,0.69,138,9,16,4,45,96,31,2,2,0
51296,449,2021,Ascent,458,Chronicle,Gambit Esports,Sova,0.46,76,5,14,3,60,49,56,0,3,-3
51296,449,2021,Fracture,565,starxo,Acend,Astra,0.86,188,11,15,2,50,107,19,1,0,1
51296,449,2021,Fracture,3672,BONECOLD,Acend,Breach,0.6,113,6,14,3,56,78,24,1,1,0
51296,449,2021,Fracture,562,zeek,Acend,Raze,0.37,130,6,15,1,44,89,16,2,5,-3
51296,449,2021,Fracture,573,cNed,Acend,Jett,0.3,127,5,15,2,31,90,24,0,5,-5
51296,449,2021,Fracture,2894,Kiles,Acend,Cypher,0.07,42,2,16,0,25,28,25,0,1,-1
51296,449,2021,Fracture,457,nAts,Gambit Esports,Cypher,2.37,394,26,3,4,100,249,35,4,0,4
51296,449,2021,Fracture,458,Chronicle,Gambit Esports,Brimstone,1.82,296,17,4,8,94,192,30,2,1,1
51296,449,2021,Fracture,1427,Redgar,Gambit Esports,Breach,1.47,164,10,4,9,100,111,24,2,0,2
51296,449,2021,Fracture,252,d3ffo,Gambit Esports,Raze,0.89,182,11,9,1,94,124,31,4,2,2
51296,449,2021,Fracture,1428,sheydos,Gambit Esports,Sage,0.89,159,10,10,3,88,111,32,0,1,-1
51296,449,2021,Icebox,565,starxo,Acend,Sage,1.26,243,24,19,10,85,150,27,2,0,2
51296,449,2021,Icebox,562,zeek,Acend,Reyna,1.19,260,24,20,5,69,160,24,3,5,-2
51296,449,2021,Icebox,573,cNed,Acend,Jett,1.16,271,24,22,5,85,191,30,5,3,2
51296,449,2021,Icebox,3672,BONECOLD,Acend,Sova,0.81,121,11,16,6,65,92,33,1,6,-5
51296,449,2021,Icebox,2894,Kiles,Acend,Viper,0.77,131,10,18,10,69,89,21,0,1,-1
51296,449,2021,Icebox,457,nAts,Gambit Esports,Viper,1.13,189,17,17,13,77,142,45,1,0,1
51296,449,2021,Icebox,458,Chronicle,Gambit Esports,Sova,1.04,254,23,20,2,69,167,35,3,2,1
51296,449,2021,Icebox,1428,sheydos,Gambit Esports,Reyna,1.03,235,21,20,2,77,149,21,3,4,-1
51296,449,2021,Icebox,252,d3ffo,Gambit Esports,Jett,0.97,226,21,19,1,69,145,24,8,2,6
51296,449,2021,Icebox,1427,Redgar,Gambit Esports,Sage,0.72,143,13,17,10,73,105,26,0,3,-3
51296,449,2021,Split,573,cNed,Acend,Jett,1.4,257,18,11,8,90,185,26,4,1,3
51296,449,2021,Split,562,zeek,Acend,Raze,1.24,229,16,11,6,76,145,23,5,1,4
51296,449,2021,Split,565,starxo,Acend,Sage,1.23,255,20,14,8,71,168,25,1,3,-2
51296,449,2021,Split,3672,BONECOLD,Acend,Omen,0.83,181,15,15,5,71,116,37,2,3,-1
51296,449,2021,Split,2894,Kiles,Acend,Cypher,0.78,131,13,12,1,62,77,24,1,0,1
51296,449,2021,Split,458,Chronicle,Gambit Esports,Killjoy,1.12,212,14,15,3,71,144,19,2,2,0
51296,449,2021,Split,252,d3ffo,Gambit Esports,Jett,1.12,271,19,18,1,62,176,29,5,5,0
51296,449,2021,Split,457,nAts,Gambit Esports,Viper,0.84,169,12,16,4,57,111,18,0,2,-2
51296,449,2021,Split,1428,sheydos,Gambit Esports,Skye,0.64,110,9,16,4,48,79,21,1,1,0
51296,449,2021,Split,1427,Redgar,Gambit Esports,Astra,0.63,125,9,17,5,43,102,20,0,3,-3
51281,449,2021,Haven,727,saadhak,Team Vikings,Killjoy,1.05,245,16,15,3,53,156,22,2,2,0
51281,449,2021,Haven,5244,sutecas,Team Vikings,Astra,0.92,192,14,14,2,63,119,39,0,2,-2
51281,449,2021,Haven,659,Sacy,Team Vikings,Breach,0.7,170,10,17,5,63,118,20,1,2,-1
51281,449,2021,Haven,1585,gtn,Team Vikings,Jett,0.69,135,9,15,1,53,83,28,2,3,-1
51281,449,2021,Haven,651,frz,Team Vikings,Skye,0.64,137,7,16,11,68,96,24,2,3,-1
51281,449,2021,Haven,2679,DubsteP,Team Secret,Jett,1.96,432,28,13,3,89,284,40,7,2,5
51281,449,2021,Haven,2335,dispenser,Team Secret,Killjoy,1.52,254,20,9,2,74,149,19,2,1,1
51281,449,2021,Haven,2334,JessieVash,Team Secret,Sova,0.99,173,10,11,7,68,135,21,1,3,-2
51281,449,2021,Haven,10782,Witz,Team Secret,Breach,0.95,158,13,12,8,89,108,18,1,0,1
51281,449,2021,Haven,2333,BORKUM,Team Secret,Astra,0.65,94,6,11,10,68,73,24,1,1,0
51281,449,2021,Icebox,651,frz,Team Vikings,Reyna,1.18,272,19,16,4,75,167,22,3,1,2
51281,449,2021,Icebox,659,Sacy,Team Vikings,Sova,1.05,234,15,17,8,75,161,30,5,1,4
51281,449,2021,Icebox,5244,sutecas,Team Vikings,Viper,0.92,177,12,15,6,60,123,29,0,2,-2
51281,449,2021,Icebox,727,saadhak,Team Vikings,Sage,0.69,131,8,16,12,75,94,9,0,0,0
51281,449,2021,Icebox,1585,gtn,Team Vikings,Jett,0.65,179,12,18,7,70,107,19,2,6,-4
51281,449,2021,Icebox,2333,BORKUM,Team Secret,Viper,1.5,269,19,11,6,80,187,12,1,1,0
51281,449,2021,Icebox,2335,dispenser,Team Secret,Sage,1.43,267,19,14,9,75,195,34,1,0,1
51281,449,2021,Icebox,2679,DubsteP,Team Secret,Jett,1.11,225,17,13,1,75,149,36,4,3,1
51281,449,2021,Icebox,10782,Witz,Team Secret,Reyna,0.99,215,16,14,4,75,134,17,2,4,-2
51281,449,2021,Icebox,2334,JessieVash,Team Secret,Sova,0.9,163,11,14,12,80,141,20,2,2,0
51276,449,2021,Fracture,46,ShahZaM,Sentinels,Breach,1.5,279,23,11,5,80,171,14,3,1,2
51276,449,2021,Fracture,45,SicK,Sentinels,Skye,1.41,262,19,11,7,95,171,28,2,0,2
51276,449,2021,Fracture,9,TenZ,Sentinels,Jett,1.16,202,13,12,6,75,136,18,5,5,0
51276,449,2021,Fracture,454,dapr,Sentinels,Killjoy,0.98,172,13,11,6,80,112,9,1,1,0
51276,449,2021,Fracture,47,zombs,Sentinels,Viper,0.87,202,14,15,7,65,130,19,1,1,0
51276,449,2021,Fracture,7603,Mazino,KRÜ Esports,Cypher,1.14,261,16,16,4,60,188,22,0,0,0
51276,449,2021,Fracture,2462,keznit,KRÜ Esports,Breach,1.11,229,16,14,7,55,152,26,2,1,1
51276,449,2021,Fracture,2468,delz1k,KRÜ Esports,Astra,0.96,178,13,17,6,60,118,34,1,0,1
51276,449,2021,Fracture,2610,Klaus,KRÜ Esports,Viper,0.6,183,11,18,6,60,108,26,4,4,0
51276,449,2021,Fracture,1294,NagZ,KRÜ Esports,Jett,0.23,69,4,17,3,35,54,30,1,7,-6
51276,449,2021,Haven,46,ShahZaM,Sentinels,Sova,1.74,296,27,14,9,92,201,27,3,1,2
51276,449,2021,Haven,9,TenZ,Sentinels,Jett,1.35,234,18,15,6,75,163,17,5,1,4
51276,449,2021,Haven,45,SicK,Sentinels,Skye,1.12,218,18,19,14,71,168,25,4,1,3
51276,449,2021,Haven,454,dapr,Sentinels,Cypher,0.76,173,14,17,2,75,104,21,2,3,-1
51276,449,2021,Haven,47,zombs,Sentinels,Astra,0.2,82,7,21,7,46,55,5,0,4,-4
51276,449,2021,Haven,7603,Mazino,KRÜ Esports,Sova,1.28,252,21,17,9,83,177,30,0,1,-1
51276,449,2021,Haven,1294,NagZ,KRÜ Esports,Jett,1.27,270,22,17,5,79,173,17,5,5,0
51276,449,2021,Haven,2610,Klaus,KRÜ Esports,Killjoy,1.1,204,17,14,2,75,142,28,1,1,0
51276,449,2021,Haven,2462,keznit,KRÜ Esports,Reyna,0.76,186,15,20,7,71,110,23,3,2,1
51276,449,2021,Haven,2468,delz1k,KRÜ Esports,Astra,0.51,115,11,16,5,58,70,30,1,5,-4
51276,449,2021,Split,454,dapr,Sentinels,Viper,1.31,282,22,18,6,71,176,18,4,1,3
51276,449,2021,Split,45,SicK,Sentinels,Sage,1.08,215,15,17,5,75,138,25,6,1,5
51276,449,2021,Split,47,zombs,Sentinels,Astra,0.99,175,15,16,5,67,123,22,1,0,1
51276,449,2021,Split,46,ShahZaM,Sentinels,Skye,0.77,177,14,19,4,58,123,16,0,3,-3
51276,449,2021,Split,9,TenZ,Sentinels,Jett,0.44,119,9,20,7,54,92,24,1,7,-6
51276,449,2021,Split,2462,keznit,KRÜ Esports,Raze,1.28,250,21,14,6,75,154,13,4,4,0
51276,449,2021,Split,1294,NagZ,KRÜ Esports,Jett,1.26,215,18,11,5,75,154,13,4,3,1
51276,449,2021,Split,2610,Klaus,KRÜ Esports,Viper,1.19,199,18,15,11,92,151,23,3,2,1
51276,449,2021,Split,7603,Mazino,KRÜ Esports,Skye,0.95,202,16,17,8,63,128,30,0,0,0
51276,449,2021,Split,2468,delz1k,KRÜ Esports,Astra,0.94,216,17,18,8,63,146,22,1,3,-2
51284,449,2021,Icebox,485,stax,Vision Strikers,Kayo,1.12,199,18,15,4,65,142,34,1,2,-1
51284,449,2021,Icebox,4462,MaKo,Vision Strikers,Viper,0.96,178,13,14,6,65,134,32,1,2,-1
51284,449,2021,Icebox,488,Rb,Vision Strikers,Sage,0.91,172,14,16,10,74,115,37,2,6,-4
51284,449,2021,Icebox,773,Lakia,Vision Strikers,Sova,0.9,203,15,16,3,70,137,17,3,2,1
51284,449,2021,Icebox,804,BuZz,Vision Strikers,Jett,0.65,146,10,18,2,70,97,36,2,2,0
51284,449,2021,Icebox,5022,Derke,FNATIC,Jett,1.47,268,24,12,1,74,173,39,4,3,1
51284,449,2021,Icebox,1369,doma,FNATIC,Sage,1.21,177,16,12,6,78,135,39,1,0,1
51284,449,2021,Icebox,438,Boaster,FNATIC,Sova,1.0,197,15,15,7,91,145,19,1,2,-1
51284,449,2021,Icebox,2173,MAGNUM,FNATIC,Killjoy,0.96,166,13,15,2,74,105,13,3,1,2
51284,449,2021,Icebox,1457,Mistic,FNATIC,Viper,0.86,168,11,16,13,74,123,39,5,3,2
51284,449,2021,Haven,804,BuZz,Vision Strikers,Jett,1.16,208,16,13,5,78,144,16,3,4,-1
51284,449,2021,Haven,485,stax,Vision Strikers,Breach,1.16,225,19,16,8,78,144,33,1,1,0
51284,449,2021,Haven,488,Rb,Vision Strikers,Skye,1.12,203,17,16,7,74,128,32,2,1,1
51284,449,2021,Haven,4462,MaKo,Vision Strikers,Astra,1.07,201,17,15,10,83,138,19,2,2,0
51284,449,2021,Haven,771,k1Ng,Vision Strikers,Killjoy,1.0,174,13,14,4,74,119,24,2,5,-3
51284,449,2021,Haven,2173,MAGNUM,FNATIC,Killjoy,1.3,242,20,15,3,78,164,26,4,1,3
51284,449,2021,Haven,438,Boaster,FNATIC,Sova,1.01,182,16,16,6,83,132,21,2,1,1
51284,449,2021,Haven,1369,doma,FNATIC,Skye,0.83,172,15,17,6,70,122,32,2,1,1
51284,449,2021,Haven,5022,Derke,FNATIC,Raze,0.72,180,12,18,7,65,126,17,4,6,-2
51284,449,2021,Haven,1457,Mistic,FNATIC,Astra,0.68,131,11,16,5,70,79,23,1,1,0
51284,449,2021,Fracture,4462,MaKo,Vision Strikers,Astra,1.15,236,17,15,5,63,138,25,1,1,0
51284,449,2021,Fracture,804,BuZz,Vision Strikers,Jett,1.09,250,16,15,0,63,140,29,3,3,0
51284,449,2021,Fracture,485,stax,Vision Strikers,Breach,0.72,138,10,14,4,58,92,27,0,2,-2
51284,449,2021,Fracture,488,Rb,Vision Strikers,Skye,0.6,108,7,14,2,58,73,27,3,2,1
51284,449,2021,Fracture,771,k1Ng,Vision Strikers,Killjoy,0.27,81,3,14,4,53,64,30,0,4,-4
51284,449,2021,Fracture,5022,Derke,FNATIC,Raze,1.92,376,25,10,4,84,246,26,8,2,6
51284,449,2021,Fracture,1369,doma,FNATIC,Breach,1.57,285,21,10,8,84,179,25,1,0,1
51284,449,2021,Fracture,2173,MAGNUM,FNATIC,Cypher,1.08,193,15,9,1,74,118,45,2,2,0
51284,449,2021,Fracture,438,Boaster,FNATIC,Viper,0.79,105,6,10,9,68,74,3,0,2,-2
51284,449,2021,Fracture,1457,Mistic,FNATIC,Astra,0.41,62,5,14,5,63,49,25,1,1,0
51266,449,2021,Icebox,573,cNed,Acend,Jett,1.07,246,18,17,4,68,168,30,5,2,3
51266,449,2021,Icebox,2894,Kiles,Acend,Viper,0.99,195,15,15,10,77,134,27,1,0,1
51266,449,2021,Icebox,565,starxo,Acend,Sage,0.98,188,14,15,7,73,141,26,1,0,1
51266,449,2021,Icebox,3672,BONECOLD,Acend,Sova,0.97,163,14,16,5,77,116,30,0,1,-1
51266,449,2021,Icebox,562,zeek,Acend,Reyna,0.91,195,15,15,5,68,120,15,5,7,-2
51266,449,2021,Icebox,939,mwzera,Keyd Stars,Sova,1.4,265,21,13,5,77,155,12,1,1,0
51266,449,2021,Icebox,8673,heat,Keyd Stars,Jett,1.33,269,23,16,2,73,188,50,7,4,3
51266,449,2021,Icebox,783,murizzz,Keyd Stars,Killjoy,1.2,229,20,15,2,73,144,24,1,2,-1
51266,449,2021,Icebox,1219,v1xen,Keyd Stars,Viper,0.78,121,8,14,17,73,95,21,1,3,-2
51266,449,2021,Icebox,937,JhoW,Keyd Stars,Sage,0.49,105,6,18,10,64,82,14,0,2,-2
51266,449,2021,Bind,562,zeek,Acend,Raze,1.84,332,19,8,7,88,217,22,4,0,4
51266,449,2021,Bind,573,cNed,Acend,Sage,1.57,291,15,10,13,94,192,24,3,1,2
51266,449,2021,Bind,2894,Kiles,Acend,Viper,1.19,193,11,8,12,75,128,42,3,2,1
51266,449,2021,Bind,3672,BONECOLD,Acend,Brimstone,0.9,138,8,9,5,75,99,21,0,0,0
51266,449,2021,Bind,565,starxo,Acend,Skye,0.54,160,10,12,2,63,85,7,1,2,-1
51266,449,2021,Bind,939,mwzera,Keyd Stars,Skye,1.09,253,13,14,2,69,154,11,3,1,2
51266,449,2021,Bind,8673,heat,Keyd Stars,Jett,0.9,224,13,13,0,56,133,30,0,5,-5
51266,449,2021,Bind,1219,v1xen,Keyd Stars,Astra,0.77,154,9,12,7,63,104,11,1,2,-1
51266,449,2021,Bind,783,murizzz,Keyd Stars,Sage,0.71,111,5,11,12,75,108,28,1,1,0
51266,449,2021,Bind,937,JhoW,Keyd Stars,Viper,0.66,168,7,13,3,69,122,21,0,2,-2
51266,449,2021,Breeze,562,zeek,Acend,Kayo,0.0,163,13,12,9,91,109,21,5,0,5
51266,449,2021,Breeze,3672,BONECOLD,Acend,Sova,0.0,158,13,10,5,87,108,34,1,2,-1
51266,449,2021,Breeze,565,starxo,Acend,Viper,0.0,151,11,16,6,78,109,24,1,2,-1
51266,449,2021,Breeze,573,cNed,Acend,Jett,0.0,127,10,14,0,74,75,35,2,2,0
51266,449,2021,Breeze,2894,Kiles,Acend,Cypher,0.0,99,8,13,2,65,60,24,0,1,-1
51266,449,2021,Breeze,8673,heat,Keyd Stars,Jett,0.0,201,18,11,1,78,131,35,2,3,-1
51266,449,2021,Breeze,937,JhoW,Keyd Stars,Cypher,0.0,166,14,11,2,83,101,17,4,1,3
51266,449,2021,Breeze,1219,v1xen,Keyd Stars,Viper,0.0,143,13,10,4,78,99,29,0,1,-1
51266,449,2021,Breeze,939,mwzera,Keyd Stars,Sova,0.0,133,11,12,7,96,82,24,0,0,0
51266,449,2021,Breeze,783,murizzz,Keyd Stars,Reyna,0.0,106,9,11,2,91,64,21,1,4,-3
51283,449,2021,Icebox,5022,Derke,FNATIC,Jett,1.69,336,30,14,3,88,201,22,7,2,5
51283,449,2021,Icebox,438,Boaster,FNATIC,Sova,1.19,281,22,18,7,88,180,19,3,3,0
51283,449,2021,Icebox,1457,Mistic,FNATIC,Viper,1.06,148,13,13,7,67,117,27,2,0,2
51283,449,2021,Icebox,2173,MAGNUM,FNATIC,Killjoy,1.03,195,17,14,3,79,126,12,4,1,3
51283,449,2021,Icebox,1369,doma,FNATIC,Sage,0.87,150,12,14,11,75,109,11,0,2,-2
51283,449,2021,Icebox,7873,leaf,Cloud9,Jett,1.19,273,21,20,8,71,191,25,4,7,-3
51283,449,2021,Icebox,474,xeta,Cloud9,Sova,0.95,196,16,18,4,71,125,27,3,2,1
51283,449,2021,Icebox,7871,Xeppaa,Cloud9,Raze,0.81,191,17,20,2,63,118,12,0,4,-4
51283,449,2021,Icebox,7870,vanity,Cloud9,Viper,0.71,137,9,18,11,63,100,10,0,1,-1
51283,449,2021,Icebox,612,mitch,Cloud9,Sage,0.6,112,10,18,8,54,73,9,1,2,-1
51283,449,2021,Split,2173,MAGNUM,FNATIC,Killjoy,1.29,236,21,17,2,79,154,22,3,2,1
51283,449,2021,Split,1369,doma,FNATIC,Kayo,1.16,211,19,17,10,79,147,29,0,1,-1
51283,449,2021,Split,5022,Derke,FNATIC,Raze,0.9,215,16,20,9,67,133,13,6,7,-1
51283,449,2021,Split,1457,Mistic,FNATIC,Viper,0.75,113,10,17,5,71,75,19,1,1,0
51283,449,2021,Split,438,Boaster,FNATIC,Astra,0.69,122,9,18,9,71,84,9,0,3,-3
51283,449,2021,Split,612,mitch,Cloud9,Killjoy,1.26,261,21,15,5,88,170,12,5,2,3
51283,449,2021,Split,474,xeta,Cloud9,Breach,1.2,190,19,12,8,83,127,25,0,0,0
51283,449,2021,Split,7870,vanity,Cloud9,Astra,1.05,225,19,16,11,88,149,18,3,3,0
51283,449,2021,Split,7873,leaf,Cloud9,Skye,0.86,177,15,15,8,75,132,13,1,3,-2
51283,449,2021,Split,7871,Xeppaa,Cloud9,Raze,0.73,191,15,17,4,63,133,24,5,2,3
51283,449,2021,Fracture,1369,doma,FNATIC,Breach,1.35,231,22,16,15,81,173,29,3,0,3
51283,449,2021,Fracture,5022,Derke,FNATIC,Raze,1.34,323,28,20,4,65,187,25,8,5,3
51283,449,2021,Fracture,1457,Mistic,FNATIC,Astra,1.24,188,18,12,9,73,124,35,0,1,-1
51283,449,2021,Fracture,2173,MAGNUM,FNATIC,Cypher,0.97,176,17,15,7,69,117,26,3,3,0
51283,449,2021,Fracture,438,Boaster,FNATIC,Viper,0.73,101,10,15,6,73,62,16,1,2,-1
51283,449,2021,Fracture,7871,Xeppaa,Cloud9,Raze,1.42,292,25,18,8,73,190,16,3,1,2
51283,449,2021,Fracture,474,xeta,Cloud9,Breach,1.08,171,16,16,10,69,109,13,3,0,3
51283,449,2021,Fracture,7870,vanity,Cloud9,Astra,0.9,163,15,19,6,58,102,17,1,2,-1
51283,449,2021,Fracture,612,mitch,Cloud9,Killjoy,0.57,144,12,19,5,62,107,26,1,4,-3
51283,449,2021,Fracture,7873,leaf,Cloud9,Skye,0.39,129,10,23,7,50,95,20,3,8,-5
51285,449,2021,Split,4375,SuperBusS,FULL SENSE,Astra,0.94,191,13,15,7,70,126,16,0,0,0
51285,449,2021,Split,4376,SantaGolf,FULL SENSE,Cypher,0.9,181,13,15,1,75,109,21,1,2,-1
51285,449,2021,Split,4378,LAMMYSNAX,FULL SENSE,Viper,0.76,158,11,16,3,60,110,29,1,2,-1
51285,449,2021,Split,3401,PTC,FULL SENSE,Breach,0.69,152,11,17,5,60,106,41,4,2,2
51285,449,2021,Split,4377,JohnOlsen,FULL SENSE,Jett,0.67,190,13,17,3,50,135,26,2,6,-4
51285,449,2021,Split,612,mitch,Cloud9,Killjoy,1.59,238,17,9,3,85,169,18,2,0,2
51285,449,2021,Split,7873,leaf,Cloud9,Skye,1.37,284,20,13,4,70,183,27,5,2,3
51285,449,2021,Split,474,xeta,Cloud9,Breach,1.3,215,18,11,4,80,154,46,0,0,0
51285,449,2021,Split,7871,Xeppaa,Cloud9,Raze,0.99,220,14,15,8,80,140,16,3,4,-1
51285,449,2021,Split,7870,vanity,Cloud9,Astra,0.76,150,11,13,9,75,97,13,2,2,0
51285,449,2021,Breeze,4378,LAMMYSNAX,FULL SENSE,Sova,1.17,267,24,20,6,73,172,23,4,0,4
51285,449,2021,Breeze,3401,PTC,FULL SENSE,Jett,1.05,227,19,17,8,73,159,21,7,6,1
51285,449,2021,Breeze,4375,SuperBusS,FULL SENSE,Viper,1.02,212,19,18,6,73,149,23,2,2,0
51285,449,2021,Breeze,4376,SantaGolf,FULL SENSE,Cypher,0.86,122,12,16,4,65,77,35,2,1,1
51285,449,2021,Breeze,4377,JohnOlsen,FULL SENSE,Skye,0.83,159,16,18,2,58,108,28,1,1,0
51285,449,2021,Breeze,7873,leaf,Cloud9,Jett,1.41,308,27,19,8,65,202,22,6,4,2
51285,449,2021,Breeze,474,xeta,Cloud9,Sova,1.38,255,23,18,12,85,161,30,2,4,-2
51285,449,2021,Breeze,7870,vanity,Cloud9,Viper,0.87,184,15,19,10,65,129,20,1,3,-2
51285,449,2021,Breeze,7871,Xeppaa,Cloud9,Kayo,0.81,127,11,17,13,62,98,19,0,2,-2
51285,449,2021,Breeze,612,mitch,Cloud9,Cypher,0.72,125,13,17,2,65,84,22,1,3,-2
51267,449,2021,Breeze,881,yay,ENVY,Jett,1.37,273,21,14,4,76,165,14,6,2,4
51267,449,2021,Breeze,4,crashies,ENVY,Sova,1.21,217,17,13,6,81,139,25,1,0,1
51267,449,2021,Breeze,263,Marved,ENVY,Viper,1.1,205,15,12,3,81,144,38,1,0,1
51267,449,2021,Breeze,261,Victor,ENVY,Kayo,1.09,181,15,12,8,67,122,20,2,3,-1
51267,449,2021,Breeze,817,FiNESSE,ENVY,Killjoy,0.86,242,17,17,3,71,156,20,3,3,0
51267,449,2021,Breeze,4382,sScary,X10 Esports,Viper,1.08,220,17,15,3,71,140,18,1,1,0
51267,449,2021,Breeze,2452,Patiphan,X10 Esports,Jett,0.97,231,16,18,2,71,167,17,2,3,-1
51267,449,2021,Breeze,6723,foxz,X10 Esports,Sova,0.97,200,14,15,2,76,142,27,1,2,-1
51267,449,2021,Breeze,3342,Sushiboys,X10 Esports,Cypher,0.76,177,13,17,2,52,107,19,1,2,-1
51267,449,2021,Breeze,3977,Crws,X10 Esports,Kayo,0.57,139,8,20,15,71,97,24,3,5,-2
51267,449,2021,Ascent,4,crashies,ENVY,Sova,1.37,192,14,9,6,85,129,16,1,1,0
51267,449,2021,Ascent,881,yay,ENVY,Jett,1.22,216,16,11,4,65,140,11,4,4,0
51267,449,2021,Ascent,263,Marved,ENVY,Astra,1.18,210,13,12,9,75,144,27,1,1,0
51267,449,2021,Ascent,817,FiNESSE,ENVY,Killjoy,1.0,171,13,11,2,65,106,22,1,1,0
51267,449,2021,Ascent,261,Victor,ENVY,Skye,0.89,189,15,14,4,60,117,28,3,3,0
51267,449,2021,Ascent,3977,Crws,X10 Esports,Kayo,1.35,252,19,12,7,75,161,27,0,2,-2
51267,449,2021,Ascent,2452,Patiphan,X10 Esports,Jett,1.02,230,14,15,4,65,135,21,6,2,4
51267,449,2021,Ascent,4382,sScary,X10 Esports,Astra,0.66,133,9,14,5,70,88,39,1,2,-1
51267,449,2021,Ascent,6723,foxz,X10 Esports,Sova,0.63,146,9,14,2,50,96,18,2,3,-1
51267,449,2021,Ascent,3342,Sushiboys,X10 Esports,Cypher,0.53,100,6,16,2,55,78,15,1,1,0
51282,449,2021,Haven,485,stax,Vision Strikers,Breach,1.43,262,22,11,5,78,157,53,2,2,0
51282,449,2021,Haven,4462,MaKo,Vision Strikers,Astra,1.38,209,13,8,6,78,154,24,1,1,0
51282,449,2021,Haven,488,Rb,Vision Strikers,Skye,1.35,212,13,10,7,89,158,33,4,2,2
51282,449,2021,Haven,804,BuZz,Vision Strikers,Jett,1.05,206,14,12,6,89,152,38,0,1,-1
51282,449,2021,Haven,771,k1Ng,Vision Strikers,Killjoy,1.03,212,13,13,3,83,158,24,3,2,1
51282,449,2021,Haven,3401,PTC,FULL SENSE,Breach,1.0,182,12,14,10,67,115,17,1,2,-1
51282,449,2021,Haven,4377,JohnOlsen,FULL SENSE,Jett,0.92,227,13,18,5,67,175,21,5,3,2
51282,449,2021,Haven,4376,SantaGolf,FULL SENSE,Cypher,0.91,175,11,13,4,83,122,31,0,2,-2
51282,449,2021,Haven,4375,SuperBusS,FULL SENSE,Astra,0.71,153,10,14,3,50,116,26,0,1,-1
51282,449,2021,Haven,4378,LAMMYSNAX,FULL SENSE,Skye,0.43,147,8,16,3,56,105,29,2,2,0
51282,449,2021,Breeze,804,BuZz,Vision Strikers,Jett,1.91,366,26,9,1,78,224,20,4,2,2
51282,449,2021,Breeze,488,Rb,Vision Strikers,Sova,1.39,187,13,6,7,83,130,37,2,1,1
51282,449,2021,Breeze,771,k1Ng,Vision Strikers,Cypher,1.31,293,18,11,3,83,168,33,4,0,4
51282,449,2021,Breeze,4462,MaKo,Vision Strikers,Viper,0.93,147,9,10,11,83,104,29,1,0,1
51282,449,2021,Breeze,485,stax,Vision Strikers,Skye,0.38,81,4,14,8,56,61,29,1,3,-2
51282,449,2021,Breeze,4378,LAMMYSNAX,FULL SENSE,Sova,1.53,280,18,13,8,83,199,28,2,1,1
51282,449,2021,Breeze,4377,JohnOlsen,FULL SENSE,Jett,0.9,192,11,15,6,78,126,24,3,5,-2
51282,449,2021,Breeze,4375,SuperBusS,FULL SENSE,Viper,0.76,161,10,14,2,67,123,37,1,2,-1
51282,449,2021,Breeze,4376,SantaGolf,FULL SENSE,Cypher,0.48,80,5,14,0,56,57,60,0,1,-1
51282,449,2021,Breeze,3401,PTC,FULL SENSE,Skye,0.48,114,6,14,3,56,78,25,0,3,-3
51268,449,2021,Ascent,2894,Kiles,Acend,Killjoy,1.2,213,18,11,2,81,143,24,0,2,-2
51268,449,2021,Ascent,562,zeek,Acend,Kayo,1.17,206,14,10,14,81,124,24,4,3,1
51268,449,2021,Ascent,565,starxo,Acend,Astra,1.16,218,17,13,6,81,126,26,4,0,4
51268,449,2021,Ascent,573,cNed,Acend,Jett,1.11,235,17,14,4,67,147,29,4,2,2
51268,449,2021,Ascent,3672,BONECOLD,Acend,Sova,1.09,169,12,12,10,86,116,7,1,1,0
51268,449,2021,Ascent,881,yay,ENVY,Jett,1.17,222,17,15,2,76,146,22,3,4,-1
51268,449,2021,Ascent,263,Marved,ENVY,Astra,0.98,184,13,16,7,52,124,25,1,1,0
51268,449,2021,Ascent,4,crashies,ENVY,Sova,0.93,184,14,15,8,71,119,33,2,2,0
51268,449,2021,Ascent,817,FiNESSE,ENVY,Killjoy,0.7,153,10,15,5,71,128,15,0,4,-4
51268,449,2021,Ascent,261,Victor,ENVY,Skye,0.47,101,6,17,11,57,72,17,2,2,0
51268,449,2021,Bind,573,cNed,Acend,Sage,1.28,207,19,12,4,83,123,24,3,3,0
51268,449,2021,Bind,562,zeek,Acend,Raze,1.12,244,20,17,4,75,162,23,3,2,1
51268,449,2021,Bind,2894,Kiles,Acend,Viper,0.92,195,16,19,7,92,132,32,1,1,0
51268,449,2021,Bind,565,starxo,Acend,Skye,0.85,176,14,16,6,83,108,22,3,1,2
51268,449,2021,Bind,3672,BONECOLD,Acend,Brimstone,0.76,191,17,21,6,75,117,45,5,2,3
51268,449,2021,Bind,4,crashies,ENVY,Sova,1.45,240,21,12,9,83,173,22,1,2,-1
51268,449,2021,Bind,881,yay,ENVY,Jett,1.34,304,24,19,8,83,208,25,5,2,3
51268,449,2021,Bind,263,Marved,ENVY,Astra,0.77,177,16,19,4,67,108,35,1,3,-2
51268,449,2021,Bind,817,FiNESSE,ENVY,Viper,0.76,169,14,18,3,71,112,21,2,3,-1
51268,449,2021,Bind,261,Victor,ENVY,Skye,0.63,122,10,18,11,58,91,21,0,5,-5
51269,449,2021,Icebox,8673,heat,Keyd Stars,Jett,1.93,379,24,15,2,89,254,41,3,0,3
51269,449,2021,Icebox,939,mwzera,Keyd Stars,Sova,0.94,175,9,13,6,63,138,19,0,2,-2
51269,449,2021,Icebox,937,JhoW,Keyd Stars,Sage,0.59,128,9,17,5,53,83,26,2,2,0
51269,449,2021,Icebox,783,murizzz,Keyd Stars,Killjoy,0.53,181,10,18,5,68,122,17,3,3,0
51269,449,2021,Icebox,1219,v1xen,Keyd Stars,Viper,0.3,70,6,17,1,47,47,40,0,4,-4
51269,449,2021,Icebox,2452,Patiphan,X10 Esports,Reyna,1.55,336,23,12,4,74,218,24,4,3,1
51269,449,2021,Icebox,3342,Sushiboys,X10 Esports,Jett,1.51,300,22,11,4,84,200,21,3,0,3
51269,449,2021,Icebox,6723,foxz,X10 Esports,Sova,1.0,196,12,11,8,63,137,38,1,0,1
51269,449,2021,Icebox,3977,Crws,X10 Esports,Sage,0.99,181,12,12,11,79,113,25,2,2,0
51269,449,2021,Icebox,4382,sScary,X10 Esports,Viper,0.86,163,11,12,7,63,118,20,1,3,-2
51269,449,2021,Haven,783,murizzz,Keyd Stars,Breach,0.94,195,13,14,3,78,119,26,0,1,-1
51269,449,2021,Haven,937,JhoW,Keyd Stars,Killjoy,0.82,201,10,14,5,56,149,28,2,3,-1
51269,449,2021,Haven,1219,v1xen,Keyd Stars,Astra,0.82,195,11,16,3,61,131,40,3,0,3
51269,449,2021,Haven,939,mwzera,Keyd Stars,Sova,0.56,118,7,15,1,50,79,25,1,3,-2
51269,449,2021,Haven,8673,heat,Keyd Stars,Jett,0.55,163,10,17,3,56,111,32,1,4,-3
51269,449,2021,Haven,3342,Sushiboys,X10 Esports,Killjoy,1.85,300,22,6,2,94,191,18,2,1,1
51269,449,2021,Haven,6723,foxz,X10 Esports,Skye,1.72,327,22,11,3,83,205,30,3,0,3
51269,449,2021,Haven,2452,Patiphan,X10 Esports,Jett,0.97,194,12,11,5,72,121,22,3,5,-2
51269,449,2021,Haven,4382,sScary,X10 Esports,Astra,0.95,201,12,10,7,89,157,20,0,0,0
51269,449,2021,Haven,3977,Crws,X10 Esports,Breach,0.52,109,8,13,4,78,58,25,3,1,2
51278,449,2021,Icebox,659,Sacy,Team Vikings,Sova,1.64,357,29,16,9,86,228,20,4,1,3
51278,449,2021,Icebox,1585,gtn,Team Vikings,Jett,1.48,296,23,12,2,82,169,7,4,1,3
51278,449,2021,Icebox,727,saadhak,Team Vikings,Sage,0.95,182,15,15,9,73,123,21,1,1,0
51278,449,2021,Icebox,5244,sutecas,Team Vikings,Viper,0.88,158,13,15,7,82,114,19,2,2,0
51278,449,2021,Icebox,651,frz,Team Vikings,Reyna,0.67,173,13,17,4,82,129,28,2,4,-2
51278,449,2021,Icebox,805,Bazzi,Crazy Raccoon,Sova,1.24,216,16,17,12,73,161,29,1,2,-1
51278,449,2021,Icebox,2489,Munchkin,Crazy Raccoon,Kayo,1.17,249,20,19,10,77,156,30,3,2,1
51278,449,2021,Icebox,1970,neth,Crazy Raccoon,Sage,0.78,189,16,20,5,64,108,28,1,1,0
51278,449,2021,Icebox,1026,ade,Crazy Raccoon,Viper,0.66,122,9,16,5,50,91,42,1,4,-3
51278,449,2021,Icebox,1046,Fisker,Crazy Raccoon,Jett,0.57,207,14,21,6,64,130,29,3,4,-1
51278,449,2021,Haven,727,saadhak,Team Vikings,Killjoy,1.54,318,21,13,6,76,213,18,4,3,1
51278,449,2021,Haven,659,Sacy,Team Vikings,Breach,1.28,217,19,12,11,81,132,29,3,0,3
51278,449,2021,Haven,5244,sutecas,Team Vikings,Astra,1.2,206,18,12,11,67,169,30,0,2,-2
51278,449,2021,Haven,651,frz,Team Vikings,Skye,1.08,154,13,11,2,90,104,48,4,0,4
51278,449,2021,Haven,1585,gtn,Team Vikings,Jett,0.97,170,13,11,3,86,111,30,3,2,1
51278,449,2021,Haven,1046,Fisker,Crazy Raccoon,Jett,1.4,275,21,15,3,57,178,29,3,6,-3
51278,449,2021,Haven,993,Medusa,Crazy Raccoon,Killjoy,0.99,248,17,18,5,67,152,28,0,1,-1
51278,449,2021,Haven,1970,neth,Crazy Raccoon,Breach,0.66,97,6,16,11,62,68,13,0,2,-2
51278,449,2021,Haven,1026,ade,Crazy Raccoon,Astra,0.6,94,8,17,10,52,63,15,1,0,1
51278,449,2021,Haven,2489,Munchkin,Crazy Raccoon,Sova,0.49,146,7,18,8,48,109,28,3,5,-2
51273,449,2021,Ascent,46,ShahZaM,Sentinels,Sova,1.39,291,20,14,9,77,223,18,2,2,0
51273,449,2021,Ascent,9,TenZ,Sentinels,Jett,1.3,262,21,16,5,77,179,18,4,3,1
51273,449,2021,Ascent,47,zombs,Sentinels,Astra,1.15,147,12,11,11,82,114,23,2,1,1
51273,449,2021,Ascent,45,SicK,Sentinels,Skye,0.92,185,14,16,3,73,123,22,3,0,3
51273,449,2021,Ascent,454,dapr,Sentinels,Cypher,0.8,163,12,14,6,64,113,18,0,5,-5
51273,449,2021,Ascent,725,nzr,FURIA,Sova,1.19,220,17,14,6,86,144,24,2,1,1
51273,449,2021,Ascent,1711,Khalil,FURIA,Killjoy,1.04,225,17,17,6,64,139,13,3,5,-2
51273,449,2021,Ascent,8872,mazin,FURIA,Astra,1.04,186,18,15,4,68,117,27,2,1,1
51273,449,2021,Ascent,681,xand,FURIA,Jett,0.73,175,11,17,6,68,109,21,4,3,1
51273,449,2021,Ascent,1575,qck,FURIA,Sage,0.65,116,8,16,10,55,79,27,0,1,-1
51273,449,2021,Breeze,9,TenZ,Sentinels,Jett,1.29,270,22,17,3,74,171,30,5,2,3
51273,449,2021,Breeze,47,zombs,Sentinels,Viper,1.11,174,15,13,4,61,120,22,0,3,-3
51273,449,2021,Breeze,45,SicK,Sentinels,Skye,0.65,152,12,17,2,65,104,28,3,5,-2
51273,449,2021,Breeze,46,ShahZaM,Sentinels,Sova,0.55,127,9,17,8,52,90,13,0,2,-2
51273,449,2021,Breeze,454,dapr,Sentinels,Cypher,0.45,137,9,19,5,57,94,25,0,3,-3
51273,449,2021,Breeze,725,nzr,FURIA,Sova,1.43,186,17,10,6,83,132,18,2,0,2
51273,449,2021,Breeze,1575,qck,FURIA,Viper,1.25,203,16,12,4,74,131,46,6,2,4
51273,449,2021,Breeze,1711,Khalil,FURIA,Killjoy,1.15,220,18,12,2,61,149,17,2,0,2
51273,449,2021,Breeze,681,xand,FURIA,Jett,1.0,237,19,18,1,70,150,29,3,3,0
51273,449,2021,Breeze,8872,mazin,FURIA,Skye,0.83,156,13,15,3,70,95,44,2,3,-1
51273,449,2021,Haven,9,TenZ,Sentinels,Jett,1.29,267,22,16,3,68,166,16,5,0,5
51273,449,2021,Haven,47,zombs,Sentinels,Astra,1.18,169,17,13,12,91,107,10,0,1,-1
51273,449,2021,Haven,46,ShahZaM,Sentinels,Sova,1.09,193,14,15,10,82,142,26,1,0,1
51273,449,2021,Haven,454,dapr,Sentinels,Cypher,1.06,231,18,16,7,73,155,15,4,2,2
51273,449,2021,Haven,45,SicK,Sentinels,Skye,0.88,214,17,17,2,73,140,21,6,3,3
51273,449,2021,Haven,681,xand,FURIA,Jett,1.09,239,19,16,1,77,150,15,2,4,-2
51273,449,2021,Haven,725,nzr,FURIA,Sova,0.97,225,17,18,5,59,148,23,1,3,-2
51273,449,2021,Haven,1711,Khalil,FURIA,Killjoy,0.95,234,17,19,8,73,160,10,1,2,-1
51273,449,2021,Haven,1575,qck,FURIA,Skye,0.74,159,11,17,4,68,107,19,0,2,-2
51273,449,2021,Haven,8872,mazin,FURIA,Astra,0.71,150,13,18,5,68,104,40,2,5,-3
51270,449,2021,Icebox,263,Marved,ENVY,Viper,1.4,277,22,16,10,65,188,31,2,4,-2
51270,449,2021,Icebox,4,crashies,ENVY,Sova,1.36,239,19,13,7,91,152,33,3,2,1
51270,449,2021,Icebox,817,FiNESSE,ENVY,Killjoy,1.1,204,16,13,4,87,120,17,0,1,-1
51270,449,2021,Icebox,261,Victor,ENVY,Reyna,0.9,204,17,17,5,70,130,24,2,5,-3
51270,449,2021,Icebox,881,yay,ENVY,Jett,0.77,139,11,15,1,65,95,24,3,1,2
51270,449,2021,Icebox,3342,Sushiboys,X10 Esports,Jett,1.01,201,18,14,2,65,137,27,2,2,0
51270,449,2021,Icebox,2452,Patiphan,X10 Esports,Reyna,0.96,235,17,19,8,61,174,24,3,2,1
51270,449,2021,Icebox,4382,sScary,X10 Esports,Viper,0.92,182,12,17,10,61,124,25,2,2,0
51270,449,2021,Icebox,3977,Crws,X10 Esports,Sage,0.81,191,15,18,7,70,126,43,4,3,1
51270,449,2021,Icebox,6723,foxz,X10 Esports,Sova,0.68,114,12,17,3,52,74,37,2,1,1
51270,449,2021,Split,881,yay,ENVY,Jett,1.09,263,19,16,1,57,178,31,4,3,1
51270,449,2021,Split,817,FiNESSE,ENVY,Killjoy,1.09,191,14,14,3,67,134,17,0,0,0
51270,449,2021,Split,263,Marved,ENVY,Astra,0.93,217,15,17,8,76,141,30,3,2,1
51270,449,2021,Split,261,Victor,ENVY,Skye,0.88,182,13,16,7,71,115,27,1,3,-2
51270,449,2021,Split,4,crashies,ENVY,Viper,0.38,98,7,18,5,67,83,27,0,5,-5
51270,449,2021,Split,3342,Sushiboys,X10 Esports,Killjoy,1.51,294,24,15,6,86,203,18,5,0,5
51270,449,2021,Split,6723,foxz,X10 Esports,Skye,1.24,270,19,16,10,86,181,30,5,0,5
51270,449,2021,Split,2452,Patiphan,X10 Esports,Raze,1.1,189,13,13,7,62,152,13,1,3,-2
51270,449,2021,Split,3977,Crws,X10 Esports,Breach,1.1,166,14,12,7,86,101,18,1,0,1
51270,449,2021,Split,4382,sScary,X10 Esports,Astra,0.91,161,11,12,10,76,120,10,1,5,-4
51270,449,2021,Haven,4,crashies,ENVY,Sova,1.43,267,25,16,10,77,179,33,0,2,-2
51270,449,2021,Haven,881,yay,ENVY,Jett,1.37,282,24,17,2,65,187,25,5,2,3
51270,449,2021,Haven,817,FiNESSE,ENVY,Killjoy,0.8,192,15,20,6,62,150,24,3,2,1
51270,449,2021,Haven,261,Victor,ENVY,Skye,0.73,157,15,18,4,77,112,32,3,4,-1
51270,449,2021,Haven,263,Marved,ENVY,Astra,0.63,136,12,19,9,65,99,38,2,3,-1
51270,449,2021,Haven,2452,Patiphan,X10 Esports,Jett,1.52,285,27,16,5,65,185,25,4,3,1
51270,449,2021,Haven,3342,Sushiboys,X10 Esports,Killjoy,1.08,232,19,20,9,65,150,14,3,2,1
51270,449,2021,Haven,4382,sScary,X10 Esports,Astra,1.02,160,15,15,12,81,111,24,1,2,-1
51270,449,2021,Haven,6723,foxz,X10 Esports,Skye,0.92,182,17,20,11,73,114,16,5,2,3
51270,449,2021,Haven,3977,Crws,X10 Esports,Breach,0.7,114,12,20,8,65,77,29,0,4,-4
51279,449,2021,Split,252,d3ffo,Gambit Esports,Jett,1.55,347,22,12,7,89,209,26,6,5,1
51279,449,2021,Split,458,Chronicle,Gambit Esports,Killjoy,1.35,308,20,13,5,89,208,13,3,1,2
51279,449,2021,Split,1428,sheydos,Gambit Esports,Skye,1.32,229,19,12,4,79,157,44,0,0,0
51279,449,2021,Split,457,nAts,Gambit Esports,Viper,0.9,185,11,13,6,74,148,27,0,2,-2
51279,449,2021,Split,1427,Redgar,Gambit Esports,Astra,0.54,93,8,13,5,68,56,23,1,1,0
51279,449,2021,Split,5244,sutecas,Team Vikings,Astra,1.11,181,15,14,4,68,113,41,2,2,0
51279,449,2021,Split,659,Sacy,Team Vikings,Breach,1.1,233,16,16,7,74,155,31,0,0,0
51279,449,2021,Split,727,saadhak,Team Vikings,Killjoy,1.01,209,13,14,4,47,138,13,3,4,-1
51279,449,2021,Split,1585,gtn,Team Vikings,Raze,0.76,197,11,18,5,68,128,21,4,1,3
51279,449,2021,Split,651,frz,Team Vikings,Sage,0.51,140,8,18,7,68,106,28,0,3,-3
51279,449,2021,Bind,1427,Redgar,Gambit Esports,Astra,1.57,334,21,14,5,78,204,26,2,1,1
51279,449,2021,Bind,1428,sheydos,Gambit Esports,Skye,0.83,182,10,13,3,50,128,24,0,1,-1
51279,449,2021,Bind,252,d3ffo,Gambit Esports,Jett,0.66,162,10,15,3,61,104,18,5,5,0
51279,449,2021,Bind,457,nAts,Gambit Esports,Viper,0.57,107,6,14,3,39,70,26,0,2,-2
51279,449,2021,Bind,458,Chronicle,Gambit Esports,Sova,0.39,132,7,16,2,39,88,25,0,2,-2
51279,449,2021,Bind,659,Sacy,Team Vikings,Sova,1.7,285,18,7,10,78,194,39,3,2,1
51279,449,2021,Bind,727,saadhak,Team Vikings,Viper,1.66,344,21,12,9,72,208,14,3,2,1
51279,449,2021,Bind,5244,sutecas,Team Vikings,Astra,1.16,186,14,10,4,67,110,22,2,0,2
51279,449,2021,Bind,1585,gtn,Team Vikings,Raze,0.84,166,12,11,1,67,105,12,1,1,0
51279,449,2021,Bind,651,frz,Team Vikings,Skye,0.4,100,6,14,4,72,60,20,2,2,0
51279,449,2021,Icebox,1428,sheydos,Gambit Esports,Reyna,1.34,270,28,18,2,77,178,33,5,3,2
51279,449,2021,Icebox,458,Chronicle,Gambit Esports,Sova,1.26,226,19,16,8,73,161,35,1,1,0
51279,449,2021,Icebox,252,d3ffo,Gambit Esports,Jett,0.92,213,18,22,5,73,147,26,7,2,5
51279,449,2021,Icebox,457,nAts,Gambit Esports,Viper,0.89,210,19,21,11,77,159,26,1,2,-1
51279,449,2021,Icebox,1427,Redgar,Gambit Esports,Sage,0.76,133,12,18,9,69,100,29,1,3,-2
51279,449,2021,Icebox,659,Sacy,Team Vikings,Sova,1.35,280,26,20,12,77,181,27,2,0,2
51279,449,2021,Icebox,651,frz,Team Vikings,Reyna,1.02,209,20,20,3,77,137,22,1,5,-4
51279,449,2021,Icebox,1585,gtn,Team Vikings,Jett,1.01,193,20,18,2,65,129,18,2,3,-1
51279,449,2021,Icebox,5244,sutecas,Team Vikings,Viper,0.88,180,15,18,10,73,130,28,2,3,-1
51279,449,2021,Icebox,727,saadhak,Team Vikings,Sage,0.85,174,14,20,16,73,123,28,4,4,0
51292,449,2021,Fracture,1428,sheydos,Gambit Esports,Sage,1.49,244,18,12,12,90,162,27,2,2,0
51292,449,2021,Fracture,458,Chronicle,Gambit Esports,Brimstone,1.4,230,17,13,9,80,165,25,0,2,-2
51292,449,2021,Fracture,252,d3ffo,Gambit Esports,Raze,1.35,330,21,17,9,70,208,15,5,5,0
51292,449,2021,Fracture,457,nAts,Gambit Esports,Cypher,1.11,211,14,12,4,80,147,34,3,1,2
51292,449,2021,Fracture,1427,Redgar,Gambit Esports,Breach,0.82,113,11,14,9,70,56,19,0,0,0
51292,449,2021,Fracture,2452,Patiphan,X10 Esports,Jett,1.1,265,19,15,2,80,170,17,4,1,3
51292,449,2021,Fracture,3342,Sushiboys,X10 Esports,Killjoy,1.02,226,15,15,5,80,170,24,2,1,1
51292,449,2021,Fracture,3977,Crws,X10 Esports,Breach,0.79,198,13,17,6,65,127,16,3,0,3
51292,449,2021,Fracture,4382,sScary,X10 Esports,Astra,0.59,132,11,17,6,70,92,36,0,5,-5
51292,449,2021,Fracture,6723,foxz,X10 Esports,Kayo,0.44,171,10,17,6,60,117,28,1,3,-2
51292,449,2021,Ascent,457,nAts,Gambit Esports,Cypher,1.12,220,15,14,4,60,144,31,0,3,-3
51292,449,2021,Ascent,252,d3ffo,Gambit Esports,Jett,1.01,198,13,15,4,70,129,26,3,3,0
51292,449,2021,Ascent,458,Chronicle,Gambit Esports,Sova,0.94,243,17,15,1,70,158,32,1,2,-1
51292,449,2021,Ascent,1427,Redgar,Gambit Esports,Astra,0.77,107,7,13,12,65,82,41,1,1,0
51292,449,2021,Ascent,1428,sheydos,Gambit Esports,Skye,0.4,109,8,17,3,70,67,19,2,4,-2
51292,449,2021,Ascent,6723,foxz,X10 Esports,Sova,1.64,239,18,9,7,80,145,18,3,0,3
51292,449,2021,Ascent,3977,Crws,X10 Esports,Kayo,1.26,198,13,11,19,85,142,25,3,3,0
51292,449,2021,Ascent,2452,Patiphan,X10 Esports,Jett,1.07,238,16,15,8,85,155,19,4,1,3
51292,449,2021,Ascent,3342,Sushiboys,X10 Esports,Cypher,1.07,201,16,13,8,70,119,27,2,3,-1
51292,449,2021,Ascent,4382,sScary,X10 Esports,Astra,0.93,131,11,12,10,80,102,45,1,0,1
51292,449,2021,Breeze,458,Chronicle,Gambit Esports,Skye,1.46,264,20,10,4,90,178,29,1,1,0
51292,449,2021,Breeze,1427,Redgar,Gambit Esports,Sova,1.21,194,14,9,1,70,142,39,2,1,1
51292,449,2021,Breeze,252,d3ffo,Gambit Esports,Jett,1.13,195,15,11,1,65,126,23,1,4,-3
51292,449,2021,Breeze,457,nAts,Gambit Esports,Viper,1.05,186,14,11,7,85,98,20,1,2,-1
51292,449,2021,Breeze,1428,sheydos,Gambit Esports,Reyna,0.79,215,13,16,9,85,145,22,3,4,-1
51292,449,2021,Breeze,4382,sScary,X10 Esports,Viper,1.03,168,12,13,4,55,114,20,0,0,0
51292,449,2021,Breeze,3342,Sushiboys,X10 Esports,Cypher,0.99,197,13,16,5,65,124,32,6,2,4
51292,449,2021,Breeze,6723,foxz,X10 Esports,Sova,0.84,154,11,15,5,60,110,31,1,0,1
51292,449,2021,Breeze,3977,Crws,X10 Esports,Kayo,0.79,157,10,16,6,65,110,10,3,2,1
51292,449,2021,Breeze,2452,Patiphan,X10 Esports,Jett,0.6,169,11,16,3,65,102,20,2,4,-2
51293,449,2021,Haven,5022,Derke,FNATIC,Jett,1.44,285,29,18,1,61,178,32,5,6,-1
51293,449,2021,Haven,438,Boaster,FNATIC,Sova,1.07,218,20,18,11,68,152,27,0,3,-3
51293,449,2021,Haven,1457,Mistic,FNATIC,Astra,1.02,186,19,18,11,75,112,41,4,1,3
51293,449,2021,Haven,1369,doma,FNATIC,Skye,0.92,164,16,18,12,71,112,40,2,4,-2
51293,449,2021,Haven,2173,MAGNUM,FNATIC,Killjoy,0.78,156,15,17,3,71,104,23,1,2,-1
51293,449,2021,Haven,2468,delz1k,KRÜ Esports,Astra,1.4,278,26,19,9,82,190,30,4,1,3
51293,449,2021,Haven,2462,keznit,KRÜ Esports,Reyna,0.97,225,20,22,6,79,148,44,8,4,4
51293,449,2021,Haven,1294,NagZ,KRÜ Esports,Jett,0.86,146,15,18,1,61,100,28,2,3,-1
51293,449,2021,Haven,2610,Klaus,KRÜ Esports,Killjoy,0.83,159,16,18,2,64,104,26,1,2,-1
51293,449,2021,Haven,7603,Mazino,KRÜ Esports,Sova,0.49,125,12,22,4,57,94,35,1,2,-1
51293,449,2021,Icebox,5022,Derke,FNATIC,Jett,1.35,333,23,15,2,74,195,37,10,4,6
51293,449,2021,Icebox,438,Boaster,FNATIC,Sova,1.27,171,11,8,9,74,124,29,1,1,0
51293,449,2021,Icebox,2173,MAGNUM,FNATIC,Killjoy,1.09,179,12,12,2,68,132,44,0,1,-1
51293,449,2021,Icebox,1369,doma,FNATIC,Sage,1.05,211,14,12,4,58,142,38,1,0,1
51293,449,2021,Icebox,1457,Mistic,FNATIC,Viper,0.98,145,10,12,9,63,88,44,1,0,1
51293,449,2021,Icebox,2462,keznit,KRÜ Esports,Reyna,1.69,382,28,13,0,79,206,32,4,2,2
51293,449,2021,Icebox,7603,Mazino,KRÜ Esports,Sova,0.7,146,8,15,8,74,111,26,0,1,-1
51293,449,2021,Icebox,1294,NagZ,KRÜ Esports,Jett,0.66,151,9,14,4,74,96,17,1,5,-4
51293,449,2021,Icebox,2610,Klaus,KRÜ Esports,Viper,0.52,138,8,15,2,58,93,13,1,2,-1
51293,449,2021,Icebox,2468,delz1k,KRÜ Esports,Sage,0.52,108,6,13,4,63,79,38,0,3,-3
51293,449,2021,Split,1369,doma,FNATIC,Kayo,1.03,218,16,15,7,81,153,27,2,2,0
51293,449,2021,Split,1457,Mistic,FNATIC,Viper,0.95,169,12,16,4,71,114,34,0,0,0
51293,449,2021,Split,438,Boaster,FNATIC,Astra,0.84,125,9,14,6,57,98,17,0,2,-2
51293,449,2021,Split,2173,MAGNUM,FNATIC,Killjoy,0.84,151,9,15,4,67,114,15,2,2,0
51293,449,2021,Split,5022,Derke,FNATIC,Raze,0.77,187,13,19,3,67,107,12,3,9,-6
51293,449,2021,Split,2462,keznit,KRÜ Esports,Raze,1.51,304,21,11,9,86,205,17,2,1,1
51293,449,2021,Split,7603,Mazino,KRÜ Esports,Skye,1.48,237,20,10,7,90,152,29,3,0,3
51293,449,2021,Split,2610,Klaus,KRÜ Esports,Viper,1.18,242,18,13,6,95,136,13,4,2,2
51293,449,2021,Split,1294,NagZ,KRÜ Esports,Jett,0.64,140,12,14,3,76,76,6,5,2,3
51293,449,2021,Split,2468,delz1k,KRÜ Esports,Astra,0.52,81,6,11,3,67,74,21,0,1,-1
51274,449,2021,Breeze,99,L1NK,Team Liquid,Cypher,1.31,227,20,14,3,73,153,41,2,1,1
51274,449,2021,Breeze,14669,Nivera,Team Liquid,Viper,1.24,230,20,15,9,69,155,26,0,0,0
51274,449,2021,Breeze,9780,Jamppi,Team Liquid,Sova,1.14,221,20,17,5,65,127,11,7,4,3
51274,449,2021,Breeze,101,soulcas,Team Liquid,Kayo,1.13,227,20,19,6,69,154,48,1,2,-1
51274,449,2021,Breeze,92,ScreaM,Team Liquid,Jett,0.47,115,11,19,1,62,75,36,0,9,-9
51274,449,2021,Breeze,45,SicK,Sentinels,Skye,1.23,216,20,16,8,77,148,23,4,2,2
51274,449,2021,Breeze,46,ShahZaM,Sentinels,Sova,1.07,233,22,19,7,69,146,19,2,0,2
51274,449,2021,Breeze,454,dapr,Sentinels,Killjoy,0.81,166,16,17,4,54,101,27,1,2,-1
51274,449,2021,Breeze,47,zombs,Sentinels,Viper,0.79,140,12,18,9,54,84,13,3,2,1
51274,449,2021,Breeze,9,TenZ,Sentinels,Jett,0.66,163,14,21,4,50,110,19,6,4,2
51274,449,2021,Bind,92,ScreaM,Team Liquid,Jett,0.89,185,10,12,2,53,126,25,1,0,1
51274,449,2021,Bind,14669,Nivera,Team Liquid,Viper,0.76,140,8,11,2,47,93,47,0,2,-2
51274,449,2021,Bind,9780,Jamppi,Team Liquid,Sova,0.74,184,8,14,4,53,132,30,1,1,0
51274,449,2021,Bind,99,L1NK,Team Liquid,Astra,0.61,153,6,14,2,40,100,15,2,2,0
51274,449,2021,Bind,101,soulcas,Team Liquid,Kayo,0.36,101,5,14,7,60,76,36,1,5,-4
51274,449,2021,Bind,9,TenZ,Sentinels,Jett,1.99,369,21,6,2,80,211,19,5,2,3
51274,449,2021,Bind,46,ShahZaM,Sentinels,Sova,1.69,279,18,6,3,80,161,19,2,0,2
51274,449,2021,Bind,47,zombs,Sentinels,Astra,1.09,176,9,6,6,93,103,11,0,0,0
51274,449,2021,Bind,45,SicK,Sentinels,Skye,0.89,148,9,8,5,73,84,11,1,0,1
51274,449,2021,Bind,454,dapr,Sentinels,Viper,0.75,192,8,11,11,80,133,9,2,3,-1
51274,449,2021,Split,92,ScreaM,Team Liquid,Reyna,1.57,321,25,15,6,91,199,26,6,2,4
51274,449,2021,Split,101,soulcas,Team Liquid,Raze,1.25,257,24,15,3,74,160,26,2,3,-1
51274,449,2021,Split,9780,Jamppi,Team Liquid,Astra,1.12,191,15,13,15,87,131,19,4,3,1
51274,449,2021,Split,99,L1NK,Team Liquid,Breach,1.05,165,14,14,9,74,117,38,0,0,0
51274,449,2021,Split,14669,Nivera,Team Liquid,Viper,0.98,158,12,12,6,83,126,40,1,2,-1
51274,449,2021,Split,45,SicK,Sentinels,Sage,1.26,220,19,15,9,74,149,18,2,2,0
51274,449,2021,Split,454,dapr,Sentinels,Viper,1.13,247,18,18,5,65,164,13,4,3,1
51274,449,2021,Split,46,ShahZaM,Sentinels,Skye,0.67,159,13,19,4,57,101,24,0,2,-2
51274,449,2021,Split,47,zombs,Sentinels,Astra,0.64,127,7,18,17,70,101,12,0,1,-1
51274,449,2021,Split,9,TenZ,Sentinels,Jett,0.5,141,12,20,2,65,102,18,4,5,-1
51291,449,2021,Bind,92,ScreaM,Team Liquid,Reyna,1.45,334,26,18,6,74,224,37,6,4,2
51291,449,2021,Bind,9780,Jamppi,Team Liquid,Sova,1.1,199,17,13,5,83,120,20,1,1,0
51291,449,2021,Bind,99,L1NK,Team Liquid,Astra,0.99,177,17,13,4,83,104,27,1,1,0
51291,449,2021,Bind,14669,Nivera,Team Liquid,Viper,0.95,155,13,13,4,57,114,48,1,1,0
51291,449,2021,Bind,101,soulcas,Team Liquid,Kayo,0.88,205,15,18,14,74,126,32,1,6,-5
51291,449,2021,Bind,7873,leaf,Cloud9,Skye,1.42,327,28,18,1,74,169,26,8,7,1
51291,449,2021,Bind,7870,vanity,Cloud9,Astra,1.06,148,10,14,12,70,106,26,2,0,2
51291,449,2021,Bind,612,mitch,Cloud9,Viper,0.8,184,14,18,6,57,124,28,1,1,0
51291,449,2021,Bind,474,xeta,Cloud9,Sova,0.72,169,12,19,7,74,121,24,2,1,1
51291,449,2021,Bind,7871,Xeppaa,Cloud9,Raze,0.53,158,11,19,4,61,103,8,0,1,-1
51291,449,2021,Ascent,92,ScreaM,Team Liquid,Reyna,1.38,275,24,15,1,75,184,35,2,3,-1
51291,449,2021,Ascent,14669,Nivera,Team Liquid,Killjoy,1.27,244,20,13,6,67,164,25,1,3,-2
51291,449,2021,Ascent,101,soulcas,Team Liquid,Sova,0.87,149,12,14,6,75,110,37,0,3,-3
51291,449,2021,Ascent,9780,Jamppi,Team Liquid,Jett,0.82,214,18,19,2,63,119,13,4,6,-2
51291,449,2021,Ascent,99,L1NK,Team Liquid,Astra,0.8,112,9,14,6,71,89,23,0,2,-2
51291,449,2021,Ascent,7873,leaf,Cloud9,Jett,1.41,307,25,18,8,79,192,26,10,4,6
51291,449,2021,Ascent,474,xeta,Cloud9,Sova,1.3,216,16,14,11,83,159,25,1,0,1
51291,449,2021,Ascent,7870,vanity,Cloud9,Astra,0.97,174,16,16,5,75,118,30,1,1,0
51291,449,2021,Ascent,612,mitch,Cloud9,Killjoy,0.86,149,12,16,3,67,115,13,4,0,4
51291,449,2021,Ascent,7871,Xeppaa,Cloud9,Kayo,0.4,84,6,19,10,63,63,17,1,2,-1
34978,466,2021,Haven,2442,nitr0,100 Thieves,Astra,0.97,180,13,14,3,72,100,33,1,0,1
34978,466,2021,Haven,11225,Ethan,100 Thieves,Skye,0.88,230,13,16,5,56,152,24,1,3,-2
34978,466,2021,Haven,2670,steel,100 Thieves,Killjoy,0.72,187,9,15,4,50,127,21,1,4,-3
34978,466,2021,Haven,601,Asuna,100 Thieves,Jett,0.64,160,9,16,5,50,120,22,4,4,0
34978,466,2021,Haven,57,Hiko,100 Thieves,Sova,0.6,120,6,15,8,61,90,20,0,0,0
34978,466,2021,Haven,881,yay,ENVY,Jett,2.31,449,31,9,2,89,278,35,4,1,3
34978,466,2021,Haven,261,Victor,ENVY,Skye,1.49,266,17,11,18,89,183,37,2,0,2
34978,466,2021,Haven,263,Marved,ENVY,Astra,1.06,174,12,10,5,72,137,29,1,1,0
34978,466,2021,Haven,4,crashies,ENVY,Sova,0.92,126,8,10,8,72,100,19,1,3,-2
34978,466,2021,Haven,817,FiNESSE,ENVY,Killjoy,0.75,146,8,10,2,67,96,16,3,2,1
34978,466,2021,Ascent,2442,nitr0,100 Thieves,Astra,1.5,272,24,13,4,81,206,42,1,1,0
34978,466,2021,Ascent,601,Asuna,100 Thieves,Jett,1.19,277,19,17,5,76,173,19,9,4,5
34978,466,2021,Ascent,57,Hiko,100 Thieves,Sova,0.67,128,7,16,7,62,99,11,0,1,-1
34978,466,2021,Ascent,11225,Ethan,100 Thieves,Skye,0.67,130,9,15,7,62,97,24,1,2,-1
34978,466,2021,Ascent,2670,steel,100 Thieves,Killjoy,0.66,143,9,16,4,48,102,21,0,2,-2
34978,466,2021,Ascent,4,crashies,ENVY,Sova,1.38,267,19,12,12,76,175,27,1,1,0
34978,466,2021,Ascent,881,yay,ENVY,Jett,1.25,284,20,17,4,67,178,25,6,4,2
34978,466,2021,Ascent,263,Marved,ENVY,Astra,1.19,212,18,13,8,67,138,40,0,2,-2
34978,466,2021,Ascent,261,Victor,ENVY,Skye,1.02,132,11,12,12,71,87,28,3,3,0
34978,466,2021,Ascent,817,FiNESSE,ENVY,Killjoy,0.72,126,9,14,2,52,94,19,0,1,-1
34951,466,2021,Bind,457,nAts,Gambit Esports,Viper,1.58,359,18,9,5,79,234,33,3,0,3
34951,466,2021,Bind,1427,Redgar,Gambit Esports,Astra,1.52,266,15,6,2,71,173,48,3,3,0
34951,466,2021,Bind,458,Chronicle,Gambit Esports,Sova,1.49,202,11,5,7,93,144,22,0,1,-1
34951,466,2021,Bind,252,d3ffo,Gambit Esports,Jett,1.39,255,13,6,0,79,148,29,3,1,2
34951,466,2021,Bind,1428,sheydos,Gambit Esports,Skye,0.96,126,8,6,1,86,81,27,0,0,0
34951,466,2021,Bind,2489,Munchkin,Crazy Raccoon,Jett,0.85,235,11,13,1,71,141,38,3,2,1
34951,466,2021,Bind,805,Bazzi,Crazy Raccoon,Breach,0.82,204,8,12,1,43,135,31,1,0,1
34951,466,2021,Bind,1046,Fisker,Crazy Raccoon,Skye,0.53,97,5,13,0,43,76,50,1,0,1
34951,466,2021,Bind,1970,neth,Crazy Raccoon,Raze,0.32,102,4,13,2,29,71,12,0,3,-3
34951,466,2021,Bind,1026,ade,Crazy Raccoon,Astra,0.17,97,4,14,1,29,60,19,0,4,-4
34951,466,2021,Icebox,1428,sheydos,Gambit Esports,Reyna,2.05,312,19,3,2,100,199,30,0,0,0
34951,466,2021,Icebox,1427,Redgar,Gambit Esports,Sage,1.57,260,14,5,6,93,171,54,2,1,1
34951,466,2021,Icebox,458,Chronicle,Gambit Esports,Sova,1.46,252,13,5,3,86,164,26,1,2,-1
34951,466,2021,Icebox,252,d3ffo,Gambit Esports,Jett,1.2,212,9,5,5,100,129,13,4,1,3
34951,466,2021,Icebox,457,nAts,Gambit Esports,Viper,1.19,241,12,6,2,79,151,31,1,2,-1
34951,466,2021,Icebox,805,Bazzi,Crazy Raccoon,Sova,0.83,207,7,12,2,43,151,19,3,1,2
34951,466,2021,Icebox,2489,Munchkin,Crazy Raccoon,Jett,0.56,175,8,14,1,36,113,12,2,5,-3
34951,466,2021,Icebox,1026,ade,Crazy Raccoon,Viper,0.5,88,4,14,3,43,65,11,0,0,0
34951,466,2021,Icebox,1970,neth,Crazy Raccoon,Sage,0.25,75,3,14,3,43,61,15,0,1,-1
34951,466,2021,Icebox,1046,Fisker,Crazy Raccoon,Skye,0.13,51,2,14,1,29,33,40,1,1,0
35940,466,2021,Split,985,Efina,F4Q,Killjoy,1.12,263,18,18,4,77,195,18,2,3,-1
35940,466,2021,Split,473,zunba,F4Q,Astra,1.1,195,16,15,9,82,122,28,3,1,2
35940,466,2021,Split,1952,Esperanza,F4Q,Sage,0.75,174,13,19,10,77,114,19,0,1,-1
35940,466,2021,Split,471,fiveK,F4Q,Skye,0.64,135,11,17,8,77,96,18,0,3,-3
35940,466,2021,Split,5283,Bunny,F4Q,Raze,0.63,199,14,19,3,73,131,18,6,3,3
35940,466,2021,Split,46,ShahZaM,Sentinels,Jett,1.61,321,26,15,5,91,191,18,4,1,3
35940,466,2021,Split,9,TenZ,Sentinels,Reyna,1.38,290,22,16,8,86,196,21,4,1,3
35940,466,2021,Split,45,SicK,Sentinels,Sage,1.31,217,19,13,4,68,142,37,0,3,-3
35940,466,2021,Split,47,zombs,Sentinels,Astra,0.78,136,10,13,9,73,94,10,1,3,-2
35940,466,2021,Split,454,dapr,Sentinels,Cypher,0.73,145,11,15,7,82,99,29,2,3,-1
35940,466,2021,Breeze,5283,Bunny,F4Q,Jett,0.97,206,10,12,5,59,153,24,3,2,1
35940,466,2021,Breeze,985,Efina,F4Q,Killjoy,0.91,172,11,12,1,65,122,28,1,4,-3
35940,466,2021,Breeze,1952,Esperanza,F4Q,Viper,0.7,175,10,15,2,59,120,69,1,2,-1
35940,466,2021,Breeze,471,fiveK,F4Q,Reyna,0.4,106,5,15,1,41,80,24,0,0,0
35940,466,2021,Breeze,473,zunba,F4Q,Skye,0.38,133,8,15,2,47,86,33,2,2,0
35940,466,2021,Breeze,9,TenZ,Sentinels,Jett,2.56,478,32,7,1,88,283,35,4,0,4
35940,466,2021,Breeze,45,SicK,Sentinels,Skye,1.02,180,11,10,3,76,121,23,2,2,0
35940,466,2021,Breeze,46,ShahZaM,Sentinels,Sova,0.93,147,8,9,3,76,106,32,1,1,0
35940,466,2021,Breeze,454,dapr,Sentinels,Killjoy,0.93,145,9,10,3,82,97,18,1,1,0
35940,466,2021,Breeze,47,zombs,Sentinels,Viper,0.9,120,8,8,4,76,78,21,2,3,-1
34977,466,2021,Breeze,457,nAts,Gambit Esports,Cypher,1.47,318,25,16,3,83,205,41,6,3,3
34977,466,2021,Breeze,252,d3ffo,Gambit Esports,Jett,1.04,214,18,16,4,61,122,36,4,0,4
34977,466,2021,Breeze,1428,sheydos,Gambit Esports,Skye,0.94,183,16,16,3,65,130,39,3,2,1
34977,466,2021,Breeze,458,Chronicle,Gambit Esports,Viper,0.91,191,16,17,7,70,132,25,2,2,0
34977,466,2021,Breeze,1427,Redgar,Gambit Esports,Sova,0.76,141,11,15,5,65,103,33,0,1,-1
34977,466,2021,Breeze,3582,keloqz,G2 Esports,Jett,1.21,266,24,17,0,74,144,20,0,2,-2
34977,466,2021,Breeze,1507,AvovA,G2 Esports,Viper,0.97,159,12,16,7,65,111,27,2,4,-2
34977,466,2021,Breeze,3070,nukkye,G2 Esports,Reyna,0.82,236,19,18,3,65,147,31,2,5,-3
34977,466,2021,Breeze,93,Mixwell,G2 Esports,Skye,0.76,139,12,16,3,65,97,22,1,2,-1
34977,466,2021,Breeze,339,koldamenta,G2 Esports,Sova,0.73,173,13,19,4,65,118,30,3,2,1
34977,466,2021,Icebox,458,Chronicle,Gambit Esports,Sova,1.98,264,14,2,5,100,174,35,1,0,1
34977,466,2021,Icebox,1428,sheydos,Gambit Esports,Reyna,1.68,294,15,5,2,100,182,20,1,0,1
34977,466,2021,Icebox,457,nAts,Gambit Esports,Viper,1.54,326,15,9,6,100,219,44,3,0,3
34977,466,2021,Icebox,252,d3ffo,Gambit Esports,Jett,1.44,277,14,5,2,85,180,35,4,1,3
34977,466,2021,Icebox,1427,Redgar,Gambit Esports,Sage,1.26,151,7,4,6,92,110,33,1,2,-1
34977,466,2021,Icebox,93,Mixwell,G2 Esports,Viper,0.81,217,9,13,1,46,133,21,1,3,-2
34977,466,2021,Icebox,3582,keloqz,G2 Esports,Jett,0.57,169,7,13,1,54,115,50,2,1,1
34977,466,2021,Icebox,1507,AvovA,G2 Esports,Sage,0.45,128,5,13,3,54,82,26,0,3,-3
34977,466,2021,Icebox,3070,nukkye,G2 Esports,Reyna,0.19,91,2,13,3,46,79,8,0,2,-2
34977,466,2021,Icebox,339,koldamenta,G2 Esports,Sova,0.09,62,2,13,3,31,43,22,0,1,-1
34965,466,2021,Haven,1970,neth,Crazy Raccoon,Raze,1.4,260,19,14,2,68,171,15,4,0,4
34965,466,2021,Haven,993,Medusa,Crazy Raccoon,Cypher,1.17,217,18,13,4,73,126,30,4,3,1
34965,466,2021,Haven,1026,ade,Crazy Raccoon,Brimstone,1.12,206,16,15,8,82,139,23,0,1,-1
34965,466,2021,Haven,2489,Munchkin,Crazy Raccoon,Jett,0.88,207,18,15,2,68,130,18,3,5,-2
34965,466,2021,Haven,1046,Fisker,Crazy Raccoon,Skye,0.63,128,10,16,7,64,91,21,0,2,-2
34965,466,2021,Haven,2567,liazzi,Liberty,Jett,1.24,224,17,15,1,68,149,24,3,2,1
34965,466,2021,Haven,1221,krain,Liberty,Breach,1.21,267,18,17,10,86,182,27,3,0,3
34965,466,2021,Haven,1576,pleets,Liberty,Astra,0.89,188,14,16,6,73,132,19,2,5,-3
34965,466,2021,Haven,1595,Myssen,Liberty,Cypher,0.77,151,11,15,3,68,115,41,1,2,-1
34965,466,2021,Haven,1578,shion,Liberty,Skye,0.55,156,12,18,1,64,97,20,2,2,0
34965,466,2021,Split,1046,Fisker,Crazy Raccoon,Skye,1.47,268,21,12,12,76,172,23,1,1,0
34965,466,2021,Split,1970,neth,Crazy Raccoon,Astra,1.23,187,16,11,7,90,119,18,1,1,0
34965,466,2021,Split,1026,ade,Crazy Raccoon,Viper,1.22,195,17,12,9,81,140,22,1,1,0
34965,466,2021,Split,2489,Munchkin,Crazy Raccoon,Jett,0.97,266,18,18,3,81,161,17,4,2,2
34965,466,2021,Split,993,Medusa,Crazy Raccoon,Cypher,0.69,203,15,17,1,62,122,15,4,5,-1
34965,466,2021,Split,1578,shion,Liberty,Raze,1.43,335,24,19,3,71,213,12,6,4,2
34965,466,2021,Split,1595,Myssen,Liberty,Viper,1.0,164,13,15,5,62,112,50,1,0,1
34965,466,2021,Split,1576,pleets,Liberty,Astra,0.76,198,13,18,6,71,126,8,3,1,2
34965,466,2021,Split,2567,liazzi,Liberty,Killjoy,0.71,175,12,17,4,71,132,20,0,3,-3
34965,466,2021,Split,1221,krain,Liberty,Skye,0.5,111,8,18,2,57,79,7,0,3,-3
35943,466,2021,Breeze,9,TenZ,Sentinels,Jett,2.26,391,24,7,4,88,252,20,5,1,4
35943,466,2021,Breeze,46,ShahZaM,Sentinels,Sova,1.56,266,17,8,8,75,182,20,1,0,1
35943,466,2021,Breeze,454,dapr,Sentinels,Killjoy,1.08,203,12,9,2,69,118,14,4,1,3
35943,466,2021,Breeze,47,zombs,Sentinels,Viper,0.99,147,8,9,12,75,118,26,0,0,0
35943,466,2021,Breeze,45,SicK,Sentinels,Skye,0.88,167,9,9,8,88,113,17,2,2,0
35943,466,2021,Breeze,5283,Bunny,F4Q,Jett,1.2,259,15,13,1,69,150,17,0,3,-3
35943,466,2021,Breeze,985,Efina,F4Q,Killjoy,0.87,183,10,13,1,56,117,29,1,3,-2
35943,466,2021,Breeze,471,fiveK,F4Q,Skye,0.53,163,8,16,4,63,116,20,2,2,0
35943,466,2021,Breeze,473,zunba,F4Q,Yoru,0.46,137,6,14,2,56,109,27,1,3,-2
35943,466,2021,Breeze,1952,Esperanza,F4Q,Viper,0.25,70,3,14,2,44,53,27,0,1,-1
35943,466,2021,Split,47,zombs,Sentinels,Astra,1.25,238,19,17,5,73,146,16,0,1,-1
35943,466,2021,Split,45,SicK,Sentinels,Sage,1.02,201,13,16,8,64,137,15,3,2,1
35943,466,2021,Split,454,dapr,Sentinels,Cypher,0.78,146,11,17,6,50,95,18,3,2,1
35943,466,2021,Split,9,TenZ,Sentinels,Reyna,0.68,174,14,19,2,59,107,16,1,6,-5
35943,466,2021,Split,46,ShahZaM,Sentinels,Jett,0.6,127,8,16,5,45,87,11,0,4,-4
35943,466,2021,Split,471,fiveK,F4Q,Reyna,1.45,294,22,14,5,77,193,21,2,0,2
35943,466,2021,Split,5283,Bunny,F4Q,Raze,1.45,321,26,14,3,73,198,15,9,4,5
35943,466,2021,Split,473,zunba,F4Q,Astra,1.2,203,14,12,14,77,145,20,2,1,1
35943,466,2021,Split,1952,Esperanza,F4Q,Sage,1.13,210,16,12,10,73,150,32,1,1,0
35943,466,2021,Split,985,Efina,F4Q,Killjoy,0.52,79,7,13,1,73,52,24,1,1,0
35943,466,2021,Haven,46,ShahZaM,Sentinels,Sova,1.46,197,13,6,7,82,139,24,2,0,2
35943,466,2021,Haven,45,SicK,Sentinels,Phoenix,1.46,321,19,12,5,94,215,28,3,1,2
35943,466,2021,Haven,47,zombs,Sentinels,Astra,1.17,157,11,9,8,76,120,26,0,0,0
35943,466,2021,Haven,9,TenZ,Sentinels,Jett,1.15,303,18,14,5,88,181,23,4,4,0
35943,466,2021,Haven,454,dapr,Sentinels,Cypher,0.84,142,9,10,3,88,110,12,1,2,-1
35943,466,2021,Haven,473,zunba,F4Q,Astra,1.18,206,14,13,6,82,148,34,1,2,-1
35943,466,2021,Haven,5283,Bunny,F4Q,Raze,1.17,254,14,14,3,71,160,15,2,1,1
35943,466,2021,Haven,471,fiveK,F4Q,Reyna,0.81,194,10,15,6,65,148,31,2,1,1
35943,466,2021,Haven,1952,Esperanza,F4Q,Sova,0.59,128,7,14,2,65,94,43,2,2,0
35943,466,2021,Haven,985,Efina,F4Q,Killjoy,0.39,105,6,14,3,65,81,22,0,4,-4
34950,466,2021,Ascent,2468,delz1k,KRÜ Esports,Astra,1.42,250,19,12,8,67,178,24,1,1,0
34950,466,2021,Ascent,2462,keznit,KRÜ Esports,Skye,1.09,271,20,16,4,76,175,51,3,1,2
34950,466,2021,Ascent,1294,NagZ,KRÜ Esports,Jett,1.04,181,13,14,2,71,122,24,4,2,2
34950,466,2021,Ascent,2610,Klaus,KRÜ Esports,Sova,1.03,144,10,11,2,71,101,13,1,0,1
34950,466,2021,Ascent,7603,Mazino,KRÜ Esports,Killjoy,1.0,162,14,12,1,57,108,28,3,5,-2
34950,466,2021,Ascent,999,Laz,ZETA DIVISION,Sova,1.28,278,20,15,7,62,165,42,4,2,2
34950,466,2021,Ascent,1002,takej,ZETA DIVISION,Reyna,0.92,206,16,16,2,62,137,38,3,1,2
34950,466,2021,Ascent,1000,crow,ZETA DIVISION,Breach,0.91,184,14,15,4,67,117,34,0,2,-2
34950,466,2021,Ascent,6674,makiba,ZETA DIVISION,Astra,0.63,111,7,14,9,62,81,24,0,2,-2
34950,466,2021,Ascent,1003,Reita,ZETA DIVISION,Jett,0.47,107,8,16,1,57,69,20,2,5,-3
34950,466,2021,Split,1294,NagZ,KRÜ Esports,Jett,1.46,284,15,14,6,78,170,10,7,2,5
34950,466,2021,Split,7603,Mazino,KRÜ Esports,Sage,1.17,231,15,15,6,72,158,21,0,1,-1
34950,466,2021,Split,2468,delz1k,KRÜ Esports,Astra,0.58,128,8,15,3,39,88,36,1,2,-1
34950,466,2021,Split,2462,keznit,KRÜ Esports,Raze,0.46,173,9,19,5,61,136,13,1,3,-2
34950,466,2021,Split,2610,Klaus,KRÜ Esports,Killjoy,0.28,106,5,16,2,39,69,8,0,1,-1
34950,466,2021,Split,1002,takej,ZETA DIVISION,Sage,1.77,297,22,8,8,72,191,31,1,1,0
34950,466,2021,Split,999,Laz,ZETA DIVISION,Skye,1.56,283,20,9,4,78,166,23,2,1,1
34950,466,2021,Split,1000,crow,ZETA DIVISION,Viper,1.18,199,12,8,5,83,113,20,1,0,1
34950,466,2021,Split,1001,barce,ZETA DIVISION,Brimstone,0.77,144,9,11,7,67,100,15,2,2,0
34950,466,2021,Split,1003,Reita,ZETA DIVISION,Jett,0.74,256,16,16,1,72,144,14,3,5,-2
34950,466,2021,Bind,2462,keznit,KRÜ Esports,Raze,1.5,318,22,12,4,65,200,19,3,3,0
34950,466,2021,Bind,2610,Klaus,KRÜ Esports,Skye,1.48,238,16,10,8,70,162,22,4,0,4
34950,466,2021,Bind,1294,NagZ,KRÜ Esports,Sage,1.31,208,15,10,4,85,127,20,4,1,3
34950,466,2021,Bind,7603,Mazino,KRÜ Esports,Viper,1.03,179,15,13,14,90,116,19,3,2,1
34950,466,2021,Bind,2468,delz1k,KRÜ Esports,Brimstone,0.72,138,9,13,5,80,96,23,0,0,0
34950,466,2021,Bind,1002,takej,ZETA DIVISION,Reyna,1.15,229,15,14,5,55,151,27,3,2,1
34950,466,2021,Bind,1000,crow,ZETA DIVISION,Breach,0.95,158,11,13,6,65,103,12,0,2,-2
34950,466,2021,Bind,999,Laz,ZETA DIVISION,Skye,0.78,212,14,17,2,45,136,43,2,4,-2
34950,466,2021,Bind,6674,makiba,ZETA DIVISION,Astra,0.56,120,8,16,5,60,84,17,0,1,-1
34950,466,2021,Bind,1003,Reita,ZETA DIVISION,Jett,0.52,143,10,17,2,45,84,18,1,5,-4
34964,466,2021,Ascent,1427,Redgar,Gambit Esports,Astra,1.59,238,19,9,6,83,132,18,2,0,2
34964,466,2021,Ascent,252,d3ffo,Gambit Esports,Jett,1.32,284,19,14,3,72,163,24,5,1,4
34964,466,2021,Ascent,1428,sheydos,Gambit Esports,Skye,1.16,218,13,11,8,78,143,14,2,1,1
34964,466,2021,Ascent,458,Chronicle,Gambit Esports,Sova,1.14,157,8,11,13,83,129,27,1,0,1
34964,466,2021,Ascent,457,nAts,Gambit Esports,Cypher,1.01,178,12,12,7,83,135,27,3,3,0
34964,466,2021,Ascent,11225,Ethan,100 Thieves,Skye,1.13,271,16,13,4,61,184,25,2,3,-1
34964,466,2021,Ascent,2442,nitr0,100 Thieves,Omen,0.88,202,13,14,5,83,123,23,0,1,-1
34964,466,2021,Ascent,601,Asuna,100 Thieves,Jett,0.86,220,13,15,0,56,138,28,3,3,0
34964,466,2021,Ascent,57,Hiko,100 Thieves,Sova,0.67,161,9,13,5,78,112,7,0,2,-2
34964,466,2021,Ascent,2670,steel,100 Thieves,Kayo,0.38,111,6,16,3,61,83,18,0,4,-4
34964,466,2021,Icebox,1428,sheydos,Gambit Esports,Reyna,1.42,289,26,15,3,71,186,24,4,1,3
34964,466,2021,Icebox,252,d3ffo,Gambit Esports,Jett,1.29,267,23,15,5,67,156,19,3,1,2
34964,466,2021,Icebox,457,nAts,Gambit Esports,Viper,1.02,182,15,15,12,79,125,20,3,5,-2
34964,466,2021,Icebox,458,Chronicle,Gambit Esports,Sova,0.87,159,12,17,12,75,117,23,0,1,-1
34964,466,2021,Icebox,1427,Redgar,Gambit Esports,Sage,0.64,134,11,20,9,75,93,38,4,2,2
34964,466,2021,Icebox,601,Asuna,100 Thieves,Reyna,1.11,271,23,19,4,63,171,24,2,7,-5
34964,466,2021,Icebox,57,Hiko,100 Thieves,Sova,1.02,165,12,14,5,67,121,29,0,1,-1
34964,466,2021,Icebox,2442,nitr0,100 Thieves,Viper,1.02,161,14,16,11,67,104,14,1,1,0
34964,466,2021,Icebox,11225,Ethan,100 Thieves,Omen,1.01,207,17,18,3,63,159,32,6,3,3
34964,466,2021,Icebox,2670,steel,100 Thieves,Killjoy,0.77,208,16,20,4,58,135,27,1,2,-1
34964,466,2021,Split,1428,sheydos,Gambit Esports,Skye,1.34,265,23,17,6,74,165,43,4,1,3
34964,466,2021,Split,458,Chronicle,Gambit Esports,Viper,1.06,223,18,17,8,74,152,17,2,2,0
34964,466,2021,Split,457,nAts,Gambit Esports,Cypher,1.05,208,17,15,6,74,141,35,2,2,0
34964,466,2021,Split,1427,Redgar,Gambit Esports,Astra,0.77,152,11,17,7,74,112,28,0,1,-1
34964,466,2021,Split,252,d3ffo,Gambit Esports,Jett,0.56,142,11,18,3,70,87,18,2,7,-5
34964,466,2021,Split,57,Hiko,100 Thieves,Viper,1.32,218,19,12,5,83,139,34,2,0,2
34964,466,2021,Split,2442,nitr0,100 Thieves,Astra,1.21,207,15,12,13,78,152,27,1,1,0
34964,466,2021,Split,601,Asuna,100 Thieves,Jett,1.14,301,23,21,6,78,172,24,10,3,7
34964,466,2021,Split,2670,steel,100 Thieves,Kayo,0.81,151,12,17,10,78,99,12,0,3,-3
34964,466,2021,Split,11225,Ethan,100 Thieves,Skye,0.68,164,15,18,4,65,113,26,0,3,-3
35942,466,2021,Icebox,3582,keloqz,G2 Esports,Jett,2.18,376,23,5,4,94,233,26,5,0,5
35942,466,2021,Icebox,3070,nukkye,G2 Esports,Raze,1.57,315,17,8,4,88,195,21,2,1,1
35942,466,2021,Icebox,1507,AvovA,G2 Esports,Sage,1.3,149,11,5,9,81,91,23,2,0,2
35942,466,2021,Icebox,93,Mixwell,G2 Esports,Viper,1.05,211,11,10,8,69,150,13,2,1,1
35942,466,2021,Icebox,339,koldamenta,G2 Esports,Sova,0.96,172,10,10,8,75,110,13,1,2,-1
35942,466,2021,Icebox,46,ShahZaM,Sentinels,Jett,0.87,219,11,14,2,56,125,11,2,2,0
35942,466,2021,Icebox,9,TenZ,Sentinels,Reyna,0.8,201,10,14,3,50,140,21,0,4,-4
35942,466,2021,Icebox,45,SicK,Sentinels,Sage,0.68,174,9,15,5,63,115,34,1,3,-2
35942,466,2021,Icebox,454,dapr,Sentinels,Sova,0.47,147,7,14,0,38,86,25,1,2,-1
35942,466,2021,Icebox,47,zombs,Sentinels,Viper,0.23,59,1,15,5,38,52,10,0,1,-1
35942,466,2021,Split,1507,AvovA,G2 Esports,Astra,1.47,285,26,16,6,88,185,30,1,1,0
35942,466,2021,Split,3070,nukkye,G2 Esports,Reyna,1.31,228,20,12,7,75,152,27,1,2,-1
35942,466,2021,Split,3582,keloqz,G2 Esports,Sage,1.08,225,19,17,3,67,159,22,4,2,2
35942,466,2021,Split,93,Mixwell,G2 Esports,Raze,0.97,237,17,19,9,79,173,18,5,6,-1
35942,466,2021,Split,339,koldamenta,G2 Esports,Killjoy,0.82,148,12,16,5,83,108,19,1,1,0
35942,466,2021,Split,454,dapr,Sentinels,Viper,1.2,221,18,16,4,83,148,23,3,1,2
35942,466,2021,Split,47,zombs,Sentinels,Astra,0.95,155,13,17,9,79,106,12,1,2,-1
35942,466,2021,Split,45,SicK,Sentinels,Sage,0.83,217,18,20,9,54,145,19,5,4,1
35942,466,2021,Split,9,TenZ,Sentinels,Reyna,0.78,208,17,22,5,63,132,18,1,4,-3
35942,466,2021,Split,46,ShahZaM,Sentinels,Jett,0.72,177,14,19,2,50,117,17,2,1,1
34962,466,2021,Breeze,783,murizzz,Keyd Stars,Reyna,1.77,273,14,6,9,94,198,20,2,1,1
34962,466,2021,Breeze,8673,heat,Keyd Stars,Jett,1.72,362,24,8,1,81,214,34,6,1,5
34962,466,2021,Breeze,1219,v1xen,Keyd Stars,Viper,1.19,142,8,5,6,88,111,21,0,0,0
34962,466,2021,Breeze,937,JhoW,Keyd Stars,Killjoy,0.95,130,8,8,2,81,72,11,1,1,0
34962,466,2021,Breeze,1607,ntk,Keyd Stars,Sova,0.87,168,10,9,1,63,108,16,2,2,0
34962,466,2021,Breeze,1000,crow,ZETA DIVISION,Sova,0.79,175,10,12,4,56,122,24,1,2,-1
34962,466,2021,Breeze,999,Laz,ZETA DIVISION,Cypher,0.77,155,8,12,1,63,103,38,3,0,3
34962,466,2021,Breeze,1003,Reita,ZETA DIVISION,Jett,0.69,138,7,12,4,56,97,24,1,3,-2
34962,466,2021,Breeze,1002,takej,ZETA DIVISION,Skye,0.54,145,8,14,4,44,89,29,0,2,-2
34962,466,2021,Breeze,6674,makiba,ZETA DIVISION,Viper,0.28,100,3,14,3,25,81,17,0,4,-4
34962,466,2021,Split,8673,heat,Keyd Stars,Jett,1.76,371,23,8,3,82,232,37,4,2,2
34962,466,2021,Split,783,murizzz,Keyd Stars,Raze,1.62,315,20,10,0,82,186,22,5,1,4
34962,466,2021,Split,1607,ntk,Keyd Stars,Sage,1.21,212,13,9,7,82,136,19,2,0,2
34962,466,2021,Split,1219,v1xen,Keyd Stars,Astra,0.95,105,7,7,7,76,71,13,2,1,1
34962,466,2021,Split,937,JhoW,Keyd Stars,Killjoy,0.91,157,9,9,4,82,101,16,0,0,0
34962,466,2021,Split,999,Laz,ZETA DIVISION,Skye,1.49,315,19,13,4,65,170,31,1,1,0
34962,466,2021,Split,1002,takej,ZETA DIVISION,Sage,0.73,171,9,15,4,41,118,23,1,3,-2
34962,466,2021,Split,1000,crow,ZETA DIVISION,Viper,0.62,109,5,14,6,47,77,13,1,1,0
34962,466,2021,Split,1003,Reita,ZETA DIVISION,Jett,0.47,119,6,13,3,47,95,9,0,5,-5
34962,466,2021,Split,1001,barce,ZETA DIVISION,Brimstone,0.13,83,4,17,5,53,50,16,1,3,-2
34963,466,2021,Split,2462,keznit,KRÜ Esports,Raze,1.63,360,31,18,8,75,218,15,5,2,3
34963,466,2021,Split,2610,Klaus,KRÜ Esports,Killjoy,1.43,248,22,11,2,79,166,19,3,1,2
34963,466,2021,Split,1294,NagZ,KRÜ Esports,Jett,0.73,183,15,20,4,75,126,22,2,3,-1
34963,466,2021,Split,7603,Mazino,KRÜ Esports,Sage,0.73,124,11,17,9,67,75,18,1,5,-4
34963,466,2021,Split,2468,delz1k,KRÜ Esports,Astra,0.72,135,12,17,6,71,103,23,0,2,-2
34963,466,2021,Split,1219,v1xen,Keyd Stars,Astra,1.22,226,21,17,10,92,149,28,0,0,0
34963,466,2021,Split,937,JhoW,Keyd Stars,Killjoy,1.09,193,17,14,6,79,125,13,3,1,2
34963,466,2021,Split,8673,heat,Keyd Stars,Jett,0.81,184,16,19,2,67,138,31,2,1,1
34963,466,2021,Split,783,murizzz,Keyd Stars,Raze,0.8,221,15,22,5,67,170,22,4,4,0
34963,466,2021,Split,1607,ntk,Keyd Stars,Sage,0.75,183,14,19,8,63,128,17,4,5,-1
34963,466,2021,Haven,1294,NagZ,KRÜ Esports,Jett,1.25,217,18,13,5,67,144,29,5,1,4
34963,466,2021,Haven,2468,delz1k,KRÜ Esports,Astra,1.21,260,23,17,4,79,172,35,2,3,-1
34963,466,2021,Haven,2462,keznit,KRÜ Esports,Skye,1.14,181,18,14,10,71,124,24,2,1,1
34963,466,2021,Haven,7603,Mazino,KRÜ Esports,Sage,0.98,205,16,16,11,75,136,17,3,2,1
34963,466,2021,Haven,2610,Klaus,KRÜ Esports,Killjoy,0.73,148,10,16,8,71,105,18,3,2,1
34963,466,2021,Haven,1219,v1xen,Keyd Stars,Astra,1.43,204,19,12,4,75,146,38,0,0,0
34963,466,2021,Haven,783,murizzz,Keyd Stars,Phoenix,1.03,201,16,17,7,63,135,22,2,4,-2
34963,466,2021,Haven,937,JhoW,Keyd Stars,Killjoy,0.97,196,15,19,7,67,128,10,3,3,0
34963,466,2021,Haven,1607,ntk,Keyd Stars,Sova,0.72,169,14,18,5,58,113,26,0,2,-2
34963,466,2021,Haven,8673,heat,Keyd Stars,Jett,0.65,161,12,19,3,50,109,26,4,6,-2
35939,466,2021,Split,46,ShahZaM,Sentinels,Jett,1.75,369,26,11,4,95,226,24,4,0,4
35939,466,2021,Split,47,zombs,Sentinels,Astra,1.23,203,14,10,9,79,135,15,2,1,1
35939,466,2021,Split,45,SicK,Sentinels,Sage,1.15,202,14,12,6,74,136,27,4,2,2
35939,466,2021,Split,9,TenZ,Sentinels,Reyna,0.99,169,11,10,4,79,107,21,3,2,1
35939,466,2021,Split,454,dapr,Sentinels,Viper,0.88,160,11,11,4,79,105,13,0,1,-1
35939,466,2021,Split,339,koldamenta,G2 Esports,Killjoy,0.97,217,14,15,0,58,154,21,1,3,-2
35939,466,2021,Split,3070,nukkye,G2 Esports,Raze,0.92,252,13,17,6,58,194,13,1,4,-3
35939,466,2021,Split,3582,keloqz,G2 Esports,Jett,0.79,165,10,15,1,53,102,31,3,3,0
35939,466,2021,Split,1507,AvovA,G2 Esports,Astra,0.78,174,11,14,1,53,117,36,0,2,-2
35939,466,2021,Split,93,Mixwell,G2 Esports,Sage,0.61,108,6,15,7,63,88,13,1,1,0
35939,466,2021,Icebox,9,TenZ,Sentinels,Reyna,1.55,327,24,14,4,90,212,24,3,0,3
35939,466,2021,Icebox,47,zombs,Sentinels,Viper,0.99,192,15,15,2,67,127,20,1,1,0
35939,466,2021,Icebox,45,SicK,Sentinels,Sage,0.8,174,13,15,3,62,123,23,2,0,2
35939,466,2021,Icebox,46,ShahZaM,Sentinels,Jett,0.66,155,12,16,0,52,84,28,5,7,-2
35939,466,2021,Icebox,454,dapr,Sentinels,Sova,0.36,111,7,18,7,57,82,15,1,1,0
35939,466,2021,Icebox,3070,nukkye,G2 Esports,Raze,1.68,317,22,12,9,86,205,14,5,2,3
35939,466,2021,Icebox,339,koldamenta,G2 Esports,Sova,1.2,187,15,12,4,76,133,26,0,2,-2
35939,466,2021,Icebox,3582,keloqz,G2 Esports,Jett,1.03,265,20,17,3,71,172,24,4,3,1
35939,466,2021,Icebox,93,Mixwell,G2 Esports,Viper,0.86,164,12,15,5,81,110,18,0,3,-3
35939,466,2021,Icebox,1507,AvovA,G2 Esports,Sage,0.77,123,9,15,7,67,89,21,0,2,-2
35939,466,2021,Haven,45,SicK,Sentinels,Phoenix,1.69,360,27,12,7,81,234,20,6,4,2
35939,466,2021,Haven,9,TenZ,Sentinels,Jett,1.48,249,19,8,2,86,142,18,6,1,5
35939,466,2021,Haven,46,ShahZaM,Sentinels,Sova,1.06,195,14,14,6,76,150,24,0,0,0
35939,466,2021,Haven,47,zombs,Sentinels,Astra,0.98,155,11,12,8,76,111,20,0,0,0
35939,466,2021,Haven,454,dapr,Sentinels,Cypher,0.83,138,10,13,8,71,98,22,1,3,-2
35939,466,2021,Haven,1507,AvovA,G2 Esports,Astra,0.95,172,13,15,1,52,110,27,1,1,0
35939,466,2021,Haven,93,Mixwell,G2 Esports,Killjoy,0.83,171,12,16,4,67,123,20,1,3,-2
35939,466,2021,Haven,3582,keloqz,G2 Esports,Jett,0.79,168,14,17,1,57,125,26,3,4,-1
35939,466,2021,Haven,3070,nukkye,G2 Esports,Sage,0.78,189,12,17,3,48,133,29,2,1,1
35939,466,2021,Haven,339,koldamenta,G2 Esports,Skye,0.7,126,8,16,10,67,103,21,1,4,-3
34974,466,2021,Haven,881,yay,ENVY,Jett,1.19,239,24,19,7,75,157,26,5,3,2
34974,466,2021,Haven,4,crashies,ENVY,Sova,1.16,229,22,19,7,64,146,15,0,0,0
34974,466,2021,Haven,263,Marved,ENVY,Astra,1.0,161,16,18,6,64,106,33,3,2,1
34974,466,2021,Haven,261,Victor,ENVY,Skye,0.92,190,18,21,9,75,122,29,4,4,0
34974,466,2021,Haven,817,FiNESSE,ENVY,Killjoy,0.75,200,17,21,6,61,145,27,3,4,-1
34974,466,2021,Haven,9,TenZ,Sentinels,Jett,1.33,287,30,17,5,68,166,16,4,4,0
34974,466,2021,Haven,46,ShahZaM,Sentinels,Sova,1.14,208,18,17,12,68,152,24,0,1,-1
34974,466,2021,Haven,47,zombs,Sentinels,Astra,0.85,132,15,18,8,64,83,20,3,2,1
34974,466,2021,Haven,454,dapr,Sentinels,Cypher,0.84,203,20,22,5,61,133,22,2,2,0
34974,466,2021,Haven,45,SicK,Sentinels,Phoenix,0.72,203,15,23,10,75,149,18,4,6,-2
34974,466,2021,Split,881,yay,ENVY,Jett,1.57,295,22,11,0,80,175,27,8,1,7
34974,466,2021,Split,261,Victor,ENVY,Skye,1.48,229,19,9,5,75,137,31,1,1,0
34974,466,2021,Split,263,Marved,ENVY,Astra,1.31,246,17,12,5,90,161,26,2,0,2
34974,466,2021,Split,4,crashies,ENVY,Viper,0.72,193,12,15,9,70,128,19,1,3,-2
34974,466,2021,Split,817,FiNESSE,ENVY,Cypher,0.69,141,10,14,5,65,116,19,0,3,-3
34974,466,2021,Split,45,SicK,Sentinels,Skye,1.07,228,16,16,5,80,150,20,5,2,3
34974,466,2021,Split,454,dapr,Sentinels,Viper,1.06,214,13,16,9,80,152,13,0,1,-1
34974,466,2021,Split,47,zombs,Sentinels,Astra,0.84,188,12,14,0,60,122,10,0,0,0
34974,466,2021,Split,46,ShahZaM,Sentinels,Jett,0.82,167,12,16,2,50,111,22,2,3,-1
34974,466,2021,Split,9,TenZ,Sentinels,Raze,0.46,157,8,18,4,45,121,13,1,6,-5
35941,466,2021,Bind,1952,Esperanza,F4Q,Sova,1.04,224,12,14,3,81,159,41,1,0,1
35941,466,2021,Bind,985,Efina,F4Q,Killjoy,0.85,194,10,13,0,44,137,40,2,3,-1
35941,466,2021,Bind,5283,Bunny,F4Q,Raze,0.57,150,6,14,4,56,105,20,2,3,-1
35941,466,2021,Bind,471,fiveK,F4Q,Skye,0.38,112,5,14,2,38,70,7,0,1,-1
35941,466,2021,Bind,473,zunba,F4Q,Astra,0.07,67,3,16,2,25,39,7,1,2,-1
35941,466,2021,Bind,93,Mixwell,G2 Esports,Viper,1.52,246,15,8,7,88,156,32,3,1,2
35941,466,2021,Bind,339,koldamenta,G2 Esports,Sova,1.5,189,10,6,13,100,130,19,0,1,-1
35941,466,2021,Bind,3070,nukkye,G2 Esports,Raze,1.46,285,16,7,6,88,170,20,4,3,1
35941,466,2021,Bind,1507,AvovA,G2 Esports,Astra,1.34,167,12,4,5,94,95,14,1,1,0
35941,466,2021,Bind,3582,keloqz,G2 Esports,Skye,1.1,293,18,12,0,75,165,49,2,1,1
35941,466,2021,Ascent,5283,Bunny,F4Q,Raze,0.93,225,14,15,4,74,152,13,4,2,2
35941,466,2021,Ascent,473,zunba,F4Q,Astra,0.89,183,14,15,2,63,111,31,1,1,0
35941,466,2021,Ascent,1952,Esperanza,F4Q,Sova,0.75,199,12,17,5,74,132,31,3,1,2
35941,466,2021,Ascent,985,Efina,F4Q,Killjoy,0.75,166,11,14,2,63,108,24,1,4,-3
35941,466,2021,Ascent,471,fiveK,F4Q,Skye,0.59,117,7,15,4,53,82,5,0,2,-2
35941,466,2021,Ascent,3070,nukkye,G2 Esports,Sage,1.56,276,20,11,10,89,178,25,3,0,3
35941,466,2021,Ascent,339,koldamenta,G2 Esports,Sova,1.14,219,15,11,8,79,141,24,3,2,1
35941,466,2021,Ascent,93,Mixwell,G2 Esports,Skye,1.09,177,12,10,3,84,118,26,1,2,-1
35941,466,2021,Ascent,3582,keloqz,G2 Esports,Jett,1.07,188,14,12,1,74,140,38,2,2,0
35941,466,2021,Ascent,1507,AvovA,G2 Esports,Astra,1.0,204,15,14,7,79,137,28,1,3,-2
34949,466,2021,Icebox,783,murizzz,Keyd Stars,Reyna,1.23,297,29,21,4,71,186,20,8,5,3
34949,466,2021,Icebox,8673,heat,Keyd Stars,Jett,1.1,229,25,21,2,68,140,25,5,1,4
34949,466,2021,Icebox,1219,v1xen,Keyd Stars,Viper,0.93,170,16,19,12,82,119,26,1,3,-2
34949,466,2021,Icebox,937,JhoW,Keyd Stars,Sage,0.79,172,15,22,18,75,112,16,2,1,1
34949,466,2021,Icebox,1607,ntk,Keyd Stars,Sova,0.73,175,18,22,4,61,110,14,1,1,0
34949,466,2021,Icebox,4,crashies,ENVY,Sova,1.44,270,26,18,8,82,184,30,1,1,0
34949,466,2021,Icebox,881,yay,ENVY,Jett,1.38,291,29,19,4,75,194,25,5,3,2
34949,466,2021,Icebox,261,Victor,ENVY,Raze,0.97,214,19,20,6,64,144,21,2,3,-1
34949,466,2021,Icebox,263,Marved,ENVY,Viper,0.85,193,17,23,6,61,147,29,1,3,-2
34949,466,2021,Icebox,817,FiNESSE,ENVY,Killjoy,0.61,135,14,23,3,50,93,14,2,7,-5
34949,466,2021,Bind,8673,heat,Keyd Stars,Jett,1.73,375,26,16,6,82,234,21,9,2,7
34949,466,2021,Bind,1607,ntk,Keyd Stars,Sova,0.87,161,12,16,7,77,111,12,0,1,-1
34949,466,2021,Bind,937,JhoW,Keyd Stars,Sage,0.78,119,10,14,5,55,85,21,0,2,-2
34949,466,2021,Bind,1219,v1xen,Keyd Stars,Astra,0.68,150,12,17,1,41,108,21,0,1,-1
34949,466,2021,Bind,783,murizzz,Keyd Stars,Raze,0.51,127,9,19,5,64,81,22,2,5,-3
34949,466,2021,Bind,881,yay,ENVY,Jett,1.15,231,18,14,4,64,148,32,5,3,2
34949,466,2021,Bind,817,FiNESSE,ENVY,Viper,1.14,226,18,16,8,64,171,25,0,1,-1
34949,466,2021,Bind,4,crashies,ENVY,Sova,1.1,210,16,13,3,77,143,28,1,1,0
34949,466,2021,Bind,261,Victor,ENVY,Raze,1.05,186,14,12,4,77,136,24,2,3,-1
34949,466,2021,Bind,263,Marved,ENVY,Astra,0.98,184,16,14,4,59,134,39,3,3,0
34961,466,2021,Icebox,881,yay,ENVY,Jett,1.64,349,26,15,4,82,223,20,5,1,4
34961,466,2021,Icebox,261,Victor,ENVY,Raze,1.51,294,23,15,7,68,194,23,3,3,0
34961,466,2021,Icebox,263,Marved,ENVY,Viper,1.03,202,15,16,8,68,148,34,0,4,-4
34961,466,2021,Icebox,817,FiNESSE,ENVY,Killjoy,0.78,160,12,15,3,55,113,17,0,2,-2
34961,466,2021,Icebox,4,crashies,ENVY,Sova,0.72,160,13,14,5,73,111,22,2,2,0
34961,466,2021,Icebox,1294,NagZ,KRÜ Esports,Jett,1.15,255,20,16,2,68,157,27,5,2,3
34961,466,2021,Icebox,7603,Mazino,KRÜ Esports,Viper,0.91,218,16,18,5,68,143,25,2,2,0
34961,466,2021,Icebox,2462,keznit,KRÜ Esports,Reyna,0.81,222,18,20,2,73,137,46,3,2,1
34961,466,2021,Icebox,2610,Klaus,KRÜ Esports,Sova,0.79,167,12,18,7,82,117,22,1,1,0
34961,466,2021,Icebox,2468,delz1k,KRÜ Esports,Sage,0.51,104,8,17,2,55,81,28,1,3,-2
34961,466,2021,Ascent,4,crashies,ENVY,Sova,1.91,295,16,5,9,80,198,45,1,0,1
34961,466,2021,Ascent,263,Marved,ENVY,Astra,1.61,239,14,5,6,87,134,19,1,3,-2
34961,466,2021,Ascent,881,yay,ENVY,Jett,1.33,294,17,11,4,93,189,23,4,0,4
34961,466,2021,Ascent,261,Victor,ENVY,Skye,0.96,235,13,11,6,73,156,22,2,3,-1
34961,466,2021,Ascent,817,FiNESSE,ENVY,Killjoy,0.88,119,7,7,2,67,86,10,0,1,-1
34961,466,2021,Ascent,2468,delz1k,KRÜ Esports,Astra,1.19,219,12,12,1,67,125,36,2,2,0
34961,466,2021,Ascent,2610,Klaus,KRÜ Esports,Sova,0.97,239,11,13,2,60,172,28,0,0,0
34961,466,2021,Ascent,1294,NagZ,KRÜ Esports,Jett,0.54,176,7,14,2,40,113,7,3,3,0
34961,466,2021,Ascent,7603,Mazino,KRÜ Esports,Killjoy,0.4,132,5,14,3,53,105,18,1,1,0
34961,466,2021,Ascent,2462,keznit,KRÜ Esports,Skye,0.25,80,4,14,3,47,57,43,1,2,-1
34976,466,2021,Haven,3582,keloqz,G2 Esports,Jett,1.66,372,26,12,3,75,231,25,5,1,4
34976,466,2021,Haven,339,koldamenta,G2 Esports,Sova,1.65,261,19,8,8,90,192,16,2,0,2
34976,466,2021,Haven,93,Mixwell,G2 Esports,Killjoy,1.27,237,16,10,3,75,159,20,1,1,0
34976,466,2021,Haven,3070,nukkye,G2 Esports,Phoenix,1.08,183,13,10,5,65,115,12,2,5,-3
34976,466,2021,Haven,1507,AvovA,G2 Esports,Omen,0.68,124,8,13,10,90,80,13,1,2,-1
34976,466,2021,Haven,1294,NagZ,KRÜ Esports,Jett,0.87,188,12,17,2,65,138,20,4,4,0
34976,466,2021,Haven,2468,delz1k,KRÜ Esports,Astra,0.86,177,12,15,1,70,110,19,2,0,2
34976,466,2021,Haven,2610,Klaus,KRÜ Esports,Killjoy,0.69,166,11,16,1,45,119,32,2,5,-3
34976,466,2021,Haven,2462,keznit,KRÜ Esports,Skye,0.67,144,10,17,3,55,106,26,1,2,-1
34976,466,2021,Haven,7603,Mazino,KRÜ Esports,Sage,0.62,131,8,17,9,75,84,27,0,0,0
34976,466,2021,Icebox,3582,keloqz,G2 Esports,Jett,1.58,332,26,15,4,73,203,18,6,1,5
34976,466,2021,Icebox,1507,AvovA,G2 Esports,Sage,1.23,201,18,13,5,68,126,29,0,2,-2
34976,466,2021,Icebox,339,koldamenta,G2 Esports,Sova,1.2,214,18,15,4,82,147,42,2,2,0
34976,466,2021,Icebox,3070,nukkye,G2 Esports,Raze,1.15,234,16,14,8,82,150,11,2,2,0
34976,466,2021,Icebox,93,Mixwell,G2 Esports,Viper,0.7,105,8,13,7,68,70,24,3,2,1
34976,466,2021,Icebox,2462,keznit,KRÜ Esports,Reyna,1.1,294,22,18,6,73,196,23,2,2,0
34976,466,2021,Icebox,2468,delz1k,KRÜ Esports,Sage,0.97,208,15,18,9,77,139,35,2,2,0
34976,466,2021,Icebox,1294,NagZ,KRÜ Esports,Jett,0.89,191,12,16,5,64,131,13,5,3,2
34976,466,2021,Icebox,7603,Mazino,KRÜ Esports,Viper,0.68,143,10,17,6,55,99,19,0,3,-3
34976,466,2021,Icebox,2610,Klaus,KRÜ Esports,Sova,0.58,127,11,17,7,68,81,17,0,3,-3
34960,466,2021,Ascent,562,zeek,Acend,Sova,1.2,265,16,13,5,79,163,8,0,0,0
34960,466,2021,Ascent,565,starxo,Acend,Sage,0.9,178,12,15,7,79,128,24,1,2,-1
34960,466,2021,Ascent,2894,Kiles,Acend,Killjoy,0.86,195,12,16,8,63,133,23,2,1,1
34960,466,2021,Ascent,573,cNed,Acend,Jett,0.59,222,13,20,4,63,142,15,4,5,-1
34960,466,2021,Ascent,3672,BONECOLD,Acend,Astra,0.49,101,8,14,6,63,62,17,0,4,-4
34960,466,2021,Ascent,10160,Izzy,Papara SuperMassive,Jett,1.88,344,26,12,3,89,203,28,5,1,4
34960,466,2021,Ascent,2107,russ,Papara SuperMassive,Sova,1.22,271,17,14,9,74,192,28,3,0,3
34960,466,2021,Ascent,8041,Brave,Papara SuperMassive,Omen,1.04,194,13,13,9,84,128,33,2,2,0
34960,466,2021,Ascent,568,Turko,Papara SuperMassive,Sage,1.02,150,12,11,9,74,97,27,2,1,1
34960,466,2021,Ascent,569,pAura,Papara SuperMassive,Killjoy,0.89,146,10,11,4,68,108,29,0,3,-3
34960,466,2021,Bind,565,starxo,Acend,Skye,1.53,263,20,12,8,85,167,23,1,0,1
34960,466,2021,Bind,573,cNed,Acend,Sage,1.43,279,21,11,10,85,160,22,3,2,1
34960,466,2021,Bind,3672,BONECOLD,Acend,Brimstone,1.33,253,18,12,6,80,161,36,3,3,0
34960,466,2021,Bind,562,zeek,Acend,Raze,1.16,196,14,10,6,80,118,13,3,3,0
34960,466,2021,Bind,2894,Kiles,Acend,Viper,0.91,146,11,11,10,80,92,25,1,1,0
34960,466,2021,Bind,8041,Brave,Papara SuperMassive,Astra,1.06,238,13,17,7,70,186,25,2,0,2
34960,466,2021,Bind,2107,russ,Papara SuperMassive,Sova,0.88,225,15,17,4,60,145,35,1,2,-1
34960,466,2021,Bind,569,pAura,Papara SuperMassive,Viper,0.79,167,13,17,7,55,107,32,2,2,0
34960,466,2021,Bind,568,Turko,Papara SuperMassive,Skye,0.67,97,7,14,3,60,68,27,0,1,-1
34960,466,2021,Bind,10160,Izzy,Papara SuperMassive,Jett,0.36,125,8,19,4,55,80,17,4,6,-2
34960,466,2021,Split,562,zeek,Acend,Raze,1.59,348,27,16,6,83,211,12,7,2,5
34960,466,2021,Split,573,cNed,Acend,Jett,1.35,301,24,15,6,74,189,21,3,3,0
34960,466,2021,Split,565,starxo,Acend,Sage,1.17,218,18,16,12,74,152,21,0,1,-1
34960,466,2021,Split,2894,Kiles,Acend,Cypher,0.8,144,13,15,3,83,102,25,2,0,2
34960,466,2021,Split,3672,BONECOLD,Acend,Omen,0.59,138,12,19,5,65,102,40,0,5,-5
34960,466,2021,Split,568,Turko,Papara SuperMassive,Sage,1.22,173,16,15,11,78,128,41,0,0,0
34960,466,2021,Split,2107,russ,Papara SuperMassive,Skye,1.16,251,20,19,7,83,178,26,3,1,2
34960,466,2021,Split,569,pAura,Papara SuperMassive,Cypher,0.93,214,14,20,10,74,153,29,3,4,-1
34960,466,2021,Split,10160,Izzy,Papara SuperMassive,Raze,0.86,215,18,20,2,61,130,19,3,3,0
34960,466,2021,Split,8041,Brave,Papara SuperMassive,Astra,0.5,159,12,20,7,52,104,23,2,4,-2
34958,466,2021,Haven,804,BuZz,Vision Strikers,Jett,1.74,352,27,10,1,80,215,24,8,4,4
34958,466,2021,Haven,488,Rb,Vision Strikers,Skye,1.4,234,17,9,9,85,150,25,1,0,1
34958,466,2021,Haven,4462,MaKo,Vision Strikers,Astra,1.3,156,13,7,11,85,109,23,0,1,-1
34958,466,2021,Haven,485,stax,Vision Strikers,Breach,1.18,153,11,10,12,90,112,29,2,1,1
34958,466,2021,Haven,771,k1Ng,Vision Strikers,Killjoy,0.9,181,11,13,9,75,140,24,1,2,-1
34958,466,2021,Haven,573,cNed,Acend,Jett,0.89,177,13,15,0,55,113,30,1,3,-2
34958,466,2021,Haven,2894,Kiles,Acend,Killjoy,0.81,172,11,16,2,45,117,26,0,0,0
34958,466,2021,Haven,565,starxo,Acend,Skye,0.64,126,9,16,0,55,82,15,0,2,-2
34958,466,2021,Haven,562,zeek,Acend,Phoenix,0.58,172,11,17,2,60,103,16,6,2,4
34958,466,2021,Haven,3672,BONECOLD,Acend,Omen,0.46,76,5,16,7,55,54,17,1,5,-4
34958,466,2021,Icebox,4462,MaKo,Vision Strikers,Viper,1.47,307,24,14,10,91,194,26,1,2,-1
34958,466,2021,Icebox,488,Rb,Vision Strikers,Sova,1.19,194,16,11,8,77,141,28,3,2,1
34958,466,2021,Icebox,485,stax,Vision Strikers,Sage,1.14,190,17,13,4,68,123,35,3,5,-2
34958,466,2021,Icebox,771,k1Ng,Vision Strikers,Killjoy,0.9,189,14,15,4,59,139,23,1,1,0
34958,466,2021,Icebox,804,BuZz,Vision Strikers,Jett,0.68,155,13,17,2,64,99,11,3,1,2
34958,466,2021,Icebox,3672,BONECOLD,Acend,Viper,1.3,261,21,15,4,73,161,41,1,1,0
34958,466,2021,Icebox,573,cNed,Acend,Jett,1.17,270,21,17,3,64,178,18,1,2,-1
34958,466,2021,Icebox,562,zeek,Acend,Reyna,1.09,230,15,18,8,73,173,20,6,2,4
34958,466,2021,Icebox,565,starxo,Acend,Sage,0.83,121,7,14,10,64,92,18,3,3,0
34958,466,2021,Icebox,2894,Kiles,Acend,Sova,0.29,69,6,20,3,55,46,28,0,3,-3
34973,466,2021,Ascent,57,Hiko,100 Thieves,Sova,1.32,255,18,16,10,68,183,26,2,1,1
34973,466,2021,Ascent,2442,nitr0,100 Thieves,Astra,1.11,221,18,16,8,68,159,30,3,2,1
34973,466,2021,Ascent,2670,steel,100 Thieves,Killjoy,0.71,173,11,19,7,64,124,17,1,1,0
34973,466,2021,Ascent,11225,Ethan,100 Thieves,Skye,0.67,181,15,18,3,64,118,16,3,5,-2
34973,466,2021,Ascent,601,Asuna,100 Thieves,Jett,0.61,120,8,16,5,64,89,20,3,1,2
34973,466,2021,Ascent,573,cNed,Acend,Jett,1.46,287,23,14,3,77,189,13,4,1,3
34973,466,2021,Ascent,562,zeek,Acend,Sova,1.43,235,19,11,10,73,150,19,0,2,-2
34973,466,2021,Ascent,565,starxo,Acend,Sage,1.28,223,19,13,10,77,145,25,3,2,1
34973,466,2021,Ascent,2894,Kiles,Acend,Killjoy,1.07,215,16,15,5,77,154,29,1,3,-2
34973,466,2021,Ascent,3672,BONECOLD,Acend,Astra,0.57,92,8,17,8,82,69,43,2,4,-2
34973,466,2021,Haven,57,Hiko,100 Thieves,Sova,1.58,240,17,10,12,81,176,17,1,1,0
34973,466,2021,Haven,601,Asuna,100 Thieves,Jett,1.31,303,21,15,5,76,183,22,5,4,1
34973,466,2021,Haven,11225,Ethan,100 Thieves,Skye,1.14,216,17,13,3,86,127,28,2,2,0
34973,466,2021,Haven,2442,nitr0,100 Thieves,Astra,1.06,184,15,13,7,81,115,22,1,2,-1
34973,466,2021,Haven,2670,steel,100 Thieves,Killjoy,0.81,131,11,12,1,52,90,20,2,1,1
34973,466,2021,Haven,573,cNed,Acend,Jett,1.47,307,23,16,4,71,208,31,7,1,6
34973,466,2021,Haven,2894,Kiles,Acend,Cypher,1.09,219,16,16,5,81,150,29,1,1,0
34973,466,2021,Haven,3672,BONECOLD,Acend,Astra,0.6,133,9,15,5,62,94,26,1,4,-3
34973,466,2021,Haven,565,starxo,Acend,Skye,0.47,117,7,17,5,48,87,21,1,3,-2
34973,466,2021,Haven,562,zeek,Acend,Phoenix,0.45,106,8,17,4,57,64,15,0,2,-2
34973,466,2021,Breeze,2442,nitr0,100 Thieves,Jett,1.38,237,24,13,4,88,153,19,7,2,5
34973,466,2021,Breeze,2670,steel,100 Thieves,Viper,1.25,213,19,14,14,69,146,26,1,3,-2
34973,466,2021,Breeze,601,Asuna,100 Thieves,Reyna,1.12,261,21,18,5,81,164,27,2,2,0
34973,466,2021,Breeze,57,Hiko,100 Thieves,Sova,1.01,176,15,15,3,69,112,31,3,2,1
34973,466,2021,Breeze,11225,Ethan,100 Thieves,Skye,1.01,187,20,18,9,65,121,24,2,2,0
34973,466,2021,Breeze,573,cNed,Acend,Jett,1.29,249,24,17,2,73,148,10,6,1,5
34973,466,2021,Breeze,562,zeek,Acend,Sova,0.9,188,17,20,6,69,130,35,1,2,-1
34973,466,2021,Breeze,565,starxo,Acend,Skye,0.68,171,15,22,4,46,111,20,2,4,-2
34973,466,2021,Breeze,2894,Kiles,Acend,Cypher,0.66,149,15,21,2,58,97,33,2,3,-1
34973,466,2021,Breeze,3672,BONECOLD,Acend,Viper,0.51,90,6,19,9,54,70,12,0,5,-5
34948,466,2021,Ascent,568,Turko,Papara SuperMassive,Sage,1.2,226,18,16,4,82,153,44,2,2,0
34948,466,2021,Ascent,8041,Brave,Papara SuperMassive,Omen,0.88,211,15,18,5,73,144,32,3,0,3
34948,466,2021,Ascent,10160,Izzy,Papara SuperMassive,Jett,0.86,166,13,16,4,68,123,21,3,1,2
34948,466,2021,Ascent,569,pAura,Papara SuperMassive,Killjoy,0.86,195,15,16,4,59,133,29,4,5,-1
34948,466,2021,Ascent,2107,russ,Papara SuperMassive,Sova,0.73,178,12,18,5,59,133,27,1,1,0
34948,466,2021,Ascent,565,starxo,Acend,Sage,1.42,251,18,12,8,82,171,21,3,1,2
34948,466,2021,Ascent,562,zeek,Acend,Sova,1.21,225,19,14,5,82,135,14,2,2,0
34948,466,2021,Ascent,573,cNed,Acend,Jett,1.15,268,21,15,0,68,158,25,3,2,1
34948,466,2021,Ascent,2894,Kiles,Acend,Killjoy,1.07,224,19,17,4,64,155,25,1,2,-1
34948,466,2021,Ascent,3672,BONECOLD,Acend,Astra,0.52,89,7,15,5,45,54,27,0,6,-6
34948,466,2021,Bind,569,pAura,Papara SuperMassive,Viper,1.24,264,18,13,1,61,165,46,1,5,-4
34948,466,2021,Bind,10160,Izzy,Papara SuperMassive,Jett,1.24,265,16,13,2,78,156,19,6,0,6
34948,466,2021,Bind,2107,russ,Papara SuperMassive,Sova,0.66,135,7,14,7,67,106,18,0,1,-1
34948,466,2021,Bind,8041,Brave,Papara SuperMassive,Astra,0.61,154,8,15,7,72,111,29,2,1,1
34948,466,2021,Bind,568,Turko,Papara SuperMassive,Skye,0.55,111,8,14,3,61,65,23,1,1,0
34948,466,2021,Bind,573,cNed,Acend,Sage,1.6,318,22,11,5,83,186,26,3,2,1
34948,466,2021,Bind,562,zeek,Acend,Raze,1.48,292,19,11,2,89,187,27,3,3,0
34948,466,2021,Bind,3672,BONECOLD,Acend,Brimstone,1.01,220,12,13,8,67,160,35,1,4,-3
34948,466,2021,Bind,565,starxo,Acend,Skye,0.99,159,11,10,6,78,94,17,0,1,-1
34948,466,2021,Bind,2894,Kiles,Acend,Viper,0.64,100,5,12,8,72,75,18,1,0,1
34979,466,2021,Bind,261,Victor,ENVY,Skye,1.08,225,21,19,5,71,148,26,2,2,0
34979,466,2021,Bind,4,crashies,ENVY,Sova,0.98,193,18,21,9,75,131,23,2,0,2
34979,466,2021,Bind,263,Marved,ENVY,Astra,0.9,208,20,21,4,61,140,22,3,1,2
34979,466,2021,Bind,881,yay,ENVY,Jett,0.86,175,19,20,1,64,104,31,5,6,-1
34979,466,2021,Bind,817,FiNESSE,ENVY,Viper,0.47,114,11,21,3,46,70,13,1,6,-5
34979,466,2021,Bind,458,Chronicle,Gambit Esports,Sova,1.51,268,29,15,5,75,167,25,2,1,1
34979,466,2021,Bind,457,nAts,Gambit Esports,Viper,1.38,247,24,16,9,75,164,26,2,3,-1
34979,466,2021,Bind,1427,Redgar,Gambit Esports,Astra,0.88,147,14,18,12,79,101,21,2,2,0
34979,466,2021,Bind,252,d3ffo,Gambit Esports,Jett,0.86,186,19,21,3,64,104,26,7,5,2
34979,466,2021,Bind,1428,sheydos,Gambit Esports,Skye,0.82,170,16,19,5,61,116,19,2,2,0
34979,466,2021,Haven,881,yay,ENVY,Jett,1.62,324,27,17,4,75,210,26,4,3,1
34979,466,2021,Haven,263,Marved,ENVY,Astra,1.06,175,16,17,7,67,125,15,1,1,0
34979,466,2021,Haven,4,crashies,ENVY,Sova,0.74,164,14,21,6,58,108,31,1,1,0
34979,466,2021,Haven,817,FiNESSE,ENVY,Killjoy,0.41,133,10,22,3,42,90,12,1,3,-2
34979,466,2021,Haven,261,Victor,ENVY,Skye,0.36,103,8,21,5,46,72,15,2,7,-5
34979,466,2021,Haven,458,Chronicle,Gambit Esports,Brimstone,1.37,236,21,14,13,75,162,23,1,0,1
34979,466,2021,Haven,1427,Redgar,Gambit Esports,Reyna,1.23,254,22,16,5,71,161,19,10,3,7
34979,466,2021,Haven,457,nAts,Gambit Esports,Cypher,1.19,225,20,15,4,75,164,36,1,3,-2
34979,466,2021,Haven,252,d3ffo,Gambit Esports,Jett,1.08,202,20,14,0,71,126,34,3,3,0
34979,466,2021,Haven,1428,sheydos,Gambit Esports,Skye,0.81,176,15,16,3,79,113,16,0,0,0
34979,466,2021,Split,4,crashies,ENVY,Viper,1.09,293,23,20,5,68,199,24,2,3,-1
34979,466,2021,Split,261,Victor,ENVY,Skye,0.82,159,13,16,8,68,102,26,2,2,0
34979,466,2021,Split,263,Marved,ENVY,Astra,0.78,171,13,17,8,64,108,24,2,2,0
34979,466,2021,Split,881,yay,ENVY,Jett,0.67,151,11,18,3,59,128,18,4,4,0
34979,466,2021,Split,817,FiNESSE,ENVY,Cypher,0.64,141,11,18,2,55,96,25,0,1,-1
34979,466,2021,Split,1428,sheydos,Gambit Esports,Skye,1.5,230,20,12,5,82,150,23,1,1,0
34979,466,2021,Split,458,Chronicle,Gambit Esports,Viper,1.47,321,23,16,13,82,223,28,3,0,3
34979,466,2021,Split,1427,Redgar,Gambit Esports,Astra,1.1,176,15,13,6,73,138,38,2,3,-1
34979,466,2021,Split,252,d3ffo,Gambit Esports,Jett,1.03,209,16,15,4,77,136,27,3,5,-2
34979,466,2021,Split,457,nAts,Gambit Esports,Cypher,1.0,193,15,15,6,77,125,32,3,1,2
35938,466,2021,Ascent,3070,nukkye,G2 Esports,Sage,1.36,199,13,9,9,83,137,22,0,1,-1
35938,466,2021,Ascent,93,Mixwell,G2 Esports,Skye,1.29,238,16,11,5,83,143,21,1,3,-2
35938,466,2021,Ascent,339,koldamenta,G2 Esports,Sova,1.28,197,12,10,10,83,130,25,0,0,0
35938,466,2021,Ascent,3582,keloqz,G2 Esports,Jett,1.15,253,18,12,1,67,160,34,4,4,0
35938,466,2021,Ascent,1507,AvovA,G2 Esports,Astra,1.14,199,13,12,7,72,141,31,2,3,-1
35938,466,2021,Ascent,1952,Esperanza,F4Q,Sova,1.1,249,16,15,6,72,159,36,4,0,4
35938,466,2021,Ascent,473,zunba,F4Q,Astra,1.05,207,13,13,6,72,148,27,0,1,-1
35938,466,2021,Ascent,5283,Bunny,F4Q,Raze,0.82,199,11,15,5,67,134,13,6,3,3
35938,466,2021,Ascent,985,Efina,F4Q,Killjoy,0.53,151,7,15,4,56,121,10,1,2,-1
35938,466,2021,Ascent,471,fiveK,F4Q,Reyna,0.44,89,7,14,2,50,55,18,0,1,-1
35938,466,2021,Bind,339,koldamenta,G2 Esports,Sova,1.0,191,13,16,4,68,133,28,0,2,-2
35938,466,2021,Bind,3582,keloqz,G2 Esports,Sage,0.94,228,18,17,4,68,138,39,0,2,-2
35938,466,2021,Bind,1507,AvovA,G2 Esports,Astra,0.9,180,14,15,2,59,119,23,3,2,1
35938,466,2021,Bind,3070,nukkye,G2 Esports,Raze,0.84,228,16,18,2,59,144,18,7,4,3
35938,466,2021,Bind,93,Mixwell,G2 Esports,Skye,0.78,137,11,15,5,59,91,19,1,1,0
35938,466,2021,Bind,1952,Esperanza,F4Q,Sova,1.31,249,19,14,2,73,174,35,2,2,0
35938,466,2021,Bind,5283,Bunny,F4Q,Raze,1.12,213,16,14,3,77,146,14,3,5,-2
35938,466,2021,Bind,471,fiveK,F4Q,Skye,1.1,264,22,17,7,73,156,21,4,1,3
35938,466,2021,Bind,473,zunba,F4Q,Astra,1.02,212,16,15,6,73,143,18,1,1,0
35938,466,2021,Bind,985,Efina,F4Q,Killjoy,0.82,118,8,12,6,73,88,13,1,2,-1
35938,466,2021,Haven,3070,nukkye,G2 Esports,Sage,1.31,226,19,11,6,86,144,27,0,1,-1
35938,466,2021,Haven,3582,keloqz,G2 Esports,Jett,1.26,301,24,16,2,76,192,45,6,3,3
35938,466,2021,Haven,1507,AvovA,G2 Esports,Astra,1.06,206,14,13,4,86,140,21,2,2,0
35938,466,2021,Haven,339,koldamenta,G2 Esports,Skye,0.91,126,9,12,14,67,91,19,1,4,-3
35938,466,2021,Haven,93,Mixwell,G2 Esports,Killjoy,0.89,184,13,16,8,76,130,20,1,1,0
35938,466,2021,Haven,1952,Esperanza,F4Q,Sova,1.21,236,17,14,6,67,145,27,3,3,0
35938,466,2021,Haven,5283,Bunny,F4Q,Raze,1.12,262,18,16,2,71,173,14,4,1,3
35938,466,2021,Haven,473,zunba,F4Q,Astra,0.99,195,16,16,2,62,146,29,0,2,-2
35938,466,2021,Haven,985,Efina,F4Q,Killjoy,0.68,128,9,15,0,52,87,24,1,2,-1
35938,466,2021,Haven,471,fiveK,F4Q,Skye,0.51,124,8,18,6,48,89,31,3,2,1
34966,466,2021,Icebox,252,d3ffo,Gambit Esports,Jett,1.22,271,25,20,2,69,156,31,4,4,0
34966,466,2021,Icebox,458,Chronicle,Gambit Esports,Sova,1.06,221,20,18,2,69,147,34,0,4,-4
34966,466,2021,Icebox,457,nAts,Gambit Esports,Viper,1.0,236,20,20,11,81,165,37,3,5,-2
34966,466,2021,Icebox,1428,sheydos,Gambit Esports,Reyna,0.92,167,15,16,2,62,108,25,3,1,2
34966,466,2021,Icebox,1427,Redgar,Gambit Esports,Sage,0.81,152,13,19,12,65,104,32,2,0,2
34966,466,2021,Icebox,1026,ade,Crazy Raccoon,Viper,1.15,183,16,14,9,69,120,33,0,0,0
34966,466,2021,Icebox,2489,Munchkin,Crazy Raccoon,Reyna,1.0,227,20,19,6,69,151,20,2,4,-2
34966,466,2021,Icebox,805,Bazzi,Crazy Raccoon,Sova,0.97,223,19,19,8,62,140,21,4,2,2
34966,466,2021,Icebox,1046,Fisker,Crazy Raccoon,Jett,0.97,243,23,22,3,65,157,39,6,5,1
34966,466,2021,Icebox,1970,neth,Crazy Raccoon,Sage,0.91,162,15,19,9,81,105,29,2,1,1
34966,466,2021,Ascent,457,nAts,Gambit Esports,Cypher,2.01,387,30,10,5,100,240,33,5,0,5
34966,466,2021,Ascent,458,Chronicle,Gambit Esports,Sova,1.32,191,15,10,9,81,137,23,2,0,2
34966,466,2021,Ascent,1428,sheydos,Gambit Esports,Skye,1.12,232,19,14,4,76,142,21,4,1,3
34966,466,2021,Ascent,252,d3ffo,Gambit Esports,Jett,0.99,175,12,12,3,86,118,35,6,1,5
34966,466,2021,Ascent,1427,Redgar,Gambit Esports,Astra,0.84,157,12,15,9,81,133,24,1,1,0
34966,466,2021,Ascent,1970,neth,Crazy Raccoon,Astra,1.22,289,22,18,4,71,163,27,1,1,0
34966,466,2021,Ascent,993,Medusa,Crazy Raccoon,Cypher,0.99,232,17,18,5,71,143,27,2,2,0
34966,466,2021,Ascent,1026,ade,Crazy Raccoon,Viper,0.66,133,9,16,4,62,88,21,0,4,-4
34966,466,2021,Ascent,2489,Munchkin,Crazy Raccoon,Raze,0.52,89,7,16,4,48,64,4,0,6,-6
34966,466,2021,Ascent,1046,Fisker,Crazy Raccoon,Skye,0.28,98,6,20,6,52,73,38,0,5,-5
34975,466,2021,Bind,485,stax,Vision Strikers,Breach,0.92,212,12,15,7,67,121,37,1,0,1
34975,466,2021,Bind,4462,MaKo,Vision Strikers,Astra,0.71,178,7,13,3,67,140,42,2,2,0
34975,466,2021,Bind,773,Lakia,Vision Strikers,Skye,0.65,147,7,14,1,47,114,33,1,2,-1
34975,466,2021,Bind,804,BuZz,Vision Strikers,Jett,0.48,127,7,13,1,53,84,19,1,3,-2
34975,466,2021,Bind,488,Rb,Vision Strikers,Raze,0.14,57,1,14,5,40,48,0,1,2,-1
34975,466,2021,Bind,457,nAts,Gambit Esports,Viper,2.06,460,24,9,7,93,283,26,1,1,0
34975,466,2021,Bind,458,Chronicle,Gambit Esports,Sova,1.37,127,8,3,6,87,83,20,1,0,1
34975,466,2021,Bind,252,d3ffo,Gambit Esports,Jett,1.36,220,13,6,2,87,134,12,2,3,-1
34975,466,2021,Bind,1427,Redgar,Gambit Esports,Astra,1.22,154,10,6,3,73,118,32,1,0,1
34975,466,2021,Bind,1428,sheydos,Gambit Esports,Skye,1.15,226,14,10,9,93,152,33,4,2,2
34975,466,2021,Split,485,stax,Vision Strikers,Skye,1.44,231,21,11,3,75,159,50,0,1,-1
34975,466,2021,Split,804,BuZz,Vision Strikers,Jett,1.36,248,18,10,1,80,159,21,6,3,3
34975,466,2021,Split,4462,MaKo,Vision Strikers,Astra,1.26,218,15,11,9,80,150,38,2,1,1
34975,466,2021,Split,488,Rb,Vision Strikers,Sage,1.01,207,14,14,12,80,137,26,2,1,1
34975,466,2021,Split,771,k1Ng,Vision Strikers,Killjoy,0.65,147,9,13,4,70,104,21,3,1,2
34975,466,2021,Split,458,Chronicle,Gambit Esports,Viper,1.03,233,16,17,4,65,150,16,3,1,2
34975,466,2021,Split,252,d3ffo,Gambit Esports,Jett,0.97,185,13,14,2,60,120,20,2,6,-4
34975,466,2021,Split,1427,Redgar,Gambit Esports,Astra,0.83,171,12,16,5,65,106,31,2,3,-1
34975,466,2021,Split,457,nAts,Gambit Esports,Cypher,0.8,204,13,17,2,60,146,24,0,3,-3
34975,466,2021,Split,1428,sheydos,Gambit Esports,Skye,0.6,80,5,13,3,50,63,29,0,0,0
34975,466,2021,Icebox,804,BuZz,Vision Strikers,Jett,1.18,303,23,16,3,57,174,23,4,3,1
34975,466,2021,Icebox,4462,MaKo,Vision Strikers,Viper,1.09,194,12,12,10,81,143,23,0,1,-1
34975,466,2021,Icebox,485,stax,Vision Strikers,Sage,0.99,151,12,14,11,62,108,34,3,4,-1
34975,466,2021,Icebox,771,k1Ng,Vision Strikers,Killjoy,0.81,171,13,16,1,67,112,36,1,2,-1
34975,466,2021,Icebox,488,Rb,Vision Strikers,Sova,0.49,126,7,19,8,67,95,23,1,2,-1
34975,466,2021,Icebox,458,Chronicle,Gambit Esports,Sova,1.4,299,21,15,5,81,199,24,3,1,2
34975,466,2021,Icebox,1428,sheydos,Gambit Esports,Reyna,1.28,220,16,12,1,81,158,40,3,1,2
34975,466,2021,Icebox,252,d3ffo,Gambit Esports,Jett,1.14,207,16,12,2,76,134,40,3,2,1
34975,466,2021,Icebox,457,nAts,Gambit Esports,Viper,1.11,224,16,13,8,81,136,23,1,1,0
34975,466,2021,Icebox,1427,Redgar,Gambit Esports,Sage,0.58,97,8,15,8,67,72,30,2,4,-2
34959,466,2021,Haven,9803,d4v41,Paper Rex,Skye,1.42,277,25,15,6,85,192,33,4,1,3
34959,466,2021,Haven,10703,shiba,Paper Rex,Sova,1.28,206,18,14,14,69,136,21,1,0,1
34959,466,2021,Haven,9802,Benkai,Paper Rex,Cypher,0.85,135,10,15,8,73,98,22,3,0,3
34959,466,2021,Haven,9801,f0rsakeN,Paper Rex,Jett,0.8,196,18,19,1,58,120,37,5,9,-4
34959,466,2021,Haven,9800,mindfreak,Paper Rex,Astra,0.75,154,15,18,4,62,104,20,2,1,1
34959,466,2021,Haven,569,pAura,Papara SuperMassive,Killjoy,1.04,215,18,19,5,69,139,29,5,5,0
34959,466,2021,Haven,10160,Izzy,Papara SuperMassive,Jett,1.02,205,21,17,1,69,136,19,2,5,-3
34959,466,2021,Haven,8041,Brave,Papara SuperMassive,Omen,1.01,183,15,17,10,65,145,33,2,3,-1
34959,466,2021,Haven,568,Turko,Papara SuperMassive,Sage,0.83,148,14,16,4,62,103,39,1,0,1
34959,466,2021,Haven,2107,russ,Papara SuperMassive,Sova,0.83,141,13,17,4,62,114,33,1,2,-1
34959,466,2021,Breeze,9803,d4v41,Paper Rex,Skye,0.73,175,8,14,4,60,118,18,0,2,-2
34959,466,2021,Breeze,9800,mindfreak,Paper Rex,Viper,0.71,160,8,13,2,60,100,19,1,3,-2
34959,466,2021,Breeze,9802,Benkai,Paper Rex,Killjoy,0.59,106,5,13,2,53,70,12,0,0,0
34959,466,2021,Breeze,9801,f0rsakeN,Paper Rex,Jett,0.41,154,6,15,2,40,122,39,2,6,-4
34959,466,2021,Breeze,10703,shiba,Paper Rex,Sova,0.17,28,0,13,3,40,29,0,0,1,-1
34959,466,2021,Breeze,2107,russ,Papara SuperMassive,Sova,1.76,268,16,4,3,93,179,32,2,0,2
34959,466,2021,Breeze,569,pAura,Papara SuperMassive,Cypher,1.53,259,16,6,3,87,157,38,2,2,0
34959,466,2021,Breeze,8041,Brave,Papara SuperMassive,Viper,1.41,284,14,7,5,93,167,27,3,0,3
34959,466,2021,Breeze,568,Turko,Papara SuperMassive,Skye,1.31,169,9,4,5,100,121,33,1,0,1
34959,466,2021,Breeze,10160,Izzy,Papara SuperMassive,Jett,1.25,217,13,6,3,87,150,19,4,1,3
34959,466,2021,Split,9802,Benkai,Paper Rex,Killjoy,1.23,194,15,13,1,65,134,24,2,2,0
34959,466,2021,Split,9800,mindfreak,Paper Rex,Astra,0.85,173,14,17,2,70,109,14,0,0,0
34959,466,2021,Split,10703,shiba,Paper Rex,Sage,0.84,175,13,16,5,70,117,27,2,3,-1
34959,466,2021,Split,9801,f0rsakeN,Paper Rex,Reyna,0.73,200,16,19,3,65,129,29,5,3,2
34959,466,2021,Split,9803,d4v41,Paper Rex,Jett,0.55,137,10,19,5,78,98,14,3,3,0
34959,466,2021,Split,8041,Brave,Papara SuperMassive,Astra,1.41,250,23,13,6,87,162,43,3,1,2
34959,466,2021,Split,568,Turko,Papara SuperMassive,Sage,1.33,232,19,13,8,83,132,17,3,1,2
34959,466,2021,Split,10160,Izzy,Papara SuperMassive,Raze,1.12,238,18,16,5,74,154,12,4,5,-1
34959,466,2021,Split,2107,russ,Papara SuperMassive,Skye,1.11,228,18,15,7,78,143,29,0,1,-1
34959,466,2021,Split,569,pAura,Papara SuperMassive,Cypher,0.64,72,6,11,4,70,57,41,1,4,-3
34947,466,2021,Haven,488,Rb,Vision Strikers,Skye,1.5,252,21,10,8,95,152,31,1,1,0
34947,466,2021,Haven,771,k1Ng,Vision Strikers,Killjoy,1.34,275,22,13,2,77,180,34,4,2,2
34947,466,2021,Haven,804,BuZz,Vision Strikers,Jett,1.16,242,17,15,5,68,163,18,5,4,1
34947,466,2021,Haven,4462,MaKo,Vision Strikers,Astra,1.05,172,14,11,9,73,112,27,3,1,2
34947,466,2021,Haven,485,stax,Vision Strikers,Breach,0.84,117,11,11,6,73,86,22,0,1,-1
34947,466,2021,Haven,9801,f0rsakeN,Paper Rex,Jett,1.2,281,21,19,2,64,169,28,5,6,-1
34947,466,2021,Haven,9800,mindfreak,Paper Rex,Astra,0.79,139,11,16,6,73,95,21,0,0,0
34947,466,2021,Haven,10703,shiba,Paper Rex,Sova,0.74,108,7,14,6,64,84,16,0,3,-3
34947,466,2021,Haven,9802,Benkai,Paper Rex,Cypher,0.67,122,10,16,0,36,86,33,1,2,-1
34947,466,2021,Haven,9803,d4v41,Paper Rex,Skye,0.57,165,11,20,5,45,114,28,3,2,1
34947,466,2021,Icebox,4462,MaKo,Vision Strikers,Viper,1.35,213,18,13,7,75,149,27,1,2,-1
34947,466,2021,Icebox,488,Rb,Vision Strikers,Sova,1.22,224,20,15,7,83,156,28,0,0,0
34947,466,2021,Icebox,485,stax,Vision Strikers,Sage,1.17,186,19,14,6,75,109,29,0,2,-2
34947,466,2021,Icebox,804,BuZz,Vision Strikers,Jett,0.83,240,19,20,3,58,149,19,7,6,1
34947,466,2021,Icebox,771,k1Ng,Vision Strikers,Killjoy,0.68,161,11,17,3,75,121,29,2,4,-2
34947,466,2021,Icebox,9801,f0rsakeN,Paper Rex,Jett,1.36,307,27,18,3,67,169,30,9,3,6
34947,466,2021,Icebox,9803,d4v41,Paper Rex,Sage,1.17,199,17,15,8,83,137,31,1,2,-1
34947,466,2021,Icebox,9802,Benkai,Paper Rex,Killjoy,0.98,188,15,16,3,71,131,28,3,2,1
34947,466,2021,Icebox,9800,mindfreak,Paper Rex,Viper,0.66,137,10,18,11,63,101,11,0,1,-1
34947,466,2021,Icebox,10703,shiba,Paper Rex,Sova,0.51,127,10,20,3,75,81,22,1,2,-1
34952,466,2021,Ascent,2670,steel,100 Thieves,Kayo,1.38,248,15,10,8,81,153,24,3,3,0
34952,466,2021,Ascent,57,Hiko,100 Thieves,Sova,1.35,198,11,5,8,94,143,27,0,1,-1
34952,466,2021,Ascent,11225,Ethan,100 Thieves,Skye,1.32,250,16,9,5,75,144,27,2,0,2
34952,466,2021,Ascent,2442,nitr0,100 Thieves,Omen,1.26,237,15,10,3,81,161,36,2,1,1
34952,466,2021,Ascent,601,Asuna,100 Thieves,Jett,0.8,228,12,13,2,81,143,26,3,1,2
34952,466,2021,Ascent,1221,krain,Liberty,Sova,1.33,284,16,13,3,88,196,33,2,0,2
34952,466,2021,Ascent,1576,pleets,Liberty,Astra,1.06,165,9,11,5,63,105,24,1,1,0
34952,466,2021,Ascent,2567,liazzi,Liberty,Jett,0.78,199,10,14,2,63,137,20,1,4,-3
34952,466,2021,Ascent,1578,shion,Liberty,Breach,0.5,100,6,15,2,63,69,50,2,1,1
34952,466,2021,Ascent,1595,Myssen,Liberty,Skye,0.23,130,5,16,7,50,96,52,0,4,-4
34952,466,2021,Icebox,601,Asuna,100 Thieves,Reyna,1.53,333,22,12,2,84,203,31,5,2,3
34952,466,2021,Icebox,11225,Ethan,100 Thieves,Omen,1.45,291,21,10,7,74,178,24,4,4,0
34952,466,2021,Icebox,57,Hiko,100 Thieves,Sova,1.32,209,14,8,2,89,138,34,0,1,-1
34952,466,2021,Icebox,2442,nitr0,100 Thieves,Viper,1.11,126,10,7,4,84,102,24,0,0,0
34952,466,2021,Icebox,2670,steel,100 Thieves,Killjoy,0.89,176,12,13,2,84,127,25,2,1,1
34952,466,2021,Icebox,1595,Myssen,Liberty,Viper,0.86,182,11,15,3,63,122,41,2,3,-1
34952,466,2021,Icebox,1221,krain,Liberty,Sova,0.75,160,8,15,4,47,116,12,2,0,2
34952,466,2021,Icebox,1578,shion,Liberty,Reyna,0.71,182,12,17,1,53,114,18,3,4,-1
34952,466,2021,Icebox,1576,pleets,Liberty,Sage,0.58,175,10,17,7,63,121,17,0,2,-2
34952,466,2021,Icebox,2567,liazzi,Liberty,Jett,0.56,125,9,15,1,53,78,14,1,2,-1
85526,926,2022,Icebox,8480,aspas,LOUD,Jett,1.37,262,22,12,1,74,162,37,2,7,-5
85526,926,2022,Icebox,659,Sacy,LOUD,Sova,1.25,246,21,16,5,70,160,40,2,0,2
85526,926,2022,Icebox,8447,Less,LOUD,Viper,1.13,234,17,14,12,78,153,23,2,1,1
85526,926,2022,Icebox,683,pANcada,LOUD,Sage,0.76,136,11,15,3,52,94,61,2,0,2
85526,926,2022,Icebox,727,saadhak,LOUD,Chamber,0.75,174,13,17,3,61,106,22,3,4,-1
85526,926,2022,Icebox,9780,Jamppi,Team Liquid,Sova,1.48,335,26,18,5,83,209,31,4,0,4
85526,926,2022,Icebox,92,ScreaM,Team Liquid,Jett,1.15,250,17,17,4,61,152,31,4,3,1
85526,926,2022,Icebox,99,L1NK,Team Liquid,Viper,0.91,168,13,14,7,74,114,37,1,0,1
85526,926,2022,Icebox,14669,Nivera,Team Liquid,Killjoy,0.7,146,12,18,2,61,93,33,3,1,2
85526,926,2022,Icebox,101,soulcas,Team Liquid,Sage,0.24,78,6,17,4,39,51,32,0,7,-7
85526,926,2022,Haven,8480,aspas,LOUD,Jett,1.09,273,14,14,3,50,164,22,2,5,-3
85526,926,2022,Haven,659,Sacy,LOUD,Sova,0.97,215,9,14,7,75,146,25,0,0,0
85526,926,2022,Haven,683,pANcada,LOUD,Omen,0.84,211,13,15,4,81,127,59,0,2,-2
85526,926,2022,Haven,727,saadhak,LOUD,Breach,0.42,92,5,14,4,56,63,18,0,2,-2
85526,926,2022,Haven,8447,Less,LOUD,Killjoy,0.24,93,4,15,1,44,69,20,0,5,-5
85526,926,2022,Haven,92,ScreaM,Team Liquid,Jett,1.76,336,20,7,2,81,222,49,4,0,4
85526,926,2022,Haven,14669,Nivera,Team Liquid,Chamber,1.71,340,21,9,3,81,217,43,5,0,5
85526,926,2022,Haven,101,soulcas,Team Liquid,Skye,1.36,247,14,9,7,81,166,28,1,0,1
85526,926,2022,Haven,9780,Jamppi,Team Liquid,Breach,0.78,173,11,11,1,75,118,46,3,2,1
85526,926,2022,Haven,99,L1NK,Team Liquid,Omen,0.73,99,6,9,3,94,64,29,1,0,1
85526,926,2022,Ascent,659,Sacy,LOUD,Sova,1.27,232,20,14,4,70,162,32,1,1,0
85526,926,2022,Ascent,8480,aspas,LOUD,Jett,1.14,243,20,16,3,78,140,22,5,2,3
85526,926,2022,Ascent,683,pANcada,LOUD,Omen,0.97,234,20,18,10,83,138,26,2,2,0
85526,926,2022,Ascent,8447,Less,LOUD,Killjoy,0.86,177,14,14,5,70,132,9,1,4,-3
85526,926,2022,Ascent,727,saadhak,LOUD,Kayo,0.81,186,14,17,13,70,113,27,3,2,1
85526,926,2022,Ascent,9780,Jamppi,Team Liquid,Jett,1.29,258,22,17,3,70,166,28,6,5,1
85526,926,2022,Ascent,101,soulcas,Team Liquid,Sova,1.06,186,14,15,10,78,129,18,0,2,-2
85526,926,2022,Ascent,99,L1NK,Team Liquid,Omen,0.9,204,17,19,5,74,121,46,2,1,1
85526,926,2022,Ascent,92,ScreaM,Team Liquid,Kayo,0.76,185,14,20,9,65,115,30,1,2,-1
85526,926,2022,Ascent,14669,Nivera,Team Liquid,Killjoy,0.75,154,12,17,2,70,107,26,2,2,0
85535,926,2022,Icebox,1395,TENNN,ZETA DIVISION,Sage,1.35,288,18,14,5,74,171,54,2,1,1
85535,926,2022,Icebox,424,Dep,ZETA DIVISION,Jett,0.66,153,10,16,2,58,93,21,3,2,1
85535,926,2022,Icebox,6668,SugarZ3ro,ZETA DIVISION,Viper,0.59,139,11,15,3,74,94,57,0,1,-1
85535,926,2022,Icebox,999,Laz,ZETA DIVISION,Chamber,0.54,158,11,17,2,47,94,32,2,6,-4
85535,926,2022,Icebox,1000,crow,ZETA DIVISION,Sova,0.5,93,5,14,6,47,68,18,1,1,0
85535,926,2022,Icebox,7378,Jinggg,Paper Rex,Sage,1.62,298,22,10,2,79,186,27,2,1,1
85535,926,2022,Icebox,9803,d4v41,Paper Rex,Chamber,1.54,269,19,10,2,74,172,31,3,1,2
85535,926,2022,Icebox,9802,Benkai,Paper Rex,Sova,1.28,229,15,11,6,74,136,24,2,1,1
85535,926,2022,Icebox,9800,mindfreak,Paper Rex,Viper,0.95,159,10,10,8,84,98,27,1,1,0
85535,926,2022,Icebox,9801,f0rsakeN,Paper Rex,Jett,0.7,172,10,14,4,63,112,17,3,4,-1
85535,926,2022,Haven,424,Dep,ZETA DIVISION,Jett,1.73,302,19,6,0,93,184,28,3,1,2
85535,926,2022,Haven,6668,SugarZ3ro,ZETA DIVISION,Astra,1.44,213,13,6,11,93,144,34,1,1,0
85535,926,2022,Haven,999,Laz,ZETA DIVISION,Killjoy,1.43,290,14,9,5,87,208,19,3,0,3
85535,926,2022,Haven,1000,crow,ZETA DIVISION,Breach,1.39,234,14,7,2,100,137,29,2,1,1
85535,926,2022,Haven,1395,TENNN,ZETA DIVISION,Skye,1.17,196,9,7,4,80,141,28,3,0,3
85535,926,2022,Haven,9802,Benkai,Paper Rex,Cypher,0.73,212,10,14,3,60,134,38,1,1,0
85535,926,2022,Haven,9801,f0rsakeN,Paper Rex,Jett,0.7,191,8,14,4,67,120,25,1,4,-3
85535,926,2022,Haven,9803,d4v41,Paper Rex,Skye,0.63,125,7,14,4,53,64,19,1,1,0
85535,926,2022,Haven,7378,Jinggg,Paper Rex,Reyna,0.49,138,7,13,2,53,92,20,0,4,-4
85535,926,2022,Haven,9800,mindfreak,Paper Rex,Omen,0.25,88,3,14,4,47,59,8,0,2,-2
85535,926,2022,Split,6668,SugarZ3ro,ZETA DIVISION,Astra,1.54,268,24,14,6,74,165,32,3,2,1
85535,926,2022,Split,999,Laz,ZETA DIVISION,Viper,1.19,212,17,15,9,83,152,22,6,1,5
85535,926,2022,Split,424,Dep,ZETA DIVISION,Sage,0.92,175,15,16,7,70,128,27,1,0,1
85535,926,2022,Split,1000,crow,ZETA DIVISION,Skye,0.85,210,17,19,7,70,127,21,1,0,1
85535,926,2022,Split,1395,TENNN,ZETA DIVISION,Raze,0.85,206,14,19,10,65,151,20,4,5,-1
85535,926,2022,Split,9801,f0rsakeN,Paper Rex,Jett,1.37,301,25,17,1,78,190,22,4,5,-1
85535,926,2022,Split,7378,Jinggg,Paper Rex,Raze,1.09,263,22,19,3,65,173,17,2,6,-4
85535,926,2022,Split,9802,Benkai,Paper Rex,Cypher,1.02,161,15,14,5,70,102,28,0,2,-2
85535,926,2022,Split,9803,d4v41,Paper Rex,Sage,0.92,187,13,17,12,74,123,30,1,0,1
85535,926,2022,Split,9800,mindfreak,Paper Rex,Omen,0.45,118,8,20,13,61,77,14,1,2,-1
84373,926,2022,Icebox,881,yay,OpTic Gaming,Chamber,1.27,240,19,16,6,65,155,34,3,5,-2
84373,926,2022,Icebox,261,Victor,OpTic Gaming,Kayo,1.07,191,14,16,10,61,121,28,1,0,1
84373,926,2022,Icebox,263,Marved,OpTic Gaming,Viper,1.06,229,18,18,3,74,145,35,2,2,0
84373,926,2022,Icebox,4,crashies,OpTic Gaming,Sova,0.99,169,14,15,5,65,109,33,2,2,0
84373,926,2022,Icebox,817,FiNESSE,OpTic Gaming,Sage,0.47,91,8,17,4,70,53,29,2,4,-2
84373,926,2022,Icebox,4382,sScary,XERXIA Esports,Viper,1.38,280,23,14,9,74,181,35,2,1,1
84373,926,2022,Icebox,23062,Surf,XERXIA Esports,Jett,1.35,233,21,12,2,83,190,27,3,1,2
84373,926,2022,Icebox,6723,foxz,XERXIA Esports,Sova,0.94,177,14,14,3,83,124,20,0,0,0
84373,926,2022,Icebox,3342,Sushiboys,XERXIA Esports,Killjoy,0.83,189,16,17,3,65,121,21,4,3,1
84373,926,2022,Icebox,3977,Crws,XERXIA Esports,Sage,0.44,108,8,16,5,74,69,28,4,5,-1
84373,926,2022,Ascent,4,crashies,OpTic Gaming,Sova,1.24,213,18,14,4,74,148,27,1,1,0
84373,926,2022,Ascent,261,Victor,OpTic Gaming,Kayo,0.88,204,16,18,9,74,143,26,0,2,-2
84373,926,2022,Ascent,881,yay,OpTic Gaming,Jett,0.87,201,17,17,4,61,105,7,8,5,3
84373,926,2022,Ascent,263,Marved,OpTic Gaming,Brimstone,0.77,182,13,19,11,74,117,30,2,1,1
84373,926,2022,Ascent,817,FiNESSE,OpTic Gaming,Killjoy,0.77,133,11,15,3,57,97,16,2,1,1
84373,926,2022,Ascent,3342,Sushiboys,XERXIA Esports,Killjoy,1.32,228,20,14,3,65,151,22,2,2,0
84373,926,2022,Ascent,23062,Surf,XERXIA Esports,Jett,1.23,262,20,14,2,74,163,25,5,4,1
84373,926,2022,Ascent,6723,foxz,XERXIA Esports,Sova,1.18,233,19,16,8,74,162,19,0,1,-1
84373,926,2022,Ascent,4382,sScary,XERXIA Esports,Omen,1.07,182,13,14,15,78,99,11,2,1,1
84373,926,2022,Ascent,3977,Crws,XERXIA Esports,Sage,0.68,141,11,17,6,65,105,25,1,5,-4
85531,926,2022,Fracture,6668,SugarZ3ro,ZETA DIVISION,Astra,1.61,298,22,12,8,85,187,25,3,2,1
85531,926,2022,Fracture,424,Dep,ZETA DIVISION,Viper,1.22,158,11,9,6,80,119,39,1,1,0
85531,926,2022,Fracture,1000,crow,ZETA DIVISION,Breach,1.19,189,15,12,6,80,116,28,1,0,1
85531,926,2022,Fracture,999,Laz,ZETA DIVISION,Chamber,0.97,190,14,13,3,65,117,15,3,2,1
85531,926,2022,Fracture,1395,TENNN,ZETA DIVISION,Raze,0.96,231,15,15,6,75,184,19,4,4,0
85531,926,2022,Fracture,14669,Nivera,Team Liquid,Chamber,1.19,214,16,14,2,80,136,28,0,0,0
85531,926,2022,Fracture,92,ScreaM,Team Liquid,Jett,0.82,208,15,17,1,60,136,34,4,2,2
85531,926,2022,Fracture,99,L1NK,Team Liquid,Brimstone,0.66,128,9,14,3,60,92,56,0,1,-1
85531,926,2022,Fracture,101,soulcas,Team Liquid,Neon,0.59,176,12,17,5,55,121,24,3,6,-3
85531,926,2022,Fracture,9780,Jamppi,Team Liquid,Breach,0.56,112,8,15,2,70,80,29,1,2,-1
85531,926,2022,Haven,6668,SugarZ3ro,ZETA DIVISION,Astra,1.06,205,12,13,1,59,135,26,0,0,0
85531,926,2022,Haven,1395,TENNN,ZETA DIVISION,Skye,0.8,205,12,14,3,59,117,33,2,4,-2
85531,926,2022,Haven,424,Dep,ZETA DIVISION,Jett,0.67,181,11,16,1,59,109,45,2,3,-1
85531,926,2022,Haven,999,Laz,ZETA DIVISION,Killjoy,0.44,105,5,14,2,53,74,14,0,3,-3
85531,926,2022,Haven,1000,crow,ZETA DIVISION,Breach,0.33,83,3,14,6,53,61,13,0,3,-3
85531,926,2022,Haven,92,ScreaM,Team Liquid,Jett,1.65,365,21,11,3,88,229,54,5,1,4
85531,926,2022,Haven,14669,Nivera,Team Liquid,Chamber,1.44,216,14,7,2,76,130,19,3,1,2
85531,926,2022,Haven,101,soulcas,Team Liquid,Skye,1.24,203,14,7,1,82,142,43,0,1,-1
85531,926,2022,Haven,99,L1NK,Team Liquid,Omen,1.21,164,10,7,12,88,103,67,3,0,3
85531,926,2022,Haven,9780,Jamppi,Team Liquid,Breach,0.9,191,12,11,1,59,114,29,2,1,1
85531,926,2022,Split,424,Dep,ZETA DIVISION,Sage,1.37,253,17,13,5,75,148,45,2,2,0
85531,926,2022,Split,6668,SugarZ3ro,ZETA DIVISION,Astra,1.25,223,18,11,1,70,147,21,0,1,-1
85531,926,2022,Split,1000,crow,ZETA DIVISION,Skye,1.2,248,19,16,6,80,170,38,2,0,2
85531,926,2022,Split,1395,TENNN,ZETA DIVISION,Raze,0.91,195,13,14,5,75,119,16,4,2,2
85531,926,2022,Split,999,Laz,ZETA DIVISION,Viper,0.61,153,12,15,2,55,88,24,2,5,-3
85531,926,2022,Split,14669,Nivera,Team Liquid,Cypher,1.3,257,20,14,0,75,183,44,2,1,1
85531,926,2022,Split,92,ScreaM,Team Liquid,Sage,1.21,265,18,15,6,80,171,25,4,0,4
85531,926,2022,Split,101,soulcas,Team Liquid,Raze,0.93,270,15,19,8,85,190,18,3,6,-3
85531,926,2022,Split,9780,Jamppi,Team Liquid,Breach,0.67,170,11,17,5,65,118,15,1,1,0
85531,926,2022,Split,99,L1NK,Team Liquid,Astra,0.51,76,5,14,7,60,53,26,0,2,-2
84646,926,2022,Split,681,xand,Ninjas In Pyjamas,Raze,1.49,343,21,14,6,84,214,15,8,4,4
84646,926,2022,Split,6193,cauanzin,Ninjas In Pyjamas,Sage,1.49,319,23,12,8,84,186,18,0,1,-1
84646,926,2022,Split,1567,bezn1,Ninjas In Pyjamas,Cypher,1.29,227,14,10,9,79,155,24,0,0,0
84646,926,2022,Split,1291,bnj,Ninjas In Pyjamas,Omen,1.13,166,12,10,7,84,105,16,1,0,1
84646,926,2022,Split,938,Jonn,Ninjas In Pyjamas,Jett,0.72,126,9,13,3,79,89,24,2,3,-1
84646,926,2022,Split,6668,SugarZ3ro,ZETA DIVISION,Astra,1.14,228,16,14,2,68,162,42,1,2,-1
84646,926,2022,Split,424,Dep,ZETA DIVISION,Sage,0.83,214,12,17,9,63,135,27,3,3,0
84646,926,2022,Split,1395,TENNN,ZETA DIVISION,Raze,0.74,179,12,16,1,47,124,21,2,4,-2
84646,926,2022,Split,1000,crow,ZETA DIVISION,Skye,0.71,148,11,16,2,58,90,37,0,1,-1
84646,926,2022,Split,999,Laz,ZETA DIVISION,Viper,0.56,157,8,16,6,74,113,27,2,1,1
84646,926,2022,Fracture,1567,bezn1,Ninjas In Pyjamas,Cypher,1.28,304,28,18,1,62,166,22,4,6,-2
84646,926,2022,Fracture,6193,cauanzin,Ninjas In Pyjamas,Kayo,0.98,216,19,22,12,62,122,21,2,2,0
84646,926,2022,Fracture,938,Jonn,Ninjas In Pyjamas,Sage,0.79,136,12,17,11,58,89,27,0,0,0
84646,926,2022,Fracture,1291,bnj,Ninjas In Pyjamas,Brimstone,0.68,139,10,19,10,65,99,29,1,5,-4
84646,926,2022,Fracture,681,xand,Ninjas In Pyjamas,Jett,0.67,139,13,18,1,62,98,25,1,5,-4
84646,926,2022,Fracture,1395,TENNN,ZETA DIVISION,Raze,1.43,308,27,16,5,65,198,30,3,3,0
84646,926,2022,Fracture,999,Laz,ZETA DIVISION,Chamber,1.31,271,24,18,3,77,166,21,10,3,7
84646,926,2022,Fracture,6668,SugarZ3ro,ZETA DIVISION,Astra,1.22,230,21,17,10,69,160,30,2,0,2
84646,926,2022,Fracture,1000,crow,ZETA DIVISION,Breach,0.87,137,12,16,7,69,99,33,1,1,0
84646,926,2022,Fracture,424,Dep,ZETA DIVISION,Viper,0.8,126,10,15,9,62,86,13,2,1,1
84646,926,2022,Icebox,6193,cauanzin,Ninjas In Pyjamas,Sova,1.04,245,18,19,3,70,159,34,4,1,3
84646,926,2022,Icebox,1291,bnj,Ninjas In Pyjamas,Viper,1.01,184,14,16,5,70,151,24,1,1,0
84646,926,2022,Icebox,681,xand,Ninjas In Pyjamas,Jett,0.98,231,18,21,6,61,145,19,1,4,-3
84646,926,2022,Icebox,938,Jonn,Ninjas In Pyjamas,Reyna,0.78,195,16,20,2,52,121,29,2,3,-1
84646,926,2022,Icebox,1567,bezn1,Ninjas In Pyjamas,Sage,0.46,143,10,21,12,57,91,19,0,6,-6
84646,926,2022,Icebox,6668,SugarZ3ro,ZETA DIVISION,Viper,1.58,288,23,14,11,74,186,21,1,1,0
84646,926,2022,Icebox,424,Dep,ZETA DIVISION,Jett,1.41,296,26,13,2,83,195,25,8,3,5
84646,926,2022,Icebox,999,Laz,ZETA DIVISION,Chamber,1.15,256,21,17,5,83,165,19,4,1,3
84646,926,2022,Icebox,1395,TENNN,ZETA DIVISION,Sage,1.0,228,18,17,10,70,150,35,2,3,-1
84646,926,2022,Icebox,1000,crow,ZETA DIVISION,Sova,0.68,126,9,15,10,74,91,17,0,0,0
85529,926,2022,Fracture,8480,aspas,LOUD,Raze,1.22,226,10,12,3,67,154,18,0,2,-2
85529,926,2022,Fracture,659,Sacy,LOUD,Breach,0.66,156,9,14,1,53,105,35,1,1,0
85529,926,2022,Fracture,8447,Less,LOUD,Viper,0.48,113,5,13,5,60,89,26,0,3,-3
85529,926,2022,Fracture,683,pANcada,LOUD,Brimstone,0.44,113,4,14,5,53,86,35,0,3,-3
85529,926,2022,Fracture,727,saadhak,LOUD,Chamber,0.24,112,6,14,0,33,72,29,0,4,-4
85529,926,2022,Fracture,261,Victor,OpTic Gaming,Neon,1.77,372,21,7,1,100,227,33,8,1,7
85529,926,2022,Fracture,881,yay,OpTic Gaming,Chamber,1.58,335,19,9,4,93,211,13,5,1,4
85529,926,2022,Fracture,263,Marved,OpTic Gaming,Brimstone,1.49,188,11,4,5,87,119,41,0,0,0
85529,926,2022,Fracture,817,FiNESSE,OpTic Gaming,Breach,1.05,136,9,6,2,87,86,31,0,0,0
85529,926,2022,Fracture,4,crashies,OpTic Gaming,Kayo,0.88,161,7,9,10,87,101,9,1,0,1
85529,926,2022,Ascent,8447,Less,LOUD,Killjoy,1.38,262,18,12,5,86,163,24,6,1,5
85529,926,2022,Ascent,683,pANcada,LOUD,Omen,1.32,206,18,12,6,62,134,40,0,0,0
85529,926,2022,Ascent,727,saadhak,LOUD,Kayo,1.22,238,16,13,9,71,154,13,2,5,-3
85529,926,2022,Ascent,8480,aspas,LOUD,Jett,1.06,203,17,12,3,76,120,29,3,4,-1
85529,926,2022,Ascent,659,Sacy,LOUD,Sova,0.78,139,10,15,8,86,103,31,0,0,0
85529,926,2022,Ascent,4,crashies,OpTic Gaming,Sova,1.29,272,19,14,5,71,188,27,0,1,-1
85529,926,2022,Ascent,881,yay,OpTic Gaming,Jett,1.1,234,15,15,2,81,152,25,3,3,0
85529,926,2022,Ascent,263,Marved,OpTic Gaming,Omen,0.92,164,11,15,10,67,115,40,2,1,1
85529,926,2022,Ascent,261,Victor,OpTic Gaming,Kayo,0.72,140,10,17,14,67,78,18,3,5,-2
85529,926,2022,Ascent,817,FiNESSE,OpTic Gaming,Killjoy,0.44,139,9,18,5,43,103,11,2,1,1
85529,926,2022,Icebox,8447,Less,LOUD,Viper,1.96,375,33,13,8,79,234,21,4,2,2
85529,926,2022,Icebox,659,Sacy,LOUD,Sova,1.04,171,15,15,4,79,107,29,1,0,1
85529,926,2022,Icebox,727,saadhak,LOUD,Chamber,0.94,195,15,17,8,79,138,26,3,2,1
85529,926,2022,Icebox,683,pANcada,LOUD,Sage,0.87,199,18,17,6,67,127,31,2,5,-3
85529,926,2022,Icebox,8480,aspas,LOUD,Jett,0.67,154,12,16,3,71,100,32,0,5,-5
85529,926,2022,Icebox,4,crashies,OpTic Gaming,Sova,1.23,214,17,15,5,79,145,38,3,1,2
85529,926,2022,Icebox,263,Marved,OpTic Gaming,Viper,1.02,253,19,20,9,63,170,31,4,3,1
85529,926,2022,Icebox,881,yay,OpTic Gaming,Chamber,0.94,205,17,18,2,58,127,19,2,3,-1
85529,926,2022,Icebox,261,Victor,OpTic Gaming,Kayo,0.75,168,12,19,10,58,122,25,2,3,-1
85529,926,2022,Icebox,817,FiNESSE,OpTic Gaming,Sage,0.63,157,13,21,7,71,101,20,3,0,3
84371,926,2022,Ascent,114,Enzo,FNATIC,Sova,1.28,282,19,15,4,75,189,21,0,0,0
84371,926,2022,Ascent,1524,H1ber,FNATIC,Jett,1.17,277,18,16,3,80,171,21,6,3,3
84371,926,2022,Ascent,1457,Mistic,FNATIC,Omen,0.85,170,12,15,4,70,113,35,0,1,-1
84371,926,2022,Ascent,2173,MAGNUM,FNATIC,Killjoy,0.59,166,12,16,3,65,103,21,2,5,-3
84371,926,2022,Ascent,438,Boaster,FNATIC,Kayo,0.49,88,5,14,7,40,70,9,1,2,-1
84371,926,2022,Ascent,1291,bnj,Ninjas In Pyjamas,Omen,1.52,236,19,10,6,85,148,27,0,1,-1
84371,926,2022,Ascent,681,xand,Ninjas In Pyjamas,Kayo,1.4,263,20,12,6,65,154,21,3,2,1
84371,926,2022,Ascent,938,Jonn,Ninjas In Pyjamas,Jett,1.12,265,18,15,3,65,164,33,5,2,3
84371,926,2022,Ascent,6193,cauanzin,Ninjas In Pyjamas,Sova,0.84,162,10,15,9,75,102,6,2,2,0
84371,926,2022,Ascent,1567,bezn1,Ninjas In Pyjamas,Killjoy,0.75,154,9,14,7,65,113,33,1,2,-1
84371,926,2022,Split,114,Enzo,FNATIC,Sage,1.11,242,17,14,5,81,158,22,4,1,3
84371,926,2022,Split,1457,Mistic,FNATIC,Omen,1.0,178,14,13,3,62,130,43,2,1,1
84371,926,2022,Split,2173,MAGNUM,FNATIC,Viper,0.97,217,14,16,8,71,137,21,2,3,-1
84371,926,2022,Split,438,Boaster,FNATIC,Skye,0.63,146,11,16,3,81,78,13,0,3,-3
84371,926,2022,Split,1524,H1ber,FNATIC,Raze,0.62,167,9,18,10,71,130,11,1,4,-3
84371,926,2022,Split,938,Jonn,Ninjas In Pyjamas,Jett,1.35,248,19,13,7,81,170,35,1,4,-3
84371,926,2022,Split,1291,bnj,Ninjas In Pyjamas,Omen,1.32,184,15,10,2,67,117,24,2,0,2
84371,926,2022,Split,681,xand,Ninjas In Pyjamas,Raze,1.23,269,20,15,4,67,177,22,6,2,4
84371,926,2022,Split,6193,cauanzin,Ninjas In Pyjamas,Sage,0.95,147,10,13,4,81,90,35,3,2,1
84371,926,2022,Split,1567,bezn1,Ninjas In Pyjamas,Cypher,0.82,170,13,14,6,76,110,27,0,1,-1
85528,926,2022,Ascent,4462,MaKo,KIWOOM DRX,Astra,1.3,266,19,14,7,81,160,30,4,4,0
85528,926,2022,Ascent,772,Zest,KIWOOM DRX,Sova,1.09,214,19,15,3,81,123,23,1,2,-1
85528,926,2022,Ascent,804,BuZz,KIWOOM DRX,Chamber,1.05,205,17,14,6,71,136,19,1,1,0
85528,926,2022,Ascent,488,Rb,KIWOOM DRX,Jett,0.92,177,11,13,7,71,125,18,2,3,-1
85528,926,2022,Ascent,485,stax,KIWOOM DRX,Skye,0.84,171,14,15,1,67,114,56,1,2,-1
85528,926,2022,Ascent,881,yay,OpTic Gaming,Jett,1.27,258,19,17,6,71,165,39,7,4,3
85528,926,2022,Ascent,263,Marved,OpTic Gaming,Omen,1.16,215,18,15,7,81,130,35,1,2,-1
85528,926,2022,Ascent,817,FiNESSE,OpTic Gaming,Killjoy,0.82,186,13,15,5,67,136,22,0,1,-1
85528,926,2022,Ascent,4,crashies,OpTic Gaming,Sova,0.72,164,9,17,7,67,118,17,2,0,2
85528,926,2022,Ascent,261,Victor,OpTic Gaming,Kayo,0.71,159,12,16,7,62,102,28,2,2,0
85528,926,2022,Icebox,485,stax,KIWOOM DRX,Kayo,1.4,233,19,14,14,75,145,39,1,2,-1
85528,926,2022,Icebox,772,Zest,KIWOOM DRX,Sova,1.27,256,21,15,2,71,154,18,1,1,0
85528,926,2022,Icebox,804,BuZz,KIWOOM DRX,Jett,0.83,214,17,19,3,58,132,21,5,7,-2
85528,926,2022,Icebox,4462,MaKo,KIWOOM DRX,Viper,0.61,123,8,18,9,58,86,25,0,3,-3
85528,926,2022,Icebox,488,Rb,KIWOOM DRX,Sage,0.51,103,8,19,4,54,78,50,1,3,-2
85528,926,2022,Icebox,261,Victor,OpTic Gaming,Kayo,1.55,264,21,11,15,83,166,25,4,0,4
85528,926,2022,Icebox,4,crashies,OpTic Gaming,Sova,1.08,211,19,15,5,79,144,25,3,1,2
85528,926,2022,Icebox,263,Marved,OpTic Gaming,Viper,0.96,211,17,17,8,71,138,17,4,3,1
85528,926,2022,Icebox,881,yay,OpTic Gaming,Chamber,0.84,161,14,16,3,75,106,41,3,2,1
85528,926,2022,Icebox,817,FiNESSE,OpTic Gaming,Sage,0.83,152,14,14,3,58,96,26,2,2,0
85528,926,2022,Split,772,Zest,KIWOOM DRX,Sage,1.51,263,27,17,6,68,177,27,3,1,2
85528,926,2022,Split,4462,MaKo,KIWOOM DRX,Viper,1.39,271,25,20,8,75,164,23,5,1,4
85528,926,2022,Split,485,stax,KIWOOM DRX,Skye,0.68,120,12,20,5,57,92,39,0,1,-1
85528,926,2022,Split,804,BuZz,KIWOOM DRX,Astra,0.64,133,13,21,12,64,94,27,0,4,-4
85528,926,2022,Split,488,Rb,KIWOOM DRX,Jett,0.37,139,13,24,3,46,93,16,4,9,-5
85528,926,2022,Split,881,yay,OpTic Gaming,Chamber,1.31,263,27,17,5,75,169,23,4,4,0
85528,926,2022,Split,4,crashies,OpTic Gaming,Kayo,1.22,243,24,18,13,68,135,18,3,0,3
85528,926,2022,Split,263,Marved,OpTic Gaming,Astra,1.2,212,19,17,14,71,145,28,2,2,0
85528,926,2022,Split,261,Victor,OpTic Gaming,Neon,0.97,209,20,20,4,71,137,31,6,5,1
85528,926,2022,Split,817,FiNESSE,OpTic Gaming,Breach,0.75,118,12,18,5,64,86,13,1,1,0
84644,926,2022,Icebox,681,xand,Ninjas In Pyjamas,Jett,0.98,192,12,12,1,65,106,15,3,0,3
84644,926,2022,Icebox,1567,bezn1,Ninjas In Pyjamas,Sage,0.8,185,9,14,5,76,127,38,2,3,-1
84644,926,2022,Icebox,6193,cauanzin,Ninjas In Pyjamas,Sova,0.7,155,8,14,6,59,113,20,1,2,-1
84644,926,2022,Icebox,938,Jonn,Ninjas In Pyjamas,Reyna,0.58,159,9,16,4,53,116,23,1,4,-3
84644,926,2022,Icebox,1291,bnj,Ninjas In Pyjamas,Viper,0.52,94,5,13,3,59,60,29,1,0,1
84644,926,2022,Icebox,485,stax,KIWOOM DRX,Kayo,1.62,264,15,7,13,88,162,20,3,0,3
84644,926,2022,Icebox,4462,MaKo,KIWOOM DRX,Viper,1.61,275,15,7,9,88,168,21,3,0,3
84644,926,2022,Icebox,488,Rb,KIWOOM DRX,Sage,1.44,246,17,7,2,71,142,26,0,2,-2
84644,926,2022,Icebox,772,Zest,KIWOOM DRX,Sova,1.02,171,10,9,2,71,109,48,2,1,1
84644,926,2022,Icebox,804,BuZz,KIWOOM DRX,Jett,0.69,201,12,13,1,59,113,26,1,5,-4
84644,926,2022,Breeze,681,xand,Ninjas In Pyjamas,Chamber,1.28,255,21,16,1,52,149,32,4,2,2
84644,926,2022,Breeze,6193,cauanzin,Ninjas In Pyjamas,Sova,1.26,210,14,13,3,71,140,24,1,0,1
84644,926,2022,Breeze,1567,bezn1,Ninjas In Pyjamas,Kayo,0.78,160,9,17,11,71,111,17,1,4,-3
84644,926,2022,Breeze,1291,bnj,Ninjas In Pyjamas,Viper,0.53,116,7,17,4,48,73,41,2,3,-1
84644,926,2022,Breeze,938,Jonn,Ninjas In Pyjamas,Jett,0.43,144,10,19,2,52,94,28,1,3,-2
84644,926,2022,Breeze,4462,MaKo,KIWOOM DRX,Viper,1.39,212,16,10,9,71,143,18,3,1,2
84644,926,2022,Breeze,485,stax,KIWOOM DRX,Skye,1.19,240,18,12,6,71,166,43,0,1,-1
84644,926,2022,Breeze,488,Rb,KIWOOM DRX,Jett,1.11,279,20,15,1,62,175,18,6,3,3
84644,926,2022,Breeze,804,BuZz,KIWOOM DRX,Chamber,1.05,230,16,13,6,71,144,20,2,3,-1
84644,926,2022,Breeze,772,Zest,KIWOOM DRX,Sova,0.97,160,12,11,5,62,115,37,1,1,0
84372,926,2022,Icebox,4462,MaKo,KIWOOM DRX,Viper,2.23,386,23,7,3,87,259,28,2,1,1
84372,926,2022,Icebox,772,Zest,KIWOOM DRX,Sova,1.43,200,12,6,4,73,129,43,2,2,0
84372,926,2022,Icebox,485,stax,KIWOOM DRX,Kayo,1.17,237,12,11,13,80,144,32,1,0,1
84372,926,2022,Icebox,488,Rb,KIWOOM DRX,Sage,0.79,160,8,11,8,73,108,32,0,1,-1
84372,926,2022,Icebox,804,BuZz,KIWOOM DRX,Jett,0.64,214,10,12,2,60,124,28,4,2,2
84372,926,2022,Icebox,999,Laz,ZETA DIVISION,Chamber,1.25,252,13,13,5,67,194,33,3,1,2
84372,926,2022,Icebox,1000,crow,ZETA DIVISION,Sova,0.9,181,10,13,4,67,127,32,0,1,-1
84372,926,2022,Icebox,6668,SugarZ3ro,ZETA DIVISION,Viper,0.81,209,9,13,7,73,151,35,1,1,0
84372,926,2022,Icebox,1395,TENNN,ZETA DIVISION,Sage,0.57,151,7,12,4,40,110,36,1,5,-4
84372,926,2022,Icebox,424,Dep,ZETA DIVISION,Jett,0.5,168,8,14,2,60,107,53,1,1,0
84372,926,2022,Haven,4462,MaKo,KIWOOM DRX,Omen,1.66,226,14,5,6,94,137,56,0,1,-1
84372,926,2022,Haven,804,BuZz,KIWOOM DRX,Killjoy,1.52,331,18,11,6,88,201,27,3,2,1
84372,926,2022,Haven,488,Rb,KIWOOM DRX,Jett,1.21,277,17,10,3,88,161,13,3,3,0
84372,926,2022,Haven,485,stax,KIWOOM DRX,Breach,1.21,168,10,7,8,81,127,40,1,0,1
84372,926,2022,Haven,772,Zest,KIWOOM DRX,Sova,1.18,189,11,8,6,88,127,28,1,2,-1
84372,926,2022,Haven,999,Laz,ZETA DIVISION,Killjoy,1.24,253,16,12,1,75,145,30,2,1,1
84372,926,2022,Haven,1000,crow,ZETA DIVISION,Breach,0.71,139,7,13,3,56,106,29,1,0,1
84372,926,2022,Haven,6668,SugarZ3ro,ZETA DIVISION,Astra,0.54,138,6,14,5,56,89,27,0,2,-2
84372,926,2022,Haven,1395,TENNN,ZETA DIVISION,Skye,0.41,113,6,15,2,63,87,30,2,1,1
84372,926,2022,Haven,424,Dep,ZETA DIVISION,Jett,0.26,133,6,16,2,50,86,23,3,4,-1
85523,926,2022,Split,2690,hoody,G2 Esports,Sage,1.48,300,19,15,14,75,187,20,5,4,1
85523,926,2022,Split,1507,AvovA,G2 Esports,Omen,1.21,230,17,14,3,80,138,47,2,1,1
85523,926,2022,Split,3070,nukkye,G2 Esports,Raze,1.2,296,19,15,7,75,213,16,1,3,-2
85523,926,2022,Split,93,Mixwell,G2 Esports,Chamber,1.15,209,16,13,4,85,131,15,3,1,2
85523,926,2022,Split,448,Meddo,G2 Esports,Breach,0.7,133,11,13,3,70,97,39,0,0,0
85523,926,2022,Split,999,Laz,ZETA DIVISION,Viper,1.07,224,15,16,6,70,151,29,1,1,0
85523,926,2022,Split,424,Dep,ZETA DIVISION,Sage,0.99,235,15,17,12,65,160,38,1,2,-1
85523,926,2022,Split,6668,SugarZ3ro,ZETA DIVISION,Astra,0.99,215,15,15,3,70,130,33,2,3,-1
85523,926,2022,Split,1000,crow,ZETA DIVISION,Skye,0.8,179,13,17,4,80,114,29,0,1,-1
85523,926,2022,Split,1395,TENNN,ZETA DIVISION,Raze,0.58,177,12,17,2,70,118,21,5,4,1
85523,926,2022,Bind,93,Mixwell,G2 Esports,Chamber,1.62,315,27,15,4,74,186,18,4,3,1
85523,926,2022,Bind,2690,hoody,G2 Esports,Skye,1.39,275,24,16,3,70,166,47,1,0,1
85523,926,2022,Bind,1507,AvovA,G2 Esports,Omen,0.7,106,8,17,7,52,86,35,0,2,-2
85523,926,2022,Bind,3070,nukkye,G2 Esports,Raze,0.65,176,11,18,10,87,128,13,4,5,-1
85523,926,2022,Bind,448,Meddo,G2 Esports,Viper,0.6,111,8,15,3,61,80,18,0,4,-4
85523,926,2022,Bind,1395,TENNN,ZETA DIVISION,Raze,1.37,338,25,19,5,83,213,35,8,3,5
85523,926,2022,Bind,424,Dep,ZETA DIVISION,Sage,1.34,273,21,14,10,70,168,24,5,1,4
85523,926,2022,Bind,999,Laz,ZETA DIVISION,Viper,1.1,183,17,13,3,74,140,37,0,2,-2
85523,926,2022,Bind,6668,SugarZ3ro,ZETA DIVISION,Astra,0.74,126,10,16,8,74,86,24,1,1,0
85523,926,2022,Bind,1000,crow,ZETA DIVISION,Skye,0.54,97,8,16,4,74,79,32,0,2,-2
85525,926,2022,Haven,7378,Jinggg,Paper Rex,Reyna,1.35,285,23,19,7,70,188,25,3,1,2
85525,926,2022,Haven,9802,Benkai,Paper Rex,Cypher,1.27,224,20,16,5,83,149,22,2,2,0
85525,926,2022,Haven,9800,mindfreak,Paper Rex,Omen,1.0,169,15,16,9,65,113,27,0,5,-5
85525,926,2022,Haven,9803,d4v41,Paper Rex,Sova,0.91,167,14,16,7,61,118,38,0,1,-1
85525,926,2022,Haven,9801,f0rsakeN,Paper Rex,Jett,0.63,144,11,18,3,70,95,31,1,8,-7
85525,926,2022,Haven,4462,MaKo,KIWOOM DRX,Omen,1.3,291,26,17,7,78,175,27,2,0,2
85525,926,2022,Haven,804,BuZz,KIWOOM DRX,Killjoy,1.22,267,20,16,6,78,173,21,6,2,4
85525,926,2022,Haven,488,Rb,KIWOOM DRX,Jett,1.02,238,18,17,3,65,145,26,6,4,2
85525,926,2022,Haven,485,stax,KIWOOM DRX,Breach,0.63,138,11,17,3,65,96,35,1,0,1
85525,926,2022,Haven,772,Zest,KIWOOM DRX,Sova,0.62,136,10,16,6,78,100,43,2,0,2
85525,926,2022,Bind,9802,Benkai,Paper Rex,Breach,1.21,194,17,12,3,76,129,25,0,3,-3
85525,926,2022,Bind,9800,mindfreak,Paper Rex,Brimstone,1.13,229,17,16,11,81,145,25,1,0,1
85525,926,2022,Bind,9803,d4v41,Paper Rex,Skye,0.98,216,16,15,5,67,137,23,0,1,-1
85525,926,2022,Bind,9801,f0rsakeN,Paper Rex,Yoru,0.85,214,15,18,3,81,119,16,7,5,2
85525,926,2022,Bind,7378,Jinggg,Paper Rex,Raze,0.45,166,10,20,8,62,116,10,0,4,-4
85525,926,2022,Bind,485,stax,KIWOOM DRX,Skye,1.64,288,24,11,2,81,190,36,3,2,1
85525,926,2022,Bind,804,BuZz,KIWOOM DRX,Astra,1.28,207,17,13,6,76,147,42,1,0,1
85525,926,2022,Bind,4462,MaKo,KIWOOM DRX,Viper,1.06,221,13,17,19,100,147,16,3,1,2
85525,926,2022,Bind,488,Rb,KIWOOM DRX,Raze,0.86,218,16,17,4,76,140,22,4,3,1
85525,926,2022,Bind,772,Zest,KIWOOM DRX,Sage,0.6,138,10,17,5,62,90,40,2,2,0
85525,926,2022,Ascent,9803,d4v41,Paper Rex,Killjoy,1.05,226,16,16,2,67,161,25,1,2,-1
85525,926,2022,Ascent,9802,Benkai,Paper Rex,Sova,1.02,164,12,15,8,48,107,29,1,3,-2
85525,926,2022,Ascent,9801,f0rsakeN,Paper Rex,Jett,0.71,189,14,19,3,62,118,36,5,5,0
85525,926,2022,Ascent,9800,mindfreak,Paper Rex,Omen,0.55,143,10,19,2,48,85,33,2,0,2
85525,926,2022,Ascent,7378,Jinggg,Paper Rex,Kayo,0.51,160,9,18,6,57,118,6,0,2,-2
85525,926,2022,Ascent,4462,MaKo,KIWOOM DRX,Astra,1.96,330,24,9,12,95,225,27,5,0,5
85525,926,2022,Ascent,804,BuZz,KIWOOM DRX,Chamber,1.81,354,28,12,6,81,205,30,5,2,3
85525,926,2022,Ascent,772,Zest,KIWOOM DRX,Sova,0.97,185,13,14,11,76,129,20,0,1,-1
85525,926,2022,Ascent,488,Rb,KIWOOM DRX,Jett,0.75,155,12,14,2,67,110,29,2,5,-3
85525,926,2022,Ascent,485,stax,KIWOOM DRX,Skye,0.74,130,10,12,4,76,92,46,0,1,-1
85534,926,2022,Split,2690,hoody,G2 Esports,Sage,1.15,255,19,18,10,65,173,34,4,2,2
85534,926,2022,Split,3070,nukkye,G2 Esports,Raze,1.06,217,16,17,7,65,155,10,1,2,-1
85534,926,2022,Split,93,Mixwell,G2 Esports,Chamber,1.02,223,19,18,4,78,148,15,3,4,-1
85534,926,2022,Split,1507,AvovA,G2 Esports,Omen,0.84,171,13,17,8,65,112,24,1,3,-2
85534,926,2022,Split,448,Meddo,G2 Esports,Breach,0.63,146,12,18,2,70,93,20,1,2,-1
85534,926,2022,Split,9801,f0rsakeN,Paper Rex,Jett,1.49,301,25,15,8,91,184,21,6,4,2
85534,926,2022,Split,9800,mindfreak,Paper Rex,Omen,1.18,174,15,12,5,78,110,41,1,1,0
85534,926,2022,Split,7378,Jinggg,Paper Rex,Raze,1.16,292,21,20,12,70,195,8,4,3,1
85534,926,2022,Split,9802,Benkai,Paper Rex,Cypher,0.85,140,12,14,8,78,106,38,1,2,-1
85534,926,2022,Split,9803,d4v41,Paper Rex,Sage,0.78,181,15,18,11,74,113,45,1,0,1
85534,926,2022,Bind,448,Meddo,G2 Esports,Viper,1.3,278,20,15,2,70,174,28,1,3,-2
85534,926,2022,Bind,93,Mixwell,G2 Esports,Chamber,1.07,200,12,15,6,65,146,24,3,2,1
85534,926,2022,Bind,3070,nukkye,G2 Esports,Raze,0.76,180,11,16,2,60,128,15,2,4,-2
85534,926,2022,Bind,2690,hoody,G2 Esports,Skye,0.7,177,12,16,2,50,122,17,0,3,-3
85534,926,2022,Bind,1507,AvovA,G2 Esports,Omen,0.65,135,10,15,7,65,81,22,1,1,0
85534,926,2022,Bind,9801,f0rsakeN,Paper Rex,Yoru,1.75,371,29,13,4,80,239,55,9,3,6
85534,926,2022,Bind,7378,Jinggg,Paper Rex,Raze,1.08,242,18,15,2,60,154,13,3,4,-1
85534,926,2022,Bind,9803,d4v41,Paper Rex,Skye,0.96,147,10,11,3,70,105,18,0,0,0
85534,926,2022,Bind,9802,Benkai,Paper Rex,Breach,0.91,140,10,11,3,70,107,28,0,0,0
85534,926,2022,Bind,9800,mindfreak,Paper Rex,Brimstone,0.78,168,10,15,12,70,102,18,1,0,1
85532,926,2022,Haven,9801,f0rsakeN,Paper Rex,Jett,1.36,280,22,16,3,70,171,26,7,5,2
85532,926,2022,Haven,7378,Jinggg,Paper Rex,Reyna,1.23,277,24,16,3,74,170,21,4,1,3
85532,926,2022,Haven,9802,Benkai,Paper Rex,Cypher,1.22,230,19,14,6,74,149,24,1,4,-3
85532,926,2022,Haven,9800,mindfreak,Paper Rex,Omen,0.93,176,15,15,9,83,107,32,0,0,0
85532,926,2022,Haven,9803,d4v41,Paper Rex,Skye,0.66,102,7,16,10,74,69,22,1,0,1
85532,926,2022,Haven,4581,JonahP,The Guard,Breach,1.29,285,25,19,1,74,173,37,5,2,3
85532,926,2022,Haven,3885,valyn,The Guard,Omen,0.93,174,14,16,7,74,115,30,0,2,-2
85532,926,2022,Haven,4545,Sayaplayer,The Guard,Jett,0.89,220,16,17,2,57,144,26,3,2,1
85532,926,2022,Haven,15500,trent,The Guard,Skye,0.72,147,12,17,2,61,97,37,1,2,-1
85532,926,2022,Haven,6582,neT,The Guard,Killjoy,0.58,150,10,18,3,57,112,29,1,5,-4
85532,926,2022,Split,9801,f0rsakeN,Paper Rex,Jett,1.49,262,21,12,3,81,165,41,4,1,3
85532,926,2022,Split,7378,Jinggg,Paper Rex,Raze,1.41,385,28,18,6,76,248,18,7,4,3
85532,926,2022,Split,9800,mindfreak,Paper Rex,Omen,1.08,160,13,10,7,81,109,28,0,0,0
85532,926,2022,Split,9802,Benkai,Paper Rex,Cypher,0.99,145,11,11,6,81,96,35,1,1,0
85532,926,2022,Split,9803,d4v41,Paper Rex,Sage,0.99,186,12,14,15,81,129,21,3,0,3
85532,926,2022,Split,3885,valyn,The Guard,Omen,1.13,219,17,16,5,71,153,24,1,1,0
85532,926,2022,Split,4581,JonahP,The Guard,Sage,0.93,223,17,16,2,57,134,21,1,4,-3
85532,926,2022,Split,15500,trent,The Guard,Breach,0.82,170,12,18,4,67,115,27,2,1,1
85532,926,2022,Split,6582,neT,The Guard,Cypher,0.63,120,8,16,6,67,84,41,0,2,-2
85532,926,2022,Split,4545,Sayaplayer,The Guard,Raze,0.59,188,11,19,6,57,123,16,2,7,-5
85527,926,2022,Ascent,2690,hoody,G2 Esports,Sage,1.28,273,17,15,5,89,156,27,4,0,4
85527,926,2022,Ascent,3070,nukkye,G2 Esports,Sova,0.85,188,10,14,10,78,131,24,1,1,0
85527,926,2022,Ascent,1507,AvovA,G2 Esports,Omen,0.61,173,11,16,5,50,115,35,2,4,-2
85527,926,2022,Ascent,448,Meddo,G2 Esports,Cypher,0.57,146,9,15,3,67,90,23,1,1,0
85527,926,2022,Ascent,93,Mixwell,G2 Esports,Jett,0.45,130,7,16,5,56,100,11,1,3,-2
85527,926,2022,Ascent,659,Sacy,LOUD,Sova,1.85,290,19,8,12,83,191,29,1,0,1
85527,926,2022,Ascent,8447,Less,LOUD,Killjoy,1.53,318,21,12,3,89,205,34,0,1,-1
85527,926,2022,Ascent,8480,aspas,LOUD,Jett,1.45,306,20,12,5,72,194,36,6,3,3
85527,926,2022,Ascent,727,saadhak,LOUD,Kayo,0.91,158,8,12,15,83,101,4,1,3,-2
85527,926,2022,Ascent,683,pANcada,LOUD,Omen,0.83,107,8,10,8,72,77,35,1,2,-1
85527,926,2022,Breeze,1507,AvovA,G2 Esports,Kayo,0.93,199,16,17,8,58,134,27,3,3,0
85527,926,2022,Breeze,2690,hoody,G2 Esports,Sova,0.92,177,14,17,4,71,129,38,1,1,0
85527,926,2022,Breeze,3070,nukkye,G2 Esports,Jett,0.91,210,16,19,4,58,149,22,3,5,-2
85527,926,2022,Breeze,93,Mixwell,G2 Esports,Chamber,0.89,220,19,20,2,63,129,17,6,2,4
85527,926,2022,Breeze,448,Meddo,G2 Esports,Viper,0.65,103,9,15,2,50,61,53,0,0,0
85527,926,2022,Breeze,659,Sacy,LOUD,Sova,1.61,257,20,11,12,83,193,27,1,0,1
85527,926,2022,Breeze,8480,aspas,LOUD,Jett,1.21,240,20,16,5,88,151,17,3,3,0
85527,926,2022,Breeze,683,pANcada,LOUD,Chamber,1.09,201,20,14,1,75,125,39,2,2,0
85527,926,2022,Breeze,8447,Less,LOUD,Viper,1.0,160,14,13,7,67,96,15,0,2,-2
85527,926,2022,Breeze,727,saadhak,LOUD,Kayo,0.69,176,14,20,8,67,108,14,5,6,-1
85524,926,2022,Icebox,4545,Sayaplayer,The Guard,Jett,1.09,227,18,15,0,75,132,28,5,4,1
85524,926,2022,Icebox,6582,neT,The Guard,Chamber,0.87,215,15,16,1,80,128,36,2,2,0
85524,926,2022,Icebox,15500,trent,The Guard,Sova,0.86,161,11,15,5,65,137,31,0,0,0
85524,926,2022,Icebox,3885,valyn,The Guard,Viper,0.82,172,12,16,4,75,108,29,1,2,-1
85524,926,2022,Icebox,4581,JonahP,The Guard,Omen,0.8,144,9,14,7,60,102,23,1,3,-2
85524,926,2022,Icebox,881,yay,OpTic Gaming,Chamber,1.49,304,23,12,2,80,193,38,2,2,0
85524,926,2022,Icebox,263,Marved,OpTic Gaming,Viper,1.36,225,17,11,7,75,147,30,2,2,0
85524,926,2022,Icebox,261,Victor,OpTic Gaming,Kayo,0.98,206,12,14,9,65,151,29,2,4,-2
85524,926,2022,Icebox,4,crashies,OpTic Gaming,Sova,0.94,184,13,12,5,70,127,22,2,1,1
85524,926,2022,Icebox,817,FiNESSE,OpTic Gaming,Sage,0.76,163,11,16,6,65,104,26,3,0,3
85524,926,2022,Haven,4545,Sayaplayer,The Guard,Jett,1.91,318,23,8,3,80,216,41,6,2,4
85524,926,2022,Haven,6582,neT,The Guard,Chamber,1.21,208,16,10,2,80,138,36,2,1,1
85524,926,2022,Haven,15500,trent,The Guard,Skye,1.08,185,15,11,2,70,110,42,2,4,-2
85524,926,2022,Haven,3885,valyn,The Guard,Omen,1.03,162,11,12,16,85,86,15,1,2,-1
85524,926,2022,Haven,4581,JonahP,The Guard,Breach,0.75,172,12,15,5,90,110,26,0,0,0
85524,926,2022,Haven,881,yay,OpTic Gaming,Chamber,1.03,217,15,16,1,70,137,27,3,3,0
85524,926,2022,Haven,817,FiNESSE,OpTic Gaming,Kayo,0.92,192,12,14,10,65,112,15,4,2,2
85524,926,2022,Haven,263,Marved,OpTic Gaming,Omen,0.76,144,9,15,8,70,79,28,1,0,1
85524,926,2022,Haven,261,Victor,OpTic Gaming,Neon,0.69,168,11,15,3,55,114,35,1,5,-4
85524,926,2022,Haven,4,crashies,OpTic Gaming,Skye,0.43,122,9,17,3,60,82,56,0,1,-1
85524,926,2022,Fracture,4545,Sayaplayer,The Guard,Jett,1.39,302,27,16,4,79,170,23,4,4,0
85524,926,2022,Fracture,6582,neT,The Guard,Chamber,1.03,203,18,17,2,63,130,30,3,2,1
85524,926,2022,Fracture,4581,JonahP,The Guard,Viper,0.87,169,14,16,5,67,118,25,3,2,1
85524,926,2022,Fracture,3885,valyn,The Guard,Brimstone,0.87,167,13,18,11,75,108,25,1,0,1
85524,926,2022,Fracture,15500,trent,The Guard,Breach,0.77,149,13,18,6,67,100,19,3,2,1
85524,926,2022,Fracture,817,FiNESSE,OpTic Gaming,Breach,1.25,246,21,16,3,71,166,26,2,1,1
85524,926,2022,Fracture,263,Marved,OpTic Gaming,Brimstone,1.18,241,20,17,8,75,155,25,2,2,0
85524,926,2022,Fracture,261,Victor,OpTic Gaming,Neon,1.09,246,21,17,2,71,160,23,2,6,-4
85524,926,2022,Fracture,881,yay,OpTic Gaming,Chamber,0.84,189,14,17,4,79,118,12,4,1,3
85524,926,2022,Fracture,4,crashies,OpTic Gaming,Kayo,0.55,108,9,18,6,67,74,27,0,4,-4
84647,926,2022,Split,3977,Crws,XERXIA Esports,Breach,0.98,229,15,16,5,70,141,12,3,1,2
84647,926,2022,Split,6723,foxz,XERXIA Esports,Skye,0.89,224,15,17,6,60,150,18,4,5,-1
84647,926,2022,Split,4382,sScary,XERXIA Esports,Omen,0.89,175,12,15,6,65,117,16,0,2,-2
84647,926,2022,Split,3342,Sushiboys,XERXIA Esports,Killjoy,0.66,124,8,14,4,65,82,19,1,0,1
84647,926,2022,Split,23062,Surf,XERXIA Esports,Jett,0.65,139,10,14,1,60,80,12,2,2,0
84647,926,2022,Split,92,ScreaM,Team Liquid,Sage,1.34,306,21,14,6,90,206,32,4,2,2
84647,926,2022,Split,99,L1NK,Team Liquid,Astra,1.34,220,18,11,6,85,148,38,0,1,-1
84647,926,2022,Split,9780,Jamppi,Team Liquid,Breach,1.34,241,18,11,1,70,140,15,5,0,5
84647,926,2022,Split,101,soulcas,Team Liquid,Raze,1.01,205,14,13,3,70,132,16,0,4,-4
84647,926,2022,Split,14669,Nivera,Team Liquid,Cypher,0.61,67,5,11,2,65,46,29,1,3,-2
84647,926,2022,Icebox,3342,Sushiboys,XERXIA Esports,Killjoy,1.24,239,21,16,5,75,164,27,2,1,1
84647,926,2022,Icebox,4382,sScary,XERXIA Esports,Viper,1.23,248,20,16,8,79,167,26,0,1,-1
84647,926,2022,Icebox,6723,foxz,XERXIA Esports,Sova,1.01,204,17,17,6,71,145,33,1,1,0
84647,926,2022,Icebox,23062,Surf,XERXIA Esports,Jett,1.0,256,21,20,3,63,147,29,5,7,-2
84647,926,2022,Icebox,3977,Crws,XERXIA Esports,Sage,0.67,149,13,18,5,46,88,23,1,5,-4
84647,926,2022,Icebox,9780,Jamppi,Team Liquid,Sova,1.09,305,24,21,4,58,201,29,1,1,0
84647,926,2022,Icebox,92,ScreaM,Team Liquid,Jett,1.07,269,23,20,5,67,159,23,9,4,5
84647,926,2022,Icebox,101,soulcas,Team Liquid,Sage,1.0,207,15,18,13,71,136,31,3,2,1
84647,926,2022,Icebox,14669,Nivera,Team Liquid,Killjoy,0.8,152,13,15,2,75,102,15,1,2,-1
84647,926,2022,Icebox,99,L1NK,Team Liquid,Viper,0.71,137,12,18,3,63,105,46,1,0,1
84647,926,2022,Ascent,4382,sScary,XERXIA Esports,Omen,1.5,254,28,22,18,78,180,24,4,0,4
84647,926,2022,Ascent,3342,Sushiboys,XERXIA Esports,Killjoy,0.87,156,17,23,1,63,110,25,5,2,3
84647,926,2022,Ascent,6723,foxz,XERXIA Esports,Sova,0.75,193,20,26,10,66,137,22,1,5,-4
84647,926,2022,Ascent,3977,Crws,XERXIA Esports,Sage,0.74,175,21,26,5,59,113,27,1,4,-3
84647,926,2022,Ascent,23062,Surf,XERXIA Esports,Jett,0.56,154,18,26,2,56,95,14,4,6,-2
84647,926,2022,Ascent,92,ScreaM,Team Liquid,Kayo,1.32,247,24,19,23,88,162,25,1,1,0
84647,926,2022,Ascent,9780,Jamppi,Team Liquid,Jett,1.24,270,33,22,4,69,187,25,4,8,-4
84647,926,2022,Ascent,101,soulcas,Team Liquid,Sova,1.16,242,22,21,20,91,158,18,5,2,3
84647,926,2022,Ascent,14669,Nivera,Team Liquid,Killjoy,1.1,197,25,21,2,78,131,31,6,2,4
84647,926,2022,Ascent,99,L1NK,Team Liquid,Omen,0.94,166,19,21,10,75,111,45,1,2,-1
84648,926,2022,Bind,881,yay,OpTic Gaming,Chamber,1.93,388,28,11,2,83,266,33,3,1,2
84648,926,2022,Bind,263,Marved,OpTic Gaming,Brimstone,1.28,244,16,10,7,83,155,30,2,2,0
84648,926,2022,Bind,817,FiNESSE,OpTic Gaming,Viper,1.16,209,13,11,7,83,154,26,1,0,1
84648,926,2022,Bind,4,crashies,OpTic Gaming,Skye,0.99,171,10,9,5,83,110,31,2,2,0
84648,926,2022,Bind,261,Victor,OpTic Gaming,Raze,0.88,189,10,11,5,89,137,20,3,2,1
84648,926,2022,Bind,2462,keznit,KRÜ Esports,Raze,1.09,261,13,16,7,78,178,14,3,2,1
84648,926,2022,Bind,2610,Klaus,KRÜ Esports,Viper,0.97,196,13,15,1,61,151,28,1,2,-1
84648,926,2022,Bind,1294,NagZ,KRÜ Esports,Sage,0.82,166,10,15,4,56,100,29,3,3,0
84648,926,2022,Bind,2468,delz1k,KRÜ Esports,Brimstone,0.67,130,8,14,4,61,85,11,0,1,-1
84648,926,2022,Bind,7603,Mazino,KRÜ Esports,Skye,0.36,136,8,17,3,67,86,11,0,3,-3
84648,926,2022,Ascent,263,Marved,OpTic Gaming,Omen,1.42,267,21,15,10,78,167,30,1,2,-1
84648,926,2022,Ascent,4,crashies,OpTic Gaming,Sova,1.27,235,18,14,13,78,158,32,2,2,0
84648,926,2022,Ascent,261,Victor,OpTic Gaming,Kayo,0.96,171,14,16,12,78,104,18,0,2,-2
84648,926,2022,Ascent,881,yay,OpTic Gaming,Jett,0.92,239,19,17,2,74,137,24,4,7,-3
84648,926,2022,Ascent,817,FiNESSE,OpTic Gaming,Killjoy,0.76,166,12,18,5,70,124,21,1,2,-1
84648,926,2022,Ascent,1294,NagZ,KRÜ Esports,Jett,1.22,256,22,18,4,83,165,44,4,2,2
84648,926,2022,Ascent,7603,Mazino,KRÜ Esports,Sova,0.88,179,16,16,2,61,132,43,2,2,0
84648,926,2022,Ascent,2462,keznit,KRÜ Esports,Chamber,0.88,167,15,15,2,70,98,41,5,4,1
84648,926,2022,Ascent,2610,Klaus,KRÜ Esports,Kayo,0.85,178,13,17,12,78,108,16,2,0,2
84648,926,2022,Ascent,2468,delz1k,KRÜ Esports,Omen,0.74,169,13,18,10,74,104,20,2,0,2
84649,926,2022,Fracture,3342,Sushiboys,XERXIA Esports,Cypher,1.27,265,20,18,3,86,185,30,3,1,2
84649,926,2022,Fracture,3977,Crws,XERXIA Esports,Breach,1.07,221,18,17,4,64,149,30,1,1,0
84649,926,2022,Fracture,4382,sScary,XERXIA Esports,Astra,0.87,174,12,16,6,68,122,17,0,3,-3
84649,926,2022,Fracture,23062,Surf,XERXIA Esports,Jett,0.66,208,15,20,4,64,125,20,2,7,-5
84649,926,2022,Fracture,6723,foxz,XERXIA Esports,Sage,0.5,126,9,18,6,68,88,19,1,3,-2
84649,926,2022,Fracture,4,crashies,OpTic Gaming,Kayo,1.41,251,18,14,15,82,165,23,3,1,2
84649,926,2022,Fracture,261,Victor,OpTic Gaming,Neon,1.37,272,23,15,1,82,175,19,2,2,0
84649,926,2022,Fracture,881,yay,OpTic Gaming,Chamber,1.25,262,20,14,3,77,161,25,6,2,4
84649,926,2022,Fracture,817,FiNESSE,OpTic Gaming,Breach,0.77,187,15,15,1,68,112,23,1,1,0
84649,926,2022,Fracture,263,Marved,OpTic Gaming,Brimstone,0.74,163,13,16,8,68,93,27,3,1,2
84649,926,2022,Haven,23062,Surf,XERXIA Esports,Jett,1.07,238,16,14,2,63,158,31,2,2,0
84649,926,2022,Haven,3977,Crws,XERXIA Esports,Breach,0.88,158,9,13,3,68,112,29,0,2,-2
84649,926,2022,Haven,4382,sScary,XERXIA Esports,Omen,0.78,187,12,17,5,63,127,20,1,3,-2
84649,926,2022,Haven,6723,foxz,XERXIA Esports,Skye,0.7,170,11,16,2,53,114,29,2,2,0
84649,926,2022,Haven,3342,Sushiboys,XERXIA Esports,Killjoy,0.56,158,10,15,3,58,120,19,1,4,-3
84649,926,2022,Haven,261,Victor,OpTic Gaming,Neon,1.51,310,20,14,5,89,208,23,8,0,8
84649,926,2022,Haven,881,yay,OpTic Gaming,Chamber,1.41,244,18,9,2,63,151,24,1,3,-2
84649,926,2022,Haven,263,Marved,OpTic Gaming,Omen,1.21,213,15,11,9,74,143,29,1,2,-1
84649,926,2022,Haven,4,crashies,OpTic Gaming,Skye,1.04,171,13,12,2,58,123,22,1,1,0
84649,926,2022,Haven,817,FiNESSE,OpTic Gaming,Kayo,0.84,151,9,12,11,68,90,15,2,0,2
84374,926,2022,Fracture,2468,delz1k,KRÜ Esports,Brimstone,1.01,204,11,14,5,61,138,27,2,1,1
84374,926,2022,Fracture,7603,Mazino,KRÜ Esports,Sage,0.73,166,10,14,1,61,112,17,0,1,-1
84374,926,2022,Fracture,2610,Klaus,KRÜ Esports,Breach,0.73,169,10,14,2,67,109,21,0,0,0
84374,926,2022,Fracture,1294,NagZ,KRÜ Esports,Chamber,0.49,132,8,15,1,39,74,28,1,4,-3
84374,926,2022,Fracture,2462,keznit,KRÜ Esports,Jett,0.42,135,8,15,2,39,82,19,3,6,-3
84374,926,2022,Fracture,9780,Jamppi,Team Liquid,Breach,1.63,282,19,9,2,78,181,24,1,2,-1
84374,926,2022,Fracture,99,L1NK,Team Liquid,Brimstone,1.33,202,12,8,8,89,126,40,2,0,2
84374,926,2022,Fracture,14669,Nivera,Team Liquid,Chamber,1.16,205,14,9,2,78,128,23,5,2,3
84374,926,2022,Fracture,101,soulcas,Team Liquid,Neon,1.13,217,14,11,4,83,141,13,3,0,3
84374,926,2022,Fracture,92,ScreaM,Team Liquid,Jett,1.07,197,13,10,2,78,134,42,1,2,-1
84374,926,2022,Ascent,2462,keznit,KRÜ Esports,Chamber,1.25,253,28,21,4,70,158,28,5,3,2
84374,926,2022,Ascent,1294,NagZ,KRÜ Esports,Jett,1.11,207,24,19,3,67,135,20,5,6,-1
84374,926,2022,Ascent,2610,Klaus,KRÜ Esports,Kayo,0.95,186,17,22,19,83,125,23,0,2,-2
84374,926,2022,Ascent,2468,delz1k,KRÜ Esports,Omen,0.83,218,24,24,9,77,143,40,3,2,1
84374,926,2022,Ascent,7603,Mazino,KRÜ Esports,Sova,0.68,185,16,26,10,83,134,15,3,1,2
84374,926,2022,Ascent,99,L1NK,Team Liquid,Omen,1.35,243,29,20,8,80,160,38,0,1,-1
84374,926,2022,Ascent,92,ScreaM,Team Liquid,Kayo,1.23,238,24,22,14,70,159,42,2,3,-1
84374,926,2022,Ascent,14669,Nivera,Team Liquid,Killjoy,1.15,240,26,22,5,77,156,17,3,3,0
84374,926,2022,Ascent,9780,Jamppi,Team Liquid,Jett,0.95,204,20,23,10,70,136,16,8,8,0
84374,926,2022,Ascent,101,soulcas,Team Liquid,Sova,0.75,161,13,22,16,73,127,26,1,1,0
84645,926,2022,Fracture,114,Enzo,FNATIC,Viper,1.04,187,14,14,5,70,113,25,3,1,2
84645,926,2022,Fracture,1524,H1ber,FNATIC,Raze,0.96,251,16,19,5,55,165,24,4,5,-1
84645,926,2022,Fracture,1457,Mistic,FNATIC,Brimstone,0.81,183,12,18,8,70,123,30,1,0,1
84645,926,2022,Fracture,2173,MAGNUM,FNATIC,Cypher,0.77,172,10,17,5,65,117,18,0,3,-3
84645,926,2022,Fracture,438,Boaster,FNATIC,Breach,0.71,169,12,17,5,60,113,26,1,2,-1
84645,926,2022,Fracture,6668,SugarZ3ro,ZETA DIVISION,Astra,1.45,316,24,12,7,95,207,33,1,1,0
84645,926,2022,Fracture,999,Laz,ZETA DIVISION,Chamber,1.45,281,21,12,3,80,170,34,4,1,3
84645,926,2022,Fracture,1395,TENNN,ZETA DIVISION,Raze,1.24,299,20,14,4,85,189,13,4,3,1
84645,926,2022,Fracture,1000,crow,ZETA DIVISION,Breach,0.78,126,9,12,7,80,90,27,0,0,0
84645,926,2022,Fracture,424,Dep,ZETA DIVISION,Viper,0.56,141,11,14,5,55,83,29,2,4,-2
84645,926,2022,Icebox,1457,Mistic,FNATIC,Viper,1.26,263,21,18,12,71,170,29,3,1,2
84645,926,2022,Icebox,1524,H1ber,FNATIC,Chamber,1.09,230,20,20,4,67,149,24,6,2,4
84645,926,2022,Icebox,114,Enzo,FNATIC,Sova,0.92,207,18,18,5,67,136,18,3,1,2
84645,926,2022,Icebox,2173,MAGNUM,FNATIC,Sage,0.77,195,16,20,5,67,135,22,2,2,0
84645,926,2022,Icebox,438,Boaster,FNATIC,Kayo,0.48,132,9,22,12,67,91,18,1,3,-2
84645,926,2022,Icebox,6668,SugarZ3ro,ZETA DIVISION,Viper,1.43,237,22,14,9,92,163,41,0,0,0
84645,926,2022,Icebox,999,Laz,ZETA DIVISION,Chamber,1.41,338,29,17,2,92,205,41,5,2,3
84645,926,2022,Icebox,1000,crow,ZETA DIVISION,Sova,0.99,185,14,15,11,92,119,41,0,0,0
84645,926,2022,Icebox,424,Dep,ZETA DIVISION,Jett,0.95,205,17,19,6,67,158,27,0,5,-5
84645,926,2022,Icebox,1395,TENNN,ZETA DIVISION,Sage,0.82,202,16,19,5,67,131,51,4,8,-4
85530,926,2022,Ascent,8480,aspas,LOUD,Jett,1.12,240,20,18,2,86,140,38,3,3,0
85530,926,2022,Ascent,683,pANcada,LOUD,Omen,1.01,219,18,17,4,55,154,42,3,2,1
85530,926,2022,Ascent,727,saadhak,LOUD,Kayo,0.86,229,16,19,7,73,143,19,3,3,0
85530,926,2022,Ascent,659,Sacy,LOUD,Sova,0.83,134,10,15,5,68,110,30,1,2,-1
85530,926,2022,Ascent,8447,Less,LOUD,Killjoy,0.43,128,7,18,3,59,98,14,0,2,-2
85530,926,2022,Ascent,263,Marved,OpTic Gaming,Omen,1.5,285,22,16,9,82,192,50,3,0,3
85530,926,2022,Ascent,4,crashies,OpTic Gaming,Sova,1.48,248,17,11,12,95,169,29,2,1,1
85530,926,2022,Ascent,881,yay,OpTic Gaming,Jett,1.27,251,22,14,2,77,166,26,2,4,-2
85530,926,2022,Ascent,817,FiNESSE,OpTic Gaming,Killjoy,0.99,183,15,13,5,68,121,19,1,0,1
85530,926,2022,Ascent,261,Victor,OpTic Gaming,Kayo,0.59,148,11,17,7,64,83,15,4,5,-1
85530,926,2022,Bind,659,Sacy,LOUD,Sova,1.44,266,26,17,5,77,171,33,3,2,1
85530,926,2022,Bind,8480,aspas,LOUD,Raze,1.42,313,29,21,5,85,189,24,4,3,1
85530,926,2022,Bind,727,saadhak,LOUD,Skye,0.79,165,14,21,7,65,110,11,0,3,-3
85530,926,2022,Bind,683,pANcada,LOUD,Astra,0.72,150,13,20,9,62,119,20,2,4,-2
85530,926,2022,Bind,8447,Less,LOUD,Viper,0.7,174,13,21,8,73,109,14,3,2,1
85530,926,2022,Bind,881,yay,OpTic Gaming,Chamber,1.42,313,30,18,2,69,204,37,4,2,2
85530,926,2022,Bind,261,Victor,OpTic Gaming,Raze,1.22,274,25,20,7,73,177,18,2,3,-1
85530,926,2022,Bind,263,Marved,OpTic Gaming,Brimstone,0.98,239,22,20,8,73,156,25,5,3,2
85530,926,2022,Bind,817,FiNESSE,OpTic Gaming,Viper,0.77,174,15,20,6,73,126,19,2,2,0
85530,926,2022,Bind,4,crashies,OpTic Gaming,Skye,0.5,89,8,17,4,62,61,29,1,2,-1
85530,926,2022,Breeze,8480,aspas,LOUD,Jett,1.26,282,27,19,2,79,172,20,6,2,4
85530,926,2022,Breeze,683,pANcada,LOUD,Chamber,1.0,210,22,20,2,68,136,32,2,3,-1
85530,926,2022,Breeze,8447,Less,LOUD,Viper,0.9,194,20,19,4,61,121,17,1,4,-3
85530,926,2022,Breeze,727,saadhak,LOUD,Kayo,0.89,199,20,21,9,61,126,15,2,5,-3
85530,926,2022,Breeze,659,Sacy,LOUD,Sova,0.61,125,10,20,9,71,86,32,2,1,1
85530,926,2022,Breeze,4,crashies,OpTic Gaming,Sova,1.32,277,28,18,4,75,181,30,2,1,1
85530,926,2022,Breeze,881,yay,OpTic Gaming,Jett,1.13,230,22,19,5,64,154,25,4,3,1
85530,926,2022,Breeze,263,Marved,OpTic Gaming,Chamber,0.99,206,20,20,3,54,128,33,4,3,1
85530,926,2022,Breeze,261,Victor,OpTic Gaming,Kayo,0.81,167,16,21,6,61,97,21,5,2,3
85530,926,2022,Breeze,817,FiNESSE,OpTic Gaming,Viper,0.72,137,13,21,6,64,92,34,0,4,-4
85533,926,2022,Icebox,772,Zest,KIWOOM DRX,Sova,1.29,243,20,16,7,71,161,30,2,1,1
85533,926,2022,Icebox,485,stax,KIWOOM DRX,Kayo,1.03,231,19,18,8,71,150,21,0,0,0
85533,926,2022,Icebox,4462,MaKo,KIWOOM DRX,Viper,0.77,157,12,18,6,63,107,28,1,1,0
85533,926,2022,Icebox,488,Rb,KIWOOM DRX,Sage,0.7,135,13,17,2,58,76,19,3,6,-3
85533,926,2022,Icebox,804,BuZz,KIWOOM DRX,Jett,0.33,139,10,22,5,58,98,27,3,7,-4
85533,926,2022,Icebox,999,Laz,ZETA DIVISION,Chamber,1.4,270,25,15,2,75,160,30,7,2,5
85533,926,2022,Icebox,6668,SugarZ3ro,ZETA DIVISION,Viper,1.27,225,17,14,11,83,153,29,3,1,2
85533,926,2022,Icebox,1000,crow,ZETA DIVISION,Sova,1.19,193,15,12,12,71,143,20,2,1,1
85533,926,2022,Icebox,424,Dep,ZETA DIVISION,Jett,1.09,243,21,16,7,79,162,27,0,1,-1
85533,926,2022,Icebox,1395,TENNN,ZETA DIVISION,Sage,0.78,141,13,17,9,75,78,26,3,4,-1
85533,926,2022,Ascent,804,BuZz,KIWOOM DRX,Chamber,1.56,318,27,15,4,78,213,27,3,3,0
85533,926,2022,Ascent,4462,MaKo,KIWOOM DRX,Astra,1.24,244,20,16,12,83,146,20,4,1,3
85533,926,2022,Ascent,772,Zest,KIWOOM DRX,Sova,1.11,201,17,13,5,78,125,23,2,1,1
85533,926,2022,Ascent,485,stax,KIWOOM DRX,Skye,1.05,191,16,16,10,83,149,52,1,0,1
85533,926,2022,Ascent,488,Rb,KIWOOM DRX,Jett,0.74,159,13,15,2,70,98,50,4,4,0
85533,926,2022,Ascent,424,Dep,ZETA DIVISION,Jett,0.95,184,17,18,4,57,112,27,1,3,-2
85533,926,2022,Ascent,6668,SugarZ3ro,ZETA DIVISION,Astra,0.92,224,17,21,14,78,131,17,1,2,-1
85533,926,2022,Ascent,1000,crow,ZETA DIVISION,Sova,0.8,206,13,18,10,74,144,27,1,2,-1
85533,926,2022,Ascent,999,Laz,ZETA DIVISION,Chamber,0.8,221,18,19,1,65,137,39,3,5,-2
85533,926,2022,Ascent,1395,TENNN,ZETA DIVISION,Killjoy,0.73,114,10,17,2,65,77,23,3,2,1
85533,926,2022,Split,485,stax,KIWOOM DRX,Skye,1.41,284,17,13,4,65,175,23,3,1,2
85533,926,2022,Split,772,Zest,KIWOOM DRX,Sage,0.88,195,12,14,2,65,145,50,1,4,-3
85533,926,2022,Split,4462,MaKo,KIWOOM DRX,Viper,0.72,183,10,15,0,59,114,29,0,0,0
85533,926,2022,Split,804,BuZz,KIWOOM DRX,Astra,0.42,90,3,15,10,59,61,18,1,0,1
85533,926,2022,Split,488,Rb,KIWOOM DRX,Jett,0.32,118,7,16,4,53,71,10,2,5,-3
85533,926,2022,Split,1395,TENNN,ZETA DIVISION,Raze,1.5,345,21,11,1,71,215,38,3,0,3
85533,926,2022,Split,1000,crow,ZETA DIVISION,Skye,1.25,198,14,9,3,65,132,16,1,1,0
85533,926,2022,Split,6668,SugarZ3ro,ZETA DIVISION,Astra,1.22,258,16,11,5,76,162,18,2,1,1
85533,926,2022,Split,424,Dep,ZETA DIVISION,Sage,1.09,205,12,9,6,71,111,16,4,1,3
85533,926,2022,Split,999,Laz,ZETA DIVISION,Viper,1.09,172,10,9,7,71,119,23,0,4,-4
85536,926,2022,Haven,263,Marved,OpTic Gaming,Omen,1.8,342,35,16,8,79,230,41,2,2,0
85536,926,2022,Haven,881,yay,OpTic Gaming,Chamber,1.0,238,23,22,2,71,150,23,3,3,0
85536,926,2022,Haven,4,crashies,OpTic Gaming,Skye,0.81,179,18,22,4,79,110,26,3,4,-1
85536,926,2022,Haven,817,FiNESSE,OpTic Gaming,Kayo,0.77,147,13,20,13,68,102,22,1,0,1
85536,926,2022,Haven,261,Victor,OpTic Gaming,Neon,0.77,177,16,21,8,71,142,21,2,8,-6
85536,926,2022,Haven,6668,SugarZ3ro,ZETA DIVISION,Astra,1.22,234,25,21,10,75,148,29,2,1,1
85536,926,2022,Haven,424,Dep,ZETA DIVISION,Jett,1.12,246,26,21,2,68,143,32,5,3,2
85536,926,2022,Haven,1395,TENNN,ZETA DIVISION,Skye,1.0,231,22,22,6,71,157,37,3,1,2
85536,926,2022,Haven,1000,crow,ZETA DIVISION,Breach,0.84,140,15,19,5,64,94,25,2,2,0
85536,926,2022,Haven,999,Laz,ZETA DIVISION,Killjoy,0.64,156,13,22,9,64,119,26,5,4,1
85536,926,2022,Fracture,261,Victor,OpTic Gaming,Neon,1.87,260,19,6,2,94,183,36,4,1,3
85536,926,2022,Fracture,263,Marved,OpTic Gaming,Brimstone,1.22,265,17,15,7,72,177,37,1,2,-1
85536,926,2022,Fracture,881,yay,OpTic Gaming,Chamber,1.18,263,17,12,4,72,181,29,4,3,1
85536,926,2022,Fracture,4,crashies,OpTic Gaming,Kayo,1.0,201,13,12,7,94,127,29,0,1,-1
85536,926,2022,Fracture,817,FiNESSE,OpTic Gaming,Breach,0.62,120,6,11,4,61,99,15,0,2,-2
85536,926,2022,Fracture,1395,TENNN,ZETA DIVISION,Raze,1.22,295,19,15,4,72,174,18,4,4,0
85536,926,2022,Fracture,999,Laz,ZETA DIVISION,Chamber,1.14,218,14,14,3,67,131,18,4,2,2
85536,926,2022,Fracture,1000,crow,ZETA DIVISION,Breach,0.84,158,10,13,3,61,91,17,1,0,1
85536,926,2022,Fracture,6668,SugarZ3ro,ZETA DIVISION,Astra,0.71,153,9,14,5,61,106,42,0,3,-3
85536,926,2022,Fracture,424,Dep,ZETA DIVISION,Viper,0.14,72,4,16,3,50,52,25,0,0,0
85536,926,2022,Bind,881,yay,OpTic Gaming,Chamber,1.44,263,19,11,6,76,169,23,3,5,-2
85536,926,2022,Bind,263,Marved,OpTic Gaming,Brimstone,1.31,228,18,14,9,81,142,24,2,1,1
85536,926,2022,Bind,4,crashies,OpTic Gaming,Skye,1.19,195,14,11,13,76,140,18,1,0,1
85536,926,2022,Bind,817,FiNESSE,OpTic Gaming,Viper,1.16,222,17,12,5,86,137,29,3,2,1
85536,926,2022,Bind,261,Victor,OpTic Gaming,Raze,0.99,196,15,16,7,81,129,24,3,1,2
85536,926,2022,Bind,6668,SugarZ3ro,ZETA DIVISION,Astra,1.01,224,15,17,9,76,150,27,1,1,0
85536,926,2022,Bind,1000,crow,ZETA DIVISION,Skye,0.97,189,14,16,4,76,131,30,1,1,0
85536,926,2022,Bind,1395,TENNN,ZETA DIVISION,Raze,0.89,213,15,17,1,57,145,19,3,4,-1
85536,926,2022,Bind,999,Laz,ZETA DIVISION,Viper,0.58,135,10,16,3,52,87,20,3,3,0
85536,926,2022,Bind,424,Dep,ZETA DIVISION,Sage,0.57,130,10,17,5,67,81,36,1,3,-2
