team_full_name,team_alias,map_name,map_played,map_win_rate,map_win,map_loss,map_atk_1st,map_def_1st,map_atk_rwin,map_atk_rw,map_atk_rl,map_def_rwin,map_def_rw,map_def_rl,agent_composition,agent_composition_played
FNATIC,FNC,Bind,50,76,38,12,36,14,61%,343,222,58%,279,204,"[['brimstone', 'cypher', 'raze', 'skye', 'viper'], ['brimstone', 'chamber', 'raze', 'skye', 'viper'], ['astra', 'fade', 'raze', 'skye', 'viper'], ['brimstone', 'raze', 'skye', 'sova', 'viper'], ['astra', 'raze', 'skye', 'sova', 'viper'], ['astra', 'raze', 'sage', 'skye', 'viper'], ['astra', 'breach', 'brimstone', 'skye', 'viper'], ['astra', 'breach', 'brimstone', 'sova', 'viper'], ['astra', 'jett', 'phoenix', 'sage', 'skye']]","[3, 6, 6, 26, 2, 3, 1, 2, 1]"
FNATIC,FNC,Haven,57,63,36,21,38,19,58%,381,280,54%,322,274,"[['astra', 'breach', 'jett', 'killjoy', 'sova'], ['astra', 'breach', 'fade', 'jett', 'killjoy'], ['cypher', 'jett', 'omen', 'skye', 'sova'], ['breach', 'chamber', 'fade', 'omen', 'raze'], ['astra', 'breach', 'chamber', 'fade', 'raze'], ['breach', 'chamber', 'omen', 'raze', 'sova'], ['breach', 'jett', 'killjoy', 'omen', 'sova'], ['astra', 'jett', 'killjoy', 'skye', 'sova'], ['astra', 'killjoy', 'raze', 'skye', 'sova'], ['cypher', 'jett', 'omen', 'phoenix', 'sova'], ['astra', 'cypher', 'jett', 'phoenix', 'sova'], ['astra', 'jett', 'killjoy', 'sage', 'skye'], ['astra', 'killjoy', 'raze', 'sage', 'skye'], ['breach', 'cypher', 'omen', 'phoenix', 'sova'], ['breach', 'killjoy', 'omen', 'raze', 'sova']]","[10, 1, 4, 4, 1, 4, 1, 4, 1, 2, 1, 5, 9, 1, 8]"
FNATIC,FNC,Split,31,58,18,13,9,22,51%,167,158,51%,178,168,"[['breach', 'cypher', 'omen', 'raze', 'skye'], ['cypher', 'jett', 'omen', 'raze', 'sage'], ['chamber', 'fade', 'omen', 'raze', 'viper'], ['omen', 'raze', 'sage', 'skye', 'viper'], ['kayo', 'omen', 'raze', 'sage', 'viper'], ['astra', 'kayo', 'raze', 'sage', 'viper'], ['astra', 'kayo', 'killjoy', 'raze', 'viper'], ['astra', 'breach', 'cypher', 'jett', 'skye'], ['astra', 'killjoy', 'raze', 'skye', 'viper'], ['astra', 'killjoy', 'raze', 'sage', 'viper'], ['astra', 'cypher', 'jett', 'skye', 'viper'], ['astra', 'jett', 'killjoy', 'raze', 'reyna'], ['breach', 'cypher', 'jett', 'omen', 'raze'], ['breach', 'cypher', 'omen', 'raze', 'sage'], ['cypher', 'omen', 'raze', 'reyna', 'viper']]","[4, 2, 4, 1, 2, 2, 2, 1, 2, 1, 1, 2, 1, 3, 3]"
FNATIC,FNC,Ascent,37,59,22,15,12,25,50%,190,190,57%,241,179,"[['jett', 'kayo', 'killjoy', 'omen', 'sova'], ['fade', 'jett', 'kayo', 'killjoy', 'omen'], ['chamber', 'fade', 'kayo', 'omen', 'sage'], ['chamber', 'fade', 'kayo', 'omen', 'raze'], ['astra', 'jett', 'kayo', 'killjoy', 'sova'], ['astra', 'cypher', 'jett', 'reyna', 'sova'], ['astra', 'jett', 'killjoy', 'skye', 'sova'], ['jett', 'killjoy', 'omen', 'skye', 'sova'], ['astra', 'jett', 'killjoy', 'skye', 'viper'], ['cypher', 'jett', 'omen', 'skye', 'viper'], ['cypher', 'jett', 'omen', 'sova', 'viper'], ['cypher', 'jett', 'omen', 'sage', 'sova'], ['killjoy', 'omen', 'reyna', 'sage', 'sova']]","[8, 2, 2, 3, 5, 1, 1, 2, 2, 3, 2, 5, 1]"
FNATIC,FNC,Icebox,55,78,43,12,36,19,62%,365,225,55%,280,225,"[['jett', 'killjoy', 'sage', 'sova', 'viper'], ['chamber', 'killjoy', 'sage', 'sova', 'viper'], ['chamber', 'kayo', 'sage', 'sova', 'viper'], ['jett', 'reyna', 'sage', 'sova', 'viper'], ['astra', 'raze', 'reyna', 'sova', 'viper'], ['cypher', 'jett', 'sage', 'sova', 'viper'], ['killjoy', 'raze', 'sage', 'sova', 'viper'], ['jett', 'killjoy', 'reyna', 'sova', 'viper']]","[36, 11, 1, 1, 2, 1, 2, 1]"
FNATIC,FNC,Breeze,8,63,5,3,6,2,63%,57,33,46%,36,42,"[['chamber', 'jett', 'skye', 'sova', 'viper'], ['breach', 'chamber', 'neon', 'sova', 'viper'], ['astra', 'killjoy', 'reyna', 'sova', 'viper'], ['astra', 'killjoy', 'skye', 'sova', 'viper'], ['astra', 'cypher', 'skye', 'sova', 'viper'], ['cypher', 'jett', 'sage', 'sova', 'viper']]","[2, 1, 1, 2, 1, 1]"
FNATIC,FNC,Fracture,16,69,11,5,12,4,54%,97,81,59%,91,64,"[['breach', 'brimstone', 'fade', 'killjoy', 'raze'], ['breach', 'brimstone', 'chamber', 'fade', 'raze'], ['breach', 'brimstone', 'chamber', 'kayo', 'neon'], ['breach', 'brimstone', 'chamber', 'raze', 'viper'], ['astra', 'breach', 'chamber', 'raze', 'viper'], ['breach', 'brimstone', 'cypher', 'raze', 'viper'], ['astra', 'breach', 'cypher', 'raze', 'viper'], ['astra', 'cypher', 'jett', 'skye', 'viper']]","[4, 1, 2, 2, 2, 2, 2, 1]"
FNATIC,FNC,Pearl,3,33,1,2,2,1,42%,14,19,53%,17,15,"[['astra', 'cypher', 'fade', 'jett', 'kayo'], ['astra', 'chamber', 'fade', 'neon', 'skye']]","[1, 2]"
FNATIC,FNC,Lotus,10,90,9,1,8,2,71%,82,34,52%,44,41,"[['astra', 'fade', 'killjoy', 'raze', 'viper']]",[10]
Natus Vincere,NAVI,Bind,20,55,11,9,6,14,49%,99,102,55%,126,104,"[['brimstone', 'cypher', 'raze', 'skye', 'viper'], ['brimstone', 'kayo', 'skye', 'viper', 'yoru'], ['chamber', 'fade', 'omen', 'raze', 'skye'], ['chamber', 'fade', 'omen', 'skye', 'viper'], ['chamber', 'omen', 'raze', 'skye', 'viper'], ['astra', 'jett', 'kayo', 'sova', 'viper'], ['astra', 'raze', 'reyna', 'sova', 'viper']]","[1, 1, 1, 1, 2, 7, 6]"
Natus Vincere,NAVI,Haven,20,45,9,11,7,13,48%,98,105,49%,104,110,"[['jett', 'kayo', 'killjoy', 'omen', 'sova'], ['breach', 'fade', 'jett', 'killjoy', 'omen'], ['breach', 'chamber', 'fade', 'jett', 'omen'], ['breach', 'chamber', 'fade', 'omen', 'raze'], ['breach', 'chamber', 'fade', 'neon', 'omen'], ['astra', 'cypher', 'jett', 'kayo', 'skye'], ['astra', 'breach', 'jett', 'killjoy', 'sova']]","[1, 1, 2, 4, 1, 7, 4]"
Natus Vincere,NAVI,Split,23,57,13,10,9,14,51%,126,122,55%,146,121,"[['astra', 'jett', 'kayo', 'skye', 'viper'], ['breach', 'cypher', 'jett', 'omen', 'yoru'], ['astra', 'cypher', 'jett', 'skye', 'viper'], ['astra', 'gekko', 'jett', 'skye', 'viper'], ['chamber', 'fade', 'omen', 'raze', 'viper'], ['breach', 'cypher', 'omen', 'raze', 'sage'], ['astra', 'kayo', 'killjoy', 'raze', 'viper'], ['astra', 'killjoy', 'raze', 'reyna', 'viper'], ['astra', 'killjoy', 'raze', 'reyna', 'sage']]","[1, 1, 3, 1, 1, 1, 2, 11, 2]"
Natus Vincere,NAVI,Ascent,31,71,22,9,14,17,55%,177,143,58%,188,138,"[['cypher', 'fade', 'jett', 'kayo', 'omen'], ['fade', 'jett', 'kayo', 'omen', 'sage'], ['gekko', 'jett', 'kayo', 'omen', 'viper'], ['chamber', 'fade', 'kayo', 'omen', 'viper'], ['jett', 'kayo', 'killjoy', 'omen', 'sova'], ['astra', 'jett', 'kayo', 'killjoy', 'sova'], ['astra', 'breach', 'jett', 'killjoy', 'sova'], ['astra', 'killjoy', 'reyna', 'sage', 'sova']]","[5, 1, 1, 1, 3, 12, 7, 1]"
Natus Vincere,NAVI,Icebox,27,52,14,13,15,12,51%,163,158,53%,161,143,"[['cypher', 'jett', 'kayo', 'sage', 'viper'], ['chamber', 'reyna', 'sage', 'sova', 'viper'], ['chamber', 'fade', 'kayo', 'sage', 'viper'], ['chamber', 'kayo', 'sage', 'sova', 'viper'], ['chamber', 'killjoy', 'sage', 'sova', 'viper'], ['jett', 'kayo', 'sage', 'sova', 'viper'], ['jett', 'reyna', 'sage', 'sova', 'viper'], ['jett', 'killjoy', 'sage', 'sova', 'viper']]","[2, 1, 1, 2, 1, 10, 3, 7]"
Natus Vincere,NAVI,Breeze,14,36,5,9,4,10,44%,59,74,49%,76,79,"[['chamber', 'jett', 'kayo', 'sova', 'viper'], ['cypher', 'jett', 'skye', 'sova', 'viper'], ['cypher', 'jett', 'kayo', 'sova', 'viper'], ['cypher', 'reyna', 'skye', 'sova', 'viper']]","[2, 3, 2, 7]"
Natus Vincere,NAVI,Fracture,15,67,10,5,6,9,58%,88,64,53%,84,75,"[['cypher', 'fade', 'omen', 'viper', 'yoru'], ['cypher', 'kayo', 'omen', 'viper', 'yoru'], ['cypher', 'kayo', 'omen', 'raze', 'viper'], ['chamber', 'fade', 'omen', 'raze', 'viper'], ['breach', 'brimstone', 'chamber', 'neon', 'raze'], ['astra', 'breach', 'cypher', 'jett', 'skye']]","[3, 1, 2, 3, 1, 5]"
Natus Vincere,NAVI,Pearl,8,100,8,0,4,4,55%,45,37,73%,59,22,"[['astra', 'jett', 'kayo', 'killjoy', 'sova'], ['astra', 'gekko', 'jett', 'kayo', 'killjoy']]","[5, 2]"
Natus Vincere,NAVI,Lotus,8,38,3,5,1,7,57%,48,36,39%,39,62,"[['fade', 'killjoy', 'omen', 'viper', 'yoru'], ['breach', 'jett', 'omen', 'sova', 'viper'], ['jett', 'killjoy', 'omen', 'skye', 'viper'], ['harbor', 'killjoy', 'omen', 'skye', 'sova'], ['gekko', 'killjoy', 'omen', 'skye', 'viper'], ['fade', 'kayo', 'killjoy', 'omen', 'raze']]","[2, 1, 1, 1, 1, 2]"
SAW,SAW,Bind,19,63,12,7,8,11,61%,117,75,52%,105,98,"[['harbor', 'raze', 'sage', 'skye', 'viper'], ['astra', 'jett', 'skye', 'sova', 'viper'], ['brimstone', 'raze', 'skye', 'sova', 'viper'], ['astra', 'raze', 'skye', 'sova', 'viper'], ['brimstone', 'cypher', 'jett', 'raze', 'sova'], ['astra', 'cypher', 'jett', 'raze', 'sova']]","[1, 1, 6, 2, 8, 1]"
SAW,SAW,Haven,29,76,22,7,16,13,62%,179,111,54%,159,134,"[['astra', 'breach', 'jett', 'killjoy', 'sova'], ['astra', 'breach', 'killjoy', 'neon', 'sova'], ['astra', 'jett', 'killjoy', 'skye', 'sova'], ['cypher', 'jett', 'omen', 'skye', 'sova'], ['cypher', 'jett', 'kayo', 'omen', 'sova'], ['astra', 'killjoy', 'raze', 'sage', 'sova'], ['cypher', 'omen', 'raze', 'sage', 'sova'], ['breach', 'cypher', 'omen', 'raze', 'sova']]","[4, 4, 3, 4, 2, 7, 1, 4]"
SAW,SAW,Split,13,62,8,5,5,8,53%,62,56,52%,71,66,"[['astra', 'raze', 'sage', 'skye', 'viper'], ['killjoy', 'omen', 'raze', 'reyna', 'sage'], ['astra', 'cypher', 'raze', 'sage', 'skye']]","[1, 3, 9]"
SAW,SAW,Ascent,32,75,24,8,16,16,61%,196,124,59%,184,130,"[['jett', 'kayo', 'killjoy', 'omen', 'sova'], ['astra', 'jett', 'killjoy', 'sage', 'sova'], ['jett', 'killjoy', 'omen', 'sage', 'sova'], ['cypher', 'jett', 'kayo', 'omen', 'sova'], ['astra', 'killjoy', 'raze', 'sage', 'sova'], ['killjoy', 'omen', 'raze', 'sage', 'sova'], ['breach', 'jett', 'killjoy', 'omen', 'sova']]","[1, 2, 4, 2, 19, 3, 1]"
SAW,SAW,Icebox,28,79,22,6,12,16,63%,167,98,61%,169,106,"[['jett', 'killjoy', 'sage', 'sova', 'viper'], ['killjoy', 'raze', 'sage', 'sova', 'viper'], ['jett', 'reyna', 'sage', 'sova', 'viper'], ['jett', 'killjoy', 'skye', 'sova', 'viper'], ['jett', 'killjoy', 'sage', 'skye', 'viper']]","[16, 2, 7, 1, 1]"
SAW,SAW,Breeze,4,50,2,2,2,2,68%,30,14,38%,18,29,"[['cypher', 'reyna', 'skye', 'sova', 'viper'], ['jett', 'reyna', 'skye', 'sova', 'viper']]","[1, 3]"
SAW,SAW,Fracture,2,50,1,1,0,2,57%,8,6,50%,12,12,"[['breach', 'brimstone', 'cypher', 'fade', 'raze'], ['astra', 'breach', 'cypher', 'jett', 'viper']]","[1, 1]"
SAW,SAW,Pearl,6,67,4,2,0,6,52%,24,22,61%,44,28,"[['astra', 'jett', 'kayo', 'killjoy', 'sova'], ['astra', 'fade', 'kayo', 'killjoy', 'viper']]","[4, 2]"
SAW,SAW,Lotus,5,100,5,0,1,4,80%,33,8,58%,34,25,"[['breach', 'neon', 'omen', 'sova', 'viper'], ['breach', 'killjoy', 'neon', 'omen', 'sova']]","[2, 3]"
Team Liquid,TL,Bind,62,50,31,31,23,39,47%,280,315,55%,383,310,"[['fade', 'omen', 'raze', 'skye', 'viper'], ['breach', 'brimstone', 'fade', 'phoenix', 'raze'], ['brimstone', 'raze', 'sage', 'skye', 'viper'], ['brimstone', 'chamber', 'raze', 'skye', 'viper'], ['breach', 'chamber', 'fade', 'omen', 'raze'], ['astra', 'chamber', 'kayo', 'neon', 'sova'], ['breach', 'cypher', 'sage', 'sova', 'viper'], ['astra', 'kayo', 'reyna', 'sova', 'viper'], ['astra', 'jett', 'kayo', 'sova', 'viper'], ['astra', 'jett', 'raze', 'sova', 'viper'], ['brimstone', 'cypher', 'jett', 'raze', 'sage'], ['brimstone', 'jett', 'skye', 'sova', 'viper'], ['brimstone', 'kayo', 'skye', 'sova', 'viper'], ['brimstone', 'jett', 'sage', 'skye', 'viper'], ['brimstone', 'jett', 'phoenix', 'skye', 'viper'], ['brimstone', 'jett', 'phoenix', 'sage', 'skye'], ['brimstone', 'jett', 'reyna', 'sage', 'skye'], ['jett', 'killjoy', 'omen', 'reyna', 'sova'], ['jett', 'killjoy', 'omen', 'raze', 'skye'], ['breach', 'brimstone', 'jett', 'killjoy', 'sova'], ['breach', 'jett', 'killjoy', 'phoenix', 'reyna'], ['breach', 'killjoy', 'phoenix', 'raze', 'sova'], ['cypher', 'omen', 'raze', 'sage', 'sova']]","[5, 2, 3, 3, 2, 1, 1, 2, 2, 2, 4, 2, 2, 1, 3, 9, 1, 3, 2, 4, 1, 1, 6]"
Team Liquid,TL,Haven,62,68,42,20,31,31,58%,364,265,56%,350,278,"[['breach', 'jett', 'killjoy', 'omen', 'skye'], ['breach', 'cypher', 'jett', 'omen', 'sova'], ['breach', 'fade', 'jett', 'omen', 'phoenix'], ['breach', 'chamber', 'fade', 'omen', 'raze'], ['breach', 'chamber', 'jett', 'omen', 'skye'], ['brimstone', 'chamber', 'jett', 'omen', 'skye'], ['astra', 'chamber', 'kayo', 'neon', 'skye'], ['astra', 'jett', 'kayo', 'killjoy', 'sova'], ['astra', 'jett', 'killjoy', 'skye', 'sova'], ['breach', 'cypher', 'jett', 'omen', 'skye'], ['breach', 'cypher', 'kayo', 'omen', 'skye'], ['brimstone', 'killjoy', 'sage', 'skye', 'viper'], ['jett', 'killjoy', 'omen', 'phoenix', 'skye'], ['jett', 'killjoy', 'omen', 'reyna', 'skye'], ['jett', 'killjoy', 'omen', 'sage', 'skye'], ['breach', 'jett', 'killjoy', 'phoenix', 'reyna'], ['cypher', 'omen', 'raze', 'reyna', 'sage']]","[1, 2, 1, 6, 2, 2, 3, 2, 3, 5, 1, 5, 9, 3, 9, 1, 6]"
Team Liquid,TL,Split,52,65,34,18,32,20,51%,290,277,58%,307,222,"[['cypher', 'jett', 'omen', 'sage', 'skye'], ['astra', 'breach', 'chamber', 'kayo', 'neon'], ['astra', 'breach', 'cypher', 'omen', 'raze'], ['astra', 'breach', 'cypher', 'raze', 'sage'], ['breach', 'brimstone', 'omen', 'raze', 'sage'], ['astra', 'breach', 'raze', 'reyna', 'viper'], ['cypher', 'jett', 'omen', 'raze', 'sage'], ['breach', 'cypher', 'omen', 'raze', 'sage'], ['breach', 'cypher', 'jett', 'omen', 'skye'], ['breach', 'cypher', 'kayo', 'omen', 'skye'], ['brimstone', 'jett', 'sage', 'skye', 'viper'], ['breach', 'brimstone', 'cypher', 'jett', 'sage'], ['jett', 'killjoy', 'omen', 'raze', 'reyna'], ['breach', 'jett', 'killjoy', 'omen', 'raze'], ['breach', 'killjoy', 'phoenix', 'raze', 'reyna'], ['cypher', 'omen', 'raze', 'reyna', 'sage']]","[5, 1, 5, 5, 3, 6, 1, 1, 2, 2, 3, 3, 2, 8, 1, 3]"
Team Liquid,TL,Ascent,62,74,46,16,27,35,58%,368,271,58%,377,274,"[['cypher', 'jett', 'kayo', 'omen', 'sova'], ['astra', 'fade', 'jett', 'kayo', 'reyna'], ['chamber', 'fade', 'kayo', 'omen', 'phoenix'], ['jett', 'kayo', 'killjoy', 'omen', 'sova'], ['astra', 'jett', 'kayo', 'killjoy', 'sova'], ['astra', 'jett', 'killjoy', 'reyna', 'sova'], ['jett', 'killjoy', 'omen', 'reyna', 'sova'], ['breach', 'cypher', 'jett', 'omen', 'skye'], ['jett', 'killjoy', 'omen', 'sage', 'sova'], ['jett', 'killjoy', 'omen', 'phoenix', 'sova'], ['breach', 'jett', 'killjoy', 'omen', 'sova'], ['breach', 'jett', 'killjoy', 'phoenix', 'reyna'], ['cypher', 'omen', 'raze', 'reyna', 'sova']]","[7, 3, 5, 4, 1, 7, 3, 4, 2, 14, 9, 2, 1]"
Team Liquid,TL,Icebox,31,65,20,11,16,15,54%,184,157,55%,183,148,"[['harbor', 'jett', 'killjoy', 'skye', 'viper'], ['jett', 'killjoy', 'sage', 'sova', 'viper'], ['jett', 'kayo', 'sage', 'sova', 'viper'], ['chamber', 'fade', 'raze', 'sage', 'viper'], ['fade', 'omen', 'raze', 'sage', 'viper'], ['chamber', 'jett', 'omen', 'sova', 'viper'], ['chamber', 'reyna', 'sage', 'sova', 'viper'], ['jett', 'raze', 'sage', 'sova', 'viper'], ['jett', 'reyna', 'sage', 'sova', 'viper'], ['jett', 'killjoy', 'raze', 'sage', 'viper']]","[1, 4, 2, 7, 2, 2, 1, 2, 4, 6]"
Team Liquid,TL,Breeze,21,86,18,3,5,16,61%,132,86,55%,137,112,"[['chamber', 'jett', 'kayo', 'sova', 'viper'], ['chamber', 'kayo', 'phoenix', 'sova', 'viper'], ['chamber', 'jett', 'skye', 'sova', 'viper'], ['chamber', 'kayo', 'skye', 'sova', 'viper'], ['cypher', 'jett', 'kayo', 'sova', 'viper'], ['cypher', 'jett', 'skye', 'sova', 'viper'], ['cypher', 'jett', 'reyna', 'skye', 'viper']]","[2, 2, 3, 1, 3, 7, 3]"
Team Liquid,TL,Fracture,14,64,9,5,5,9,48%,68,74,57%,92,69,"[['breach', 'brimstone', 'cypher', 'fade', 'raze'], ['cypher', 'omen', 'raze', 'skye', 'viper'], ['astra', 'breach', 'cypher', 'kayo', 'raze'], ['astra', 'breach', 'chamber', 'raze', 'sage'], ['astra', 'breach', 'chamber', 'raze', 'skye'], ['astra', 'breach', 'cypher', 'raze', 'skye'], ['breach', 'brimstone', 'chamber', 'jett', 'neon'], ['breach', 'brimstone', 'cypher', 'jett', 'sage']]","[2, 3, 1, 1, 2, 2, 2, 1]"
Team Liquid,TL,Pearl,1,0,0,1,0,1,0%,0,5,33%,4,8,"[['astra', 'chamber', 'fade', 'phoenix', 'viper']]",[1]
Team Liquid,TL,Lotus,9,33,3,6,2,7,53%,55,48,40%,43,64,"[['fade', 'killjoy', 'omen', 'raze', 'viper'], ['breach', 'fade', 'omen', 'raze', 'viper'], ['fade', 'jett', 'killjoy', 'omen', 'reyna'], ['kayo', 'neon', 'omen', 'skye', 'viper']]","[3, 2, 1, 3]"
Apeks,APK,Bind,3,33,1,2,3,0,49%,18,19,45%,15,18,"[['astra', 'gekko', 'raze', 'skye', 'viper'], ['brimstone', 'fade', 'jett', 'skye', 'viper'], ['brimstone', 'fade', 'raze', 'skye', 'viper']]","[1, 1, 1]"
Apeks,APK,Haven,9,89,8,1,5,4,68%,59,28,57%,51,39,"[['breach', 'jett', 'killjoy', 'omen', 'sova'], ['breach', 'fade', 'killjoy', 'omen', 'raze']]","[8, 1]"
Apeks,APK,Split,4,75,3,1,1,3,42%,10,14,81%,34,8,"[['jett', 'omen', 'sage', 'skye', 'viper'], ['harbor', 'killjoy', 'raze', 'skye', 'viper']]","[3, 1]"
Apeks,APK,Ascent,10,90,9,1,7,3,58%,61,44,72%,62,24,"[['jett', 'kayo', 'killjoy', 'omen', 'sova']]",[10]
Apeks,APK,Icebox,9,89,8,1,5,3,62%,51,31,69%,49,22,"[['jett', 'killjoy', 'sage', 'sova', 'viper']]",[8]
Apeks,APK,Fracture,1,86,0,1,1,0,33%,4,8,38%,3,5,"[['breach', 'brimstone', 'jett', 'killjoy', 'raze']]",[1]
Apeks,APK,Pearl,7,100,6,1,4,3,58%,45,33,63%,51,30,"[['astra', 'cypher', 'gekko', 'jett', 'kayo'], ['astra', 'cypher', 'fade', 'kayo', 'phoenix']]","[4, 3]"
Apeks,APK,Lotus,3,0,3,0,1,2,46%,12,14,78%,28,8,"[['breach', 'jett', 'killjoy', 'omen', 'sova']]",[3]
M80,No alias,Haven,10,50,9,1,5,5,66%,67,34,56%,60,47,"[['breach', 'jett', 'killjoy', 'omen', 'sova']]",[10]
M80,No alias,Split,2,63,1,1,0,2,43%,9,12,64%,16,9,"[['astra', 'jett', 'kayo', 'skye', 'viper']]",[2]
M80,No alias,Ascent,8,100,5,3,2,6,51%,39,37,58%,50,36,"[['breach', 'fade', 'jett', 'kayo', 'omen'], ['jett', 'kayo', 'killjoy', 'omen', 'sova'], ['astra', 'breach', 'fade', 'jett', 'kayo']]","[1, 2, 5]"
M80,No alias,Icebox,3,80,3,0,0,3,93%,14,1,69%,25,11,"[['kayo', 'killjoy', 'sage', 'sova', 'viper']]",[3]
M80,No alias,Fracture,5,75,4,1,3,2,66%,37,19,44%,21,27,"[['breach', 'brimstone', 'cypher', 'jett', 'kayo'], ['breach', 'brimstone', 'cypher', 'jett', 'skye']]","[4, 1]"
M80,No alias,Pearl,9,0,6,3,4,5,58%,49,35,64%,54,30,"[['astra', 'fade', 'jett', 'kayo', 'killjoy'], ['astra', 'jett', 'kayo', 'killjoy', 'sova'], ['astra', 'jett', 'kayo', 'sova', 'viper']]","[5, 2, 2]"
M80,No alias,Lotus,4,0,3,1,0,4,71%,27,11,44%,21,27,"[['fade', 'killjoy', 'omen', 'raze', 'viper'], ['breach', 'jett', 'killjoy', 'omen', 'skye']]","[2, 2]"
NRG Esports,NRG,Bind,72,69,50,22,38,34,55%,399,323,61%,451,286,"[['harbor', 'raze', 'sage', 'skye', 'viper'], ['astra', 'fade', 'raze', 'sage', 'skye'], ['brimstone', 'fade', 'raze', 'sage', 'skye'], ['astra', 'breach', 'chamber', 'fade', 'raze'], ['astra', 'breach', 'chamber', 'fade', 'neon'], ['brimstone', 'chamber', 'fade', 'raze', 'skye'], ['brimstone', 'raze', 'sage', 'skye', 'viper'], ['astra', 'jett', 'skye', 'sova', 'viper'], ['brimstone', 'chamber', 'phoenix', 'sova', 'viper'], ['cypher', 'omen', 'phoenix', 'skye', 'sova'], ['astra', 'raze', 'skye', 'sova', 'viper'], ['astra', 'jett', 'kayo', 'sova', 'viper'], ['astra', 'kayo', 'raze', 'sova', 'viper'], ['brimstone', 'kayo', 'raze', 'sova', 'viper'], ['astra', 'jett', 'raze', 'sova', 'viper'], ['jett', 'omen', 'raze', 'sova', 'viper'], ['astra', 'jett', 'killjoy', 'raze', 'sova'], ['astra', 'cypher', 'phoenix', 'raze', 'sova'], ['jett', 'killjoy', 'omen', 'phoenix', 'sova'], ['cypher', 'omen', 'phoenix', 'raze', 'sova'], ['cypher', 'jett', 'omen', 'phoenix', 'sova'], ['brimstone', 'jett', 'raze', 'skye', 'sova'], ['killjoy', 'omen', 'raze', 'sova', 'yoru'], ['jett', 'omen', 'raze', 'sage', 'skye'], ['brimstone', 'killjoy', 'raze', 'sova', 'yoru'], ['brimstone', 'jett', 'omen', 'sage', 'skye'], ['brimstone', 'killjoy', 'raze', 'reyna', 'sova'], ['jett', 'killjoy', 'omen', 'raze', 'sova']]","[5, 1, 1, 2, 1, 1, 2, 6, 1, 1, 7, 1, 2, 1, 1, 1, 1, 1, 1, 11, 7, 1, 1, 1, 3, 1, 2, 8]"
NRG Esports,NRG,Haven,92,73,67,25,44,48,59%,539,376,59%,569,390,"[['harbor', 'jett', 'killjoy', 'skye', 'viper'], ['astra', 'breach', 'jett', 'killjoy', 'sova'], ['breach', 'jett', 'killjoy', 'omen', 'sova'], ['astra', 'breach', 'chamber', 'raze', 'sova'], ['breach', 'chamber', 'fade', 'omen', 'yoru'], ['breach', 'chamber', 'jett', 'omen', 'skye'], ['kayo', 'killjoy', 'omen', 'sova', 'yoru'], ['astra', 'jett', 'kayo', 'killjoy', 'sova'], ['astra', 'chamber', 'jett', 'kayo', 'sova'], ['chamber', 'jett', 'omen', 'reyna', 'sova'], ['chamber', 'jett', 'kayo', 'omen', 'sova'], ['chamber', 'kayo', 'omen', 'raze', 'sova'], ['astra', 'chamber', 'jett', 'reyna', 'sova'], ['astra', 'cypher', 'jett', 'kayo', 'sova'], ['astra', 'cypher', 'jett', 'phoenix', 'sova'], ['astra', 'jett', 'killjoy', 'raze', 'sova'], ['jett', 'kayo', 'omen', 'sova', 'viper'], ['kayo', 'omen', 'skye', 'sova', 'viper'], ['cypher', 'jett', 'omen', 'phoenix', 'sova'], ['astra', 'cypher', 'jett', 'reyna', 'sova'], ['cypher', 'omen', 'raze', 'reyna', 'sova'], ['breach', 'jett', 'omen', 'reyna', 'sage'], ['brimstone', 'cypher', 'phoenix', 'reyna', 'sova'], ['jett', 'killjoy', 'omen', 'phoenix', 'sova']]","[3, 3, 2, 2, 1, 2, 1, 2, 5, 1, 1, 1, 1, 7, 8, 6, 3, 1, 30, 1, 4, 1, 3, 2]"
NRG Esports,NRG,Split,38,58,22,16,14,24,45%,161,198,64%,279,160,"[['astra', 'jett', 'raze', 'skye', 'viper'], ['astra', 'breach', 'killjoy', 'raze', 'skye'], ['astra', 'kayo', 'killjoy', 'raze', 'viper'], ['chamber', 'fade', 'kayo', 'omen', 'raze'], ['astra', 'breach', 'chamber', 'kayo', 'neon'], ['astra', 'jett', 'kayo', 'sage', 'viper'], ['astra', 'jett', 'sage', 'skye', 'viper'], ['astra', 'jett', 'kayo', 'skye', 'viper'], ['brimstone', 'jett', 'reyna', 'skye', 'viper'], ['astra', 'breach', 'killjoy', 'raze', 'sage'], ['jett', 'omen', 'reyna', 'sage', 'skye'], ['astra', 'breach', 'cypher', 'raze', 'sage'], ['cypher', 'jett', 'omen', 'raze', 'skye'], ['breach', 'jett', 'killjoy', 'omen', 'raze'], ['breach', 'brimstone', 'jett', 'killjoy', 'raze'], ['breach', 'cypher', 'jett', 'omen', 'raze']]","[6, 1, 1, 3, 1, 1, 1, 1, 1, 1, 2, 1, 2, 7, 2, 7]"
NRG Esports,NRG,Ascent,48,52,25,23,15,33,44%,204,259,58%,309,223,"[['jett', 'kayo', 'killjoy', 'omen', 'sova'], ['astra', 'chamber', 'fade', 'kayo', 'sova'], ['chamber', 'fade', 'kayo', 'omen', 'sage'], ['chamber', 'fade', 'kayo', 'omen', 'raze'], ['astra', 'chamber', 'jett', 'kayo', 'sova'], ['astra', 'chamber', 'killjoy', 'sage', 'sova'], ['astra', 'chamber', 'jett', 'skye', 'sova'], ['astra', 'jett', 'kayo', 'killjoy', 'sova'], ['astra', 'cypher', 'jett', 'kayo', 'sova'], ['kayo', 'omen', 'skye', 'sova', 'viper'], ['astra', 'jett', 'killjoy', 'skye', 'sova'], ['jett', 'killjoy', 'omen', 'skye', 'sova'], ['astra', 'jett', 'killjoy', 'phoenix', 'sova'], ['cypher', 'omen', 'phoenix', 'reyna', 'sova'], ['killjoy', 'omen', 'phoenix', 'reyna', 'sova'], ['cypher', 'jett', 'omen', 'phoenix', 'sova'], ['cypher', 'jett', 'omen', 'reyna', 'sova'], ['breach', 'cypher', 'jett', 'omen', 'sova']]","[5, 1, 2, 1, 7, 1, 1, 1, 4, 2, 1, 1, 7, 1, 1, 9, 2, 1]"
NRG Esports,NRG,Icebox,54,69,37,17,27,27,53%,304,269,59%,340,235,"[['kayo', 'killjoy', 'sage', 'sova', 'viper'], ['chamber', 'kayo', 'sage', 'sova', 'viper'], ['chamber', 'omen', 'sage', 'sova', 'viper'], ['chamber', 'kayo', 'omen', 'sova', 'viper'], ['chamber', 'jett', 'reyna', 'sova', 'viper'], ['chamber', 'raze', 'sage', 'sova', 'viper'], ['jett', 'killjoy', 'reyna', 'sova', 'viper'], ['jett', 'raze', 'sage', 'sova', 'viper'], ['raze', 'sage', 'skye', 'sova', 'viper'], ['jett', 'killjoy', 'omen', 'raze', 'sova'], ['killjoy', 'omen', 'phoenix', 'reyna', 'sova'], ['jett', 'killjoy', 'omen', 'reyna', 'sova'], ['brimstone', 'jett', 'killjoy', 'reyna', 'sova'], ['jett', 'killjoy', 'omen', 'raze', 'skye'], ['jett', 'killjoy', 'omen', 'sage', 'skye']]","[4, 4, 3, 1, 11, 1, 7, 7, 4, 4, 3, 2, 1, 1, 1]"
NRG Esports,NRG,Breeze,26,69,18,8,13,13,53%,142,124,58%,152,109,"[['breach', 'chamber', 'kayo', 'sova', 'viper'], ['chamber', 'jett', 'skye', 'sova', 'viper'], ['chamber', 'omen', 'skye', 'sova', 'viper'], ['chamber', 'jett', 'kayo', 'sova', 'viper'], ['chamber', 'kayo', 'reyna', 'sova', 'viper'], ['chamber', 'jett', 'reyna', 'sova', 'viper'], ['chamber', 'kayo', 'raze', 'sova', 'viper'], ['cypher', 'jett', 'kayo', 'sova', 'viper'], ['jett', 'omen', 'skye', 'sova', 'viper']]","[1, 3, 2, 11, 1, 1, 1, 2, 4]"
NRG Esports,NRG,Fracture,9,56,5,4,4,5,58%,61,45,47%,47,54,"[['breach', 'brimstone', 'jett', 'killjoy', 'skye'], ['breach', 'brimstone', 'cypher', 'jett', 'kayo'], ['breach', 'brimstone', 'chamber', 'kayo', 'neon'], ['astra', 'breach', 'chamber', 'raze', 'viper'], ['astra', 'breach', 'chamber', 'jett', 'viper']]","[2, 1, 2, 2, 2]"
NRG Esports,NRG,Pearl,7,57,4,3,4,3,54%,45,39,50%,42,42,"[['harbor', 'jett', 'killjoy', 'skye', 'viper'], ['harbor', 'killjoy', 'raze', 'skye', 'viper']]","[3, 4]"
NRG Esports,NRG,Lotus,5,60,3,2,4,1,54%,33,28,44%,22,28,"[['killjoy', 'neon', 'omen', 'skye', 'viper'], ['jett', 'killjoy', 'omen', 'skye', 'viper'], ['breach', 'killjoy', 'omen', 'raze', 'skye'], ['killjoy', 'omen', 'skye', 'sova', 'viper']]","[2, 1, 1, 1]"
The Guard,TGRD,Bind,21,71,15,6,15,6,55%,134,108,55%,106,88,"[['brimstone', 'raze', 'sage', 'skye', 'viper'], ['astra', 'chamber', 'raze', 'skye', 'viper'], ['astra', 'breach', 'chamber', 'neon', 'skye'], ['astra', 'raze', 'sage', 'skye', 'viper'], ['brimstone', 'chamber', 'raze', 'skye', 'viper'], ['astra', 'kayo', 'raze', 'sova', 'viper'], ['astra', 'jett', 'skye', 'sova', 'viper']]","[9, 1, 2, 1, 1, 6, 1]"
The Guard,TGRD,Haven,40,63,25,15,19,21,58%,237,173,52%,223,210,"[['jett', 'killjoy', 'omen', 'skye', 'viper'], ['killjoy', 'omen', 'raze', 'skye', 'viper'], ['breach', 'jett', 'killjoy', 'omen', 'sova'], ['breach', 'chamber', 'fade', 'omen', 'raze'], ['astra', 'breach', 'chamber', 'neon', 'skye'], ['astra', 'chamber', 'kayo', 'neon', 'skye'], ['astra', 'chamber', 'fade', 'kayo', 'neon'], ['chamber', 'fade', 'kayo', 'neon', 'omen'], ['astra', 'breach', 'fade', 'jett', 'killjoy'], ['astra', 'breach', 'jett', 'killjoy', 'sova'], ['breach', 'chamber', 'jett', 'omen', 'skye'], ['breach', 'jett', 'killjoy', 'omen', 'skye'], ['jett', 'killjoy', 'omen', 'skye', 'sova'], ['astra', 'jett', 'killjoy', 'skye', 'sova'], ['astra', 'cypher', 'jett', 'skye', 'sova']]","[3, 1, 5, 2, 1, 1, 1, 2, 1, 2, 4, 1, 1, 14, 1]"
The Guard,TGRD,Split,18,50,9,9,7,11,41%,74,105,57%,125,93,"[['astra', 'killjoy', 'raze', 'skye', 'viper'], ['astra', 'jett', 'killjoy', 'skye', 'viper'], ['astra', 'raze', 'sage', 'skye', 'viper'], ['breach', 'cypher', 'omen', 'raze', 'sage'], ['breach', 'chamber', 'omen', 'raze', 'skye'], ['breach', 'chamber', 'jett', 'omen', 'skye'], ['astra', 'chamber', 'raze', 'skye', 'viper'], ['astra', 'chamber', 'jett', 'skye', 'viper'], ['astra', 'cypher', 'jett', 'skye', 'viper']]","[3, 1, 2, 1, 2, 1, 4, 3, 1]"
The Guard,TGRD,Ascent,34,74,25,9,12,22,45%,148,181,66%,253,133,"[['jett', 'kayo', 'killjoy', 'omen', 'sova'], ['jett', 'killjoy', 'omen', 'skye', 'viper'], ['fade', 'jett', 'kayo', 'killjoy', 'omen'], ['chamber', 'fade', 'kayo', 'omen', 'sova'], ['breach', 'chamber', 'jett', 'omen', 'sova'], ['astra', 'jett', 'kayo', 'killjoy', 'sova'], ['astra', 'jett', 'killjoy', 'sage', 'sova']]","[11, 1, 2, 3, 1, 15, 1]"
The Guard,TGRD,Icebox,26,77,20,6,16,10,58%,164,120,59%,144,100,"[['brimstone', 'chamber', 'fade', 'kayo', 'viper'], ['chamber', 'kayo', 'sage', 'sova', 'viper'], ['jett', 'killjoy', 'sage', 'sova', 'viper'], ['chamber', 'jett', 'omen', 'sova', 'viper'], ['jett', 'reyna', 'sage', 'sova', 'viper'], ['jett', 'raze', 'sage', 'sova', 'viper']]","[3, 3, 11, 5, 3, 1]"
The Guard,TGRD,Breeze,3,67,2,1,0,3,64%,18,10,55%,21,17,"[['chamber', 'jett', 'kayo', 'sova', 'viper']]",[3]
The Guard,TGRD,Fracture,13,62,8,5,7,6,53%,74,65,53%,71,63,"[['breach', 'brimstone', 'cypher', 'fade', 'raze'], ['astra', 'breach', 'jett', 'skye', 'viper'], ['brimstone', 'fade', 'killjoy', 'raze', 'viper'], ['breach', 'brimstone', 'chamber', 'fade', 'jett'], ['breach', 'brimstone', 'chamber', 'raze', 'sage'], ['breach', 'brimstone', 'chamber', 'raze', 'viper'], ['breach', 'brimstone', 'chamber', 'jett', 'viper'], ['astra', 'breach', 'chamber', 'raze', 'viper']]","[3, 1, 1, 2, 1, 3, 1, 1]"
The Guard,TGRD,Pearl,8,50,4,4,4,4,52%,46,42,56%,52,41,"[['harbor', 'killjoy', 'raze', 'skye', 'viper'], ['astra', 'jett', 'kayo', 'killjoy', 'sova']]","[1, 7]"
The Guard,TGRD,Lotus,9,89,8,1,2,7,63%,50,29,58%,61,44,"[['harbor', 'jett', 'killjoy', 'skye', 'viper'], ['breach', 'killjoy', 'omen', 'raze', 'viper']]","[8, 1]"
Cloud9,C9,Bind,53,49,26,27,15,34,48%,229,246,55%,282,232,"[['brimstone', 'jett', 'raze', 'skye', 'viper'], ['brimstone', 'chamber', 'raze', 'skye', 'viper'], ['chamber', 'omen', 'skye', 'viper', 'yoru'], ['breach', 'brimstone', 'raze', 'sova', 'viper'], ['astra', 'chamber', 'raze', 'sova', 'viper'], ['astra', 'chamber', 'kayo', 'raze', 'sova'], ['astra', 'jett', 'raze', 'skye', 'viper'], ['astra', 'raze', 'skye', 'sova', 'viper'], ['astra', 'raze', 'sage', 'sova', 'yoru'], ['breach', 'omen', 'phoenix', 'raze', 'sova'], ['breach', 'cypher', 'omen', 'raze', 'sova'], ['killjoy', 'omen', 'phoenix', 'raze', 'sova'], ['jett', 'killjoy', 'omen', 'phoenix', 'sova'], ['breach', 'jett', 'killjoy', 'omen', 'sova'], ['omen', 'phoenix', 'raze', 'reyna', 'sova'], ['cypher', 'jett', 'omen', 'raze', 'sova'], ['jett', 'killjoy', 'omen', 'raze', 'sova'], ['killjoy', 'omen', 'raze', 'reyna', 'sova'], ['cypher', 'jett', 'killjoy', 'omen', 'phoenix'], ['cypher', 'omen', 'raze', 'reyna', 'sova'], ['brimstone', 'omen', 'phoenix', 'raze', 'sage'], ['cypher', 'omen', 'raze', 'sage', 'sova'], ['brimstone', 'cypher', 'raze', 'sage', 'sova'], ['brimstone', 'cypher', 'jett', 'sage', 'sova'], ['cypher', 'jett', 'omen', 'raze', 'sage'], ['brimstone', 'cypher', 'jett', 'reyna', 'sage'], ['breach', 'brimstone', 'cypher', 'jett', 'raze'], ['breach', 'brimstone', 'cypher', 'jett', 'phoenix'], ['brimstone', 'cypher', 'jett', 'phoenix', 'sage'], ['breach', 'brimstone', 'cypher', 'omen', 'raze']]","[1, 3, 1, 1, 2, 1, 1, 3, 1, 1, 1, 1, 3, 3, 1, 1, 1, 2, 1, 2, 2, 3, 5, 4, 1, 1, 1, 1, 2, 1]"
Cloud9,C9,Haven,88,68,60,28,51,33,62%,559,342,54%,436,373,"[['breach', 'jett', 'killjoy', 'omen', 'sova'], ['chamber', 'cypher', 'omen', 'phoenix', 'skye'], ['breach', 'chamber', 'fade', 'omen', 'raze'], ['astra', 'chamber', 'kayo', 'neon', 'skye'], ['breach', 'chamber', 'omen', 'reyna', 'skye'], ['breach', 'chamber', 'jett', 'omen', 'skye'], ['breach', 'chamber', 'omen', 'raze', 'skye'], ['breach', 'jett', 'killjoy', 'omen', 'skye'], ['astra', 'breach', 'jett', 'killjoy', 'skye'], ['brimstone', 'kayo', 'raze', 'reyna', 'sova'], ['astra', 'jett', 'killjoy', 'raze', 'sova'], ['astra', 'cypher', 'jett', 'kayo', 'sova'], ['astra', 'cypher', 'jett', 'raze', 'sova'], ['astra', 'cypher', 'jett', 'phoenix', 'sova'], ['astra', 'cypher', 'jett', 'reyna', 'sova'], ['astra', 'jett', 'kayo', 'skye', 'sova'], ['cypher', 'jett', 'omen', 'phoenix', 'sova'], ['cypher', 'jett', 'omen', 'raze', 'sova'], ['astra', 'cypher', 'raze', 'reyna', 'sova'], ['cypher', 'omen', 'raze', 'reyna', 'sova'], ['breach', 'cypher', 'jett', 'omen', 'sova'], ['breach', 'jett', 'killjoy', 'omen', 'phoenix'], ['breach', 'cypher', 'jett', 'omen', 'viper'], ['cypher', 'jett', 'omen', 'sage', 'sova'], ['breach', 'jett', 'killjoy', 'omen', 'raze'], ['jett', 'killjoy', 'omen', 'phoenix', 'raze'], ['cypher', 'jett', 'omen', 'raze', 'reyna'], ['cypher', 'jett', 'omen', 'phoenix', 'sage'], ['brimstone', 'cypher', 'jett', 'reyna', 'sage'], ['breach', 'brimstone', 'cypher', 'jett', 'phoenix']]","[3, 1, 3, 3, 1, 1, 3, 3, 2, 1, 1, 1, 1, 1, 2, 4, 8, 6, 4, 4, 2, 3, 2, 8, 4, 1, 6, 4, 1, 1]"
Cloud9,C9,Split,62,65,40,22,30,31,46%,289,334,64%,406,229,"[['astra', 'breach', 'killjoy', 'raze', 'skye'], ['astra', 'chamber', 'raze', 'skye', 'viper'], ['breach', 'chamber', 'kayo', 'omen', 'raze'], ['breach', 'chamber', 'killjoy', 'omen', 'raze'], ['astra', 'breach', 'chamber', 'killjoy', 'raze'], ['astra', 'jett', 'killjoy', 'raze', 'skye'], ['astra', 'cypher', 'jett', 'raze', 'sage'], ['astra', 'cypher', 'jett', 'raze', 'skye'], ['jett', 'omen', 'raze', 'sage', 'viper'], ['astra', 'breach', 'jett', 'killjoy', 'raze'], ['breach', 'jett', 'killjoy', 'omen', 'raze'], ['omen', 'raze', 'reyna', 'sage', 'skye'], ['jett', 'omen', 'raze', 'sage', 'skye'], ['omen', 'phoenix', 'raze', 'sage', 'skye'], ['breach', 'killjoy', 'omen', 'raze', 'reyna'], ['cypher', 'killjoy', 'omen', 'raze', 'sage'], ['cypher', 'jett', 'omen', 'raze', 'reyna'], ['cypher', 'omen', 'phoenix', 'raze', 'reyna'], ['breach', 'jett', 'omen', 'phoenix', 'sage'], ['breach', 'omen', 'phoenix', 'raze', 'sage'], ['cypher', 'omen', 'raze', 'sage', 'viper'], ['cypher', 'jett', 'omen', 'raze', 'sage'], ['breach', 'cypher', 'omen', 'raze', 'viper'], ['brimstone', 'cypher', 'jett', 'phoenix', 'sage'], ['breach', 'brimstone', 'cypher', 'omen', 'raze']]","[7, 2, 1, 1, 1, 1, 2, 1, 1, 2, 17, 1, 2, 4, 6, 2, 1, 1, 2, 2, 1, 1, 1, 1, 1]"
Cloud9,C9,Ascent,105,70,73,32,51,52,56%,598,461,60%,608,408,"[['jett', 'killjoy', 'omen', 'skye', 'viper'], ['breach', 'jett', 'killjoy', 'omen', 'skye'], ['jett', 'kayo', 'killjoy', 'omen', 'sova'], ['fade', 'jett', 'kayo', 'killjoy', 'omen'], ['chamber', 'fade', 'kayo', 'neon', 'omen'], ['astra', 'chamber', 'fade', 'kayo', 'neon'], ['chamber', 'fade', 'kayo', 'omen', 'raze'], ['astra', 'chamber', 'fade', 'jett', 'kayo'], ['chamber', 'jett', 'kayo', 'omen', 'sova'], ['astra', 'jett', 'kayo', 'killjoy', 'sova'], ['brimstone', 'killjoy', 'raze', 'reyna', 'skye'], ['astra', 'jett', 'killjoy', 'reyna', 'skye'], ['brimstone', 'kayo', 'killjoy', 'reyna', 'sova'], ['brimstone', 'jett', 'killjoy', 'reyna', 'sova'], ['brimstone', 'chamber', 'jett', 'reyna', 'sova'], ['astra', 'killjoy', 'raze', 'sage', 'sova'], ['astra', 'jett', 'killjoy', 'sage', 'sova'], ['astra', 'jett', 'killjoy', 'reyna', 'sova'], ['astra', 'cypher', 'jett', 'skye', 'sova'], ['astra', 'jett', 'kayo', 'sage', 'sova'], ['jett', 'killjoy', 'omen', 'reyna', 'sova'], ['jett', 'killjoy', 'omen', 'raze', 'sova'], ['jett', 'killjoy', 'omen', 'phoenix', 'sova'], ['breach', 'jett', 'killjoy', 'omen', 'raze'], ['breach', 'jett', 'killjoy', 'omen', 'reyna'], ['cypher', 'jett', 'omen', 'raze', 'sova'], ['jett', 'killjoy', 'omen', 'raze', 'reyna'], ['cypher', 'killjoy', 'omen', 'reyna', 'sova'], ['cypher', 'jett', 'omen', 'sage', 'sova'], ['breach', 'cypher', 'omen', 'sage', 'sova']]","[3, 1, 7, 3, 2, 3, 1, 1, 1, 5, 1, 1, 1, 1, 1, 1, 2, 4, 2, 3, 13, 3, 3, 13, 2, 2, 1, 4, 17, 2]"
Cloud9,C9,Icebox,44,68,30,14,26,18,57%,242,183,58%,264,188,"[['jett', 'killjoy', 'sage', 'sova', 'viper'], ['brimstone', 'chamber', 'fade', 'kayo', 'viper'], ['chamber', 'fade', 'kayo', 'sage', 'viper'], ['chamber', 'jett', 'sage', 'sova', 'viper'], ['chamber', 'jett', 'kayo', 'sova', 'viper'], ['chamber', 'kayo', 'raze', 'sova', 'viper'], ['jett', 'raze', 'sage', 'sova', 'viper'], ['jett', 'reyna', 'sage', 'sova', 'viper'], ['jett', 'kayo', 'sage', 'sova', 'viper'], ['omen', 'raze', 'reyna', 'sage', 'sova'], ['jett', 'omen', 'raze', 'sage', 'sova'], ['jett', 'killjoy', 'omen', 'raze', 'sova'], ['cypher', 'jett', 'omen', 'skye', 'sova'], ['jett', 'killjoy', 'omen', 'reyna', 'sova']]","[6, 1, 7, 1, 1, 1, 4, 5, 1, 3, 5, 6, 1, 1]"
Cloud9,C9,Breeze,25,76,19,6,21,4,59%,170,120,60%,130,87,"[['cypher', 'kayo', 'neon', 'sova', 'viper'], ['chamber', 'kayo', 'neon', 'sova', 'viper'], ['chamber', 'fade', 'kayo', 'sova', 'viper'], ['cypher', 'jett', 'kayo', 'sova', 'viper'], ['chamber', 'jett', 'kayo', 'sova', 'viper'], ['chamber', 'kayo', 'raze', 'sova', 'viper'], ['chamber', 'jett', 'kayo', 'reyna', 'viper'], ['jett', 'killjoy', 'reyna', 'sova', 'viper'], ['cypher', 'jett', 'skye', 'sova', 'viper']]","[4, 1, 1, 10, 2, 1, 1, 4, 1]"
Cloud9,C9,Fracture,18,56,10,8,9,9,53%,105,93,52%,101,94,"[['breach', 'brimstone', 'killjoy', 'raze', 'skye'], ['breach', 'brimstone', 'chamber', 'fade', 'raze'], ['chamber', 'fade', 'omen', 'raze', 'viper'], ['breach', 'brimstone', 'chamber', 'kayo', 'neon'], ['breach', 'brimstone', 'chamber', 'raze', 'sage'], ['astra', 'breach', 'killjoy', 'raze', 'skye']]","[4, 2, 4, 2, 5, 1]"
Cloud9,C9,Pearl,8,75,6,2,6,2,51%,45,44,62%,50,31,"[['harbor', 'jett', 'killjoy', 'skye', 'viper'], ['astra', 'killjoy', 'phoenix', 'sage', 'skye'], ['astra', 'breach', 'killjoy', 'skye', 'yoru'], ['chamber', 'fade', 'omen', 'sage', 'viper']]","[2, 4, 1, 1]"
Cloud9,C9,Lotus,8,75,6,2,2,6,67%,50,25,53%,49,44,"[['killjoy', 'neon', 'omen', 'skye', 'viper'], ['chamber', 'cypher', 'neon', 'omen', 'skye']]","[7, 1]"
100 Thieves,100T,Bind,50,64,32,18,24,25,55%,261,214,57%,286,220,"[['brimstone', 'raze', 'sage', 'skye', 'viper'], ['brimstone', 'chamber', 'raze', 'skye', 'viper'], ['brimstone', 'fade', 'raze', 'skye', 'viper'], ['brimstone', 'raze', 'skye', 'sova', 'viper'], ['astra', 'breach', 'jett', 'raze', 'skye'], ['cypher', 'omen', 'raze', 'sage', 'sova'], ['cypher', 'jett', 'omen', 'raze', 'sova'], ['killjoy', 'omen', 'raze', 'sage', 'sova'], ['jett', 'killjoy', 'omen', 'raze', 'sova'], ['brimstone', 'omen', 'raze', 'sova', 'viper'], ['brimstone', 'cypher', 'raze', 'sage', 'sova']]","[4, 2, 3, 4, 1, 12, 5, 2, 7, 2, 8]"
100 Thieves,100T,Haven,70,60,42,28,34,36,56%,414,320,50%,381,382,"[['gekko', 'jett', 'killjoy', 'omen', 'sova'], ['cypher', 'jett', 'kayo', 'omen', 'sova'], ['cypher', 'fade', 'jett', 'omen', 'sova'], ['chamber', 'fade', 'omen', 'raze', 'sage'], ['breach', 'chamber', 'jett', 'omen', 'skye'], ['breach', 'jett', 'killjoy', 'omen', 'skye'], ['breach', 'jett', 'killjoy', 'omen', 'sova'], ['breach', 'chamber', 'jett', 'omen', 'sova'], ['astra', 'jett', 'killjoy', 'skye', 'sova'], ['astra', 'cypher', 'jett', 'skye', 'sova'], ['jett', 'kayo', 'omen', 'skye', 'sova'], ['cypher', 'jett', 'omen', 'skye', 'sova'], ['cypher', 'omen', 'phoenix', 'skye', 'sova'], ['cypher', 'omen', 'phoenix', 'sage', 'sova'], ['breach', 'cypher', 'omen', 'raze', 'sova'], ['cypher', 'jett', 'omen', 'phoenix', 'sova'], ['jett', 'killjoy', 'omen', 'phoenix', 'sova'], ['brimstone', 'cypher', 'jett', 'omen', 'phoenix'], ['brimstone', 'cypher', 'omen', 'sage', 'sova']]","[3, 1, 3, 4, 1, 4, 1, 3, 4, 3, 5, 6, 2, 3, 5, 10, 8, 1, 3]"
100 Thieves,100T,Split,39,56,22,17,24,15,42%,180,246,61%,234,152,"[['astra', 'cypher', 'raze', 'sage', 'skye'], ['astra', 'breach', 'fade', 'raze', 'viper'], ['cypher', 'omen', 'raze', 'sage', 'skye'], ['astra', 'breach', 'chamber', 'raze', 'viper'], ['astra', 'chamber', 'raze', 'skye', 'viper'], ['astra', 'cypher', 'raze', 'skye', 'viper'], ['astra', 'jett', 'raze', 'skye', 'viper'], ['astra', 'jett', 'kayo', 'skye', 'viper'], ['astra', 'breach', 'jett', 'raze', 'sage'], ['jett', 'killjoy', 'omen', 'raze', 'reyna'], ['breach', 'jett', 'killjoy', 'omen', 'raze'], ['brimstone', 'cypher', 'omen', 'raze', 'sage']]","[3, 2, 10, 1, 5, 2, 2, 4, 2, 1, 3, 4]"
100 Thieves,100T,Ascent,78,59,46,32,43,34,48%,374,408,58%,436,322,"[['jett', 'kayo', 'killjoy', 'omen', 'sova'], ['jett', 'kayo', 'omen', 'sova', 'viper'], ['fade', 'jett', 'kayo', 'killjoy', 'omen'], ['chamber', 'fade', 'kayo', 'omen', 'sage'], ['brimstone', 'jett', 'kayo', 'killjoy', 'sova'], ['astra', 'jett', 'kayo', 'killjoy', 'sova'], ['astra', 'chamber', 'cypher', 'skye', 'sova'], ['astra', 'jett', 'reyna', 'skye', 'sova'], ['astra', 'jett', 'killjoy', 'skye', 'sova'], ['jett', 'kayo', 'omen', 'skye', 'sova'], ['killjoy', 'omen', 'phoenix', 'sage', 'sova'], ['killjoy', 'omen', 'raze', 'sage', 'sova'], ['jett', 'killjoy', 'omen', 'reyna', 'sova'], ['killjoy', 'omen', 'reyna', 'sage', 'sova'], ['jett', 'killjoy', 'omen', 'phoenix', 'sova'], ['breach', 'omen', 'phoenix', 'sova', 'viper'], ['brimstone', 'cypher', 'omen', 'sage', 'sova']]","[7, 3, 2, 5, 2, 2, 1, 2, 2, 4, 11, 9, 16, 2, 1, 2, 7]"
100 Thieves,100T,Icebox,45,67,30,15,22,23,55%,272,219,56%,270,210,"[['killjoy', 'omen', 'sage', 'sova', 'viper'], ['chamber', 'fade', 'sage', 'sova', 'viper'], ['chamber', 'kayo', 'sage', 'sova', 'viper'], ['killjoy', 'raze', 'sage', 'sova', 'viper'], ['chamber', 'jett', 'sage', 'sova', 'viper'], ['chamber', 'kayo', 'omen', 'sova', 'viper'], ['jett', 'reyna', 'sage', 'sova', 'viper'], ['killjoy', 'omen', 'reyna', 'sova', 'viper'], ['killjoy', 'omen', 'raze', 'sage', 'sova'], ['jett', 'killjoy', 'omen', 'sage', 'sova'], ['jett', 'killjoy', 'omen', 'reyna', 'sova'], ['cypher', 'jett', 'omen', 'reyna', 'sova']]","[5, 1, 3, 4, 2, 1, 3, 12, 9, 2, 1, 2]"
100 Thieves,100T,Breeze,32,63,20,12,10,22,58%,183,135,51%,186,178,"[['cypher', 'jett', 'kayo', 'sova', 'viper'], ['chamber', 'jett', 'kayo', 'sova', 'viper'], ['chamber', 'kayo', 'reyna', 'sova', 'viper'], ['cypher', 'jett', 'skye', 'sova', 'viper'], ['jett', 'reyna', 'skye', 'sova', 'viper'], ['cypher', 'omen', 'reyna', 'skye', 'viper'], ['omen', 'reyna', 'sage', 'skye', 'viper']]","[8, 10, 2, 1, 5, 3, 3]"
100 Thieves,100T,Fracture,25,64,16,9,7,18,58%,142,101,49%,137,140,"[['breach', 'brimstone', 'jett', 'killjoy', 'skye'], ['breach', 'cypher', 'kayo', 'omen', 'raze'], ['breach', 'chamber', 'kayo', 'omen', 'raze'], ['breach', 'chamber', 'kayo', 'neon', 'omen'], ['breach', 'brimstone', 'chamber', 'kayo', 'neon'], ['breach', 'brimstone', 'chamber', 'kayo', 'raze'], ['breach', 'brimstone', 'chamber', 'raze', 'sage'], ['astra', 'breach', 'chamber', 'raze', 'viper']]","[5, 1, 2, 1, 3, 1, 9, 3]"
100 Thieves,100T,Pearl,5,80,4,1,4,1,48%,30,32,56%,35,27,"[['harbor', 'jett', 'killjoy', 'skye', 'viper'], ['astra', 'breach', 'jett', 'killjoy', 'sova'], ['astra', 'chamber', 'fade', 'sova', 'viper'], ['astra', 'fade', 'raze', 'sage', 'viper']]","[2, 1, 1, 1]"
100 Thieves,100T,Lotus,5,20,1,4,4,1,52%,31,29,29%,14,34,"[['jett', 'killjoy', 'omen', 'skye', 'viper'], ['breach', 'jett', 'killjoy', 'omen', 'skye'], ['astra', 'cypher', 'fade', 'kayo', 'raze']]","[2, 1, 2]"
LOUD,LOUD,Bind,13,85,11,2,9,4,68%,101,48,53%,60,54,"[['brimstone', 'chamber', 'raze', 'skye', 'viper'], ['brimstone', 'fade', 'raze', 'skye', 'viper'], ['astra', 'fade', 'raze', 'skye', 'viper'], ['astra', 'raze', 'skye', 'sova', 'viper'], ['brimstone', 'kayo', 'raze', 'sage', 'sova']]","[2, 5, 1, 4, 1]"
LOUD,LOUD,Haven,17,88,15,2,10,7,66%,108,55,60%,99,65,"[['harbor', 'jett', 'killjoy', 'skye', 'viper'], ['breach', 'chamber', 'fade', 'omen', 'raze'], ['breach', 'jett', 'killjoy', 'omen', 'sova'], ['breach', 'cypher', 'jett', 'omen', 'sova'], ['astra', 'jett', 'kayo', 'killjoy', 'sova'], ['astra', 'breach', 'jett', 'killjoy', 'sova']]","[5, 5, 1, 1, 1, 4]"
LOUD,LOUD,Split,15,67,10,5,7,8,56%,88,69,49%,82,85,"[['astra', 'jett', 'raze', 'skye', 'viper'], ['astra', 'gekko', 'jett', 'skye', 'viper'], ['astra', 'breach', 'fade', 'raze', 'viper'], ['astra', 'breach', 'chamber', 'kayo', 'neon'], ['astra', 'chamber', 'raze', 'skye', 'viper']]","[9, 2, 2, 1, 1]"
LOUD,LOUD,Ascent,30,90,27,3,22,8,58%,188,136,70%,193,83,"[['jett', 'kayo', 'killjoy', 'omen', 'sova'], ['jett', 'killjoy', 'omen', 'skye', 'viper'], ['astra', 'jett', 'kayo', 'killjoy', 'sova']]","[23, 2, 5]"
LOUD,LOUD,Icebox,15,80,12,3,9,6,60%,93,61,63%,95,57,"[['harbor', 'jett', 'killjoy', 'sova', 'viper'], ['harbor', 'jett', 'killjoy', 'skye', 'viper'], ['chamber', 'kayo', 'sage', 'sova', 'viper'], ['chamber', 'fade', 'kayo', 'sage', 'viper'], ['chamber', 'jett', 'sage', 'sova', 'viper'], ['jett', 'kayo', 'sage', 'sova', 'viper']]","[1, 2, 1, 3, 2, 6]"
LOUD,LOUD,Breeze,11,91,10,1,4,7,70%,76,33,59%,70,49,"[['cypher', 'jett', 'kayo', 'sova', 'viper'], ['chamber', 'jett', 'kayo', 'sova', 'viper'], ['cypher', 'jett', 'skye', 'sova', 'viper']]","[4, 5, 2]"
LOUD,LOUD,Fracture,17,65,11,6,10,7,56%,98,78,52%,96,90,"[['breach', 'kayo', 'neon', 'omen', 'viper'], ['breach', 'brimstone', 'jett', 'killjoy', 'raze'], ['chamber', 'fade', 'omen', 'raze', 'viper'], ['breach', 'brimstone', 'chamber', 'raze', 'sage'], ['breach', 'brimstone', 'chamber', 'raze', 'viper'], ['breach', 'brimstone', 'chamber', 'cypher', 'raze'], ['astra', 'breach', 'cypher', 'raze', 'viper']]","[2, 4, 2, 5, 1, 1, 2]"
LOUD,LOUD,Pearl,10,50,5,5,5,5,59%,62,43,44%,44,55,"[['harbor', 'jett', 'killjoy', 'skye', 'viper'], ['astra', 'chamber', 'fade', 'kayo', 'viper']]","[9, 1]"
LOUD,LOUD,Lotus,2,50,1,1,2,0,50%,12,12,57%,12,9,"[['gekko', 'harbor', 'jett', 'skye', 'viper'], ['harbor', 'jett', 'killjoy', 'skye', 'viper']]","[1, 1]"
The Union,UNI,Bind,22,73,16,6,13,9,55%,138,111,55%,124,100,"[['brimstone', 'raze', 'sage', 'skye', 'viper'], ['brimstone', 'fade', 'raze', 'skye', 'viper'], ['astra', 'fade', 'raze', 'skye', 'viper'], ['astra', 'chamber', 'fade', 'raze', 'skye'], ['fade', 'omen', 'raze', 'skye', 'viper'], ['brimstone', 'raze', 'skye', 'sova', 'viper'], ['brimstone', 'chamber', 'fade', 'raze', 'skye'], ['brimstone', 'chamber', 'raze', 'reyna', 'skye']]","[2, 2, 4, 2, 1, 8, 2, 1]"
The Union,UNI,Haven,12,42,5,7,1,11,53%,60,53,45%,67,81,"[['breach', 'fade', 'killjoy', 'omen', 'raze'], ['harbor', 'jett', 'killjoy', 'skye', 'viper'], ['breach', 'jett', 'killjoy', 'omen', 'sova'], ['breach', 'chamber', 'fade', 'omen', 'raze'], ['chamber', 'fade', 'jett', 'omen', 'skye']]","[4, 2, 2, 3, 1]"
The Union,UNI,Split,4,100,4,0,2,2,48%,26,28,65%,32,17,"[['astra', 'raze', 'sage', 'skye', 'viper'], ['breach', 'omen', 'raze', 'sage', 'skye'], ['chamber', 'fade', 'omen', 'raze', 'sage']]","[2, 1, 1]"
The Union,UNI,Ascent,38,76,29,9,18,20,56%,216,169,62%,262,162,"[['jett', 'kayo', 'killjoy', 'omen', 'sova'], ['fade', 'jett', 'kayo', 'killjoy', 'omen'], ['chamber', 'fade', 'jett', 'kayo', 'omen'], ['chamber', 'jett', 'kayo', 'omen', 'sova'], ['chamber', 'kayo', 'omen', 'raze', 'sova']]","[22, 9, 4, 2, 1]"
The Union,UNI,Icebox,22,55,12,10,6,16,48%,98,107,60%,151,101,"[['chamber', 'kayo', 'sage', 'sova', 'viper'], ['chamber', 'killjoy', 'sage', 'sova', 'viper'], ['chamber', 'jett', 'omen', 'sova', 'viper'], ['chamber', 'jett', 'sage', 'sova', 'viper'], ['chamber', 'jett', 'kayo', 'sova', 'viper'], ['chamber', 'fade', 'jett', 'kayo', 'viper'], ['chamber', 'reyna', 'sage', 'sova', 'viper'], ['chamber', 'raze', 'sage', 'sova', 'viper']]","[11, 4, 1, 1, 2, 1, 1, 1]"
The Union,UNI,Breeze,13,46,6,7,8,5,52%,76,69,56%,67,53,"[['cypher', 'jett', 'skye', 'sova', 'viper'], ['chamber', 'jett', 'skye', 'sova', 'viper'], ['cypher', 'jett', 'kayo', 'sova', 'viper'], ['chamber', 'jett', 'kayo', 'sova', 'viper']]","[2, 4, 4, 3]"
The Union,UNI,Fracture,23,70,16,7,3,20,58%,125,90,55%,147,118,"[['breach', 'brimstone', 'cypher', 'raze', 'sage'], ['breach', 'brimstone', 'chamber', 'raze', 'sage'], ['breach', 'chamber', 'omen', 'raze', 'viper'], ['breach', 'cypher', 'omen', 'raze', 'sage'], ['breach', 'brimstone', 'chamber', 'kayo', 'raze']]","[13, 7, 1, 1, 1]"
The Union,UNI,Pearl,10,70,7,3,2,8,61%,58,37,48%,56,60,"[['astra', 'jett', 'kayo', 'killjoy', 'sova'], ['chamber', 'fade', 'omen', 'raze', 'viper'], ['chamber', 'fade', 'omen', 'skye', 'viper']]","[7, 1, 2]"
The Union,UNI,Lotus,9,78,7,2,1,8,59%,53,37,60%,62,42,"[['killjoy', 'omen', 'raze', 'skye', 'viper'], ['chamber', 'cypher', 'neon', 'omen', 'skye']]","[8, 1]"
FURIA,FUR,Bind,24,58,14,10,14,10,53%,143,126,54%,141,121,"[['brimstone', 'jett', 'raze', 'skye', 'viper'], ['brimstone', 'chamber', 'fade', 'raze', 'skye'], ['jett', 'omen', 'skye', 'sova', 'viper'], ['astra', 'jett', 'skye', 'sova', 'viper'], ['brimstone', 'raze', 'skye', 'sova', 'viper'], ['omen', 'raze', 'skye', 'sova', 'viper'], ['omen', 'raze', 'reyna', 'sova', 'viper'], ['breach', 'jett', 'omen', 'raze', 'sova'], ['cypher', 'jett', 'omen', 'raze', 'sova']]","[5, 1, 1, 1, 5, 8, 1, 1, 1]"
FURIA,FUR,Haven,30,57,17,13,14,16,54%,184,156,49%,164,171,"[['harbor', 'jett', 'killjoy', 'skye', 'viper'], ['breach', 'jett', 'killjoy', 'omen', 'skye'], ['chamber', 'fade', 'omen', 'sage', 'skye'], ['breach', 'chamber', 'fade', 'omen', 'raze'], ['breach', 'killjoy', 'neon', 'omen', 'skye'], ['jett', 'killjoy', 'omen', 'sage', 'skye'], ['astra', 'jett', 'killjoy', 'skye', 'sova'], ['jett', 'killjoy', 'omen', 'sage', 'sova'], ['cypher', 'jett', 'omen', 'sage', 'skye'], ['astra', 'cypher', 'jett', 'sage', 'skye'], ['cypher', 'jett', 'omen', 'phoenix', 'sova'], ['breach', 'cypher', 'jett', 'omen', 'sova']]","[6, 1, 1, 1, 2, 2, 2, 3, 7, 1, 1, 3]"
FURIA,FUR,Split,17,59,10,7,4,13,48%,78,86,57%,114,87,"[['astra', 'jett', 'raze', 'skye', 'viper'], ['astra', 'chamber', 'raze', 'skye', 'viper'], ['chamber', 'omen', 'raze', 'sage', 'skye'], ['chamber', 'fade', 'omen', 'raze', 'sage'], ['chamber', 'jett', 'omen', 'raze', 'sage'], ['astra', 'jett', 'killjoy', 'raze', 'viper'], ['astra', 'jett', 'killjoy', 'skye', 'viper'], ['breach', 'jett', 'kayo', 'omen', 'sage'], ['astra', 'cypher', 'jett', 'raze', 'sage'], ['astra', 'jett', 'killjoy', 'raze', 'sage'], ['cypher', 'jett', 'omen', 'raze', 'sage']]","[2, 2, 1, 1, 1, 2, 1, 1, 1, 2, 3]"
FURIA,FUR,Ascent,48,67,32,16,30,18,53%,268,242,60%,279,186,"[['jett', 'kayo', 'killjoy', 'omen', 'sova'], ['chamber', 'fade', 'jett', 'kayo', 'omen'], ['chamber', 'kayo', 'omen', 'raze', 'sova'], ['astra', 'jett', 'kayo', 'killjoy', 'sova'], ['astra', 'jett', 'killjoy', 'sage', 'sova'], ['astra', 'jett', 'killjoy', 'skye', 'sova'], ['astra', 'jett', 'kayo', 'sova', 'viper'], ['astra', 'jett', 'reyna', 'sova', 'viper'], ['astra', 'jett', 'killjoy', 'raze', 'sova'], ['jett', 'killjoy', 'omen', 'reyna', 'sova'], ['astra', 'jett', 'killjoy', 'reyna', 'sova'], ['jett', 'killjoy', 'omen', 'raze', 'sova'], ['cypher', 'jett', 'omen', 'reyna', 'sova']]","[12, 1, 4, 3, 6, 3, 1, 1, 5, 4, 1, 4, 3]"
FURIA,FUR,Icebox,32,53,17,15,18,13,58%,193,140,45%,154,185,"[['jett', 'killjoy', 'sage', 'sova', 'viper'], ['chamber', 'kayo', 'sage', 'sova', 'viper'], ['chamber', 'killjoy', 'sage', 'sova', 'viper'], ['chamber', 'reyna', 'sage', 'sova', 'viper'], ['chamber', 'omen', 'reyna', 'sage', 'sova'], ['chamber', 'jett', 'sage', 'sova', 'viper'], ['jett', 'reyna', 'sage', 'sova', 'viper'], ['jett', 'omen', 'sage', 'sova', 'viper'], ['jett', 'killjoy', 'omen', 'sage', 'sova'], ['jett', 'omen', 'reyna', 'sage', 'sova'], ['jett', 'raze', 'sage', 'sova', 'viper'], ['jett', 'omen', 'raze', 'sage', 'sova']]","[5, 1, 3, 1, 1, 3, 2, 1, 4, 5, 1, 4]"
FURIA,FUR,Breeze,16,50,8,8,10,6,56%,102,81,45%,70,87,"[['chamber', 'jett', 'kayo', 'sova', 'viper'], ['chamber', 'jett', 'skye', 'sova', 'viper'], ['cypher', 'jett', 'skye', 'sova', 'viper'], ['cypher', 'jett', 'kayo', 'sova', 'viper'], ['jett', 'killjoy', 'skye', 'sova', 'viper']]","[10, 1, 1, 1, 3]"
FURIA,FUR,Fracture,9,56,5,4,3,6,54%,50,43,45%,41,51,"[['breach', 'brimstone', 'cypher', 'fade', 'neon'], ['fade', 'killjoy', 'omen', 'raze', 'viper'], ['breach', 'brimstone', 'fade', 'killjoy', 'neon'], ['breach', 'brimstone', 'chamber', 'neon', 'sage'], ['breach', 'brimstone', 'chamber', 'raze', 'viper'], ['astra', 'breach', 'cypher', 'jett', 'viper']]","[1, 1, 1, 2, 3, 1]"
FURIA,FUR,Pearl,6,50,3,3,3,3,59%,43,30,41%,31,44,"[['harbor', 'jett', 'killjoy', 'skye', 'viper'], ['breach', 'harbor', 'neon', 'skye', 'viper'], ['astra', 'cypher', 'fade', 'neon', 'skye']]","[4, 1, 1]"
vitimas do rdo,No alias,Haven,10,25,7,3,6,4,51%,57,54,52%,53,49,"[['breach', 'jett', 'killjoy', 'omen', 'sova'], ['jett', 'killjoy', 'omen', 'skye', 'sova'], ['breach', 'fade', 'killjoy', 'omen', 'raze']]","[1, 3, 6]"
vitimas do rdo,No alias,Split,4,78,1,3,2,2,41%,17,24,44%,15,19,"[['jett', 'killjoy', 'omen', 'skye', 'viper'], ['killjoy', 'omen', 'raze', 'sage', 'skye'], ['killjoy', 'omen', 'raze', 'skye', 'viper']]","[1, 1, 2]"
vitimas do rdo,No alias,Ascent,9,77,7,2,6,3,57%,58,44,60%,53,35,"[['jett', 'kayo', 'killjoy', 'omen', 'sova']]",[9]
vitimas do rdo,No alias,Icebox,13,100,10,3,9,4,56%,87,67,55%,69,56,"[['jett', 'killjoy', 'sage', 'sova', 'viper']]",[13]
vitimas do rdo,No alias,Fracture,4,64,4,0,2,2,63%,25,15,73%,27,10,"[['breach', 'brimstone', 'killjoy', 'raze', 'skye'], ['breach', 'brimstone', 'fade', 'killjoy', 'raze']]","[3, 1]"
vitimas do rdo,No alias,Pearl,9,0,6,3,7,2,56%,61,47,55%,50,41,"[['harbor', 'jett', 'killjoy', 'skye', 'viper'], ['astra', 'jett', 'killjoy', 'skye', 'viper']]","[7, 2]"
vitimas do rdo,No alias,Lotus,11,0,7,4,8,3,58%,70,51,45%,52,63,"[['breach', 'killjoy', 'omen', 'raze', 'skye'], ['gekko', 'jett', 'killjoy', 'omen', 'skye'], ['breach', 'jett', 'killjoy', 'omen', 'skye'], ['chamber', 'neon', 'omen', 'sage', 'skye']]","[5, 4, 1, 1]"
MIXX,No alias,Bind,1,0,0,1,1,0,42%,5,7,33%,3,6,"[['harbor', 'kayo', 'raze', 'skye', 'viper']]",[1]
MIXX,No alias,Haven,7,57,4,3,0,7,51%,40,38,57%,52,40,"[['breach', 'jett', 'killjoy', 'omen', 'sova'], ['breach', 'fade', 'killjoy', 'omen', 'raze']]","[6, 1]"
MIXX,No alias,Split,8,63,5,3,3,5,56%,40,31,55%,47,38,"[['astra', 'jett', 'kayo', 'skye', 'viper'], ['astra', 'kayo', 'raze', 'skye', 'viper'], ['jett', 'killjoy', 'omen', 'sage', 'skye']]","[2, 1, 5]"
MIXX,No alias,Ascent,10,80,8,2,4,6,59%,60,41,54%,56,47,"[['jett', 'kayo', 'killjoy', 'omen', 'sova'], ['fade', 'jett', 'kayo', 'killjoy', 'omen']]","[6, 4]"
MIXX,No alias,Icebox,7,43,3,4,0,7,43%,30,39,48%,41,45,"[['harbor', 'jett', 'killjoy', 'skye', 'viper'], ['jett', 'killjoy', 'sage', 'sova', 'viper']]","[6, 1]"
MIXX,No alias,Fracture,2,82,1,1,0,2,55%,6,5,54%,13,11,"[['breach', 'brimstone', 'fade', 'killjoy', 'neon'], ['breach', 'brimstone', 'cypher', 'fade', 'neon']]","[1, 1]"
MIXX,No alias,Pearl,11,57,9,2,5,6,61%,68,43,58%,68,49,"[['harbor', 'jett', 'killjoy', 'skye', 'viper'], ['astra', 'jett', 'kayo', 'killjoy', 'sova'], ['astra', 'harbor', 'jett', 'killjoy', 'skye']]","[9, 1, 1]"
MIXX,No alias,Lotus,7,0,4,3,2,5,66%,50,26,45%,41,50,"[['jett', 'killjoy', 'omen', 'skye', 'viper'], ['chamber', 'cypher', 'neon', 'omen', 'skye']]","[3, 4]"
Paper Rex,PRX,Bind,69,67,46,23,33,36,59%,403,278,56%,387,310,"[['brimstone', 'harbor', 'raze', 'reyna', 'skye'], ['astra', 'harbor', 'raze', 'reyna', 'skye'], ['astra', 'breach', 'fade', 'raze', 'yoru'], ['breach', 'brimstone', 'fade', 'raze', 'yoru'], ['brimstone', 'chamber', 'fade', 'raze', 'viper'], ['astra', 'chamber', 'fade', 'jett', 'raze'], ['breach', 'brimstone', 'raze', 'skye', 'yoru'], ['astra', 'jett', 'raze', 'skye', 'viper'], ['astra', 'raze', 'sage', 'skye', 'viper'], ['astra', 'jett', 'skye', 'viper', 'yoru'], ['astra', 'breach', 'raze', 'sage', 'viper'], ['astra', 'skye', 'sova', 'viper', 'yoru'], ['astra', 'jett', 'reyna', 'sova', 'viper'], ['astra', 'raze', 'sova', 'viper', 'yoru'], ['astra', 'jett', 'killjoy', 'phoenix', 'sova'], ['astra', 'jett', 'killjoy', 'sage', 'skye'], ['astra', 'jett', 'sage', 'skye', 'viper'], ['jett', 'killjoy', 'omen', 'phoenix', 'sova'], ['jett', 'killjoy', 'omen', 'reyna', 'sova'], ['jett', 'killjoy', 'omen', 'raze', 'sova'], ['cypher', 'omen', 'raze', 'skye', 'sova'], ['brimstone', 'cypher', 'jett', 'raze', 'sova'], ['brimstone', 'cypher', 'phoenix', 'raze', 'sova'], ['brimstone', 'cypher', 'jett', 'reyna', 'sova'], ['brimstone', 'cypher', 'jett', 'phoenix', 'sova'], ['cypher', 'jett', 'omen', 'phoenix', 'sova'], ['breach', 'brimstone', 'cypher', 'jett', 'sova'], ['breach', 'brimstone', 'cypher', 'raze', 'sage']]","[2, 1, 2, 6, 4, 1, 3, 2, 4, 1, 1, 3, 1, 3, 3, 1, 2, 1, 1, 1, 3, 8, 4, 1, 1, 2, 5, 2]"
Paper Rex,PRX,Haven,52,73,38,14,20,32,60%,303,206,55%,307,247,"[['cypher', 'omen', 'raze', 'sova', 'yoru'], ['astra', 'chamber', 'fade', 'phoenix', 'reyna'], ['astra', 'cypher', 'jett', 'reyna', 'skye'], ['astra', 'chamber', 'fade', 'raze', 'sage'], ['cypher', 'jett', 'omen', 'reyna', 'sova'], ['astra', 'cypher', 'jett', 'reyna', 'sova'], ['astra', 'cypher', 'raze', 'reyna', 'sova'], ['cypher', 'jett', 'omen', 'reyna', 'skye'], ['cypher', 'jett', 'omen', 'raze', 'skye'], ['cypher', 'jett', 'omen', 'sage', 'skye'], ['astra', 'chamber', 'jett', 'reyna', 'sova'], ['astra', 'jett', 'killjoy', 'sage', 'skye'], ['astra', 'chamber', 'jett', 'reyna', 'skye'], ['astra', 'jett', 'killjoy', 'reyna', 'skye'], ['astra', 'cypher', 'jett', 'skye', 'sova'], ['astra', 'breach', 'cypher', 'jett', 'skye'], ['astra', 'jett', 'killjoy', 'phoenix', 'sova'], ['jett', 'omen', 'reyna', 'sage', 'sova'], ['cypher', 'jett', 'omen', 'phoenix', 'sova'], ['breach', 'cypher', 'jett', 'omen', 'sova'], ['brimstone', 'cypher', 'jett', 'phoenix', 'sova']]","[1, 1, 2, 4, 7, 2, 1, 3, 1, 1, 1, 2, 1, 2, 4, 2, 1, 2, 3, 9, 1]"
Paper Rex,PRX,Split,70,70,49,21,40,30,54%,401,339,62%,446,274,"[['astra', 'jett', 'raze', 'skye', 'viper'], ['chamber', 'cypher', 'fade', 'omen', 'raze'], ['astra', 'chamber', 'fade', 'kayo', 'raze'], ['cypher', 'jett', 'kayo', 'omen', 'raze'], ['cypher', 'jett', 'omen', 'raze', 'sage'], ['astra', 'kayo', 'killjoy', 'raze', 'viper'], ['jett', 'killjoy', 'omen', 'raze', 'viper'], ['astra', 'jett', 'killjoy', 'reyna', 'viper'], ['astra', 'cypher', 'kayo', 'raze', 'viper'], ['astra', 'jett', 'killjoy', 'reyna', 'sage'], ['jett', 'killjoy', 'omen', 'raze', 'sage'], ['astra', 'breach', 'jett', 'sage', 'viper'], ['astra', 'breach', 'jett', 'killjoy', 'sage'], ['astra', 'jett', 'killjoy', 'skye', 'viper'], ['jett', 'kayo', 'killjoy', 'omen', 'sage'], ['cypher', 'jett', 'omen', 'sage', 'skye'], ['jett', 'killjoy', 'omen', 'sage', 'skye'], ['astra', 'breach', 'cypher', 'jett', 'reyna'], ['astra', 'breach', 'jett', 'raze', 'reyna'], ['killjoy', 'omen', 'raze', 'sage', 'skye'], ['cypher', 'omen', 'raze', 'sage', 'skye'], ['astra', 'breach', 'cypher', 'raze', 'sage'], ['astra', 'breach', 'killjoy', 'raze', 'sage'], ['breach', 'jett', 'omen', 'raze', 'sage'], ['breach', 'cypher', 'jett', 'omen', 'raze'], ['breach', 'jett', 'killjoy', 'omen', 'raze'], ['breach', 'cypher', 'jett', 'omen', 'sage']]","[6, 1, 2, 1, 21, 1, 1, 5, 2, 2, 6, 1, 1, 1, 1, 2, 1, 1, 1, 1, 1, 3, 1, 3, 2, 1, 1]"
Paper Rex,PRX,Ascent,64,63,40,24,25,39,55%,338,275,55%,384,310,"[['harbor', 'raze', 'reyna', 'skye', 'viper'], ['fade', 'jett', 'kayo', 'omen', 'sage'], ['jett', 'kayo', 'killjoy', 'omen', 'sova'], ['astra', 'fade', 'kayo', 'killjoy', 'raze'], ['astra', 'chamber', 'fade', 'kayo', 'raze'], ['astra', 'chamber', 'jett', 'kayo', 'sova'], ['astra', 'chamber', 'jett', 'sage', 'sova'], ['astra', 'breach', 'chamber', 'kayo', 'sage'], ['astra', 'jett', 'killjoy', 'reyna', 'sova'], ['astra', 'cypher', 'jett', 'kayo', 'sova'], ['cypher', 'jett', 'kayo', 'omen', 'sova'], ['astra', 'cypher', 'kayo', 'raze', 'sova'], ['astra', 'jett', 'killjoy', 'skye', 'sova'], ['astra', 'jett', 'killjoy', 'phoenix', 'sova'], ['astra', 'breach', 'killjoy', 'sage', 'sova'], ['killjoy', 'omen', 'raze', 'sova', 'yoru'], ['jett', 'omen', 'sage', 'skye', 'sova'], ['cypher', 'jett', 'omen', 'phoenix', 'sova'], ['jett', 'omen', 'reyna', 'sage', 'sova'], ['breach', 'jett', 'killjoy', 'omen', 'phoenix'], ['breach', 'cypher', 'jett', 'omen', 'phoenix'], ['jett', 'omen', 'raze', 'reyna', 'skye'], ['jett', 'omen', 'raze', 'reyna', 'sova'], ['brimstone', 'cypher', 'jett', 'reyna', 'sova'], ['jett', 'killjoy', 'omen', 'phoenix', 'sova'], ['jett', 'killjoy', 'omen', 'reyna', 'sova'], ['breach', 'cypher', 'jett', 'omen', 'sova']]","[1, 2, 2, 1, 11, 1, 1, 1, 3, 3, 2, 1, 10, 1, 6, 1, 1, 3, 1, 1, 2, 1, 1, 1, 1, 1, 4]"
Paper Rex,PRX,Icebox,62,73,45,17,39,23,58%,380,276,58%,339,249,"[['gekko', 'jett', 'sage', 'sova', 'viper'], ['chamber', 'harbor', 'jett', 'kayo', 'sova'], ['chamber', 'fade', 'jett', 'sage', 'viper'], ['kayo', 'killjoy', 'sage', 'sova', 'viper'], ['chamber', 'kayo', 'raze', 'sova', 'viper'], ['chamber', 'killjoy', 'sage', 'sova', 'viper'], ['chamber', 'fade', 'kayo', 'neon', 'viper'], ['chamber', 'jett', 'kayo', 'sova', 'viper'], ['chamber', 'jett', 'sage', 'sova', 'viper'], ['jett', 'reyna', 'sage', 'sova', 'viper'], ['jett', 'kayo', 'reyna', 'sova', 'viper'], ['jett', 'raze', 'sage', 'sova', 'viper'], ['jett', 'omen', 'reyna', 'sage', 'sova'], ['jett', 'killjoy', 'sage', 'sova', 'viper'], ['jett', 'killjoy', 'reyna', 'sova', 'viper'], ['jett', 'killjoy', 'omen', 'sage', 'sova'], ['breach', 'jett', 'killjoy', 'omen', 'sage'], ['jett', 'omen', 'phoenix', 'raze', 'reyna']]","[1, 1, 4, 1, 1, 1, 1, 1, 5, 8, 1, 3, 6, 17, 1, 1, 8, 1]"
Paper Rex,PRX,Breeze,22,68,15,7,15,7,56%,132,103,58%,121,86,"[['breach', 'harbor', 'reyna', 'sova', 'yoru'], ['chamber', 'harbor', 'jett', 'reyna', 'sova'], ['astra', 'breach', 'fade', 'neon', 'yoru'], ['chamber', 'jett', 'skye', 'sova', 'viper'], ['brimstone', 'phoenix', 'raze', 'reyna', 'sova'], ['chamber', 'kayo', 'sova', 'viper', 'yoru'], ['astra', 'breach', 'chamber', 'neon', 'sova'], ['chamber', 'jett', 'reyna', 'sova', 'viper'], ['chamber', 'jett', 'kayo', 'sova', 'viper'], ['cypher', 'jett', 'skye', 'sova', 'viper'], ['cypher', 'jett', 'reyna', 'sova', 'viper'], ['jett', 'killjoy', 'skye', 'sova', 'viper']]","[1, 1, 1, 1, 1, 1, 1, 1, 2, 9, 1, 2]"
Paper Rex,PRX,Fracture,23,78,18,5,10,13,58%,126,92,61%,156,101,"[['breach', 'brimstone', 'killjoy', 'neon', 'raze'], ['breach', 'killjoy', 'neon', 'raze', 'viper'], ['chamber', 'fade', 'harbor', 'phoenix', 'reyna'], ['breach', 'chamber', 'neon', 'raze', 'viper'], ['breach', 'chamber', 'neon', 'sage', 'viper'], ['breach', 'chamber', 'kayo', 'neon', 'viper'], ['breach', 'chamber', 'jett', 'raze', 'viper'], ['astra', 'breach', 'cypher', 'jett', 'viper']]","[5, 1, 2, 9, 3, 1, 1, 1]"
Paper Rex,PRX,Pearl,10,80,8,2,7,3,63%,67,40,54%,52,44,"[['astra', 'jett', 'killjoy', 'phoenix', 'skye'], ['astra', 'fade', 'jett', 'killjoy', 'sage'], ['astra', 'chamber', 'phoenix', 'raze', 'sova'], ['astra', 'chamber', 'fade', 'raze', 'sage']]","[6, 1, 1, 2]"
Paper Rex,PRX,Lotus,4,75,3,1,3,1,55%,22,18,57%,25,19,"[['cypher', 'jett', 'omen', 'raze', 'skye'], ['astra', 'killjoy', 'raze', 'skye', 'yoru'], ['chamber', 'omen', 'raze', 'sage', 'skye']]","[2, 1, 1]"
BLEED,BLD,Bind,34,71,24,10,21,13,61%,200,130,57%,196,150,"[['brimstone', 'chamber', 'raze', 'skye', 'viper'], ['brimstone', 'jett', 'raze', 'skye', 'sova'], ['brimstone', 'fade', 'raze', 'reyna', 'skye'], ['brimstone', 'cypher', 'fade', 'raze', 'reyna'], ['brimstone', 'chamber', 'fade', 'raze', 'viper'], ['astra', 'fade', 'raze', 'skye', 'viper'], ['breach', 'brimstone', 'jett', 'sova', 'viper'], ['astra', 'breach', 'jett', 'sova', 'viper'], ['astra', 'jett', 'sage', 'sova', 'viper'], ['astra', 'jett', 'killjoy', 'reyna', 'sova'], ['brimstone', 'raze', 'sage', 'sova', 'viper'], ['astra', 'killjoy', 'raze', 'sova', 'viper'], ['astra', 'raze', 'sage', 'sova', 'viper'], ['brimstone', 'jett', 'sage', 'skye', 'viper'], ['astra', 'killjoy', 'raze', 'sage', 'sova'], ['brimstone', 'raze', 'sage', 'skye', 'viper']]","[3, 1, 3, 1, 1, 3, 2, 4, 3, 2, 3, 3, 2, 1, 1, 1]"
BLEED,BLD,Haven,59,71,42,17,42,17,57%,375,287,56%,318,245,"[['breach', 'jett', 'killjoy', 'omen', 'sova'], ['astra', 'breach', 'jett', 'killjoy', 'sova'], ['astra', 'breach', 'chamber', 'jett', 'sova'], ['astra', 'breach', 'jett', 'reyna', 'sova'], ['breach', 'cypher', 'jett', 'omen', 'sova'], ['cypher', 'jett', 'omen', 'skye', 'sova'], ['astra', 'jett', 'killjoy', 'reyna', 'sova'], ['jett', 'killjoy', 'omen', 'reyna', 'sova'], ['astra', 'cypher', 'jett', 'reyna', 'sova'], ['astra', 'jett', 'killjoy', 'sova', 'viper'], ['cypher', 'jett', 'omen', 'reyna', 'sova'], ['astra', 'cypher', 'jett', 'sova', 'viper']]","[20, 16, 4, 5, 1, 1, 2, 1, 1, 4, 2, 2]"
BLEED,BLD,Split,19,63,12,7,6,13,53%,95,83,56%,117,93,"[['astra', 'breach', 'raze', 'sage', 'viper'], ['astra', 'raze', 'sage', 'skye', 'viper'], ['breach', 'brimstone', 'cypher', 'jett', 'sage'], ['jett', 'killjoy', 'omen', 'raze', 'sage'], ['astra', 'killjoy', 'raze', 'sage', 'viper'], ['astra', 'jett', 'killjoy', 'reyna', 'sage'], ['astra', 'cypher', 'raze', 'skye', 'viper'], ['astra', 'jett', 'killjoy', 'sage', 'skye'], ['astra', 'killjoy', 'raze', 'skye', 'viper']]","[6, 6, 1, 1, 1, 1, 1, 1, 1]"
BLEED,BLD,Ascent,51,71,36,15,36,14,55%,307,255,53%,264,232,"[['jett', 'kayo', 'killjoy', 'omen', 'sova'], ['cypher', 'gekko', 'jett', 'omen', 'sova'], ['astra', 'breach', 'jett', 'killjoy', 'sova'], ['cypher', 'jett', 'kayo', 'omen', 'sova'], ['astra', 'chamber', 'jett', 'kayo', 'sova'], ['astra', 'chamber', 'fade', 'jett', 'kayo'], ['astra', 'fade', 'jett', 'kayo', 'phoenix'], ['astra', 'cypher', 'fade', 'jett', 'kayo'], ['fade', 'jett', 'kayo', 'omen', 'sage'], ['chamber', 'fade', 'jett', 'kayo', 'omen'], ['breach', 'jett', 'killjoy', 'omen', 'sova'], ['chamber', 'jett', 'kayo', 'omen', 'sova'], ['astra', 'jett', 'kayo', 'killjoy', 'sova'], ['astra', 'jett', 'killjoy', 'sage', 'sova'], ['astra', 'chamber', 'jett', 'reyna', 'sova'], ['astra', 'jett', 'sage', 'sova', 'viper'], ['jett', 'killjoy', 'omen', 'reyna', 'sova'], ['brimstone', 'cypher', 'jett', 'sova', 'viper'], ['astra', 'killjoy', 'raze', 'skye', 'sova'], ['killjoy', 'omen', 'raze', 'sage', 'sova'], ['astra', 'killjoy', 'raze', 'reyna', 'sova'], ['brimstone', 'raze', 'sage', 'sova', 'viper']]","[1, 1, 1, 2, 2, 5, 1, 2, 2, 4, 8, 4, 2, 3, 1, 4, 1, 2, 1, 1, 1, 1]"
BLEED,BLD,Icebox,38,66,25,13,19,19,56%,238,186,54%,214,185,"[['jett', 'killjoy', 'sage', 'sova', 'viper'], ['jett', 'reyna', 'sage', 'sova', 'viper'], ['chamber', 'jett', 'sage', 'sova', 'viper'], ['chamber', 'reyna', 'sage', 'sova', 'viper'], ['killjoy', 'reyna', 'sage', 'sova', 'viper'], ['chamber', 'killjoy', 'sage', 'sova', 'viper'], ['cypher', 'jett', 'sage', 'sova', 'viper'], ['jett', 'omen', 'sage', 'sova', 'viper'], ['chamber', 'jett', 'omen', 'sova', 'viper'], ['chamber', 'omen', 'reyna', 'sova', 'viper'], ['astra', 'jett', 'raze', 'reyna', 'sova']]","[3, 5, 8, 9, 1, 2, 1, 1, 6, 1, 1]"
BLEED,BLD,Breeze,21,48,10,11,8,13,48%,104,114,49%,120,124,"[['chamber', 'jett', 'kayo', 'sova', 'viper'], ['cypher', 'jett', 'kayo', 'sova', 'viper'], ['astra', 'jett', 'kayo', 'sova', 'viper'], ['chamber', 'jett', 'skye', 'sova', 'viper'], ['astra', 'chamber', 'skye', 'sova', 'viper'], ['cypher', 'jett', 'skye', 'sova', 'viper'], ['jett', 'reyna', 'skye', 'sova', 'viper'], ['cypher', 'jett', 'reyna', 'sova', 'viper']]","[8, 2, 1, 3, 1, 4, 1, 1]"
BLEED,BLD,Fracture,13,46,6,7,3,10,43%,63,82,53%,78,68,"[['breach', 'brimstone', 'killjoy', 'omen', 'raze'], ['breach', 'brimstone', 'killjoy', 'raze', 'viper'], ['breach', 'brimstone', 'cypher', 'kayo', 'raze'], ['breach', 'brimstone', 'cypher', 'omen', 'raze'], ['breach', 'brimstone', 'chamber', 'omen', 'raze'], ['breach', 'chamber', 'neon', 'raze', 'viper'], ['breach', 'brimstone', 'chamber', 'jett', 'raze'], ['breach', 'brimstone', 'chamber', 'raze', 'sage'], ['breach', 'brimstone', 'chamber', 'jett', 'reyna'], ['astra', 'chamber', 'raze', 'sage', 'yoru'], ['breach', 'chamber', 'jett', 'reyna', 'viper']]","[2, 2, 1, 1, 1, 1, 1, 1, 1, 1, 1]"
BLEED,BLD,Pearl,19,95,18,1,13,6,61%,131,83,63%,113,67,"[['brimstone', 'jett', 'killjoy', 'reyna', 'sova'], ['brimstone', 'chamber', 'fade', 'kayo', 'raze'], ['brimstone', 'chamber', 'fade', 'raze', 'reyna'], ['brimstone', 'chamber', 'fade', 'kayo', 'viper']]","[12, 1, 1, 5]"
BLEED,BLD,Lotus,5,80,4,1,3,2,72%,33,13,51%,24,23,"[['breach', 'jett', 'killjoy', 'omen', 'sage'], ['breach', 'killjoy', 'omen', 'raze', 'sage']]","[1, 4]"
Made in Thailand,MiTH,Bind,26,62,16,10,9,17,54%,142,119,54%,154,130,"[['brimstone', 'raze', 'sage', 'skye', 'viper'], ['brimstone', 'raze', 'skye', 'sova', 'viper'], ['astra', 'fade', 'raze', 'skye', 'viper'], ['brimstone', 'chamber', 'raze', 'skye', 'viper'], ['astra', 'chamber', 'fade', 'raze', 'skye'], ['brimstone', 'chamber', 'fade', 'raze', 'skye'], ['breach', 'brimstone', 'raze', 'sage', 'sova'], ['astra', 'chamber', 'raze', 'skye', 'sova'], ['breach', 'jett', 'omen', 'raze', 'sova'], ['jett', 'omen', 'raze', 'reyna', 'sova']]","[11, 1, 2, 4, 1, 2, 1, 1, 2, 1]"
Made in Thailand,MiTH,Haven,54,69,37,17,38,16,58%,359,260,53%,290,262,"[['astra', 'breach', 'jett', 'killjoy', 'sova'], ['astra', 'jett', 'killjoy', 'skye', 'sova'], ['jett', 'killjoy', 'omen', 'skye', 'sova'], ['cypher', 'fade', 'jett', 'omen', 'sova'], ['astra', 'cypher', 'fade', 'jett', 'sova'], ['breach', 'jett', 'killjoy', 'omen', 'skye'], ['chamber', 'jett', 'omen', 'skye', 'sova'], ['fade', 'jett', 'killjoy', 'omen', 'skye'], ['breach', 'chamber', 'neon', 'omen', 'sova'], ['astra', 'chamber', 'jett', 'skye', 'sova'], ['breach', 'jett', 'killjoy', 'omen', 'sova'], ['breach', 'jett', 'omen', 'raze', 'sova'], ['jett', 'omen', 'phoenix', 'reyna', 'sova']]","[3, 18, 7, 1, 1, 5, 4, 3, 2, 4, 1, 3, 2]"
Made in Thailand,MiTH,Split,14,43,6,8,4,10,41%,56,81,53%,83,75,"[['astra', 'kayo', 'raze', 'skye', 'viper'], ['chamber', 'fade', 'kayo', 'omen', 'raze'], ['astra', 'raze', 'sage', 'skye', 'viper'], ['kayo', 'omen', 'raze', 'sage', 'viper'], ['astra', 'breach', 'chamber', 'kayo', 'neon'], ['astra', 'kayo', 'raze', 'sage', 'viper'], ['astra', 'chamber', 'raze', 'skye', 'viper'], ['breach', 'jett', 'killjoy', 'omen', 'raze'], ['breach', 'jett', 'omen', 'raze', 'sage'], ['jett', 'omen', 'raze', 'reyna', 'sage'], ['breach', 'jett', 'killjoy', 'omen', 'sage']]","[4, 1, 1, 1, 1, 1, 1, 1, 1, 1, 1]"
Made in Thailand,MiTH,Ascent,41,71,29,12,12,29,57%,216,164,57%,251,189,"[['astra', 'breach', 'jett', 'killjoy', 'sova'], ['gekko', 'jett', 'killjoy', 'omen', 'sova'], ['jett', 'kayo', 'killjoy', 'omen', 'sova'], ['astra', 'cypher', 'jett', 'kayo', 'sova'], ['astra', 'jett', 'kayo', 'killjoy', 'sova'], ['chamber', 'jett', 'kayo', 'omen', 'sova'], ['astra', 'chamber', 'fade', 'kayo', 'killjoy'], ['fade', 'jett', 'kayo', 'killjoy', 'omen'], ['breach', 'jett', 'omen', 'raze', 'sova'], ['jett', 'omen', 'phoenix', 'reyna', 'sova']]","[7, 1, 1, 1, 18, 9, 1, 1, 1, 1]"
Made in Thailand,MiTH,Icebox,15,60,9,6,8,7,57%,91,70,53%,82,74,"[['fade', 'killjoy', 'raze', 'sage', 'viper'], ['chamber', 'jett', 'kayo', 'sova', 'viper'], ['jett', 'kayo', 'killjoy', 'sova', 'viper'], ['chamber', 'kayo', 'sage', 'sova', 'viper'], ['chamber', 'jett', 'sage', 'sova', 'viper']]","[2, 7, 2, 2, 2]"
Made in Thailand,MiTH,Breeze,27,56,15,12,18,9,49%,154,161,52%,143,132,"[['cypher', 'jett', 'skye', 'sova', 'viper'], ['chamber', 'jett', 'skye', 'sova', 'viper'], ['chamber', 'jett', 'kayo', 'sova', 'viper'], ['cypher', 'jett', 'kayo', 'sova', 'viper']]","[7, 13, 6, 1]"
Made in Thailand,MiTH,Fracture,33,76,25,8,19,14,58%,202,147,58%,198,141,"[['breach', 'brimstone', 'gekko', 'killjoy', 'raze'], ['breach', 'brimstone', 'cypher', 'neon', 'raze'], ['breach', 'brimstone', 'cypher', 'raze', 'sage'], ['breach', 'brimstone', 'cypher', 'jett', 'raze'], ['breach', 'brimstone', 'fade', 'killjoy', 'raze'], ['breach', 'brimstone', 'chamber', 'neon', 'raze'], ['breach', 'brimstone', 'chamber', 'neon', 'sage'], ['breach', 'brimstone', 'chamber', 'raze', 'sage'], ['breach', 'brimstone', 'chamber', 'kayo', 'raze'], ['astra', 'breach', 'chamber', 'jett', 'viper']]","[1, 7, 3, 2, 1, 8, 5, 3, 1, 2]"
Made in Thailand,MiTH,Pearl,5,60,3,2,2,3,51%,23,22,63%,34,20,"[['astra', 'killjoy', 'raze', 'skye', 'viper'], ['astra', 'cypher', 'fade', 'phoenix', 'raze'], ['astra', 'chamber', 'neon', 'sage', 'skye'], ['astra', 'breach', 'chamber', 'fade', 'neon']]","[2, 1, 1, 1]"
Made in Thailand,MiTH,Lotus,2,0,0,2,2,0,54%,13,11,12%,2,15,"[['breach', 'killjoy', 'omen', 'raze', 'sova'], ['fade', 'killjoy', 'neon', 'omen', 'sova']]","[1, 1]"
Orangutan,OGS,Bind,7,100,7,0,1,6,69%,37,17,68%,54,26,"[['brimstone', 'fade', 'jett', 'raze', 'skye'], ['brimstone', 'jett', 'raze', 'skye', 'sova'], ['breach', 'brimstone', 'fade', 'sage', 'yoru'], ['brimstone', 'chamber', 'raze', 'sage', 'sova'], ['brimstone', 'chamber', 'raze', 'skye', 'sova']]","[2, 1, 1, 2, 1]"
Orangutan,OGS,Haven,20,65,13,7,13,7,58%,128,91,54%,103,89,"[['astra', 'jett', 'killjoy', 'skye', 'sova'], ['astra', 'breach', 'chamber', 'neon', 'sova'], ['astra', 'breach', 'killjoy', 'neon', 'sova'], ['breach', 'jett', 'killjoy', 'omen', 'sova'], ['astra', 'breach', 'chamber', 'jett', 'sova'], ['breach', 'cypher', 'jett', 'omen', 'sova'], ['cypher', 'jett', 'omen', 'skye', 'sova']]","[8, 3, 1, 5, 1, 1, 1]"
Orangutan,OGS,Split,5,60,3,2,4,1,60%,35,23,46%,18,21,"[['cypher', 'jett', 'omen', 'raze', 'skye'], ['cypher', 'jett', 'omen', 'sage', 'skye'], ['astra', 'cypher', 'fade', 'raze', 'sage']]","[1, 3, 1]"
Orangutan,OGS,Ascent,17,53,9,8,5,12,56%,90,72,52%,98,91,"[['jett', 'kayo', 'killjoy', 'omen', 'sova'], ['astra', 'jett', 'kayo', 'killjoy', 'sova'], ['fade', 'jett', 'kayo', 'killjoy', 'omen']]","[14, 1, 2]"
Orangutan,OGS,Icebox,19,79,15,4,15,4,66%,137,72,62%,96,58,"[['jett', 'killjoy', 'sage', 'sova', 'viper'], ['chamber', 'jett', 'sage', 'sova', 'viper']]","[11, 8]"
Orangutan,OGS,Breeze,3,67,2,1,1,2,38%,9,15,71%,25,10,"[['chamber', 'jett', 'kayo', 'sova', 'viper']]",[3]
Orangutan,OGS,Fracture,8,75,6,2,2,6,57%,43,32,55%,55,45,"[['breach', 'brimstone', 'cypher', 'jett', 'raze'], ['breach', 'brimstone', 'cypher', 'kayo', 'raze'], ['breach', 'brimstone', 'cypher', 'jett', 'neon'], ['breach', 'brimstone', 'chamber', 'neon', 'sage'], ['breach', 'brimstone', 'chamber', 'neon', 'omen'], ['breach', 'brimstone', 'chamber', 'raze', 'sage']]","[1, 1, 3, 1, 1, 1]"
Orangutan,OGS,Pearl,4,100,4,0,0,4,71%,27,11,52%,25,23,"[['astra', 'jett', 'killjoy', 'phoenix', 'skye'], ['astra', 'fade', 'jett', 'kayo', 'killjoy'], ['astra', 'chamber', 'fade', 'sage', 'viper']]","[2, 1, 1]"
Fancy United Esports,FCY,Bind,47,62,29,18,21,26,55%,265,215,53%,250,223,"[['chamber', 'gekko', 'kayo', 'omen', 'viper'], ['astra', 'breach', 'phoenix', 'raze', 'viper'], ['astra', 'breach', 'raze', 'skye', 'viper'], ['astra', 'breach', 'kayo', 'raze', 'viper'], ['breach', 'kayo', 'omen', 'raze', 'viper'], ['astra', 'fade', 'kayo', 'raze', 'viper'], ['astra', 'chamber', 'omen', 'skye', 'viper'], ['astra', 'jett', 'omen', 'skye', 'viper'], ['astra', 'chamber', 'raze', 'skye', 'viper'], ['brimstone', 'raze', 'sage', 'skye', 'viper'], ['brimstone', 'kayo', 'raze', 'sova', 'viper'], ['astra', 'jett', 'raze', 'sage', 'sova'], ['jett', 'omen', 'raze', 'sage', 'sova'], ['astra', 'jett', 'raze', 'sova', 'viper'], ['brimstone', 'raze', 'skye', 'sova', 'viper'], ['astra', 'raze', 'skye', 'sova', 'viper'], ['astra', 'killjoy', 'raze', 'skye', 'sova'], ['astra', 'killjoy', 'phoenix', 'raze', 'sova'], ['cypher', 'jett', 'omen', 'raze', 'sova'], ['breach', 'jett', 'killjoy', 'omen', 'sova']]","[2, 2, 1, 3, 2, 4, 5, 1, 8, 3, 5, 1, 1, 1, 1, 3, 1, 1, 1, 1]"
Fancy United Esports,FCY,Haven,73,67,49,24,51,22,60%,483,326,52%,373,342,"[['chamber', 'gekko', 'omen', 'viper', 'yoru'], ['astra', 'breach', 'chamber', 'jett', 'sova'], ['astra', 'breach', 'fade', 'jett', 'killjoy'], ['astra', 'breach', 'jett', 'killjoy', 'skye'], ['astra', 'breach', 'cypher', 'fade', 'raze'], ['breach', 'cypher', 'fade', 'omen', 'raze'], ['breach', 'cypher', 'fade', 'omen', 'phoenix'], ['breach', 'cypher', 'fade', 'omen', 'reyna'], ['breach', 'chamber', 'fade', 'jett', 'omen'], ['astra', 'breach', 'chamber', 'fade', 'omen'], ['breach', 'chamber', 'fade', 'omen', 'raze'], ['astra', 'breach', 'chamber', 'omen', 'skye'], ['astra', 'breach', 'chamber', 'jett', 'skye'], ['astra', 'breach', 'jett', 'omen', 'skye'], ['astra', 'chamber', 'jett', 'reyna', 'skye'], ['astra', 'cypher', 'jett', 'reyna', 'sova'], ['chamber', 'jett', 'reyna', 'sova', 'viper'], ['astra', 'chamber', 'jett', 'sova', 'yoru'], ['astra', 'breach', 'cypher', 'jett', 'sova'], ['cypher', 'jett', 'omen', 'phoenix', 'sova'], ['cypher', 'jett', 'omen', 'reyna', 'sova'], ['cypher', 'jett', 'omen', 'raze', 'sova'], ['astra', 'killjoy', 'phoenix', 'raze', 'sova'], ['astra', 'killjoy', 'raze', 'sage', 'skye'], ['astra', 'jett', 'killjoy', 'reyna', 'sova'], ['cypher', 'omen', 'phoenix', 'raze', 'sova'], ['jett', 'omen', 'sage', 'skye', 'sova'], ['jett', 'killjoy', 'omen', 'reyna', 'sova']]","[2, 2, 2, 7, 5, 2, 2, 2, 2, 3, 4, 15, 2, 1, 1, 2, 1, 1, 3, 3, 3, 1, 2, 1, 1, 1, 1, 1]"
Fancy United Esports,FCY,Split,28,46,13,15,18,10,49%,148,153,51%,133,130,"[['astra', 'breach', 'cypher', 'raze', 'viper'], ['astra', 'breach', 'gekko', 'kayo', 'viper'], ['astra', 'breach', 'neon', 'raze', 'viper'], ['astra', 'breach', 'chamber', 'raze', 'viper'], ['astra', 'breach', 'chamber', 'omen', 'raze'], ['astra', 'chamber', 'raze', 'sage', 'skye'], ['astra', 'chamber', 'jett', 'killjoy', 'raze'], ['breach', 'cypher', 'jett', 'omen', 'sage'], ['astra', 'breach', 'cypher', 'jett', 'sage'], ['astra', 'cypher', 'jett', 'raze', 'skye'], ['cypher', 'jett', 'omen', 'raze', 'sage'], ['astra', 'cypher', 'jett', 'raze', 'sage'], ['astra', 'breach', 'cypher', 'raze', 'sage'], ['breach', 'cypher', 'omen', 'raze', 'sage'], ['astra', 'breach', 'jett', 'killjoy', 'raze'], ['astra', 'breach', 'killjoy', 'raze', 'sage']]","[2, 1, 5, 4, 2, 1, 1, 1, 2, 1, 1, 1, 1, 1, 1, 3]"
Fancy United Esports,FCY,Ascent,55,58,32,23,29,26,52%,295,267,58%,338,243,"[['fade', 'jett', 'kayo', 'omen', 'viper'], ['fade', 'jett', 'kayo', 'killjoy', 'omen'], ['cypher', 'fade', 'kayo', 'omen', 'phoenix'], ['cypher', 'kayo', 'omen', 'phoenix', 'reyna'], ['fade', 'kayo', 'killjoy', 'omen', 'phoenix'], ['chamber', 'fade', 'kayo', 'omen', 'phoenix'], ['fade', 'jett', 'kayo', 'omen', 'phoenix'], ['astra', 'chamber', 'fade', 'kayo', 'omen'], ['astra', 'breach', 'chamber', 'kayo', 'omen'], ['astra', 'breach', 'chamber', 'omen', 'skye'], ['astra', 'breach', 'jett', 'omen', 'skye'], ['astra', 'breach', 'jett', 'killjoy', 'skye'], ['astra', 'breach', 'jett', 'killjoy', 'sova'], ['jett', 'killjoy', 'omen', 'reyna', 'sova'], ['jett', 'killjoy', 'omen', 'sage', 'sova'], ['astra', 'jett', 'killjoy', 'raze', 'sova'], ['astra', 'breach', 'killjoy', 'raze', 'sova'], ['jett', 'killjoy', 'omen', 'raze', 'sova'], ['astra', 'killjoy', 'phoenix', 'raze', 'sova'], ['killjoy', 'omen', 'sage', 'skye', 'sova'], ['astra', 'jett', 'killjoy', 'phoenix', 'sova']]","[2, 5, 4, 1, 2, 8, 3, 2, 6, 3, 3, 1, 2, 1, 1, 2, 3, 1, 3, 1, 1]"
Fancy United Esports,FCY,Icebox,34,82,28,6,23,11,64%,236,132,59%,186,128,"[['gekko', 'kayo', 'killjoy', 'omen', 'viper'], ['kayo', 'killjoy', 'omen', 'sova', 'viper'], ['chamber', 'kayo', 'omen', 'sova', 'viper'], ['chamber', 'fade', 'kayo', 'omen', 'viper'], ['chamber', 'jett', 'sage', 'sova', 'viper'], ['jett', 'reyna', 'sage', 'sova', 'viper'], ['jett', 'killjoy', 'reyna', 'sova', 'viper'], ['jett', 'killjoy', 'sage', 'sova', 'viper'], ['jett', 'raze', 'sage', 'sova', 'viper']]","[1, 7, 7, 3, 1, 8, 1, 3, 3]"
Fancy United Esports,FCY,Breeze,15,73,11,4,7,8,61%,86,54,61%,91,59,"[['cypher', 'jett', 'kayo', 'phoenix', 'viper'], ['cypher', 'jett', 'kayo', 'sova', 'viper'], ['chamber', 'jett', 'kayo', 'sova', 'viper'], ['chamber', 'jett', 'reyna', 'sova', 'viper'], ['cypher', 'jett', 'reyna', 'sova', 'viper'], ['cypher', 'jett', 'skye', 'sova', 'viper'], ['cypher', 'jett', 'sage', 'skye', 'viper']]","[4, 3, 2, 2, 1, 1, 2]"
Fancy United Esports,FCY,Fracture,14,43,6,8,7,7,41%,61,86,57%,77,58,"[['breach', 'brimstone', 'fade', 'kayo', 'raze'], ['breach', 'brimstone', 'fade', 'phoenix', 'raze'], ['breach', 'fade', 'omen', 'phoenix', 'raze'], ['astra', 'breach', 'brimstone', 'kayo', 'neon'], ['astra', 'breach', 'chamber', 'raze', 'viper']]","[2, 7, 1, 2, 2]"
Fancy United Esports,FCY,Pearl,9,78,7,2,8,1,61%,63,41,57%,46,35,"[['astra', 'chamber', 'gekko', 'kayo', 'viper'], ['astra', 'gekko', 'jett', 'kayo', 'viper'], ['astra', 'gekko', 'killjoy', 'skye', 'viper'], ['astra', 'fade', 'killjoy', 'skye', 'viper']]","[2, 1, 3, 3]"
Fancy United Esports,FCY,Lotus,1,100,1,0,1,0,75%,9,3,67%,4,2,"[['chamber', 'cypher', 'neon', 'omen', 'skye']]",[1]
DRX,No alias,Bind,52,69,36,16,24,28,59%,258,183,58%,276,197,"[['brimstone', 'jett', 'raze', 'skye', 'viper'], ['brimstone', 'kayo', 'raze', 'skye', 'viper'], ['harbor', 'kayo', 'raze', 'skye', 'viper'], ['harbor', 'jett', 'raze', 'skye', 'viper'], ['astra', 'fade', 'raze', 'skye', 'viper'], ['brimstone', 'chamber', 'raze', 'skye', 'viper'], ['breach', 'brimstone', 'chamber', 'fade', 'neon'], ['astra', 'raze', 'sage', 'skye', 'viper'], ['brimstone', 'raze', 'skye', 'sova', 'viper'], ['astra', 'raze', 'skye', 'sova', 'viper'], ['astra', 'chamber', 'raze', 'skye', 'viper'], ['astra', 'breach', 'jett', 'raze', 'skye'], ['astra', 'jett', 'phoenix', 'sova', 'viper'], ['breach', 'cypher', 'jett', 'omen', 'sova'], ['killjoy', 'omen', 'raze', 'skye', 'sova'], ['breach', 'brimstone', 'killjoy', 'raze', 'sage'], ['breach', 'brimstone', 'cypher', 'jett', 'sova'], ['cypher', 'omen', 'phoenix', 'sage', 'sova']]","[1, 1, 2, 1, 2, 3, 2, 1, 1, 1, 1, 4, 1, 9, 1, 1, 13, 2]"
DRX,No alias,Haven,81,84,68,13,58,23,64%,559,315,59%,393,277,"[['breach', 'jett', 'killjoy', 'omen', 'sova'], ['harbor', 'jett', 'killjoy', 'omen', 'skye'], ['astra', 'breach', 'jett', 'killjoy', 'skye'], ['breach', 'fade', 'jett', 'killjoy', 'omen'], ['astra', 'breach', 'jett', 'killjoy', 'sova'], ['jett', 'killjoy', 'omen', 'sage', 'sova'], ['astra', 'breach', 'cypher', 'jett', 'skye'], ['astra', 'jett', 'killjoy', 'skye', 'sova'], ['cypher', 'jett', 'omen', 'skye', 'sova'], ['cypher', 'omen', 'raze', 'skye', 'sova'], ['killjoy', 'omen', 'raze', 'skye', 'sova'], ['breach', 'cypher', 'jett', 'omen', 'sova'], ['jett', 'killjoy', 'omen', 'reyna', 'sova']]","[15, 1, 10, 4, 4, 1, 2, 1, 1, 1, 5, 29, 1]"
DRX,No alias,Split,52,90,47,5,29,23,59%,291,206,68%,346,161,"[['astra', 'jett', 'raze', 'skye', 'viper'], ['astra', 'kayo', 'raze', 'skye', 'viper'], ['breach', 'chamber', 'fade', 'neon', 'omen'], ['breach', 'chamber', 'neon', 'omen', 'sage'], ['astra', 'jett', 'sage', 'skye', 'viper'], ['kayo', 'omen', 'raze', 'sage', 'viper'], ['astra', 'kayo', 'raze', 'sage', 'viper'], ['astra', 'raze', 'sage', 'skye', 'viper'], ['astra', 'jett', 'killjoy', 'sage', 'skye'], ['astra', 'breach', 'jett', 'killjoy', 'sage'], ['astra', 'killjoy', 'raze', 'skye', 'viper'], ['breach', 'cypher', 'jett', 'omen', 'sage'], ['cypher', 'omen', 'raze', 'sage', 'skye'], ['breach', 'killjoy', 'omen', 'raze', 'sage'], ['breach', 'jett', 'killjoy', 'omen', 'sage'], ['cypher', 'jett', 'omen', 'raze', 'sage']]","[2, 4, 2, 2, 5, 1, 1, 1, 1, 2, 1, 11, 1, 9, 4, 3]"
DRX,No alias,Ascent,66,77,51,15,36,30,58%,397,290,61%,403,259,"[['jett', 'kayo', 'killjoy', 'omen', 'sova'], ['astra', 'fade', 'jett', 'kayo', 'sova'], ['astra', 'chamber', 'fade', 'kayo', 'sova'], ['astra', 'fade', 'jett', 'kayo', 'killjoy'], ['fade', 'jett', 'kayo', 'killjoy', 'omen'], ['astra', 'chamber', 'jett', 'skye', 'sova'], ['astra', 'jett', 'kayo', 'killjoy', 'sova'], ['astra', 'jett', 'killjoy', 'skye', 'sova'], ['astra', 'jett', 'killjoy', 'phoenix', 'sova'], ['killjoy', 'omen', 'raze', 'skye', 'sova'], ['breach', 'cypher', 'jett', 'omen', 'sova'], ['cypher', 'omen', 'phoenix', 'sage', 'sova']]","[9, 10, 5, 1, 2, 7, 1, 6, 2, 6, 13, 2]"
DRX,No alias,Icebox,31,74,23,8,17,14,64%,191,106,58%,172,125,"[['harbor', 'jett', 'killjoy', 'sova', 'viper'], ['breach', 'reyna', 'sova', 'viper', 'yoru'], ['chamber', 'jett', 'sage', 'sova', 'viper'], ['chamber', 'fade', 'kayo', 'sage', 'viper'], ['jett', 'killjoy', 'sage', 'sova', 'viper'], ['jett', 'kayo', 'sage', 'sova', 'viper'], ['killjoy', 'omen', 'raze', 'skye', 'sova'], ['jett', 'killjoy', 'omen', 'sage', 'sova'], ['killjoy', 'omen', 'raze', 'sage', 'sova'], ['breach', 'cypher', 'jett', 'omen', 'sova']]","[3, 1, 3, 1, 10, 5, 2, 1, 3, 2]"
DRX,No alias,Breeze,22,82,18,4,18,4,69%,172,78,51%,98,94,"[['chamber', 'jett', 'kayo', 'sova', 'viper'], ['chamber', 'jett', 'skye', 'sova', 'viper'], ['chamber', 'kayo', 'skye', 'sova', 'viper'], ['cypher', 'jett', 'skye', 'sova', 'viper']]","[2, 13, 3, 4]"
DRX,No alias,Fracture,20,70,14,6,12,8,58%,120,87,55%,105,87,"[['breach', 'brimstone', 'fade', 'killjoy', 'neon'], ['brimstone', 'jett', 'killjoy', 'skye', 'viper'], ['breach', 'brimstone', 'fade', 'killjoy', 'raze'], ['breach', 'brimstone', 'killjoy', 'neon', 'raze'], ['fade', 'kayo', 'omen', 'raze', 'viper'], ['breach', 'brimstone', 'neon', 'phoenix', 'reyna'], ['breach', 'brimstone', 'chamber', 'kayo', 'neon'], ['breach', 'brimstone', 'chamber', 'fade', 'neon'], ['brimstone', 'chamber', 'fade', 'kayo', 'neon'], ['breach', 'brimstone', 'chamber', 'neon', 'sage'], ['breach', 'brimstone', 'chamber', 'raze', 'viper'], ['astra', 'breach', 'jett', 'killjoy', 'skye']]","[3, 1, 1, 1, 1, 1, 1, 4, 4, 1, 1, 1]"
DRX,No alias,Pearl,10,70,7,3,6,4,58%,62,45,56%,45,36,"[['harbor', 'jett', 'killjoy', 'skye', 'viper'], ['fade', 'harbor', 'jett', 'kayo', 'viper'], ['astra', 'jett', 'kayo', 'sova', 'viper']]","[6, 2, 2]"
DRX,No alias,Lotus,1,0,0,1,1,0,25%,3,9,0%,0,4,"[['fade', 'killjoy', 'omen', 'raze', 'viper']]",[1]
Dplus Esports,DK,Bind,48,67,32,16,21,27,59%,292,201,51%,251,245,"[['breach', 'brimstone', 'jett', 'raze', 'skye'], ['breach', 'brimstone', 'chamber', 'fade', 'raze'], ['astra', 'chamber', 'raze', 'skye', 'viper'], ['breach', 'brimstone', 'chamber', 'raze', 'skye'], ['breach', 'brimstone', 'chamber', 'jett', 'skye'], ['breach', 'brimstone', 'raze', 'sage', 'skye'], ['astra', 'raze', 'sage', 'skye', 'viper'], ['astra', 'jett', 'sage', 'skye', 'viper'], ['brimstone', 'raze', 'sage', 'skye', 'viper'], ['astra', 'jett', 'skye', 'sova', 'viper'], ['astra', 'jett', 'raze', 'skye', 'sova'], ['breach', 'jett', 'omen', 'raze', 'sova'], ['astra', 'raze', 'reyna', 'sova', 'viper'], ['astra', 'jett', 'sage', 'skye', 'yoru'], ['jett', 'omen', 'raze', 'skye', 'sova'], ['brimstone', 'jett', 'raze', 'skye', 'sova'], ['breach', 'cypher', 'jett', 'omen', 'sova'], ['cypher', 'jett', 'omen', 'raze', 'sova']]","[2, 1, 1, 4, 1, 1, 3, 1, 1, 5, 2, 2, 4, 3, 1, 9, 6, 1]"
Dplus Esports,DK,Haven,36,64,23,13,17,19,55%,216,180,53%,203,182,"[['breach', 'jett', 'killjoy', 'omen', 'sova'], ['breach', 'chamber', 'omen', 'raze', 'sova'], ['breach', 'chamber', 'neon', 'omen', 'sova'], ['astra', 'breach', 'chamber', 'jett', 'sova'], ['astra', 'breach', 'jett', 'killjoy', 'sova'], ['astra', 'jett', 'killjoy', 'skye', 'sova'], ['astra', 'jett', 'killjoy', 'reyna', 'skye'], ['astra', 'jett', 'killjoy', 'sage', 'skye'], ['breach', 'killjoy', 'omen', 'raze', 'sova'], ['breach', 'cypher', 'jett', 'omen', 'sova']]","[17, 1, 1, 3, 4, 5, 1, 1, 1, 1]"
Dplus Esports,DK,Split,30,53,16,14,16,14,50%,160,158,50%,156,155,"[['astra', 'kayo', 'raze', 'skye', 'viper'], ['astra', 'chamber', 'raze', 'skye', 'viper'], ['chamber', 'fade', 'kayo', 'omen', 'raze'], ['breach', 'chamber', 'jett', 'omen', 'sage'], ['astra', 'chamber', 'jett', 'sage', 'viper'], ['astra', 'jett', 'reyna', 'sage', 'viper'], ['astra', 'breach', 'jett', 'killjoy', 'sage'], ['cypher', 'jett', 'omen', 'raze', 'sage']]","[4, 1, 1, 4, 4, 1, 4, 10]"
Dplus Esports,DK,Ascent,55,71,39,16,30,25,54%,316,270,58%,312,222,"[['jett', 'kayo', 'killjoy', 'omen', 'sova'], ['fade', 'jett', 'kayo', 'killjoy', 'omen'], ['chamber', 'fade', 'jett', 'kayo', 'omen'], ['fade', 'jett', 'kayo', 'omen', 'sage'], ['fade', 'jett', 'kayo', 'omen', 'sova'], ['breach', 'chamber', 'kayo', 'omen', 'sova'], ['astra', 'jett', 'kayo', 'killjoy', 'sova'], ['astra', 'cypher', 'jett', 'skye', 'sova'], ['astra', 'jett', 'killjoy', 'skye', 'sova'], ['cypher', 'jett', 'omen', 'phoenix', 'sova'], ['jett', 'killjoy', 'omen', 'sova', 'yoru'], ['jett', 'killjoy', 'omen', 'skye', 'sova'], ['jett', 'omen', 'raze', 'skye', 'sova'], ['brimstone', 'jett', 'reyna', 'skye', 'sova'], ['jett', 'omen', 'raze', 'reyna', 'sova'], ['cypher', 'jett', 'omen', 'raze', 'sova'], ['jett', 'omen', 'reyna', 'sage', 'sova']]","[18, 1, 2, 3, 1, 1, 2, 3, 2, 4, 1, 3, 2, 3, 2, 1, 5]"
Dplus Esports,DK,Icebox,9,56,5,4,3,6,49%,48,50,52%,55,50,"[['chamber', 'killjoy', 'sage', 'sova', 'viper'], ['chamber', 'jett', 'sage', 'sova', 'viper'], ['chamber', 'jett', 'reyna', 'sova', 'viper'], ['brimstone', 'jett', 'raze', 'sage', 'sova']]","[5, 1, 1, 2]"
Dplus Esports,DK,Breeze,12,75,9,3,12,0,58%,86,63,64%,61,35,"[['cypher', 'jett', 'kayo', 'sova', 'viper'], ['astra', 'jett', 'kayo', 'sova', 'viper'], ['chamber', 'jett', 'kayo', 'sova', 'viper'], ['astra', 'chamber', 'kayo', 'sova', 'viper'], ['cypher', 'jett', 'skye', 'sova', 'viper'], ['jett', 'killjoy', 'skye', 'sova', 'viper'], ['jett', 'killjoy', 'reyna', 'sova', 'viper']]","[1, 2, 3, 1, 1, 2, 2]"
Dplus Esports,DK,Fracture,16,69,11,5,11,5,65%,111,60,47%,72,82,"[['breach', 'brimstone', 'fade', 'killjoy', 'neon'], ['astra', 'breach', 'chamber', 'cypher', 'neon'], ['astra', 'breach', 'chamber', 'kayo', 'raze'], ['astra', 'breach', 'chamber', 'raze', 'sage'], ['astra', 'breach', 'cypher', 'jett', 'viper']]","[10, 1, 2, 2, 1]"
Dplus Esports,DK,Pearl,4,75,3,1,2,2,65%,26,14,51%,23,22,"[['fade', 'harbor', 'jett', 'kayo', 'viper'], ['astra', 'jett', 'kayo', 'skye', 'viper']]","[3, 1]"
Dplus Esports,DK,Lotus,5,80,4,1,4,1,81%,48,11,37%,14,24,"[['astra', 'breach', 'fade', 'killjoy', 'raze'], ['killjoy', 'omen', 'raze', 'reyna', 'skye'], ['gekko', 'killjoy', 'omen', 'raze', 'skye']]","[2, 2, 1]"
T1,No alias,Bind,59,58,34,25,19,36,53%,285,249,54%,332,288,"[['gekko', 'harbor', 'raze', 'skye', 'viper'], ['brimstone', 'raze', 'sage', 'skye', 'viper'], ['astra', 'chamber', 'raze', 'skye', 'viper'], ['astra', 'raze', 'skye', 'sova', 'viper'], ['omen', 'raze', 'skye', 'sova', 'viper'], ['astra', 'cypher', 'phoenix', 'sova', 'viper'], ['cypher', 'jett', 'omen', 'phoenix', 'sova'], ['cypher', 'jett', 'omen', 'raze', 'sova'], ['breach', 'cypher', 'omen', 'raze', 'sova'], ['breach', 'cypher', 'jett', 'omen', 'sova'], ['brimstone', 'cypher', 'jett', 'raze', 'sova'], ['cypher', 'jett', 'raze', 'sage', 'sova'], ['brimstone', 'cypher', 'phoenix', 'raze', 'sova'], ['brimstone', 'cypher', 'phoenix', 'sage', 'sova']]","[5, 8, 1, 6, 6, 4, 3, 4, 7, 2, 1, 1, 3, 4]"
T1,No alias,Haven,67,60,40,27,20,42,57%,316,241,53%,323,287,"[['breach', 'jett', 'killjoy', 'omen', 'sova'], ['astra', 'breach', 'chamber', 'jett', 'skye'], ['breach', 'chamber', 'jett', 'omen', 'skye'], ['jett', 'killjoy', 'omen', 'skye', 'sova'], ['breach', 'cypher', 'jett', 'omen', 'sova'], ['astra', 'jett', 'kayo', 'killjoy', 'sova'], ['astra', 'jett', 'killjoy', 'skye', 'sova'], ['cypher', 'jett', 'omen', 'skye', 'sova'], ['astra', 'killjoy', 'omen', 'raze', 'sova'], ['astra', 'killjoy', 'omen', 'phoenix', 'sova'], ['cypher', 'jett', 'omen', 'phoenix', 'sova'], ['brimstone', 'cypher', 'jett', 'killjoy', 'phoenix'], ['cypher', 'jett', 'omen', 'phoenix', 'sage'], ['brimstone', 'cypher', 'raze', 'sage', 'sova'], ['breach', 'brimstone', 'cypher', 'raze', 'sage']]","[9, 2, 4, 3, 12, 5, 5, 4, 5, 2, 3, 1, 1, 1, 4]"
T1,No alias,Split,41,61,25,16,17,22,45%,180,221,63%,251,148,"[['astra', 'jett', 'raze', 'skye', 'viper'], ['chamber', 'omen', 'raze', 'skye', 'viper'], ['astra', 'chamber', 'raze', 'skye', 'viper'], ['astra', 'killjoy', 'raze', 'skye', 'viper'], ['astra', 'cypher', 'omen', 'raze', 'sage'], ['breach', 'cypher', 'omen', 'raze', 'sage'], ['breach', 'jett', 'killjoy', 'omen', 'raze'], ['breach', 'cypher', 'jett', 'omen', 'raze'], ['cypher', 'jett', 'killjoy', 'omen', 'raze'], ['cypher', 'jett', 'omen', 'raze', 'sage'], ['cypher', 'omen', 'phoenix', 'raze', 'sage']]","[1, 3, 11, 6, 4, 6, 2, 3, 1, 1, 2]"
T1,No alias,Ascent,68,69,47,21,30,38,55%,352,288,58%,408,300,"[['jett', 'kayo', 'killjoy', 'omen', 'sova'], ['kayo', 'killjoy', 'neon', 'omen', 'sova'], ['jett', 'killjoy', 'omen', 'sage', 'sova'], ['cypher', 'jett', 'omen', 'sage', 'sova'], ['astra', 'jett', 'kayo', 'killjoy', 'sova'], ['astra', 'jett', 'killjoy', 'skye', 'sova'], ['jett', 'killjoy', 'omen', 'skye', 'sova'], ['breach', 'cypher', 'jett', 'omen', 'sova'], ['breach', 'jett', 'killjoy', 'omen', 'sova'], ['cypher', 'jett', 'omen', 'phoenix', 'sova'], ['cypher', 'jett', 'killjoy', 'omen', 'phoenix'], ['brimstone', 'cypher', 'omen', 'phoenix', 'sova'], ['breach', 'cypher', 'omen', 'phoenix', 'sova'], ['breach', 'cypher', 'omen', 'sova', 'sova'], ['breach', 'cypher', 'omen', 'sage', 'sova']]","[5, 2, 9, 5, 3, 2, 1, 20, 3, 1, 1, 4, 5, 1, 6]"
T1,No alias,Icebox,51,76,39,12,35,16,61%,318,200,63%,281,162,"[['chamber', 'fade', 'reyna', 'sova', 'viper'], ['chamber', 'kayo', 'sage', 'sova', 'viper'], ['chamber', 'kayo', 'omen', 'sova', 'viper'], ['chamber', 'reyna', 'sage', 'sova', 'viper'], ['jett', 'reyna', 'sage', 'sova', 'viper'], ['jett', 'killjoy', 'skye', 'sova', 'viper'], ['cypher', 'omen', 'sage', 'sova', 'viper'], ['jett', 'raze', 'sage', 'sova', 'viper']]","[2, 12, 1, 15, 8, 4, 2, 6]"
T1,No alias,Breeze,12,83,10,2,6,6,54%,74,63,62%,74,46,"[['chamber', 'jett', 'kayo', 'sova', 'viper'], ['astra', 'chamber', 'skye', 'sova', 'viper']]","[10, 2]"
T1,No alias,Fracture,12,58,7,5,6,6,54%,73,61,50%,60,59,"[['breach', 'brimstone', 'jett', 'killjoy', 'raze'], ['breach', 'brimstone', 'kayo', 'killjoy', 'neon'], ['breach', 'brimstone', 'chamber', 'fade', 'neon']]","[9, 2, 1]"
T1,No alias,Pearl,6,33,2,4,1,5,42%,23,32,44%,31,39,"[['harbor', 'jett', 'killjoy', 'skye', 'viper'], ['astra', 'jett', 'kayo', 'killjoy', 'sova'], ['astra', 'cypher', 'fade', 'kayo', 'neon']]","[4, 1, 1]"
T1,No alias,Lotus,6,67,4,2,0,6,49%,26,27,64%,46,26,"[['harbor', 'jett', 'killjoy', 'skye', 'viper']]",[6]
Gen.G,GEN,Bind,76,66,50,26,47,19,55%,371,302,56%,333,267,"[['astra', 'chamber', 'raze', 'skye', 'viper'], ['astra', 'raze', 'sage', 'skye', 'viper'], ['brimstone', 'chamber', 'raze', 'skye', 'viper'], ['astra', 'raze', 'skye', 'sova', 'viper'], ['omen', 'raze', 'skye', 'sova', 'viper'], ['cypher', 'omen', 'raze', 'sage', 'sova'], ['cypher', 'jett', 'omen', 'raze', 'sova'], ['cypher', 'jett', 'omen', 'raze', 'skye'], ['cypher', 'omen', 'phoenix', 'raze', 'sage'], ['breach', 'jett', 'omen', 'raze', 'sage'], ['cypher', 'jett', 'omen', 'phoenix', 'sova'], ['brimstone', 'cypher', 'phoenix', 'sage', 'sova'], ['brimstone', 'cypher', 'raze', 'sage', 'sova'], ['brimstone', 'cypher', 'phoenix', 'raze', 'sova'], ['brimstone', 'jett', 'phoenix', 'sage', 'sova']]","[9, 8, 2, 2, 7, 7, 5, 2, 3, 1, 2, 11, 9, 1, 1]"
Gen.G,GEN,Haven,108,64,69,39,59,39,58%,606,436,51%,482,471,"[['breach', 'jett', 'killjoy', 'omen', 'sova'], ['astra', 'breach', 'fade', 'jett', 'phoenix'], ['astra', 'breach', 'chamber', 'raze', 'skye'], ['breach', 'chamber', 'omen', 'raze', 'skye'], ['cypher', 'jett', 'omen', 'skye', 'sova'], ['astra', 'cypher', 'jett', 'skye', 'sova'], ['astra', 'cypher', 'omen', 'skye', 'sova'], ['cypher', 'jett', 'omen', 'phoenix', 'sova'], ['astra', 'cypher', 'jett', 'phoenix', 'sova'], ['cypher', 'jett', 'omen', 'reyna', 'sova'], ['breach', 'cypher', 'jett', 'omen', 'sova'], ['breach', 'brimstone', 'cypher', 'jett', 'sova'], ['brimstone', 'cypher', 'jett', 'phoenix', 'sova'], ['brimstone', 'cypher', 'jett', 'phoenix', 'sage'], ['breach', 'brimstone', 'cypher', 'sage', 'sova'], ['brimstone', 'jett', 'raze', 'sage', 'sova'], ['brimstone', 'brimstone', 'cypher', 'sage', 'sova']]","[5, 1, 8, 4, 5, 7, 2, 26, 1, 19, 4, 3, 1, 10, 5, 1, 1]"
Gen.G,GEN,Split,44,55,24,20,16,24,47%,193,220,58%,258,186,"[['astra', 'raze', 'sage', 'skye', 'viper'], ['astra', 'breach', 'jett', 'raze', 'sage'], ['astra', 'cypher', 'raze', 'sage', 'skye'], ['astra', 'cypher', 'raze', 'reyna', 'sage'], ['cypher', 'kayo', 'omen', 'raze', 'viper'], ['brimstone', 'jett', 'raze', 'skye', 'viper'], ['breach', 'cypher', 'jett', 'omen', 'raze'], ['cypher', 'jett', 'omen', 'phoenix', 'reyna'], ['breach', 'brimstone', 'jett', 'omen', 'sage'], ['cypher', 'jett', 'omen', 'raze', 'sage'], ['brimstone', 'cypher', 'jett', 'raze', 'sage'], ['brimstone', 'cypher', 'raze', 'sage', 'sova']]","[2, 4, 7, 3, 1, 3, 8, 1, 9, 1, 2, 2]"
Gen.G,GEN,Ascent,93,58,54,39,55,32,50%,439,447,55%,463,372,"[['jett', 'kayo', 'killjoy', 'omen', 'sova'], ['fade', 'jett', 'kayo', 'killjoy', 'omen'], ['breach', 'chamber', 'fade', 'omen', 'yoru'], ['astra', 'jett', 'killjoy', 'skye', 'sova'], ['cypher', 'jett', 'kayo', 'omen', 'sova'], ['jett', 'killjoy', 'omen', 'reyna', 'sova'], ['cypher', 'jett', 'omen', 'phoenix', 'sova'], ['cypher', 'jett', 'omen', 'reyna', 'sova'], ['breach', 'cypher', 'jett', 'omen', 'sova'], ['cypher', 'jett', 'omen', 'raze', 'sova'], ['cypher', 'jett', 'omen', 'raze', 'sage'], ['brimstone', 'cypher', 'omen', 'phoenix', 'sova'], ['cypher', 'omen', 'phoenix', 'sage', 'sova'], ['cypher', 'cypher', 'reyna', 'sage', 'sova']]","[16, 1, 2, 1, 2, 20, 2, 23, 1, 4, 13, 2, 4, 1]"
Gen.G,GEN,Icebox,29,48,14,15,10,19,54%,144,125,44%,142,181,"[['chamber', 'fade', 'harbor', 'kayo', 'viper'], ['breach', 'chamber', 'killjoy', 'reyna', 'viper'], ['chamber', 'kayo', 'sage', 'sova', 'viper'], ['jett', 'reyna', 'sage', 'sova', 'viper'], ['jett', 'omen', 'sage', 'sova', 'viper'], ['omen', 'raze', 'sage', 'sova', 'viper'], ['jett', 'killjoy', 'omen', 'sage', 'sova'], ['cypher', 'jett', 'omen', 'raze', 'sova']]","[2, 1, 1, 4, 1, 4, 8, 8]"
Gen.G,GEN,Breeze,29,66,19,10,19,10,57%,176,132,57%,151,114,"[['chamber', 'kayo', 'sova', 'viper', 'yoru'], ['chamber', 'skye', 'sova', 'viper', 'yoru'], ['chamber', 'jett', 'kayo', 'sova', 'viper'], ['brimstone', 'jett', 'kayo', 'sova', 'viper'], ['astra', 'chamber', 'kayo', 'sova', 'viper'], ['brimstone', 'cypher', 'jett', 'skye', 'viper']]","[4, 2, 10, 6, 1, 5]"
Gen.G,GEN,Fracture,22,59,13,9,17,5,54%,141,119,44%,87,112,"[['breach', 'jett', 'omen', 'raze', 'viper'], ['breach', 'kayo', 'omen', 'raze', 'viper'], ['astra', 'breach', 'kayo', 'raze', 'viper'], ['breach', 'brimstone', 'kayo', 'neon', 'raze'], ['breach', 'brimstone', 'chamber', 'fade', 'neon'], ['breach', 'brimstone', 'chamber', 'neon', 'sage'], ['breach', 'brimstone', 'chamber', 'raze', 'sage'], ['astra', 'breach', 'killjoy', 'raze', 'viper']]","[1, 5, 2, 1, 1, 4, 2, 6]"
Gen.G,GEN,Pearl,6,33,2,4,5,1,54%,37,32,35%,20,37,"[['astra', 'jett', 'kayo', 'skye', 'viper'], ['chamber', 'fade', 'neon', 'omen', 'viper'], ['astra', 'cypher', 'fade', 'jett', 'kayo']]","[4, 1, 1]"
Gen.G,GEN,Lotus,5,40,2,3,4,1,47%,27,30,48%,21,23,"[['breach', 'fade', 'jett', 'killjoy', 'omen'], ['fade', 'jett', 'kayo', 'killjoy', 'omen']]","[1, 4]"
Gwangju Shadow,GJS,Bind,2,50,1,1,2,0,58%,14,10,50%,10,10,"[['breach', 'brimstone', 'raze', 'skye', 'yoru']]",[2]
Gwangju Shadow,GJS,Haven,9,44,4,5,4,5,56%,46,36,42%,42,58,"[['breach', 'chamber', 'fade', 'omen', 'raze'], ['jett', 'killjoy', 'omen', 'phoenix', 'sova'], ['harbor', 'jett', 'killjoy', 'skye', 'viper']]","[1, 7, 1]"
Gwangju Shadow,GJS,Split,4,75,3,1,4,0,58%,28,20,65%,22,12,"[['astra', 'breach', 'chamber', 'kayo', 'neon'], ['astra', 'breach', 'chamber', 'raze', 'sage']]","[2, 2]"
Gwangju Shadow,GJS,Ascent,6,67,4,2,2,4,56%,36,28,48%,36,39,"[['jett', 'kayo', 'killjoy', 'omen', 'sova'], ['jett', 'kayo', 'omen', 'sage', 'sova']]","[2, 4]"
Gwangju Shadow,GJS,Icebox,6,67,4,2,1,5,65%,40,22,46%,33,39,"[['harbor', 'jett', 'killjoy', 'skye', 'viper'], ['harbor', 'kayo', 'killjoy', 'sova', 'viper']]","[2, 4]"
Gwangju Shadow,GJS,Breeze,1,0,0,1,1,0,42%,5,7,45%,5,6,"[['astra', 'breach', 'fade', 'neon', 'yoru']]",[1]
Gwangju Shadow,GJS,Fracture,2,0,0,2,2,0,29%,7,17,47%,8,9,"[['cypher', 'fade', 'harbor', 'jett', 'phoenix'], ['cypher', 'fade', 'harbor', 'raze', 'reyna']]","[1, 1]"
Gwangju Shadow,GJS,Pearl,11,73,8,3,7,4,65%,77,42,52%,53,49,"[['astra', 'jett', 'killjoy', 'skye', 'viper'], ['harbor', 'jett', 'killjoy', 'skye', 'viper'], ['astra', 'jett', 'kayo', 'killjoy', 'sova'], ['astra', 'kayo', 'killjoy', 'neon', 'sova']]","[4, 1, 4, 2]"
Gwangju Shadow,GJS,Lotus,5,40,2,3,3,2,53%,31,27,43%,26,35,"[['breach', 'cypher', 'fade', 'omen', 'raze'], ['fade', 'jett', 'killjoy', 'omen', 'raze'], ['chamber', 'fade', 'kayo', 'omen', 'raze'], ['chamber', 'cypher', 'neon', 'omen', 'skye']]","[1, 1, 2, 1]"
EDward Gaming,EDG,Bind,47,70,33,14,21,25,54%,270,228,57%,283,215,"[['gekko', 'harbor', 'jett', 'skye', 'viper'], ['brimstone', 'chamber', 'raze', 'skye', 'viper'], ['astra', 'breach', 'fade', 'jett', 'raze'], ['breach', 'fade', 'omen', 'raze', 'yoru'], ['breach', 'brimstone', 'jett', 'raze', 'sova'], ['astra', 'jett', 'skye', 'sova', 'viper'], ['astra', 'jett', 'killjoy', 'skye', 'sova'], ['astra', 'jett', 'killjoy', 'sage', 'sova'], ['jett', 'omen', 'phoenix', 'raze', 'sova'], ['breach', 'brimstone', 'cypher', 'reyna', 'sova']]","[5, 1, 9, 3, 1, 7, 11, 4, 3, 2]"
EDward Gaming,EDG,Haven,46,59,27,19,23,22,49%,216,227,60%,296,199,"[['breach', 'cypher', 'jett', 'omen', 'sova'], ['astra', 'cypher', 'jett', 'skye', 'sova'], ['breach', 'chamber', 'fade', 'jett', 'omen'], ['breach', 'chamber', 'jett', 'omen', 'sova'], ['astra', 'cypher', 'jett', 'raze', 'sova'], ['astra', 'jett', 'killjoy', 'skye', 'sova'], ['astra', 'jett', 'killjoy', 'phoenix', 'sova'], ['breach', 'killjoy', 'omen', 'reyna', 'sova']]","[7, 7, 7, 7, 1, 9, 6, 1]"
EDward Gaming,EDG,Split,25,72,18,7,11,14,57%,133,102,59%,157,110,"[['astra', 'breach', 'kayo', 'raze', 'sage'], ['breach', 'chamber', 'fade', 'omen', 'raze'], ['breach', 'chamber', 'jett', 'kayo', 'omen'], ['astra', 'cypher', 'jett', 'raze', 'skye'], ['astra', 'cypher', 'jett', 'skye', 'viper'], ['astra', 'jett', 'killjoy', 'sage', 'skye'], ['astra', 'jett', 'killjoy', 'raze', 'skye'], ['astra', 'cypher', 'jett', 'sage', 'viper'], ['cypher', 'jett', 'omen', 'skye', 'viper'], ['breach', 'brimstone', 'cypher', 'reyna', 'sage'], ['breach', 'brimstone', 'cypher', 'jett', 'raze'], ['breach', 'brimstone', 'cypher', 'killjoy', 'raze']]","[4, 6, 1, 1, 1, 2, 2, 2, 1, 1, 1, 3]"
EDward Gaming,EDG,Ascent,39,67,26,13,24,14,53%,211,184,58%,216,158,"[['jett', 'kayo', 'killjoy', 'omen', 'sova'], ['fade', 'gekko', 'jett', 'killjoy', 'omen'], ['chamber', 'fade', 'jett', 'kayo', 'omen'], ['chamber', 'fade', 'kayo', 'omen', 'raze'], ['chamber', 'jett', 'kayo', 'omen', 'sova'], ['brimstone', 'chamber', 'jett', 'kayo', 'sova'], ['astra', 'jett', 'killjoy', 'skye', 'sova'], ['astra', 'jett', 'killjoy', 'sage', 'sova'], ['cypher', 'jett', 'omen', 'skye', 'sova'], ['breach', 'cypher', 'jett', 'omen', 'sova'], ['breach', 'jett', 'killjoy', 'omen', 'sova']]","[2, 4, 6, 4, 3, 1, 10, 4, 1, 1, 2]"
EDward Gaming,EDG,Icebox,42,74,31,11,22,20,57%,253,192,60%,259,171,"[['harbor', 'jett', 'killjoy', 'skye', 'viper'], ['harbor', 'jett', 'killjoy', 'sova', 'viper'], ['chamber', 'jett', 'sage', 'sova', 'viper'], ['chamber', 'fade', 'neon', 'reyna', 'viper'], ['chamber', 'jett', 'reyna', 'sova', 'viper'], ['chamber', 'fade', 'jett', 'reyna', 'viper'], ['jett', 'killjoy', 'sage', 'sova', 'viper']]","[3, 1, 21, 2, 2, 1, 12]"
EDward Gaming,EDG,Breeze,15,67,10,5,7,7,56%,79,61,58%,91,67,"[['chamber', 'jett', 'kayo', 'sova', 'viper'], ['chamber', 'jett', 'skye', 'sova', 'viper'], ['cypher', 'jett', 'skye', 'sova', 'viper']]","[4, 9, 1]"
EDward Gaming,EDG,Fracture,24,67,16,8,14,10,55%,146,119,62%,150,92,"[['breach', 'brimstone', 'jett', 'killjoy', 'skye'], ['breach', 'brimstone', 'kayo', 'killjoy', 'raze'], ['breach', 'chamber', 'omen', 'raze', 'viper'], ['breach', 'brimstone', 'chamber', 'raze', 'reyna'], ['breach', 'brimstone', 'chamber', 'neon', 'raze'], ['breach', 'brimstone', 'chamber', 'raze', 'sage'], ['breach', 'brimstone', 'chamber', 'jett', 'neon'], ['breach', 'brimstone', 'chamber', 'jett', 'sage'], ['breach', 'brimstone', 'jett', 'killjoy', 'viper']]","[1, 3, 1, 1, 5, 7, 2, 1, 3]"
EDward Gaming,EDG,Pearl,11,55,6,5,7,4,43%,56,73,61%,70,44,"[['harbor', 'jett', 'killjoy', 'skye', 'viper'], ['astra', 'fade', 'jett', 'kayo', 'viper'], ['breach', 'brimstone', 'chamber', 'fade', 'raze'], ['astra', 'chamber', 'fade', 'kayo', 'viper']]","[4, 1, 3, 3]"
EDward Gaming,EDG,Lotus,6,83,5,1,2,4,69%,38,17,56%,35,28,"[['breach', 'jett', 'killjoy', 'omen', 'raze']]",[6]
Attacking Soul Esports,ASE,Bind,28,39,11,17,10,18,48%,133,147,46%,132,152,"[['brimstone', 'jett', 'kayo', 'raze', 'skye'], ['brimstone', 'chamber', 'raze', 'skye', 'viper'], ['brimstone', 'raze', 'sage', 'skye', 'viper'], ['brimstone', 'fade', 'raze', 'skye', 'viper'], ['breach', 'brimstone', 'chamber', 'fade', 'sage'], ['astra', 'chamber', 'jett', 'skye', 'viper'], ['astra', 'jett', 'raze', 'skye', 'sova'], ['brimstone', 'jett', 'raze', 'sova', 'viper'], ['jett', 'killjoy', 'omen', 'phoenix', 'sova'], ['breach', 'jett', 'omen', 'raze', 'sova']]","[5, 9, 3, 2, 1, 1, 4, 1, 1, 1]"
Attacking Soul Esports,ASE,Haven,49,47,23,26,23,26,53%,273,241,43%,227,295,"[['breach', 'jett', 'killjoy', 'omen', 'sova'], ['astra', 'breach', 'cypher', 'jett', 'skye'], ['astra', 'breach', 'fade', 'jett', 'killjoy'], ['breach', 'fade', 'killjoy', 'omen', 'raze'], ['astra', 'breach', 'fade', 'killjoy', 'raze'], ['breach', 'chamber', 'fade', 'omen', 'raze'], ['breach', 'jett', 'killjoy', 'omen', 'skye'], ['astra', 'chamber', 'fade', 'kayo', 'skye'], ['astra', 'breach', 'jett', 'killjoy', 'sova'], ['astra', 'breach', 'jett', 'killjoy', 'skye'], ['astra', 'jett', 'killjoy', 'skye', 'sova'], ['astra', 'cypher', 'jett', 'phoenix', 'sova'], ['astra', 'jett', 'killjoy', 'sage', 'sova'], ['astra', 'jett', 'killjoy', 'sage', 'skye'], ['jett', 'killjoy', 'omen', 'phoenix', 'sova'], ['cypher', 'jett', 'omen', 'raze', 'sova'], ['cypher', 'jett', 'omen', 'reyna', 'sova'], ['cypher', 'jett', 'omen', 'phoenix', 'sova']]","[14, 4, 3, 3, 1, 3, 3, 2, 2, 2, 2, 1, 1, 1, 1, 1, 3, 2]"
Attacking Soul Esports,ASE,Split,17,35,6,11,5,12,44%,76,96,47%,91,103,"[['breach', 'jett', 'killjoy', 'omen', 'skye'], ['gekko', 'harbor', 'jett', 'killjoy', 'omen'], ['harbor', 'jett', 'killjoy', 'omen', 'skye'], ['astra', 'killjoy', 'raze', 'skye', 'viper'], ['breach', 'chamber', 'omen', 'raze', 'sage'], ['breach', 'killjoy', 'omen', 'raze', 'sage'], ['kayo', 'omen', 'raze', 'sage', 'viper'], ['astra', 'breach', 'chamber', 'raze', 'sage'], ['jett', 'killjoy', 'omen', 'sage', 'skye'], ['breach', 'jett', 'killjoy', 'omen', 'sage'], ['jett', 'killjoy', 'omen', 'raze', 'sage'], ['cypher', 'jett', 'omen', 'reyna', 'sova'], ['breach', 'cypher', 'jett', 'omen', 'raze'], ['cypher', 'omen', 'raze', 'reyna', 'sova']]","[1, 2, 1, 2, 2, 1, 1, 1, 1, 1, 1, 1, 1, 1]"
Attacking Soul Esports,ASE,Ascent,31,52,16,15,14,17,49%,156,165,49%,165,170,"[['jett', 'kayo', 'killjoy', 'omen', 'sova'], ['cypher', 'fade', 'jett', 'kayo', 'omen'], ['chamber', 'fade', 'jett', 'kayo', 'omen'], ['chamber', 'fade', 'kayo', 'omen', 'raze'], ['astra', 'chamber', 'fade', 'kayo', 'raze'], ['brimstone', 'chamber', 'jett', 'kayo', 'sova'], ['astra', 'jett', 'kayo', 'killjoy', 'sova'], ['astra', 'chamber', 'jett', 'skye', 'sova'], ['astra', 'jett', 'killjoy', 'sage', 'sova'], ['astra', 'breach', 'jett', 'killjoy', 'sova'], ['astra', 'cypher', 'jett', 'phoenix', 'sova'], ['astra', 'jett', 'killjoy', 'skye', 'sova'], ['jett', 'killjoy', 'omen', 'skye', 'sova'], ['jett', 'killjoy', 'omen', 'phoenix', 'sova'], ['cypher', 'jett', 'omen', 'reyna', 'sova'], ['jett', 'killjoy', 'omen', 'reyna', 'sova']]","[9, 2, 1, 4, 2, 1, 2, 1, 1, 1, 1, 1, 1, 1, 1, 2]"
Attacking Soul Esports,ASE,Icebox,36,33,12,24,13,23,50%,172,173,41%,154,226,"[['gekko', 'harbor', 'jett', 'killjoy', 'viper'], ['jett', 'killjoy', 'sage', 'sova', 'viper'], ['chamber', 'kayo', 'sage', 'sova', 'viper'], ['chamber', 'fade', 'kayo', 'sage', 'viper'], ['chamber', 'raze', 'sage', 'sova', 'viper'], ['chamber', 'killjoy', 'sage', 'sova', 'viper'], ['killjoy', 'raze', 'sage', 'sova', 'viper'], ['chamber', 'jett', 'sage', 'sova', 'viper'], ['chamber', 'jett', 'kayo', 'sova', 'viper'], ['jett', 'killjoy', 'sage', 'skye', 'viper'], ['jett', 'reyna', 'sage', 'sova', 'viper'], ['jett', 'omen', 'reyna', 'sage', 'sova']]","[3, 14, 6, 2, 2, 2, 1, 1, 2, 1, 1, 1]"
Attacking Soul Esports,ASE,Breeze,16,50,8,8,11,5,53%,96,86,45%,69,85,"[['cypher', 'jett', 'kayo', 'sova', 'viper'], ['chamber', 'jett', 'kayo', 'sova', 'viper'], ['chamber', 'jett', 'skye', 'sova', 'viper'], ['chamber', 'fade', 'sova', 'viper', 'yoru'], ['chamber', 'neon', 'skye', 'sova', 'viper'], ['cypher', 'jett', 'skye', 'sova', 'viper'], ['jett', 'reyna', 'sage', 'skye', 'viper'], ['jett', 'reyna', 'sage', 'sova', 'viper']]","[1, 1, 8, 1, 1, 1, 1, 2]"
Attacking Soul Esports,ASE,Fracture,14,57,8,6,8,6,55%,85,69,47%,66,75,"[['breach', 'brimstone', 'killjoy', 'raze', 'sage'], ['breach', 'brimstone', 'jett', 'killjoy', 'raze'], ['breach', 'brimstone', 'kayo', 'killjoy', 'raze'], ['breach', 'brimstone', 'chamber', 'kayo', 'raze'], ['breach', 'brimstone', 'chamber', 'neon', 'sage'], ['astra', 'breach', 'chamber', 'raze', 'viper']]","[5, 3, 1, 3, 1, 1]"
Attacking Soul Esports,ASE,Pearl,13,54,7,6,4,9,36%,43,78,64%,88,50,"[['harbor', 'jett', 'kayo', 'skye', 'viper'], ['astra', 'fade', 'jett', 'kayo', 'viper'], ['astra', 'fade', 'kayo', 'killjoy', 'raze'], ['astra', 'chamber', 'fade', 'kayo', 'raze'], ['astra', 'brimstone', 'chamber', 'fade', 'omen']]","[1, 5, 3, 2, 2]"
Attacking Soul Esports,ASE,Lotus,7,71,5,2,6,1,67%,56,28,42%,29,40,"[['breach', 'jett', 'killjoy', 'omen', 'skye'], ['breach', 'jett', 'killjoy', 'omen', 'sova']]","[5, 2]"
Bilibili Gaming,BLG,Bind,3,67,2,1,0,3,52%,12,11,53%,19,17,"[['breach', 'brimstone', 'raze', 'skye', 'viper'], ['harbor', 'jett', 'raze', 'skye', 'viper']]","[2, 1]"
Bilibili Gaming,BLG,Haven,14,43,6,8,9,5,50%,76,76,45%,67,82,"[['breach', 'jett', 'killjoy', 'omen', 'sova'], ['breach', 'fade', 'jett', 'killjoy', 'omen'], ['breach', 'chamber', 'fade', 'killjoy', 'omen'], ['breach', 'cypher', 'jett', 'omen', 'sova'], ['breach', 'chamber', 'jett', 'omen', 'sova']]","[7, 4, 1, 1, 1]"
Bilibili Gaming,BLG,Split,3,67,2,1,1,2,50%,14,14,45%,15,18,"[['cypher', 'omen', 'raze', 'skye', 'viper'], ['cypher', 'gekko', 'omen', 'raze', 'skye']]","[2, 1]"
Bilibili Gaming,BLG,Ascent,11,64,7,4,6,5,53%,69,61,51%,64,61,"[['jett', 'kayo', 'killjoy', 'omen', 'sova'], ['astra', 'jett', 'kayo', 'killjoy', 'sova']]","[6, 5]"
Bilibili Gaming,BLG,Icebox,6,67,4,2,3,3,64%,39,22,52%,32,30,"[['harbor', 'jett', 'killjoy', 'sova', 'viper'], ['jett', 'killjoy', 'sage', 'sova', 'viper']]","[3, 3]"
Bilibili Gaming,BLG,Fracture,6,75,3,3,4,2,58%,33,24,51%,31,30,"[['breach', 'brimstone', 'cypher', 'fade', 'raze']]",[6]
Bilibili Gaming,BLG,Pearl,8,67,6,2,4,4,57%,50,38,48%,37,40,"[['harbor', 'jett', 'killjoy', 'skye', 'viper'], ['astra', 'jett', 'killjoy', 'skye', 'viper']]","[7, 1]"
Bilibili Gaming,BLG,Lotus,12,0,8,4,6,6,51%,57,55,61%,78,49,"[['fade', 'killjoy', 'omen', 'raze', 'viper'], ['chamber', 'fade', 'omen', 'raze', 'viper']]","[11, 1]"
FunPlus Phoenix,FPX,Bind,2,50,1,1,1,1,40%,6,9,65%,11,6,"[['breach', 'harbor', 'raze', 'skye', 'viper']]",[2]
FunPlus Phoenix,FPX,Haven,4,50,2,2,1,3,57%,21,16,40%,17,25,"[['astra', 'breach', 'chamber', 'fade', 'viper'], ['chamber', 'fade', 'omen', 'skye', 'viper']]","[2, 2]"
FunPlus Phoenix,FPX,Split,3,100,3,0,0,3,61%,14,9,69%,25,11,"[['astra', 'cypher', 'jett', 'skye', 'viper'], ['astra', 'fade', 'jett', 'skye', 'viper']]","[1, 2]"
FunPlus Phoenix,FPX,Ascent,6,83,5,1,2,4,64%,42,24,46%,32,37,"[['astra', 'jett', 'kayo', 'killjoy', 'sova']]",[6]
FunPlus Phoenix,FPX,Fracture,3,50,1,2,1,2,43%,13,17,64%,25,14,"[['breach', 'brimstone', 'fade', 'killjoy', 'raze']]",[3]
FunPlus Phoenix,FPX,Pearl,11,0,7,4,6,5,59%,65,45,55%,64,52,"[['gekko', 'harbor', 'jett', 'skye', 'viper'], ['fade', 'gekko', 'harbor', 'jett', 'viper'], ['fade', 'harbor', 'jett', 'skye', 'viper'], ['astra', 'fade', 'jett', 'skye', 'viper']]","[4, 5, 1, 1]"
FunPlus Phoenix,FPX,Lotus,6,0,3,3,4,2,58%,33,24,55%,29,24,"[['chamber', 'gekko', 'harbor', 'killjoy', 'viper'], ['fade', 'killjoy', 'omen', 'skye', 'viper']]","[5, 1]"
Totoro Gaming,TTG,Bind,27,67,18,9,14,12,57%,146,109,58%,154,112,"[['astra', 'cypher', 'raze', 'skye', 'viper'], ['astra', 'jett', 'raze', 'skye', 'sova'], ['astra', 'jett', 'phoenix', 'raze', 'sova'], ['brimstone', 'jett', 'phoenix', 'raze', 'sova'], ['breach', 'brimstone', 'jett', 'raze', 'sova'], ['breach', 'jett', 'omen', 'raze', 'sova'], ['astra', 'breach', 'jett', 'raze', 'sova'], ['brimstone', 'cypher', 'jett', 'phoenix', 'sova']]","[2, 4, 3, 5, 2, 4, 2, 4]"
Totoro Gaming,TTG,Haven,39,62,24,15,15,23,51%,207,196,56%,231,181,"[['breach', 'jett', 'killjoy', 'omen', 'sova'], ['breach', 'killjoy', 'omen', 'raze', 'sova'], ['breach', 'fade', 'killjoy', 'omen', 'raze'], ['astra', 'jett', 'killjoy', 'skye', 'sova'], ['astra', 'jett', 'killjoy', 'phoenix', 'sova'], ['astra', 'cypher', 'jett', 'raze', 'sova'], ['breach', 'jett', 'omen', 'raze', 'sova'], ['astra', 'breach', 'jett', 'raze', 'sova'], ['breach', 'brimstone', 'cypher', 'phoenix', 'sova'], ['cypher', 'jett', 'omen', 'raze', 'sova']]","[5, 2, 3, 4, 10, 1, 4, 4, 1, 4]"
Totoro Gaming,TTG,Split,16,75,12,4,6,10,59%,91,64,58%,105,75,"[['breach', 'cypher', 'omen', 'raze', 'skye'], ['astra', 'breach', 'cypher', 'jett', 'sage'], ['breach', 'cypher', 'jett', 'omen', 'sage'], ['breach', 'cypher', 'jett', 'omen', 'raze'], ['breach', 'cypher', 'jett', 'omen', 'reyna']]","[5, 2, 6, 1, 2]"
Totoro Gaming,TTG,Ascent,32,66,21,11,10,21,50%,152,152,58%,212,155,"[['jett', 'kayo', 'killjoy', 'omen', 'sova'], ['fade', 'jett', 'kayo', 'killjoy', 'omen'], ['astra', 'jett', 'killjoy', 'reyna', 'sova'], ['astra', 'jett', 'killjoy', 'sage', 'sova'], ['astra', 'jett', 'killjoy', 'skye', 'sova'], ['breach', 'jett', 'omen', 'reyna', 'sova'], ['astra', 'breach', 'jett', 'reyna', 'sova'], ['cypher', 'jett', 'omen', 'phoenix', 'sova']]","[7, 2, 3, 8, 1, 4, 1, 5]"
Totoro Gaming,TTG,Icebox,2,0,0,2,1,1,41%,7,10,27%,6,16,"[['jett', 'reyna', 'sage', 'sova', 'viper'], ['jett', 'killjoy', 'omen', 'sage', 'sova']]","[1, 1]"
Totoro Gaming,TTG,Breeze,6,83,5,1,2,4,73%,40,15,52%,34,32,"[['jett', 'sage', 'skye', 'sova', 'viper'], ['cypher', 'jett', 'sage', 'sova', 'viper']]","[1, 5]"
Totoro Gaming,TTG,Fracture,6,33,2,4,1,5,53%,38,34,46%,32,38,"[['breach', 'brimstone', 'fade', 'killjoy', 'raze'], ['breach', 'brimstone', 'cypher', 'fade', 'raze']]","[1, 5]"
Totoro Gaming,TTG,Pearl,15,73,11,4,10,5,56%,98,77,60%,86,58,"[['astra', 'breach', 'cypher', 'jett', 'viper']]",[15]
Totoro Gaming,TTG,Lotus,7,43,3,4,2,5,51%,33,32,46%,33,39,"[['astra', 'fade', 'killjoy', 'raze', 'viper'], ['astra', 'killjoy', 'raze', 'skye', 'viper'], ['breach', 'gekko', 'killjoy', 'omen', 'raze'], ['breach', 'killjoy', 'omen', 'raze', 'sova'], ['breach', 'fade', 'jett', 'omen', 'raze']]","[1, 1, 1, 3, 1]"
SCARZ,SZ,Bind,29,48,14,15,8,21,49%,127,131,48%,147,162,"[['brimstone', 'jett', 'raze', 'sage', 'skye'], ['astra', 'cypher', 'jett', 'raze', 'skye'], ['kayo', 'omen', 'raze', 'skye', 'viper'], ['astra', 'raze', 'sage', 'skye', 'viper'], ['brimstone', 'raze', 'sage', 'skye', 'viper'], ['astra', 'chamber', 'raze', 'skye', 'viper'], ['brimstone', 'raze', 'skye', 'sova', 'viper'], ['jett', 'omen', 'raze', 'skye', 'sova'], ['cypher', 'jett', 'omen', 'raze', 'sova'], ['cypher', 'omen', 'phoenix', 'raze', 'sova'], ['breach', 'brimstone', 'cypher', 'jett', 'sova'], ['breach', 'cypher', 'omen', 'phoenix', 'raze'], ['brimstone', 'cypher', 'phoenix', 'reyna', 'sova'], ['cypher', 'jett', 'omen', 'sage', 'sova']]","[1, 4, 1, 1, 1, 1, 4, 2, 4, 1, 6, 1, 1, 1]"
SCARZ,SZ,Haven,52,62,32,20,24,28,53%,282,248,52%,298,270,"[['breach', 'jett', 'killjoy', 'omen', 'sova'], ['jett', 'killjoy', 'omen', 'reyna', 'sova'], ['brimstone', 'chamber', 'jett', 'raze', 'sova'], ['killjoy', 'omen', 'raze', 'reyna', 'sova'], ['breach', 'killjoy', 'omen', 'raze', 'sova'], ['astra', 'breach', 'jett', 'killjoy', 'sova'], ['cypher', 'jett', 'kayo', 'omen', 'sova'], ['cypher', 'jett', 'omen', 'raze', 'sova'], ['breach', 'jett', 'omen', 'raze', 'sova'], ['breach', 'cypher', 'jett', 'omen', 'sova'], ['cypher', 'jett', 'omen', 'phoenix', 'sova'], ['cypher', 'omen', 'raze', 'sage', 'sova'], ['cypher', 'jett', 'omen', 'sage', 'sova'], ['breach', 'cypher', 'omen', 'phoenix', 'reyna'], ['brimstone', 'killjoy', 'phoenix', 'reyna', 'sova']]","[12, 3, 1, 2, 2, 2, 1, 5, 1, 10, 7, 1, 3, 1, 1]"
SCARZ,SZ,Split,22,68,15,7,6,16,49%,106,112,60%,153,101,"[['cypher', 'omen', 'raze', 'sage', 'skye'], ['astra', 'raze', 'sage', 'skye', 'viper'], ['astra', 'cypher', 'raze', 'skye', 'viper'], ['breach', 'cypher', 'omen', 'raze', 'sage'], ['breach', 'killjoy', 'omen', 'raze', 'viper'], ['cypher', 'omen', 'raze', 'reyna', 'sage'], ['breach', 'jett', 'killjoy', 'omen', 'sage'], ['breach', 'jett', 'killjoy', 'omen', 'raze'], ['breach', 'killjoy', 'omen', 'raze', 'sage'], ['cypher', 'jett', 'omen', 'raze', 'reyna'], ['brimstone', 'cypher', 'phoenix', 'reyna', 'sova'], ['cypher', 'jett', 'omen', 'raze', 'sage']]","[5, 1, 2, 1, 1, 3, 4, 1, 1, 1, 1, 1]"
SCARZ,SZ,Ascent,42,55,23,19,14,28,52%,213,193,52%,235,214,"[['jett', 'kayo', 'killjoy', 'omen', 'sova'], ['kayo', 'killjoy', 'omen', 'raze', 'sova'], ['astra', 'jett', 'kayo', 'killjoy', 'sova'], ['cypher', 'jett', 'omen', 'raze', 'sova'], ['breach', 'jett', 'killjoy', 'omen', 'sova'], ['breach', 'cypher', 'jett', 'omen', 'sova'], ['jett', 'killjoy', 'omen', 'reyna', 'sova'], ['cypher', 'jett', 'omen', 'reyna', 'sova'], ['breach', 'killjoy', 'omen', 'sage', 'sova'], ['breach', 'cypher', 'omen', 'sage', 'sova'], ['cypher', 'omen', 'reyna', 'sage', 'sova'], ['cypher', 'jett', 'omen', 'sage', 'sova'], ['cypher', 'killjoy', 'omen', 'sage', 'sova']]","[14, 5, 3, 1, 1, 7, 4, 2, 1, 1, 1, 1, 1]"
SCARZ,SZ,Icebox,22,64,14,8,15,7,52%,125,114,55%,112,92,"[['jett', 'killjoy', 'sage', 'sova', 'viper'], ['kayo', 'killjoy', 'sage', 'sova', 'viper'], ['killjoy', 'reyna', 'sage', 'sova', 'viper'], ['chamber', 'reyna', 'sage', 'sova', 'viper'], ['chamber', 'killjoy', 'sage', 'sova', 'viper'], ['chamber', 'jett', 'sage', 'sova', 'viper'], ['jett', 'sage', 'skye', 'sova', 'viper'], ['jett', 'reyna', 'sage', 'sova', 'viper'], ['breach', 'jett', 'omen', 'sage', 'sova'], ['cypher', 'jett', 'omen', 'reyna', 'sova'], ['jett', 'killjoy', 'omen', 'reyna', 'skye']]","[2, 1, 7, 1, 1, 2, 1, 3, 1, 1, 2]"
SCARZ,SZ,Breeze,4,75,3,1,2,2,60%,25,17,68%,27,13,"[['cypher', 'jett', 'kayo', 'sova', 'viper'], ['jett', 'kayo', 'reyna', 'sova', 'viper'], ['chamber', 'jett', 'skye', 'sova', 'viper']]","[2, 1, 1]"
SCARZ,SZ,Fracture,11,64,7,4,9,2,57%,73,54,54%,55,47,"[['breach', 'brimstone', 'cypher', 'fade', 'raze'], ['breach', 'brimstone', 'killjoy', 'phoenix', 'raze'], ['breach', 'brimstone', 'killjoy', 'neon', 'raze'], ['astra', 'breach', 'chamber', 'raze', 'viper']]","[1, 6, 3, 1]"
SCARZ,SZ,Pearl,15,67,10,5,4,11,51%,77,73,54%,94,80,"[['astra', 'jett', 'killjoy', 'phoenix', 'skye'], ['harbor', 'jett', 'killjoy', 'skye', 'viper'], ['astra', 'jett', 'kayo', 'killjoy', 'sova'], ['brimstone', 'killjoy', 'neon', 'phoenix', 'sova'], ['astra', 'killjoy', 'phoenix', 'raze', 'sova'], ['killjoy', 'omen', 'phoenix', 'raze', 'sova'], ['astra', 'chamber', 'fade', 'kayo', 'viper']]","[1, 1, 7, 1, 3, 1, 1]"
SCARZ,SZ,Lotus,1,0,0,1,0,1,20%,1,4,25%,3,9,"[['breach', 'harbor', 'killjoy', 'raze', 'sova']]",[1]
ZETA DIVISION,ZETA,Bind,17,59,10,7,8,9,53%,94,83,52%,93,86,"[['breach', 'brimstone', 'jett', 'raze', 'skye'], ['harbor', 'jett', 'sage', 'skye', 'viper'], ['chamber', 'fade', 'omen', 'raze', 'viper'], ['astra', 'raze', 'sage', 'skye', 'viper'], ['astra', 'breach', 'jett', 'reyna', 'skye'], ['astra', 'breach', 'raze', 'reyna', 'skye'], ['astra', 'breach', 'jett', 'raze', 'skye'], ['astra', 'breach', 'jett', 'raze', 'sova'], ['omen', 'raze', 'reyna', 'skye', 'sova']]","[2, 1, 2, 6, 1, 1, 2, 1, 1]"
ZETA DIVISION,ZETA,Haven,27,56,15,12,9,18,53%,135,118,51%,158,150,"[['breach', 'jett', 'killjoy', 'omen', 'sova'], ['jett', 'killjoy', 'omen', 'reyna', 'sova'], ['chamber', 'fade', 'kayo', 'neon', 'omen'], ['astra', 'chamber', 'fade', 'kayo', 'neon'], ['breach', 'chamber', 'fade', 'kayo', 'omen'], ['astra', 'breach', 'jett', 'killjoy', 'skye'], ['astra', 'breach', 'jett', 'reyna', 'sova'], ['cypher', 'jett', 'omen', 'reyna', 'sova']]","[6, 1, 1, 2, 2, 9, 4, 1]"
ZETA DIVISION,ZETA,Split,14,71,10,4,7,7,54%,74,62,58%,79,57,"[['astra', 'kayo', 'raze', 'skye', 'viper'], ['astra', 'raze', 'sage', 'skye', 'viper'], ['brimstone', 'jett', 'sage', 'skye', 'viper']]","[2, 9, 3]"
ZETA DIVISION,ZETA,Ascent,21,38,8,13,8,13,48%,104,112,45%,114,138,"[['jett', 'kayo', 'killjoy', 'omen', 'sova'], ['astra', 'jett', 'kayo', 'killjoy', 'sova'], ['astra', 'fade', 'jett', 'kayo', 'killjoy'], ['astra', 'chamber', 'fade', 'kayo', 'raze'], ['astra', 'chamber', 'jett', 'killjoy', 'sova'], ['astra', 'breach', 'jett', 'reyna', 'sova'], ['astra', 'jett', 'kayo', 'reyna', 'sova'], ['astra', 'jett', 'kayo', 'skye', 'sova'], ['jett', 'kayo', 'omen', 'reyna', 'sova'], ['jett', 'omen', 'reyna', 'skye', 'sova']]","[9, 1, 1, 2, 1, 2, 1, 1, 1, 1]"
ZETA DIVISION,ZETA,Icebox,16,69,11,5,3,13,51%,72,70,60%,109,72,"[['chamber', 'kayo', 'sage', 'sova', 'viper'], ['chamber', 'fade', 'sage', 'sova', 'viper'], ['chamber', 'jett', 'sage', 'sova', 'viper'], ['jett', 'reyna', 'sage', 'sova', 'viper']]","[2, 1, 11, 2]"
ZETA DIVISION,ZETA,Breeze,9,67,6,3,4,5,63%,53,31,51%,43,42,"[['cypher', 'jett', 'reyna', 'sova', 'viper'], ['chamber', 'jett', 'skye', 'sova', 'viper'], ['chamber', 'jett', 'kayo', 'sova', 'viper'], ['cypher', 'jett', 'skye', 'sova', 'viper']]","[1, 2, 1, 5]"
ZETA DIVISION,ZETA,Fracture,15,60,9,6,7,8,55%,81,65,54%,85,72,"[['breach', 'brimstone', 'fade', 'killjoy', 'raze'], ['breach', 'brimstone', 'chamber', 'neon', 'raze'], ['astra', 'breach', 'chamber', 'raze', 'viper'], ['astra', 'breach', 'chamber', 'jett', 'raze']]","[4, 3, 7, 1]"
ZETA DIVISION,ZETA,Pearl,5,40,2,3,3,2,53%,28,25,40%,23,35,"[['harbor', 'jett', 'killjoy', 'skye', 'viper'], ['astra', 'jett', 'kayo', 'killjoy', 'sova'], ['astra', 'chamber', 'raze', 'skye', 'viper'], ['chamber', 'omen', 'raze', 'skye', 'viper']]","[2, 1, 1, 1]"
ZETA DIVISION,ZETA,Lotus,3,67,2,1,3,0,44%,16,20,71%,20,8,"[['killjoy', 'omen', 'raze', 'skye', 'viper'], ['breach', 'fade', 'killjoy', 'neon', 'omen']]","[2, 1]"
Jadeite,JDT,Bind,7,29,2,5,6,1,39%,32,50,33%,17,35,"[['brimstone', 'cypher', 'jett', 'raze', 'skye'], ['brimstone', 'chamber', 'raze', 'skye', 'viper'], ['brimstone', 'raze', 'sage', 'skye', 'viper'], ['breach', 'brimstone', 'fade', 'raze', 'yoru'], ['astra', 'raze', 'sage', 'skye', 'viper']]","[1, 1, 3, 1, 1]"
Jadeite,JDT,Haven,13,62,8,5,9,4,49%,71,73,58%,70,51,"[['harbor', 'jett', 'killjoy', 'skye', 'viper'], ['cypher', 'jett', 'omen', 'reyna', 'skye'], ['cypher', 'omen', 'phoenix', 'skye', 'yoru'], ['astra', 'breach', 'jett', 'killjoy', 'sova'], ['astra', 'breach', 'jett', 'killjoy', 'skye']]","[6, 2, 1, 2, 2]"
Jadeite,JDT,Split,11,73,8,3,9,2,60%,72,49,58%,60,44,"[['cypher', 'jett', 'omen', 'raze', 'sage'], ['jett', 'killjoy', 'omen', 'raze', 'sage'], ['breach', 'cypher', 'omen', 'raze', 'sage']]","[7, 1, 3]"
Jadeite,JDT,Ascent,15,80,12,3,10,5,63%,100,58,62%,82,51,"[['cypher', 'fade', 'jett', 'kayo', 'omen'], ['fade', 'jett', 'kayo', 'omen', 'sage'], ['jett', 'kayo', 'killjoy', 'omen', 'sova'], ['chamber', 'fade', 'kayo', 'omen', 'sage'], ['astra', 'jett', 'kayo', 'killjoy', 'sova'], ['astra', 'jett', 'killjoy', 'skye', 'sova']]","[1, 8, 1, 1, 2, 2]"
Jadeite,JDT,Icebox,11,45,5,6,3,8,52%,50,47,49%,61,63,"[['jett', 'killjoy', 'sage', 'sova', 'viper'], ['killjoy', 'omen', 'reyna', 'sage', 'sova'], ['chamber', 'jett', 'sage', 'sova', 'viper']]","[3, 1, 7]"
Jadeite,JDT,Breeze,3,33,1,2,1,2,53%,17,15,50%,14,14,"[['chamber', 'jett', 'skye', 'sova', 'viper'], ['chamber', 'jett', 'kayo', 'sova', 'viper']]","[2, 1]"
Jadeite,JDT,Fracture,5,60,3,2,4,1,53%,31,27,51%,19,18,"[['breach', 'brimstone', 'jett', 'killjoy', 'raze'], ['breach', 'brimstone', 'gekko', 'killjoy', 'raze'], ['breach', 'brimstone', 'fade', 'killjoy', 'raze']]","[1, 3, 1]"
Jadeite,JDT,Pearl,8,75,6,2,3,5,57%,45,34,60%,53,35,"[['harbor', 'jett', 'killjoy', 'skye', 'viper'], ['astra', 'jett', 'kayo', 'killjoy', 'sova'], ['astra', 'kayo', 'killjoy', 'phoenix', 'sova']]","[4, 3, 1]"
Jadeite,JDT,Lotus,4,100,4,0,1,3,56%,20,16,67%,33,16,"[['jett', 'killjoy', 'omen', 'skye', 'viper'], ['astra', 'fade', 'killjoy', 'raze', 'viper']]","[1, 3]"
Crazy Raccoon,CR,Bind,34,65,22,12,11,23,61%,193,121,52%,182,165,"[['brimstone', 'cypher', 'raze', 'skye', 'viper'], ['brimstone', 'fade', 'raze', 'skye', 'viper'], ['astra', 'breach', 'fade', 'raze', 'yoru'], ['brimstone', 'jett', 'killjoy', 'skye', 'sova'], ['astra', 'breach', 'chamber', 'jett', 'sova'], ['astra', 'breach', 'jett', 'raze', 'skye'], ['cypher', 'omen', 'raze', 'skye', 'sova'], ['jett', 'killjoy', 'omen', 'raze', 'sova'], ['jett', 'omen', 'raze', 'reyna', 'sova'], ['cypher', 'jett', 'omen', 'raze', 'sova'], ['jett', 'omen', 'raze', 'skye', 'sova'], ['breach', 'cypher', 'omen', 'raze', 'reyna'], ['breach', 'cypher', 'jett', 'omen', 'raze'], ['brimstone', 'cypher', 'omen', 'reyna', 'sage']]","[1, 8, 2, 3, 1, 1, 2, 3, 2, 4, 3, 2, 1, 1]"
Crazy Raccoon,CR,Haven,59,64,38,21,27,32,57%,339,254,54%,342,293,"[['breach', 'jett', 'killjoy', 'omen', 'sova'], ['chamber', 'fade', 'kayo', 'omen', 'raze'], ['breach', 'chamber', 'neon', 'omen', 'skye'], ['breach', 'killjoy', 'omen', 'raze', 'skye'], ['jett', 'killjoy', 'omen', 'skye', 'sova'], ['astra', 'jett', 'killjoy', 'skye', 'sova'], ['astra', 'chamber', 'jett', 'reyna', 'sova'], ['astra', 'breach', 'jett', 'killjoy', 'sova'], ['brimstone', 'cypher', 'jett', 'raze', 'skye'], ['jett', 'killjoy', 'omen', 'reyna', 'sova'], ['astra', 'jett', 'killjoy', 'phoenix', 'sova'], ['jett', 'killjoy', 'omen', 'raze', 'sova'], ['jett', 'omen', 'phoenix', 'sage', 'yoru'], ['cypher', 'omen', 'raze', 'skye', 'sova'], ['jett', 'omen', 'raze', 'reyna', 'sova'], ['cypher', 'jett', 'omen', 'raze', 'sova'], ['breach', 'cypher', 'jett', 'omen', 'sova'], ['jett', 'omen', 'raze', 'reyna', 'sage'], ['jett', 'killjoy', 'omen', 'phoenix', 'sova'], ['cypher', 'jett', 'omen', 'reyna', 'sova'], ['cypher', 'jett', 'omen', 'phoenix', 'reyna']]","[20, 2, 1, 1, 7, 3, 1, 2, 1, 2, 1, 2, 1, 1, 3, 3, 3, 1, 1, 2, 1]"
Crazy Raccoon,CR,Split,26,69,18,8,10,16,54%,140,121,57%,162,123,"[['astra', 'jett', 'raze', 'skye', 'viper'], ['breach', 'cypher', 'harbor', 'omen', 'phoenix'], ['breach', 'fade', 'omen', 'raze', 'viper'], ['breach', 'cypher', 'omen', 'raze', 'sage'], ['astra', 'breach', 'chamber', 'kayo', 'neon'], ['jett', 'killjoy', 'omen', 'sage', 'skye'], ['astra', 'breach', 'cypher', 'jett', 'sova'], ['astra', 'cypher', 'jett', 'skye', 'viper'], ['breach', 'jett', 'omen', 'sage', 'skye'], ['cypher', 'jett', 'omen', 'raze', 'sage'], ['breach', 'jett', 'omen', 'raze', 'sage'], ['breach', 'cypher', 'jett', 'omen', 'reyna'], ['cypher', 'jett', 'omen', 'raze', 'reyna'], ['breach', 'cypher', 'jett', 'omen', 'raze'], ['cypher', 'omen', 'raze', 'reyna', 'sage']]","[2, 2, 2, 4, 2, 1, 1, 1, 4, 2, 1, 1, 1, 1, 1]"
Crazy Raccoon,CR,Ascent,56,64,36,20,25,31,50%,280,275,63%,369,220,"[['jett', 'kayo', 'killjoy', 'omen', 'sova'], ['fade', 'jett', 'kayo', 'killjoy', 'omen'], ['chamber', 'fade', 'kayo', 'omen', 'raze'], ['fade', 'kayo', 'killjoy', 'omen', 'raze'], ['jett', 'killjoy', 'omen', 'skye', 'sova'], ['astra', 'cypher', 'raze', 'skye', 'viper'], ['astra', 'jett', 'killjoy', 'skye', 'sova'], ['astra', 'jett', 'killjoy', 'phoenix', 'sova'], ['jett', 'omen', 'sage', 'skye', 'sova'], ['breach', 'jett', 'omen', 'sage', 'skye'], ['jett', 'omen', 'reyna', 'skye', 'sova'], ['jett', 'omen', 'phoenix', 'reyna', 'sova'], ['astra', 'jett', 'killjoy', 'raze', 'sova'], ['jett', 'killjoy', 'omen', 'raze', 'sova'], ['cypher', 'omen', 'raze', 'skye', 'sova'], ['cypher', 'jett', 'omen', 'raze', 'sova'], ['jett', 'omen', 'phoenix', 'raze', 'reyna'], ['jett', 'omen', 'raze', 'reyna', 'sova'], ['breach', 'cypher', 'jett', 'omen', 'sova'], ['breach', 'jett', 'omen', 'reyna', 'sova'], ['jett', 'killjoy', 'omen', 'phoenix', 'reyna'], ['jett', 'killjoy', 'omen', 'reyna', 'sova'], ['cypher', 'jett', 'omen', 'reyna', 'sova'], ['cypher', 'omen', 'raze', 'reyna', 'sova']]","[12, 2, 1, 1, 3, 1, 3, 1, 1, 1, 1, 1, 1, 5, 3, 8, 1, 1, 3, 2, 1, 1, 1, 1]"
Crazy Raccoon,CR,Icebox,35,71,25,10,13,22,54%,178,154,59%,219,155,"[['jett', 'killjoy', 'sage', 'sova', 'viper'], ['chamber', 'kayo', 'sage', 'sova', 'viper'], ['chamber', 'jett', 'sage', 'sova', 'viper'], ['jett', 'killjoy', 'reyna', 'sova', 'viper'], ['jett', 'reyna', 'sage', 'sova', 'viper'], ['jett', 'kayo', 'sage', 'sova', 'viper'], ['jett', 'sage', 'skye', 'sova', 'viper'], ['jett', 'raze', 'sage', 'sova', 'viper'], ['jett', 'killjoy', 'omen', 'raze', 'sova'], ['jett', 'killjoy', 'omen', 'reyna', 'viper']]","[7, 5, 1, 4, 5, 1, 3, 1, 7, 1]"
Crazy Raccoon,CR,Breeze,11,82,9,2,5,6,63%,73,42,54%,63,53,"[['cypher', 'jett', 'kayo', 'sova', 'viper'], ['cypher', 'jett', 'reyna', 'sova', 'viper'], ['chamber', 'jett', 'kayo', 'sova', 'viper'], ['jett', 'sage', 'skye', 'sova', 'viper']]","[3, 1, 4, 3]"
Crazy Raccoon,CR,Fracture,9,44,4,5,5,4,54%,51,43,42%,38,52,"[['breach', 'brimstone', 'jett', 'killjoy', 'skye'], ['breach', 'brimstone', 'cypher', 'neon', 'raze'], ['breach', 'brimstone', 'fade', 'killjoy', 'raze'], ['breach', 'brimstone', 'fade', 'killjoy', 'neon'], ['astra', 'breach', 'chamber', 'jett', 'skye']]","[1, 4, 2, 1, 1]"
Crazy Raccoon,CR,Pearl,7,71,5,2,6,1,51%,41,39,50%,33,33,"[['harbor', 'jett', 'killjoy', 'skye', 'viper'], ['astra', 'jett', 'kayo', 'killjoy', 'sova']]","[5, 2]"
FENNEL,FL,Bind,27,67,18,9,18,9,58%,168,120,56%,141,110,"[['cypher', 'harbor', 'raze', 'skye', 'viper'], ['chamber', 'omen', 'raze', 'skye', 'viper'], ['astra', 'kayo', 'raze', 'sage', 'sova'], ['brimstone', 'raze', 'skye', 'sova', 'viper'], ['brimstone', 'kayo', 'raze', 'reyna', 'sova'], ['astra', 'raze', 'skye', 'sova', 'viper'], ['astra', 'cypher', 'raze', 'sage', 'sova'], ['omen', 'raze', 'skye', 'sova', 'viper'], ['cypher', 'jett', 'omen', 'raze', 'sova'], ['cypher', 'omen', 'phoenix', 'raze', 'sova']]","[1, 1, 1, 3, 6, 3, 1, 4, 6, 1]"
FENNEL,FL,Haven,33,61,20,13,18,15,60%,206,138,52%,169,157,"[['astra', 'breach', 'jett', 'killjoy', 'sova'], ['chamber', 'fade', 'kayo', 'omen', 'raze'], ['astra', 'breach', 'cypher', 'jett', 'sova'], ['astra', 'cypher', 'sage', 'skye', 'sova'], ['astra', 'jett', 'killjoy', 'phoenix', 'sova'], ['astra', 'jett', 'kayo', 'killjoy', 'sova'], ['astra', 'cypher', 'jett', 'raze', 'sova'], ['astra', 'killjoy', 'raze', 'sova', 'viper'], ['cypher', 'jett', 'omen', 'phoenix', 'sova'], ['jett', 'killjoy', 'omen', 'phoenix', 'sova']]","[16, 2, 1, 2, 1, 1, 2, 1, 6, 1]"
FENNEL,FL,Split,21,76,16,5,12,9,60%,131,89,60%,127,86,"[['astra', 'breach', 'cypher', 'raze', 'sage'], ['astra', 'breach', 'killjoy', 'raze', 'sage'], ['astra', 'breach', 'chamber', 'raze', 'sage'], ['astra', 'breach', 'killjoy', 'raze', 'viper'], ['astra', 'breach', 'jett', 'sage', 'viper'], ['astra', 'breach', 'jett', 'raze', 'sage'], ['cypher', 'omen', 'raze', 'reyna', 'skye'], ['killjoy', 'omen', 'raze', 'skye', 'viper'], ['cypher', 'jett', 'omen', 'raze', 'sage']]","[5, 4, 2, 3, 1, 1, 1, 2, 2]"
FENNEL,FL,Ascent,44,66,29,15,28,16,58%,269,197,57%,248,190,"[['astra', 'jett', 'kayo', 'killjoy', 'sova'], ['chamber', 'fade', 'kayo', 'omen', 'raze'], ['breach', 'chamber', 'omen', 'raze', 'sova'], ['astra', 'jett', 'killjoy', 'phoenix', 'sova'], ['astra', 'jett', 'killjoy', 'skye', 'sova'], ['astra', 'cypher', 'raze', 'sova', 'viper'], ['cypher', 'omen', 'raze', 'sova', 'viper'], ['cypher', 'jett', 'omen', 'reyna', 'sova'], ['cypher', 'jett', 'omen', 'raze', 'sova'], ['jett', 'killjoy', 'omen', 'phoenix', 'sova'], ['brimstone', 'jett', 'killjoy', 'phoenix', 'sova']]","[18, 1, 1, 4, 2, 1, 2, 8, 1, 3, 2]"
FENNEL,FL,Icebox,11,55,6,5,5,6,50%,61,61,50%,58,57,"[['killjoy', 'omen', 'sage', 'sova', 'viper'], ['kayo', 'killjoy', 'omen', 'sova', 'viper'], ['chamber', 'fade', 'raze', 'sage', 'viper'], ['jett', 'killjoy', 'skye', 'sova', 'viper'], ['jett', 'reyna', 'sage', 'sova', 'viper'], ['raze', 'reyna', 'sage', 'sova', 'viper']]","[2, 2, 2, 1, 2, 1]"
FENNEL,FL,Breeze,5,60,3,2,4,1,55%,30,25,52%,17,16,"[['cypher', 'jett', 'kayo', 'sova', 'viper'], ['chamber', 'cypher', 'kayo', 'sova', 'viper'], ['cypher', 'jett', 'skye', 'sova', 'viper']]","[2, 2, 1]"
FENNEL,FL,Fracture,12,42,5,7,7,5,51%,64,62,45%,51,63,"[['cypher', 'fade', 'omen', 'raze', 'viper'], ['breach', 'brimstone', 'cypher', 'neon', 'raze'], ['fade', 'killjoy', 'omen', 'raze', 'viper'], ['breach', 'cypher', 'kayo', 'omen', 'raze'], ['astra', 'breach', 'cypher', 'raze', 'sage']]","[2, 1, 2, 5, 2]"
FENNEL,FL,Pearl,12,67,8,4,6,6,59%,71,50,54%,74,63,"[['astra', 'gekko', 'jett', 'kayo', 'killjoy'], ['astra', 'breach', 'killjoy', 'neon', 'skye'], ['astra', 'jett', 'kayo', 'sova', 'viper'], ['astra', 'breach', 'jett', 'killjoy', 'skye'], ['astra', 'breach', 'fade', 'killjoy', 'neon']]","[4, 2, 1, 1, 4]"
FENNEL,FL,Lotus,6,33,2,4,5,1,46%,31,37,46%,24,28,"[['kayo', 'killjoy', 'omen', 'skye', 'viper'], ['fade', 'kayo', 'killjoy', 'omen', 'viper'], ['breach', 'kayo', 'killjoy', 'omen', 'raze']]","[1, 3, 2]"
Leviatán,LEV,Bind,21,43,9,12,7,14,46%,95,113,56%,131,105,"[['harbor', 'raze', 'sage', 'skye', 'viper'], ['breach', 'cypher', 'jett', 'omen', 'skye'], ['breach', 'brimstone', 'cypher', 'jett', 'skye'], ['brimstone', 'fade', 'raze', 'skye', 'viper'], ['brimstone', 'chamber', 'raze', 'skye', 'viper'], ['brimstone', 'raze', 'sage', 'skye', 'viper'], ['astra', 'raze', 'skye', 'sova', 'viper'], ['jett', 'omen', 'sage', 'skye', 'viper'], ['cypher', 'jett', 'omen', 'raze', 'sova'], ['brimstone', 'cypher', 'jett', 'raze', 'sova'], ['jett', 'omen', 'phoenix', 'raze', 'sova']]","[1, 1, 1, 2, 6, 1, 2, 2, 2, 1, 2]"
Leviatán,LEV,Haven,36,53,19,17,13,23,57%,214,163,43%,175,230,"[['harbor', 'jett', 'killjoy', 'skye', 'viper'], ['breach', 'jett', 'killjoy', 'omen', 'sova'], ['breach', 'fade', 'killjoy', 'omen', 'raze'], ['breach', 'cypher', 'jett', 'omen', 'sova'], ['breach', 'chamber', 'fade', 'omen', 'raze'], ['breach', 'chamber', 'neon', 'omen', 'skye'], ['chamber', 'kayo', 'neon', 'omen', 'skye'], ['astra', 'breach', 'cypher', 'jett', 'sova'], ['cypher', 'jett', 'omen', 'phoenix', 'reyna'], ['astra', 'raze', 'sage', 'skye', 'viper'], ['cypher', 'jett', 'omen', 'phoenix', 'sova'], ['cypher', 'jett', 'omen', 'raze', 'sova']]","[1, 7, 1, 1, 9, 2, 1, 4, 1, 1, 6, 2]"
Leviatán,LEV,Split,15,40,6,9,3,12,46%,67,80,54%,89,75,"[['astra', 'jett', 'raze', 'skye', 'viper'], ['astra', 'breach', 'chamber', 'kayo', 'neon'], ['cypher', 'jett', 'omen', 'raze', 'sage'], ['jett', 'killjoy', 'omen', 'raze', 'skye'], ['breach', 'jett', 'killjoy', 'omen', 'raze'], ['breach', 'killjoy', 'omen', 'raze', 'sage'], ['jett', 'killjoy', 'omen', 'raze', 'sage']]","[4, 4, 3, 1, 1, 1, 1]"
Leviatán,LEV,Ascent,39,56,22,17,20,19,48%,182,196,60%,252,170,"[['jett', 'kayo', 'killjoy', 'omen', 'sova'], ['astra', 'cypher', 'jett', 'kayo', 'sova'], ['astra', 'chamber', 'fade', 'kayo', 'sova'], ['chamber', 'kayo', 'neon', 'omen', 'sova'], ['astra', 'jett', 'kayo', 'killjoy', 'sova'], ['brimstone', 'jett', 'reyna', 'sage', 'sova'], ['astra', 'jett', 'killjoy', 'sage', 'skye'], ['astra', 'jett', 'killjoy', 'raze', 'sova'], ['jett', 'killjoy', 'omen', 'raze', 'sova'], ['cypher', 'jett', 'omen', 'raze', 'sova']]","[13, 1, 8, 3, 2, 1, 1, 1, 8, 1]"
Leviatán,LEV,Icebox,15,67,10,5,1,14,52%,63,59,56%,101,79,"[['harbor', 'jett', 'killjoy', 'sova', 'viper'], ['chamber', 'kayo', 'sage', 'sova', 'viper'], ['jett', 'killjoy', 'sage', 'sova', 'viper'], ['jett', 'reyna', 'sage', 'sova', 'viper'], ['jett', 'omen', 'raze', 'sage', 'sova'], ['killjoy', 'raze', 'reyna', 'sage', 'viper']]","[3, 7, 1, 1, 1, 2]"
Leviatán,LEV,Breeze,13,54,7,6,6,7,59%,80,56,51%,65,63,"[['cypher', 'jett', 'kayo', 'sova', 'viper'], ['chamber', 'kayo', 'skye', 'sova', 'viper'], ['chamber', 'kayo', 'neon', 'sova', 'viper'], ['chamber', 'jett', 'kayo', 'sova', 'viper'], ['jett', 'reyna', 'sage', 'sova', 'viper']]","[2, 4, 2, 4, 1]"
Leviatán,LEV,Fracture,6,50,3,3,0,6,56%,24,19,45%,33,40,"[['breach', 'brimstone', 'killjoy', 'raze', 'viper'], ['breach', 'brimstone', 'chamber', 'raze', 'sage'], ['breach', 'brimstone', 'chamber', 'kayo', 'neon'], ['breach', 'brimstone', 'cypher', 'jett', 'raze']]","[1, 1, 2, 2]"
Leviatán,LEV,Pearl,8,100,8,0,0,8,65%,52,28,57%,59,44,"[['harbor', 'jett', 'killjoy', 'skye', 'viper'], ['astra', 'jett', 'killjoy', 'skye', 'viper']]","[6, 2]"
Leviatán,LEV,Lotus,4,50,2,2,1,3,64%,23,13,44%,21,27,"[['killjoy', 'omen', 'raze', 'skye', 'viper'], ['jett', 'killjoy', 'omen', 'skye', 'viper']]","[2, 2]"
9z Team,9z,Bind,55,51,28,27,27,27,52%,288,261,49%,278,288,"[['harbor', 'kayo', 'raze', 'sage', 'viper'], ['fade', 'kayo', 'omen', 'raze', 'viper'], ['fade', 'omen', 'raze', 'skye', 'viper'], ['breach', 'brimstone', 'fade', 'raze', 'viper'], ['brimstone', 'chamber', 'raze', 'skye', 'viper'], ['breach', 'brimstone', 'raze', 'skye', 'viper'], ['breach', 'brimstone', 'chamber', 'raze', 'skye'], ['breach', 'brimstone', 'raze', 'sage', 'sova'], ['astra', 'chamber', 'raze', 'skye', 'viper'], ['astra', 'raze', 'sage', 'skye', 'viper'], ['astra', 'jett', 'raze', 'skye', 'viper'], ['brimstone', 'raze', 'sage', 'skye', 'viper'], ['brimstone', 'raze', 'skye', 'sova', 'viper'], ['astra', 'raze', 'skye', 'sova', 'viper'], ['astra', 'cypher', 'raze', 'skye', 'sova'], ['cypher', 'jett', 'omen', 'raze', 'sova'], ['breach', 'brimstone', 'cypher', 'jett', 'sova'], ['cypher', 'jett', 'omen', 'raze', 'sage'], ['cypher', 'omen', 'phoenix', 'raze', 'sova']]","[1, 2, 1, 4, 2, 1, 2, 1, 1, 1, 2, 3, 5, 2, 1, 19, 1, 1, 4]"
9z Team,9z,Haven,69,61,42,27,42,26,57%,433,332,53%,362,319,"[['chamber', 'kayo', 'omen', 'raze', 'skye'], ['astra', 'chamber', 'raze', 'skye', 'viper'], ['breach', 'chamber', 'fade', 'omen', 'raze'], ['astra', 'breach', 'chamber', 'fade', 'raze'], ['breach', 'jett', 'killjoy', 'omen', 'sova'], ['astra', 'breach', 'jett', 'killjoy', 'sova'], ['astra', 'jett', 'kayo', 'killjoy', 'sova'], ['phoenix', 'sage', 'sova', 'viper', 'yoru'], ['astra', 'killjoy', 'phoenix', 'raze', 'sage'], ['astra', 'breach', 'cypher', 'jett', 'sova'], ['breach', 'cypher', 'jett', 'omen', 'skye'], ['astra', 'jett', 'killjoy', 'sage', 'skye'], ['astra', 'cypher', 'phoenix', 'raze', 'sova'], ['astra', 'cypher', 'raze', 'skye', 'sova'], ['cypher', 'jett', 'omen', 'raze', 'sova'], ['breach', 'brimstone', 'cypher', 'jett', 'sova'], ['cypher', 'omen', 'phoenix', 'raze', 'sova'], ['cypher', 'jett', 'omen', 'phoenix', 'sova'], ['cypher', 'jett', 'omen', 'reyna', 'sova'], ['breach', 'cypher', 'jett', 'omen', 'sova']]","[2, 9, 8, 2, 4, 4, 1, 1, 1, 2, 2, 2, 3, 3, 12, 1, 2, 2, 4, 3]"
9z Team,9z,Split,28,46,13,15,12,15,45%,130,159,52%,139,127,"[['astra', 'breach', 'cypher', 'kayo', 'raze'], ['astra', 'breach', 'cypher', 'kayo', 'neon'], ['cypher', 'omen', 'raze', 'sage', 'skye'], ['breach', 'chamber', 'omen', 'raze', 'skye'], ['astra', 'chamber', 'raze', 'skye', 'viper'], ['astra', 'jett', 'killjoy', 'raze', 'skye'], ['astra', 'breach', 'cypher', 'jett', 'kayo'], ['astra', 'jett', 'killjoy', 'sage', 'skye'], ['astra', 'cypher', 'omen', 'raze', 'sova'], ['astra', 'breach', 'raze', 'skye', 'viper'], ['breach', 'cypher', 'omen', 'raze', 'sage'], ['breach', 'killjoy', 'omen', 'raze', 'sage'], ['breach', 'cypher', 'jett', 'omen', 'raze'], ['cypher', 'jett', 'omen', 'raze', 'sova'], ['jett', 'killjoy', 'omen', 'raze', 'sova'], ['cypher', 'omen', 'raze', 'reyna', 'sova']]","[1, 6, 2, 1, 1, 1, 1, 1, 1, 2, 2, 2, 1, 2, 1, 2]"
9z Team,9z,Ascent,60,55,33,27,22,37,50%,272,277,52%,325,299,"[['astra', 'chamber', 'raze', 'skye', 'viper'], ['jett', 'kayo', 'killjoy', 'omen', 'sova'], ['chamber', 'fade', 'kayo', 'omen', 'raze'], ['chamber', 'kayo', 'omen', 'sage', 'sova'], ['jett', 'killjoy', 'omen', 'reyna', 'sova'], ['astra', 'jett', 'kayo', 'killjoy', 'sova'], ['astra', 'jett', 'killjoy', 'phoenix', 'sage'], ['astra', 'killjoy', 'phoenix', 'raze', 'sage'], ['astra', 'breach', 'jett', 'killjoy', 'sova'], ['breach', 'jett', 'killjoy', 'omen', 'sova'], ['astra', 'killjoy', 'phoenix', 'raze', 'sova'], ['omen', 'phoenix', 'sage', 'sova', 'viper'], ['astra', 'raze', 'skye', 'sova', 'viper'], ['cypher', 'jett', 'omen', 'raze', 'sova'], ['jett', 'killjoy', 'omen', 'raze', 'sova'], ['killjoy', 'omen', 'raze', 'sage', 'sova'], ['cypher', 'jett', 'omen', 'reyna', 'sova'], ['cypher', 'jett', 'omen', 'sage', 'sova'], ['cypher', 'omen', 'raze', 'sage', 'sova'], ['cypher', 'jett', 'omen', 'phoenix', 'sova']]","[3, 3, 1, 3, 3, 6, 1, 1, 1, 3, 1, 1, 1, 12, 7, 3, 1, 1, 1, 6]"
9z Team,9z,Icebox,13,54,7,6,5,8,53%,71,62,52%,71,65,"[['jett', 'killjoy', 'sage', 'sova', 'viper'], ['chamber', 'jett', 'sage', 'sova', 'viper'], ['jett', 'omen', 'sage', 'sova', 'viper'], ['jett', 'reyna', 'sage', 'sova', 'viper'], ['omen', 'raze', 'reyna', 'sage', 'sova'], ['cypher', 'jett', 'omen', 'raze', 'sova']]","[4, 2, 3, 1, 2, 1]"
9z Team,9z,Breeze,5,60,3,2,2,3,60%,27,18,41%,21,30,"[['cypher', 'jett', 'skye', 'sova', 'viper'], ['chamber', 'kayo', 'skye', 'sova', 'viper'], ['chamber', 'fade', 'kayo', 'sova', 'viper']]","[3, 1, 1]"
9z Team,9z,Fracture,7,100,7,0,5,2,70%,55,24,59%,41,28,"[['breach', 'cypher', 'omen', 'raze', 'skye'], ['breach', 'brimstone', 'cypher', 'raze', 'skye'], ['breach', 'brimstone', 'killjoy', 'raze', 'viper'], ['breach', 'brimstone', 'chamber', 'raze', 'sage']]","[2, 1, 2, 2]"
9z Team,9z,Pearl,8,75,6,2,5,3,71%,55,23,56%,43,34,"[['astra', 'jett', 'killjoy', 'skye', 'viper']]",[8]
All Knights,AK,Bind,6,33,2,4,0,4,54%,22,19,48%,23,25,"[['brimstone', 'raze', 'sage', 'skye', 'viper'], ['brimstone', 'fade', 'raze', 'skye', 'viper']]","[3, 1]"
All Knights,AK,Haven,11,45,5,6,6,3,52%,45,42,46%,36,42,"[['astra', 'breach', 'jett', 'killjoy', 'sova'], ['breach', 'fade', 'killjoy', 'omen', 'raze'], ['breach', 'jett', 'killjoy', 'omen', 'sova']]","[4, 4, 1]"
All Knights,AK,Split,3,67,2,1,2,1,53%,16,14,53%,16,14,"[['astra', 'chamber', 'raze', 'skye', 'viper'], ['breach', 'cypher', 'jett', 'omen', 'raze']]","[2, 1]"
All Knights,AK,Ascent,7,43,3,4,4,1,43%,23,31,35%,17,32,"[['jett', 'kayo', 'killjoy', 'omen', 'sova'], ['fade', 'jett', 'kayo', 'killjoy', 'omen'], ['astra', 'jett', 'kayo', 'killjoy', 'sova']]","[3, 1, 1]"
All Knights,AK,Icebox,3,33,1,2,0,3,22%,4,14,53%,19,17,"[['harbor', 'jett', 'killjoy', 'sova', 'viper']]",[3]
All Knights,AK,Fracture,3,80,0,3,3,0,31%,11,25,18%,3,14,"[['breach', 'brimstone', 'killjoy', 'raze', 'viper'], ['breach', 'brimstone', 'kayo', 'killjoy', 'neon']]","[1, 2]"
All Knights,AK,Pearl,5,100,4,1,4,1,67%,43,21,47%,24,27,"[['astra', 'cypher', 'jett', 'skye', 'viper'], ['astra', 'cypher', 'fade', 'kayo', 'neon']]","[1, 4]"
All Knights,AK,Lotus,5,0,5,0,1,4,74%,35,12,57%,32,24,"[['jett', 'killjoy', 'omen', 'skye', 'viper'], ['breach', 'jett', 'killjoy', 'omen', 'sova']]","[3, 2]"
OXEN,No alias,Bind,7,71,5,2,4,3,64%,47,27,52%,40,37,"[['astra', 'gekko', 'raze', 'skye', 'viper'], ['brimstone', 'chamber', 'raze', 'skye', 'viper'], ['astra', 'fade', 'raze', 'skye', 'viper']]","[1, 4, 2]"
OXEN,No alias,Haven,9,56,5,4,2,7,51%,54,51,50%,59,60,"[['breach', 'jett', 'killjoy', 'omen', 'sova'], ['breach', 'chamber', 'neon', 'omen', 'skye']]","[2, 7]"
OXEN,No alias,Split,4,100,4,0,4,0,73%,35,13,61%,20,13,"[['astra', 'chamber', 'raze', 'skye', 'viper']]",[4]
OXEN,No alias,Ascent,8,63,5,3,2,6,46%,33,39,61%,50,32,"[['astra', 'jett', 'kayo', 'killjoy', 'sova'], ['fade', 'jett', 'kayo', 'omen', 'sage'], ['fade', 'jett', 'kayo', 'killjoy', 'omen']]","[2, 4, 2]"
OXEN,No alias,Icebox,2,0,0,2,2,0,38%,9,15,45%,9,11,"[['chamber', 'jett', 'sage', 'sova', 'viper'], ['chamber', 'fade', 'kayo', 'sage', 'viper']]","[1, 1]"
OXEN,No alias,Breeze,1,100,1,0,1,0,42%,5,7,67%,8,4,"[['cypher', 'jett', 'kayo', 'sova', 'viper']]",[1]
OXEN,No alias,Fracture,2,100,2,0,2,0,75%,18,6,67%,8,4,"[['breach', 'brimstone', 'cypher', 'raze', 'skye'], ['breach', 'brimstone', 'chamber', 'kayo', 'neon']]","[1, 1]"
OXEN,No alias,Pearl,3,67,2,1,1,2,54%,19,16,47%,16,18,"[['astra', 'jett', 'killjoy', 'skye', 'viper'], ['astra', 'fade', 'killjoy', 'raze', 'viper']]","[1, 2]"
INFINITY,INF,Bind,37,70,26,11,15,22,55%,197,161,54%,213,180,"[['brimstone', 'cypher', 'raze', 'skye', 'viper'], ['astra', 'chamber', 'fade', 'raze', 'skye'], ['brimstone', 'chamber', 'raze', 'sova', 'viper'], ['astra', 'raze', 'skye', 'sova', 'viper'], ['brimstone', 'kayo', 'raze', 'skye', 'viper'], ['brimstone', 'raze', 'sage', 'skye', 'viper'], ['brimstone', 'raze', 'skye', 'sova', 'viper'], ['brimstone', 'cypher', 'raze', 'skye', 'sova'], ['cypher', 'omen', 'phoenix', 'raze', 'sova'], ['breach', 'cypher', 'omen', 'raze', 'sova'], ['cypher', 'omen', 'raze', 'sage', 'sova'], ['killjoy', 'omen', 'phoenix', 'raze', 'sova'], ['killjoy', 'omen', 'raze', 'reyna', 'sova'], ['brimstone', 'phoenix', 'raze', 'sova', 'viper'], ['brimstone', 'cypher', 'phoenix', 'sage', 'sova']]","[1, 1, 1, 5, 1, 1, 3, 2, 1, 2, 5, 6, 1, 1, 6]"
INFINITY,INF,Haven,45,67,30,15,31,14,61%,303,196,52%,226,210,"[['breach', 'jett', 'killjoy', 'omen', 'sova'], ['jett', 'killjoy', 'omen', 'skye', 'viper'], ['cypher', 'jett', 'omen', 'skye', 'sova'], ['astra', 'cypher', 'jett', 'skye', 'sova'], ['jett', 'kayo', 'killjoy', 'omen', 'sova'], ['astra', 'killjoy', 'phoenix', 'sage', 'sova'], ['breach', 'brimstone', 'killjoy', 'raze', 'sova'], ['killjoy', 'omen', 'raze', 'sage', 'sova'], ['jett', 'killjoy', 'omen', 'sage', 'sova'], ['breach', 'killjoy', 'omen', 'phoenix', 'sage'], ['cypher', 'jett', 'omen', 'phoenix', 'sova'], ['jett', 'killjoy', 'omen', 'phoenix', 'sova'], ['breach', 'killjoy', 'omen', 'phoenix', 'sova'], ['breach', 'brimstone', 'cypher', 'phoenix', 'sova'], ['cypher', 'omen', 'phoenix', 'raze', 'sova']]","[9, 2, 1, 4, 1, 3, 10, 1, 1, 1, 1, 7, 2, 2, 1]"
INFINITY,INF,Split,29,59,17,12,16,13,50%,147,148,57%,163,125,"[['harbor', 'jett', 'killjoy', 'skye', 'viper'], ['breach', 'chamber', 'fade', 'omen', 'raze'], ['astra', 'breach', 'cypher', 'jett', 'sage'], ['astra', 'jett', 'raze', 'skye', 'viper'], ['astra', 'breach', 'cypher', 'raze', 'sage'], ['astra', 'kayo', 'killjoy', 'raze', 'sage'], ['astra', 'jett', 'killjoy', 'raze', 'sage'], ['astra', 'breach', 'killjoy', 'raze', 'sage'], ['breach', 'killjoy', 'omen', 'raze', 'sage'], ['killjoy', 'omen', 'raze', 'reyna', 'sage'], ['breach', 'killjoy', 'omen', 'raze', 'viper'], ['breach', 'cypher', 'killjoy', 'omen', 'raze'], ['breach', 'cypher', 'omen', 'raze', 'sage'], ['brimstone', 'cypher', 'phoenix', 'raze', 'sage']]","[4, 1, 1, 1, 1, 2, 1, 2, 3, 1, 9, 1, 1, 1]"
INFINITY,INF,Ascent,42,69,29,13,21,21,57%,240,183,56%,243,194,"[['jett', 'kayo', 'killjoy', 'omen', 'sova'], ['chamber', 'fade', 'kayo', 'omen', 'sage'], ['astra', 'jett', 'kayo', 'killjoy', 'sova'], ['astra', 'jett', 'killjoy', 'phoenix', 'sova'], ['astra', 'breach', 'cypher', 'sova', 'yoru'], ['astra', 'breach', 'killjoy', 'raze', 'sova'], ['astra', 'skye', 'sova', 'viper', 'yoru'], ['breach', 'cypher', 'omen', 'raze', 'sova'], ['jett', 'killjoy', 'omen', 'phoenix', 'sova'], ['cypher', 'omen', 'raze', 'sage', 'sova'], ['breach', 'cypher', 'omen', 'raze', 'sage'], ['cypher', 'jett', 'omen', 'sage', 'sova'], ['breach', 'cypher', 'jett', 'omen', 'raze'], ['cypher', 'jett', 'omen', 'reyna', 'sova'], ['jett', 'killjoy', 'omen', 'reyna', 'sova'], ['breach', 'cypher', 'omen', 'reyna', 'sova'], ['killjoy', 'omen', 'reyna', 'sage', 'sova'], ['cypher', 'omen', 'reyna', 'sage', 'sova']]","[8, 2, 4, 1, 1, 1, 2, 1, 2, 5, 1, 1, 1, 3, 3, 1, 1, 4]"
INFINITY,INF,Icebox,22,64,14,8,8,14,53%,121,107,54%,130,110,"[['harbor', 'jett', 'killjoy', 'sova', 'viper'], ['jett', 'killjoy', 'sage', 'sova', 'viper'], ['chamber', 'killjoy', 'sage', 'sova', 'viper'], ['chamber', 'jett', 'kayo', 'sova', 'viper'], ['jett', 'reyna', 'sage', 'sova', 'viper'], ['jett', 'sage', 'skye', 'sova', 'viper'], ['jett', 'killjoy', 'omen', 'sage', 'sova'], ['killjoy', 'omen', 'raze', 'sage', 'sova'], ['breach', 'jett', 'killjoy', 'omen', 'sage'], ['jett', 'killjoy', 'raze', 'skye', 'viper']]","[4, 1, 1, 1, 6, 2, 4, 1, 1, 1]"
INFINITY,INF,Breeze,5,60,3,2,2,3,57%,32,24,50%,26,26,"[['cypher', 'jett', 'reyna', 'sova', 'viper'], ['cypher', 'jett', 'skye', 'sova', 'viper'], ['jett', 'omen', 'sage', 'skye', 'viper']]","[2, 1, 2]"
INFINITY,INF,Fracture,7,43,3,4,0,7,61%,30,19,40%,34,50,"[['breach', 'brimstone', 'cypher', 'raze', 'viper'], ['breach', 'brimstone', 'killjoy', 'raze', 'viper'], ['astra', 'breach', 'chamber', 'raze', 'viper']]","[1, 5, 1]"
INFINITY,INF,Pearl,7,14,1,6,5,2,33%,26,53,37%,23,40,"[['astra', 'jett', 'kayo', 'killjoy', 'sova'], ['harbor', 'jett', 'killjoy', 'skye', 'viper'], ['astra', 'jett', 'killjoy', 'skye', 'viper'], ['astra', 'fade', 'jett', 'kayo', 'killjoy']]","[2, 3, 1, 1]"
INFINITY,INF,Lotus,1,0,0,1,1,0,43%,6,8,50%,7,7,"[['astra', 'fade', 'killjoy', 'raze', 'viper']]",[1]
FUSION,FS,Bind,11,64,7,4,5,6,51%,54,52,55%,59,49,"[['breach', 'brimstone', 'fade', 'raze', 'viper'], ['brimstone', 'chamber', 'fade', 'raze', 'skye'], ['brimstone', 'chamber', 'raze', 'skye', 'viper'], ['astra', 'raze', 'skye', 'sova', 'viper'], ['astra', 'jett', 'raze', 'skye', 'viper']]","[1, 2, 5, 2, 1]"
FUSION,FS,Haven,14,71,10,4,8,6,52%,80,73,54%,73,63,"[['breach', 'neon', 'omen', 'sage', 'viper'], ['astra', 'breach', 'jett', 'killjoy', 'sova'], ['breach', 'jett', 'killjoy', 'omen', 'sova'], ['chamber', 'fade', 'jett', 'omen', 'skye'], ['breach', 'brimstone', 'chamber', 'jett', 'kayo'], ['astra', 'jett', 'killjoy', 'skye', 'sova']]","[5, 3, 1, 2, 1, 2]"
FUSION,FS,Split,13,54,7,6,10,3,50%,70,70,50%,57,58,"[['killjoy', 'omen', 'raze', 'skye', 'viper'], ['astra', 'chamber', 'raze', 'skye', 'viper'], ['astra', 'cypher', 'jett', 'sage', 'skye']]","[5, 1, 7]"
FUSION,FS,Ascent,19,63,12,7,7,12,57%,108,83,55%,109,90,"[['jett', 'killjoy', 'omen', 'sova', 'viper'], ['jett', 'kayo', 'killjoy', 'omen', 'sova'], ['harbor', 'jett', 'killjoy', 'phoenix', 'skye'], ['chamber', 'fade', 'jett', 'kayo', 'omen'], ['chamber', 'fade', 'kayo', 'omen', 'raze'], ['fade', 'jett', 'kayo', 'killjoy', 'omen'], ['astra', 'jett', 'kayo', 'killjoy', 'sova'], ['astra', 'cypher', 'jett', 'reyna', 'sova']]","[2, 4, 1, 5, 2, 1, 1, 3]"
FUSION,FS,Icebox,9,44,4,5,7,2,47%,45,51,48%,38,41,"[['jett', 'omen', 'sage', 'sova', 'viper'], ['harbor', 'jett', 'killjoy', 'omen', 'skye'], ['chamber', 'jett', 'kayo', 'sova', 'viper'], ['chamber', 'killjoy', 'sage', 'sova', 'viper'], ['chamber', 'jett', 'reyna', 'sova', 'viper'], ['chamber', 'fade', 'jett', 'omen', 'viper'], ['brimstone', 'chamber', 'jett', 'kayo', 'sova']]","[1, 1, 1, 2, 1, 1, 2]"
FUSION,FS,Breeze,5,40,2,3,4,1,44%,25,32,51%,27,26,"[['chamber', 'jett', 'kayo', 'sova', 'viper'], ['chamber', 'jett', 'reyna', 'sova', 'viper'], ['chamber', 'jett', 'skye', 'sova', 'viper']]","[2, 2, 1]"
FUSION,FS,Fracture,16,69,11,5,8,8,57%,96,71,51%,83,79,"[['breach', 'brimstone', 'fade', 'killjoy', 'raze'], ['harbor', 'jett', 'killjoy', 'raze', 'skye'], ['breach', 'brimstone', 'chamber', 'raze', 'sage'], ['breach', 'brimstone', 'chamber', 'kayo', 'neon'], ['breach', 'brimstone', 'chamber', 'jett', 'viper'], ['astra', 'breach', 'chamber', 'raze', 'viper']]","[8, 2, 1, 1, 1, 3]"
FUSION,FS,Pearl,2,0,0,2,0,2,41%,9,13,46%,11,13,"[['astra', 'jett', 'killjoy', 'skye', 'viper'], ['fade', 'harbor', 'kayo', 'raze', 'viper']]","[1, 1]"
FUSION,FS,Lotus,6,100,6,0,2,4,69%,36,16,72%,44,17,"[['killjoy', 'omen', 'raze', 'skye', 'viper'], ['breach', 'killjoy', 'omen', 'raze', 'sova']]","[1, 5]"
Six Karma,6K,Bind,32,69,22,10,14,18,58%,177,130,61%,201,130,"[['astra', 'cypher', 'raze', 'skye', 'viper'], ['brimstone', 'cypher', 'raze', 'sage', 'skye'], ['brimstone', 'raze', 'sage', 'skye', 'viper'], ['brimstone', 'chamber', 'raze', 'sova', 'viper'], ['astra', 'chamber', 'raze', 'sova', 'viper'], ['astra', 'raze', 'reyna', 'sova', 'viper'], ['omen', 'raze', 'skye', 'sova', 'viper'], ['kayo', 'omen', 'raze', 'sova', 'viper'], ['astra', 'phoenix', 'raze', 'sova', 'viper'], ['astra', 'cypher', 'phoenix', 'raze', 'sova'], ['astra', 'cypher', 'jett', 'raze', 'sova'], ['brimstone', 'cypher', 'phoenix', 'raze', 'sova'], ['breach', 'brimstone', 'cypher', 'jett', 'sova'], ['brimstone', 'cypher', 'raze', 'sage', 'sova']]","[2, 1, 2, 1, 4, 4, 2, 2, 2, 3, 3, 2, 3, 1]"
Six Karma,6K,Haven,34,44,15,19,16,18,49%,164,171,49%,171,178,"[['breach', 'jett', 'killjoy', 'omen', 'sova'], ['cypher', 'jett', 'omen', 'phoenix', 'sova'], ['astra', 'breach', 'chamber', 'fade', 'raze'], ['breach', 'chamber', 'fade', 'jett', 'omen'], ['breach', 'chamber', 'jett', 'omen', 'skye'], ['chamber', 'jett', 'kayo', 'omen', 'sova'], ['astra', 'jett', 'killjoy', 'reyna', 'sova'], ['astra', 'cypher', 'jett', 'skye', 'sova'], ['cypher', 'jett', 'kayo', 'omen', 'sova'], ['astra', 'cypher', 'jett', 'phoenix', 'sova'], ['astra', 'cypher', 'phoenix', 'raze', 'sova'], ['breach', 'cypher', 'jett', 'omen', 'sova'], ['breach', 'brimstone', 'cypher', 'jett', 'sova']]","[8, 6, 2, 2, 2, 1, 1, 2, 1, 4, 1, 2, 2]"
Six Karma,6K,Split,21,57,12,9,8,13,51%,109,105,53%,120,105,"[['astra', 'gekko', 'raze', 'skye', 'viper'], ['astra', 'killjoy', 'raze', 'skye', 'viper'], ['astra', 'cypher', 'raze', 'sage', 'skye'], ['breach', 'chamber', 'omen', 'raze', 'skye'], ['astra', 'chamber', 'raze', 'skye', 'viper'], ['astra', 'chamber', 'cypher', 'raze', 'skye'], ['astra', 'jett', 'raze', 'sage', 'viper'], ['jett', 'killjoy', 'omen', 'raze', 'sage'], ['astra', 'jett', 'raze', 'skye', 'viper'], ['astra', 'breach', 'cypher', 'jett', 'raze'], ['breach', 'brimstone', 'cypher', 'jett', 'raze']]","[2, 2, 2, 2, 1, 1, 3, 1, 2, 1, 4]"
Six Karma,6K,Ascent,28,61,17,11,16,12,49%,150,157,59%,170,120,"[['jett', 'kayo', 'killjoy', 'omen', 'sova'], ['chamber', 'jett', 'kayo', 'omen', 'sova'], ['astra', 'jett', 'kayo', 'killjoy', 'sova'], ['astra', 'jett', 'killjoy', 'reyna', 'sova'], ['astra', 'jett', 'killjoy', 'phoenix', 'sova'], ['astra', 'jett', 'killjoy', 'raze', 'sova'], ['breach', 'brimstone', 'cypher', 'jett', 'sova'], ['cypher', 'omen', 'raze', 'sage', 'sova'], ['breach', 'cypher', 'jett', 'omen', 'sova']]","[9, 1, 3, 2, 1, 6, 4, 1, 1]"
Six Karma,6K,Icebox,17,65,11,6,9,8,58%,97,71,55%,88,72,"[['jett', 'killjoy', 'sage', 'sova', 'viper'], ['jett', 'kayo', 'sage', 'sova', 'viper'], ['jett', 'raze', 'sage', 'sova', 'viper'], ['jett', 'killjoy', 'omen', 'sage', 'sova']]","[4, 1, 4, 8]"
Six Karma,6K,Breeze,7,57,4,3,2,5,50%,36,36,46%,37,43,"[['chamber', 'jett', 'kayo', 'sova', 'viper'], ['cypher', 'jett', 'reyna', 'sova', 'viper'], ['cypher', 'jett', 'skye', 'sova', 'viper']]","[3, 2, 2]"
Six Karma,6K,Fracture,9,22,2,7,1,8,51%,41,39,36%,39,68,"[['breach', 'brimstone', 'jett', 'killjoy', 'skye'], ['brimstone', 'harbor', 'killjoy', 'raze', 'skye'], ['breach', 'brimstone', 'cypher', 'raze', 'viper'], ['breach', 'brimstone', 'cypher', 'fade', 'neon'], ['breach', 'brimstone', 'cypher', 'kayo', 'neon'], ['breach', 'brimstone', 'chamber', 'raze', 'sage']]","[1, 1, 3, 1, 2, 1]"
Six Karma,6K,Pearl,9,78,7,2,3,6,62%,52,32,59%,53,37,"[['astra', 'jett', 'kayo', 'killjoy', 'sova']]",[9]
Six Karma,6K,Lotus,7,29,2,5,6,1,46%,36,43,38%,22,36,"[['gekko', 'omen', 'raze', 'skye', 'viper'], ['breach', 'cypher', 'neon', 'omen', 'skye'], ['jett', 'killjoy', 'omen', 'skye', 'viper']]","[4, 2, 1]"
Chivas Esports,CHI,Bind,7,86,6,1,3,4,58%,35,25,67%,56,27,"[['brimstone', 'raze', 'sage', 'skye', 'viper'], ['breach', 'brimstone', 'fade', 'killjoy', 'raze']]","[6, 1]"
Chivas Esports,CHI,Haven,8,50,4,4,5,3,52%,43,39,46%,32,38,"[['breach', 'neon', 'omen', 'sage', 'viper'], ['breach', 'fade', 'killjoy', 'neon', 'omen'], ['brimstone', 'cypher', 'jett', 'raze', 'sova'], ['cypher', 'jett', 'killjoy', 'omen', 'sova'], ['cypher', 'omen', 'reyna', 'sage', 'sova']]","[1, 4, 1, 1, 1]"
Chivas Esports,CHI,Split,4,50,2,2,3,1,47%,22,25,43%,15,20,"[['astra', 'breach', 'jett', 'raze', 'viper'], ['astra', 'breach', 'jett', 'neon', 'viper']]","[2, 2]"
Chivas Esports,CHI,Ascent,10,60,6,4,6,4,53%,54,48,60%,62,41,"[['jett', 'kayo', 'killjoy', 'omen', 'sova'], ['astra', 'jett', 'kayo', 'killjoy', 'sova'], ['cypher', 'jett', 'killjoy', 'omen', 'skye'], ['cypher', 'jett', 'killjoy', 'omen', 'sova']]","[1, 7, 1, 1]"
Chivas Esports,CHI,Icebox,3,33,1,2,3,0,31%,11,25,33%,6,12,"[['kayo', 'reyna', 'sage', 'sova', 'viper'], ['jett', 'kayo', 'reyna', 'sova', 'viper'], ['cypher', 'omen', 'raze', 'reyna', 'sage']]","[1, 1, 1]"
Chivas Esports,CHI,Fracture,3,50,1,2,1,2,48%,16,17,43%,16,21,"[['breach', 'brimstone', 'cypher', 'neon', 'raze']]",[3]
Chivas Esports,CHI,Pearl,4,100,2,2,2,2,57%,27,20,47%,23,26,"[['fade', 'harbor', 'killjoy', 'viper', 'yoru'], ['astra', 'fade', 'killjoy', 'sova', 'yoru']]","[2, 2]"
Chivas Esports,CHI,Lotus,3,0,3,0,2,1,73%,24,9,58%,15,11,"[['killjoy', 'neon', 'omen', 'skye', 'viper'], ['chamber', 'neon', 'omen', 'skye', 'viper']]","[2, 1]"
505 ,No alias,Bind,3,33,1,2,2,1,29%,11,27,57%,16,12,"[['astra', 'raze', 'sage', 'skye', 'viper'], ['brimstone', 'raze', 'sage', 'skye', 'viper'], ['cypher', 'harbor', 'raze', 'skye', 'viper']]","[1, 1, 1]"
505 ,No alias,Haven,3,0,0,3,1,2,39%,12,19,41%,14,20,"[['breach', 'jett', 'killjoy', 'omen', 'sova']]",[3]
505 ,No alias,Split,3,67,2,1,1,2,65%,20,11,48%,15,16,"[['astra', 'raze', 'sage', 'skye', 'viper']]",[3]
505 ,No alias,Ascent,5,100,5,0,2,3,63%,29,17,66%,39,20,"[['jett', 'kayo', 'killjoy', 'omen', 'sova'], ['cypher', 'jett', 'kayo', 'omen', 'sova']]","[4, 1]"
505 ,No alias,Fracture,1,67,0,1,1,0,42%,5,7,14%,1,6,"[['breach', 'brimstone', 'jett', 'killjoy', 'raze']]",[1]
505 ,No alias,Pearl,3,0,3,0,1,2,51%,18,17,59%,22,15,"[['astra', 'jett', 'killjoy', 'skye', 'viper'], ['harbor', 'jett', 'killjoy', 'skye', 'viper']]","[2, 1]"
505 ,No alias,Lotus,6,0,4,2,3,3,62%,43,26,40%,25,38,"[['breach', 'killjoy', 'omen', 'raze', 'sova'], ['killjoy', 'omen', 'raze', 'skye', 'viper']]","[5, 1]"
Funkboings,FNK,Bind,7,43,3,4,6,1,49%,40,42,39%,22,35,"[['brimstone', 'jett', 'raze', 'skye', 'viper'], ['omen', 'raze', 'reyna', 'sova', 'viper'], ['astra', 'cypher', 'jett', 'raze', 'sova'], ['cypher', 'jett', 'omen', 'raze', 'sova'], ['cypher', 'omen', 'phoenix', 'raze', 'sova'], ['brimstone', 'cypher', 'phoenix', 'raze', 'sova']]","[1, 1, 1, 2, 1, 1]"
Funkboings,FNK,Haven,15,67,10,5,8,7,54%,75,65,52%,87,81,"[['breach', 'jett', 'killjoy', 'omen', 'sova'], ['astra', 'cypher', 'jett', 'kayo', 'sova'], ['cypher', 'jett', 'omen', 'phoenix', 'sova'], ['astra', 'cypher', 'jett', 'raze', 'sova'], ['cypher', 'jett', 'omen', 'reyna', 'sova'], ['cypher', 'jett', 'omen', 'raze', 'sova']]","[3, 1, 3, 2, 5, 1]"
Funkboings,FNK,Split,7,71,5,2,2,5,47%,35,39,52%,44,41,"[['astra', 'jett', 'killjoy', 'raze', 'skye'], ['astra', 'kayo', 'killjoy', 'raze', 'viper'], ['astra', 'raze', 'reyna', 'sage', 'skye'], ['cypher', 'jett', 'omen', 'raze', 'sage'], ['breach', 'cypher', 'jett', 'omen', 'sage']]","[1, 1, 1, 3, 1]"
Funkboings,FNK,Ascent,17,65,11,6,7,10,41%,74,105,66%,126,65,"[['jett', 'kayo', 'killjoy', 'omen', 'sova'], ['astra', 'jett', 'killjoy', 'skye', 'sova'], ['astra', 'jett', 'reyna', 'sage', 'sova'], ['astra', 'killjoy', 'raze', 'sage', 'sova'], ['astra', 'cypher', 'jett', 'reyna', 'sova'], ['astra', 'cypher', 'jett', 'raze', 'sova'], ['cypher', 'jett', 'omen', 'raze', 'sova'], ['cypher', 'jett', 'omen', 'reyna', 'sova'], ['cypher', 'jett', 'omen', 'phoenix', 'sova'], ['cypher', 'omen', 'phoenix', 'reyna', 'sova']]","[2, 3, 1, 1, 1, 1, 3, 2, 2, 1]"
Funkboings,FNK,Icebox,12,50,6,6,6,6,54%,67,56,42%,47,65,"[['jett', 'phoenix', 'reyna', 'sova', 'viper'], ['jett', 'reyna', 'sage', 'sova', 'viper'], ['jett', 'omen', 'reyna', 'sage', 'sova'], ['astra', 'jett', 'killjoy', 'phoenix', 'sova'], ['astra', 'jett', 'killjoy', 'reyna', 'sova'], ['jett', 'omen', 'raze', 'sage', 'sova'], ['killjoy', 'omen', 'raze', 'sage', 'sova'], ['jett', 'omen', 'phoenix', 'sage', 'sova']]","[1, 2, 1, 1, 1, 2, 2, 2]"
Funkboings,FNK,Breeze,2,100,2,0,1,1,64%,14,8,63%,12,7,"[['jett', 'reyna', 'sage', 'skye', 'viper'], ['jett', 'reyna', 'sage', 'sova', 'viper']]","[1, 1]"
Funkboings,FNK,Pearl,3,100,1,2,0,3,53%,18,16,42%,15,21,"[['harbor', 'jett', 'killjoy', 'skye', 'viper']]",[3]
Funkboings,FNK,Lotus,1,0,1,0,0,1,67%,4,2,75%,9,3,"[['breach', 'chamber', 'gekko', 'omen', 'raze']]",[1]
Bonkers,BONK,Bind,30,70,21,9,21,9,56%,189,150,55%,167,134,"[['gekko', 'harbor', 'raze', 'skye', 'viper'], ['brimstone', 'raze', 'sage', 'skye', 'viper'], ['brimstone', 'chamber', 'raze', 'skye', 'viper'], ['brimstone', 'chamber', 'fade', 'raze', 'skye'], ['brimstone', 'chamber', 'neon', 'skye', 'sova'], ['astra', 'chamber', 'neon', 'skye', 'sova']]","[3, 4, 11, 4, 2, 6]"
Bonkers,BONK,Haven,25,68,17,8,6,19,54%,117,98,58%,167,122,"[['astra', 'breach', 'jett', 'killjoy', 'sova'], ['cypher', 'omen', 'phoenix', 'sage', 'sova'], ['astra', 'breach', 'killjoy', 'raze', 'sova'], ['astra', 'breach', 'chamber', 'raze', 'sova'], ['breach', 'chamber', 'omen', 'raze', 'sova'], ['chamber', 'omen', 'raze', 'skye', 'sova'], ['chamber', 'jett', 'omen', 'raze', 'sova'], ['breach', 'jett', 'kayo', 'killjoy', 'omen'], ['breach', 'chamber', 'omen', 'raze', 'skye'], ['brimstone', 'chamber', 'raze', 'sage', 'sova'], ['astra', 'breach', 'jett', 'killjoy', 'skye']]","[2, 3, 4, 1, 2, 1, 1, 1, 2, 3, 4]"
Bonkers,BONK,Split,8,75,6,2,5,2,66%,47,24,57%,44,33,"[['astra', 'jett', 'raze', 'skye', 'viper'], ['astra', 'killjoy', 'raze', 'skye', 'viper'], ['astra', 'breach', 'chamber', 'raze', 'skye'], ['breach', 'brimstone', 'chamber', 'kayo', 'raze'], ['breach', 'chamber', 'kayo', 'omen', 'raze'], ['astra', 'raze', 'sage', 'skye', 'viper']]","[1, 1, 1, 1, 2, 1]"
Bonkers,BONK,Ascent,21,57,12,9,6,15,52%,111,103,52%,122,114,"[['jett', 'kayo', 'killjoy', 'omen', 'sova'], ['astra', 'jett', 'kayo', 'killjoy', 'sova'], ['astra', 'fade', 'jett', 'kayo', 'killjoy'], ['astra', 'chamber', 'fade', 'kayo', 'sage'], ['kayo', 'killjoy', 'omen', 'raze', 'sova'], ['jett', 'killjoy', 'omen', 'reyna', 'sova'], ['cypher', 'jett', 'kayo', 'omen', 'sova']]","[9, 1, 3, 4, 2, 1, 1]"
Bonkers,BONK,Icebox,13,77,10,3,2,11,52%,65,59,56%,90,70,"[['jett', 'kayo', 'sage', 'sova', 'viper'], ['chamber', 'kayo', 'sage', 'sova', 'viper'], ['chamber', 'jett', 'kayo', 'sova', 'viper'], ['chamber', 'fade', 'reyna', 'sova', 'viper'], ['jett', 'reyna', 'sage', 'sova', 'viper'], ['jett', 'killjoy', 'sage', 'sova', 'viper']]","[4, 1, 1, 1, 3, 3]"
Bonkers,BONK,Breeze,5,60,3,2,4,1,48%,29,31,48%,25,27,"[['chamber', 'jett', 'skye', 'sova', 'viper'], ['jett', 'kayo', 'killjoy', 'sova', 'viper']]","[3, 2]"
Bonkers,BONK,Fracture,13,54,7,6,9,4,53%,75,66,49%,60,63,"[['breach', 'brimstone', 'fade', 'killjoy', 'raze'], ['astra', 'breach', 'cypher', 'raze', 'viper'], ['astra', 'breach', 'chamber', 'kayo', 'neon']]","[1, 9, 3]"
Bonkers,BONK,Pearl,9,100,9,0,4,5,76%,61,19,62%,56,34,"[['astra', 'breach', 'kayo', 'killjoy', 'neon'], ['astra', 'breach', 'chamber', 'kayo', 'neon']]","[5, 4]"
Bonkers,BONK,Lotus,2,100,2,0,1,1,54%,13,11,56%,14,11,"[['killjoy', 'omen', 'raze', 'skye', 'viper']]",[2]
NerdPunt,NERD,Bind,2,50,1,1,2,0,50%,12,12,44%,8,10,"[['breach', 'brimstone', 'cypher', 'sova', 'yoru']]",[2]
NerdPunt,NERD,Haven,4,75,3,1,4,0,60%,29,19,68%,17,8,"[['astra', 'breach', 'jett', 'killjoy', 'sova'], ['astra', 'breach', 'cypher', 'jett', 'sova']]","[1, 3]"
NerdPunt,NERD,Split,4,75,3,1,4,0,56%,27,21,47%,16,18,"[['breach', 'gekko', 'harbor', 'omen', 'yoru'], ['breach', 'cypher', 'gekko', 'harbor', 'yoru']]","[3, 1]"
NerdPunt,NERD,Ascent,5,100,5,0,1,4,74%,25,9,77%,40,12,"[['jett', 'kayo', 'killjoy', 'omen', 'sova']]",[5]
NerdPunt,NERD,Icebox,2,100,2,0,2,0,79%,19,5,100%,7,0,"[['gekko', 'harbor', 'killjoy', 'skye', 'viper']]",[2]
NerdPunt,NERD,Fracture,2,86,0,2,2,0,38%,9,15,0%,0,11,"[['breach', 'brimstone', 'jett', 'killjoy', 'skye'], ['breach', 'brimstone', 'cypher', 'harbor', 'yoru']]","[1, 1]"
NerdPunt,NERD,Pearl,7,80,6,1,3,4,66%,44,23,59%,44,30,"[['harbor', 'jett', 'killjoy', 'skye', 'viper'], ['harbor', 'killjoy', 'raze', 'skye', 'viper'], ['astra', 'jett', 'kayo', 'killjoy', 'viper']]","[3, 3, 1]"
NerdPunt,NERD,Lotus,5,0,4,1,2,3,55%,22,18,66%,37,19,"[['killjoy', 'neon', 'omen', 'skye', 'viper'], ['breach', 'chamber', 'omen', 'skye', 'viper']]","[2, 3]"
Funcrew,FC,Bind,15,47,7,8,10,5,48%,79,86,52%,75,69,"[['brimstone', 'cypher', 'raze', 'skye', 'sova'], ['chamber', 'kayo', 'omen', 'phoenix', 'raze'], ['brimstone', 'chamber', 'neon', 'raze', 'sova'], ['astra', 'jett', 'skye', 'sova', 'viper'], ['brimstone', 'cypher', 'jett', 'raze', 'sova']]","[1, 1, 1, 5, 7]"
Funcrew,FC,Haven,40,60,24,16,18,22,49%,193,202,54%,226,194,"[['breach', 'jett', 'killjoy', 'omen', 'sova'], ['breach', 'cypher', 'jett', 'omen', 'sova'], ['fade', 'jett', 'killjoy', 'omen', 'reyna'], ['fade', 'jett', 'killjoy', 'omen', 'raze'], ['breach', 'chamber', 'jett', 'omen', 'sova'], ['breach', 'chamber', 'fade', 'jett', 'omen'], ['breach', 'chamber', 'jett', 'omen', 'skye'], ['chamber', 'cypher', 'omen', 'reyna', 'skye'], ['chamber', 'omen', 'raze', 'reyna', 'sova'], ['chamber', 'jett', 'omen', 'reyna', 'sova'], ['chamber', 'omen', 'reyna', 'sova', 'yoru'], ['astra', 'breach', 'chamber', 'jett', 'sova'], ['astra', 'jett', 'killjoy', 'skye', 'sova'], ['astra', 'cypher', 'jett', 'sage', 'skye'], ['jett', 'killjoy', 'omen', 'sage', 'skye'], ['cypher', 'jett', 'omen', 'phoenix', 'sova'], ['cypher', 'jett', 'omen', 'raze', 'sova'], ['cypher', 'jett', 'omen', 'reyna', 'sova']]","[4, 2, 1, 1, 3, 1, 6, 1, 2, 3, 1, 1, 1, 1, 2, 5, 3, 2]"
Funcrew,FC,Split,11,36,4,7,4,7,46%,53,61,44%,56,70,"[['breach', 'cypher', 'omen', 'raze', 'skye'], ['killjoy', 'omen', 'raze', 'sage', 'skye'], ['astra', 'breach', 'killjoy', 'raze', 'sage'], ['chamber', 'omen', 'raze', 'sage', 'skye'], ['jett', 'killjoy', 'omen', 'raze', 'sage'], ['cypher', 'jett', 'omen', 'raze', 'skye'], ['jett', 'omen', 'raze', 'reyna', 'viper'], ['jett', 'omen', 'phoenix', 'raze', 'viper']]","[1, 1, 1, 2, 2, 1, 2, 1]"
Funcrew,FC,Ascent,47,66,31,16,15,31,51%,222,217,59%,304,207,"[['jett', 'kayo', 'killjoy', 'omen', 'sova'], ['astra', 'jett', 'kayo', 'killjoy', 'sova'], ['cypher', 'jett', 'omen', 'skye', 'sova'], ['astra', 'chamber', 'fade', 'jett', 'kayo'], ['kayo', 'killjoy', 'omen', 'raze', 'sova'], ['brimstone', 'fade', 'jett', 'kayo', 'killjoy'], ['fade', 'jett', 'kayo', 'killjoy', 'omen'], ['astra', 'jett', 'killjoy', 'phoenix', 'sova'], ['astra', 'fade', 'jett', 'kayo', 'killjoy'], ['chamber', 'fade', 'kayo', 'omen', 'raze'], ['astra', 'chamber', 'fade', 'kayo', 'raze'], ['chamber', 'fade', 'jett', 'kayo', 'omen'], ['chamber', 'jett', 'kayo', 'omen', 'sova'], ['chamber', 'fade', 'omen', 'reyna', 'skye'], ['chamber', 'jett', 'omen', 'sage', 'sova'], ['chamber', 'jett', 'omen', 'raze', 'sova'], ['astra', 'breach', 'chamber', 'jett', 'sova'], ['astra', 'cypher', 'jett', 'kayo', 'sova'], ['astra', 'cypher', 'jett', 'sage', 'sova'], ['killjoy', 'omen', 'raze', 'sage', 'sova'], ['cypher', 'jett', 'omen', 'sage', 'sova'], ['cypher', 'jett', 'omen', 'reyna', 'sova']]","[5, 2, 1, 1, 1, 1, 1, 1, 1, 5, 1, 1, 4, 1, 1, 1, 3, 1, 2, 2, 1, 9]"
Funcrew,FC,Icebox,50,54,27,23,36,14,51%,287,281,52%,268,248,"[['harbor', 'jett', 'killjoy', 'sova', 'viper'], ['jett', 'killjoy', 'sage', 'sova', 'viper'], ['jett', 'kayo', 'sage', 'sova', 'viper'], ['chamber', 'fade', 'kayo', 'sage', 'viper'], ['chamber', 'jett', 'sage', 'sova', 'viper'], ['chamber', 'raze', 'sage', 'sova', 'viper'], ['chamber', 'killjoy', 'sage', 'sova', 'viper'], ['chamber', 'jett', 'kayo', 'sova', 'viper'], ['chamber', 'kayo', 'reyna', 'sova', 'viper'], ['chamber', 'kayo', 'sova', 'viper', 'yoru'], ['chamber', 'jett', 'reyna', 'sova', 'viper'], ['jett', 'reyna', 'sage', 'sova', 'viper'], ['jett', 'killjoy', 'raze', 'sage', 'viper']]","[3, 6, 2, 11, 1, 1, 1, 6, 1, 1, 3, 10, 4]"
Funcrew,FC,Breeze,12,25,3,9,6,6,49%,61,64,47%,61,68,"[['cypher', 'jett', 'reyna', 'sova', 'viper'], ['cypher', 'jett', 'kayo', 'sova', 'viper'], ['chamber', 'jett', 'kayo', 'sova', 'viper'], ['chamber', 'jett', 'skye', 'sova', 'viper'], ['cypher', 'jett', 'skye', 'sova', 'viper']]","[1, 1, 7, 2, 1]"
Funcrew,FC,Fracture,12,50,6,6,7,5,51%,67,64,49%,58,61,"[['breach', 'brimstone', 'cypher', 'raze', 'skye'], ['breach', 'brimstone', 'cypher', 'jett', 'raze'], ['breach', 'brimstone', 'cypher', 'kayo', 'raze'], ['breach', 'brimstone', 'chamber', 'kayo', 'raze'], ['breach', 'brimstone', 'chamber', 'raze', 'sage'], ['breach', 'brimstone', 'cypher', 'raze', 'sage'], ['astra', 'breach', 'cypher', 'jett', 'viper']]","[1, 3, 1, 1, 4, 1, 1]"
Funcrew,FC,Pearl,5,40,2,3,1,4,45%,20,24,57%,31,23,"[['astra', 'jett', 'killjoy', 'raze', 'sova'], ['astra', 'chamber', 'fade', 'kayo', 'raze']]","[1, 4]"
Funcrew,FC,Lotus,7,29,2,5,4,3,64%,51,29,36%,24,43,"[['killjoy', 'omen', 'raze', 'skye', 'viper'], ['chamber', 'killjoy', 'omen', 'skye', 'viper'], ['breach', 'chamber', 'omen', 'raze', 'skye'], ['breach', 'chamber', 'omen', 'raze', 'sova']]","[1, 4, 1, 1]"
xyz,No alias,Bind,4,25,1,3,0,4,43%,15,20,40%,19,29,"[['brimstone', 'jett', 'raze', 'skye', 'viper'], ['brimstone', 'raze', 'sage', 'skye', 'viper'], ['brimstone', 'fade', 'jett', 'reyna', 'skye'], ['jett', 'phoenix', 'raze', 'reyna', 'yoru']]","[1, 1, 1, 1]"
xyz,No alias,Haven,17,71,12,5,8,9,56%,90,71,55%,96,77,"[['astra', 'breach', 'killjoy', 'raze', 'sova'], ['astra', 'breach', 'fade', 'killjoy', 'raze'], ['breach', 'chamber', 'jett', 'omen', 'skye']]","[3, 11, 3]"
xyz,No alias,Split,1,0,0,1,1,0,33%,4,8,38%,3,5,"[['astra', 'jett', 'raze', 'skye', 'viper']]",[1]
xyz,No alias,Ascent,16,50,8,8,8,8,49%,85,90,55%,93,76,"[['jett', 'kayo', 'killjoy', 'omen', 'sova'], ['astra', 'jett', 'kayo', 'killjoy', 'sova'], ['chamber', 'jett', 'kayo', 'omen', 'sova']]","[14, 1, 1]"
xyz,No alias,Icebox,8,38,3,5,3,5,33%,25,50,57%,47,35,"[['jett', 'killjoy', 'sage', 'sova', 'viper'], ['jett', 'kayo', 'sage', 'sova', 'viper'], ['chamber', 'kayo', 'sage', 'sova', 'viper']]","[5, 1, 2]"
xyz,No alias,Breeze,5,60,3,2,4,1,56%,31,24,58%,18,13,"[['chamber', 'jett', 'kayo', 'sova', 'viper']]",[5]
xyz,No alias,Fracture,1,0,0,1,1,0,33%,4,8,38%,3,5,"[['breach', 'brimstone', 'jett', 'killjoy', 'skye']]",[1]
xyz,No alias,Pearl,1,0,0,1,1,0,33%,4,8,55%,6,5,"[['astra', 'cypher', 'fade', 'phoenix', 'raze']]",[1]
xyz,No alias,Lotus,8,50,4,4,4,4,56%,49,38,37%,35,59,"[['breach', 'killjoy', 'omen', 'raze', 'skye'], ['breach', 'gekko', 'omen', 'raze', 'viper'], ['chamber', 'omen', 'raze', 'skye', 'viper']]","[4, 3, 1]"
Trident Esports,TRIDENT,Bind,8,63,5,3,7,1,62%,58,35,52%,34,32,"[['astra', 'jett', 'raze', 'sova', 'viper'], ['brimstone', 'raze', 'skye', 'sova', 'viper']]","[6, 2]"
Trident Esports,TRIDENT,Haven,11,73,8,3,3,8,63%,65,38,56%,64,51,"[['breach', 'jett', 'killjoy', 'omen', 'sova'], ['breach', 'chamber', 'jett', 'omen', 'skye'], ['astra', 'jett', 'killjoy', 'phoenix', 'sova']]","[2, 1, 8]"
Trident Esports,TRIDENT,Split,4,75,3,1,1,3,69%,25,11,68%,25,12,"[['astra', 'kayo', 'raze', 'skye', 'viper'], ['astra', 'jett', 'killjoy', 'raze', 'sage'], ['cypher', 'jett', 'sage', 'skye', 'viper']]","[2, 1, 1]"
Trident Esports,TRIDENT,Ascent,13,62,8,5,6,7,45%,61,74,61%,89,57,"[['breach', 'jett', 'killjoy', 'omen', 'sova'], ['jett', 'kayo', 'killjoy', 'omen', 'sova'], ['astra', 'jett', 'killjoy', 'reyna', 'sova'], ['astra', 'jett', 'killjoy', 'skye', 'sova']]","[2, 2, 8, 1]"
Trident Esports,TRIDENT,Icebox,1,100,1,0,0,1,25%,1,3,100%,12,0,"[['jett', 'killjoy', 'raze', 'sova', 'viper']]",[1]
Trident Esports,TRIDENT,Breeze,1,100,1,0,0,1,50%,2,2,92%,11,1,"[['cypher', 'jett', 'reyna', 'sova', 'viper']]",[1]
Trident Esports,TRIDENT,Fracture,2,50,1,1,1,1,44%,7,9,65%,13,7,"[['breach', 'brimstone', 'fade', 'killjoy', 'raze'], ['breach', 'brimstone', 'chamber', 'raze', 'sage']]","[1, 1]"
Trident Esports,TRIDENT,Pearl,4,75,3,1,1,3,79%,30,8,50%,20,20,"[['astra', 'gekko', 'jett', 'killjoy', 'viper'], ['astra', 'fade', 'jett', 'kayo', 'killjoy']]","[2, 2]"
Trident Esports,TRIDENT,Lotus,2,0,0,2,0,2,30%,3,7,21%,5,19,"[['astra', 'chamber', 'fade', 'killjoy', 'viper'], ['fade', 'kayo', 'killjoy', 'omen', 'raze']]","[1, 1]"
Team RA'AD,RAAD,Bind,59,71,42,17,39,20,61%,396,256,52%,286,259,"[['brimstone', 'raze', 'sage', 'skye', 'viper'], ['brimstone', 'chamber', 'raze', 'skye', 'viper'], ['chamber', 'omen', 'raze', 'skye', 'viper'], ['astra', 'kayo', 'raze', 'skye', 'viper'], ['astra', 'raze', 'sage', 'skye', 'viper'], ['astra', 'raze', 'skye', 'viper', 'yoru'], ['brimstone', 'cypher', 'raze', 'sage', 'skye'], ['astra', 'breach', 'jett', 'sova', 'viper'], ['astra', 'jett', 'killjoy', 'skye', 'sova'], ['astra', 'breach', 'jett', 'killjoy', 'sova'], ['astra', 'breach', 'raze', 'sova', 'viper'], ['astra', 'raze', 'skye', 'sova', 'viper'], ['breach', 'cypher', 'jett', 'omen', 'raze'], ['brimstone', 'cypher', 'jett', 'reyna', 'sova'], ['breach', 'brimstone', 'cypher', 'jett', 'sage'], ['breach', 'brimstone', 'cypher', 'jett', 'phoenix'], ['cypher', 'jett', 'omen', 'raze', 'sova']]","[12, 1, 2, 4, 14, 1, 3, 1, 1, 1, 4, 6, 1, 2, 1, 4, 1]"
Team RA'AD,RAAD,Haven,37,78,29,8,22,15,60%,234,159,55%,220,178,"[['breach', 'jett', 'killjoy', 'omen', 'sova'], ['astra', 'breach', 'jett', 'killjoy', 'sova'], ['astra', 'chamber', 'fade', 'phoenix', 'raze'], ['breach', 'chamber', 'fade', 'omen', 'raze'], ['breach', 'fade', 'jett', 'killjoy', 'omen'], ['astra', 'chamber', 'jett', 'skye', 'sova'], ['astra', 'breach', 'chamber', 'jett', 'skye'], ['astra', 'breach', 'jett', 'reyna', 'skye'], ['cypher', 'jett', 'omen', 'sage', 'skye'], ['astra', 'breach', 'cypher', 'jett', 'sova']]","[16, 11, 1, 2, 1, 1, 1, 2, 1, 1]"
Team RA'AD,RAAD,Split,44,57,25,19,17,27,49%,205,212,56%,267,210,"[['cypher', 'jett', 'omen', 'sage', 'skye'], ['astra', 'breach', 'killjoy', 'raze', 'viper'], ['breach', 'fade', 'killjoy', 'omen', 'raze'], ['breach', 'killjoy', 'omen', 'raze', 'sage'], ['breach', 'chamber', 'omen', 'raze', 'sage'], ['breach', 'cypher', 'fade', 'omen', 'raze'], ['chamber', 'kayo', 'omen', 'raze', 'sage'], ['astra', 'breach', 'chamber', 'raze', 'sage'], ['astra', 'breach', 'jett', 'killjoy', 'sage'], ['astra', 'breach', 'kayo', 'raze', 'viper'], ['astra', 'breach', 'cypher', 'raze', 'sage'], ['astra', 'breach', 'killjoy', 'raze', 'sova'], ['astra', 'breach', 'raze', 'sova', 'viper'], ['breach', 'cypher', 'omen', 'raze', 'sage'], ['breach', 'brimstone', 'cypher', 'jett', 'sage'], ['breach', 'cypher', 'jett', 'omen', 'raze']]","[4, 1, 1, 1, 8, 1, 1, 8, 5, 2, 1, 1, 1, 2, 3, 4]"
Team RA'AD,RAAD,Ascent,91,74,67,24,52,38,56%,536,428,61%,550,358,"[['jett', 'kayo', 'killjoy', 'omen', 'sova'], ['astra', 'chamber', 'fade', 'kayo', 'raze'], ['jett', 'killjoy', 'omen', 'skye', 'sova'], ['chamber', 'omen', 'raze', 'skye', 'sova'], ['chamber', 'jett', 'omen', 'skye', 'sova'], ['astra', 'jett', 'kayo', 'killjoy', 'sova'], ['astra', 'breach', 'chamber', 'jett', 'sova'], ['astra', 'jett', 'killjoy', 'skye', 'sova'], ['jett', 'omen', 'sage', 'skye', 'sova'], ['breach', 'brimstone', 'cypher', 'jett', 'sova'], ['astra', 'jett', 'killjoy', 'reyna', 'sova'], ['astra', 'breach', 'jett', 'killjoy', 'sova'], ['breach', 'jett', 'killjoy', 'omen', 'raze'], ['cypher', 'jett', 'omen', 'reyna', 'sova'], ['breach', 'jett', 'killjoy', 'omen', 'sova']]","[51, 1, 1, 1, 2, 5, 4, 7, 3, 2, 1, 2, 1, 2, 7]"
Team RA'AD,RAAD,Icebox,43,72,31,12,29,12,60%,265,175,53%,199,178,"[['jett', 'killjoy', 'sage', 'sova', 'viper'], ['chamber', 'reyna', 'sage', 'sova', 'viper'], ['brimstone', 'chamber', 'fade', 'kayo', 'sage'], ['chamber', 'jett', 'sage', 'sova', 'viper'], ['chamber', 'raze', 'sage', 'sova', 'viper'], ['jett', 'reyna', 'sage', 'sova', 'viper']]","[14, 2, 1, 3, 3, 18]"
Team RA'AD,RAAD,Breeze,18,61,11,7,12,6,62%,114,71,48%,85,93,"[['cypher', 'jett', 'kayo', 'sova', 'viper'], ['chamber', 'skye', 'sova', 'viper', 'yoru'], ['chamber', 'kayo', 'neon', 'sova', 'viper'], ['chamber', 'jett', 'skye', 'sova', 'viper'], ['cypher', 'jett', 'skye', 'sova', 'viper'], ['jett', 'reyna', 'skye', 'sova', 'viper'], ['jett', 'reyna', 'sage', 'sova', 'viper']]","[5, 2, 2, 1, 6, 1, 1]"
Team RA'AD,RAAD,Fracture,15,67,10,5,12,3,57%,93,71,58%,78,56,"[['breach', 'brimstone', 'cypher', 'harbor', 'neon'], ['astra', 'breach', 'cypher', 'fade', 'raze'], ['astra', 'breach', 'cypher', 'raze', 'sage'], ['breach', 'cypher', 'raze', 'sage', 'viper'], ['astra', 'breach', 'cypher', 'jett', 'raze']]","[4, 1, 1, 8, 1]"
Team RA'AD,RAAD,Pearl,13,54,7,6,8,5,53%,82,74,48%,66,71,"[['astra', 'killjoy', 'raze', 'sage', 'skye'], ['astra', 'jett', 'kayo', 'killjoy', 'skye'], ['astra', 'jett', 'kayo', 'killjoy', 'sova'], ['astra', 'fade', 'jett', 'kayo', 'killjoy'], ['astra', 'chamber', 'fade', 'raze', 'sage']]","[3, 2, 3, 2, 3]"
Team RA'AD,RAAD,Lotus,9,56,5,4,6,3,55%,50,41,48%,48,52,"[['killjoy', 'omen', 'raze', 'skye', 'viper'], ['breach', 'chamber', 'killjoy', 'omen', 'sova']]","[5, 4]"
Team Falcons,FLC,Bind,21,57,12,9,7,14,49%,103,107,53%,124,108,"[['astra', 'breach', 'fade', 'neon', 'skye'], ['breach', 'brimstone', 'fade', 'raze', 'skye'], ['astra', 'breach', 'fade', 'raze', 'skye'], ['brimstone', 'raze', 'skye', 'sova', 'viper'], ['brimstone', 'chamber', 'fade', 'raze', 'viper'], ['brimstone', 'chamber', 'raze', 'sova', 'viper'], ['astra', 'chamber', 'raze', 'sova', 'viper'], ['chamber', 'omen', 'raze', 'sova', 'viper']]","[5, 1, 1, 1, 1, 2, 9, 1]"
Team Falcons,FLC,Haven,38,66,25,13,11,27,57%,203,156,55%,244,198,"[['breach', 'jett', 'killjoy', 'omen', 'sova'], ['breach', 'fade', 'jett', 'killjoy', 'omen'], ['breach', 'chamber', 'fade', 'neon', 'omen'], ['breach', 'chamber', 'jett', 'omen', 'skye'], ['breach', 'chamber', 'jett', 'kayo', 'omen'], ['astra', 'breach', 'jett', 'killjoy', 'sova']]","[8, 3, 13, 6, 1, 7]"
Team Falcons,FLC,Split,21,67,14,7,9,12,54%,114,99,61%,150,95,"[['gekko', 'jett', 'omen', 'skye', 'viper'], ['astra', 'gekko', 'jett', 'skye', 'viper'], ['astra', 'raze', 'sage', 'skye', 'viper'], ['astra', 'cypher', 'kayo', 'raze', 'sage'], ['astra', 'kayo', 'killjoy', 'raze', 'sage'], ['astra', 'chamber', 'raze', 'sage', 'viper']]","[2, 2, 5, 9, 2, 1]"
Team Falcons,FLC,Ascent,51,78,40,11,26,25,52%,280,259,63%,339,200,"[['astra', 'fade', 'jett', 'kayo', 'sova'], ['astra', 'breach', 'kayo', 'neon', 'skye'], ['astra', 'breach', 'jett', 'kayo', 'skye'], ['astra', 'jett', 'kayo', 'skye', 'sova']]","[20, 19, 2, 10]"
Team Falcons,FLC,Icebox,9,33,3,6,4,5,39%,37,58,60%,64,42,"[['kayo', 'killjoy', 'sage', 'sova', 'viper'], ['jett', 'killjoy', 'sage', 'sova', 'viper'], ['chamber', 'kayo', 'sage', 'sova', 'viper']]","[2, 3, 4]"
Team Falcons,FLC,Breeze,28,79,22,6,24,4,65%,204,110,56%,136,105,"[['chamber', 'jett', 'kayo', 'sova', 'viper'], ['jett', 'reyna', 'skye', 'sova', 'viper'], ['chamber', 'jett', 'skye', 'sova', 'viper']]","[8, 14, 6]"
Team Falcons,FLC,Fracture,27,81,22,5,19,8,67%,199,96,55%,137,111,"[['astra', 'breach', 'kayo', 'neon', 'viper'], ['breach', 'brimstone', 'chamber', 'kayo', 'neon'], ['astra', 'breach', 'cypher', 'raze', 'viper']]","[9, 13, 5]"
Team Falcons,FLC,Pearl,15,47,7,8,6,9,60%,101,67,46%,77,90,"[['harbor', 'jett', 'killjoy', 'skye', 'viper'], ['astra', 'breach', 'fade', 'jett', 'killjoy'], ['breach', 'brimstone', 'chamber', 'fade', 'viper']]","[8, 4, 3]"
Team Falcons,FLC,Lotus,11,82,9,2,8,3,72%,89,35,54%,44,38,"[['harbor', 'killjoy', 'neon', 'skye', 'viper'], ['harbor', 'jett', 'killjoy', 'skye', 'viper'], ['breach', 'chamber', 'harbor', 'kayo', 'neon']]","[3, 4, 4]"
NASR Esports,NASR,Bind,39,56,22,17,16,23,54%,218,184,53%,214,193,"[['killjoy', 'omen', 'raze', 'skye', 'yoru'], ['kayo', 'omen', 'raze', 'skye', 'viper'], ['chamber', 'omen', 'raze', 'skye', 'viper'], ['brimstone', 'kayo', 'raze', 'skye', 'viper'], ['astra', 'raze', 'sage', 'skye', 'sova'], ['brimstone', 'raze', 'sage', 'skye', 'viper'], ['brimstone', 'raze', 'skye', 'sova', 'viper'], ['brimstone', 'jett', 'sage', 'skye', 'viper'], ['breach', 'brimstone', 'killjoy', 'raze', 'skye'], ['brimstone', 'jett', 'killjoy', 'raze', 'sage'], ['astra', 'breach', 'jett', 'killjoy', 'skye'], ['astra', 'jett', 'killjoy', 'skye', 'sova'], ['breach', 'cypher', 'jett', 'omen', 'sova'], ['cypher', 'jett', 'omen', 'raze', 'sova'], ['breach', 'brimstone', 'cypher', 'jett', 'sova'], ['breach', 'brimstone', 'cypher', 'raze', 'sova']]","[7, 8, 1, 1, 1, 2, 1, 1, 1, 1, 3, 6, 1, 1, 1, 3]"
NASR Esports,NASR,Haven,38,50,19,19,25,13,50%,217,218,51%,203,192,"[['harbor', 'jett', 'killjoy', 'skye', 'viper'], ['breach', 'jett', 'killjoy', 'omen', 'sova'], ['breach', 'cypher', 'jett', 'omen', 'sova'], ['breach', 'fade', 'jett', 'killjoy', 'omen'], ['cypher', 'fade', 'kayo', 'omen', 'raze'], ['breach', 'chamber', 'fade', 'omen', 'raze'], ['breach', 'chamber', 'fade', 'neon', 'omen'], ['chamber', 'kayo', 'neon', 'omen', 'skye'], ['astra', 'jett', 'killjoy', 'skye', 'sova'], ['astra', 'jett', 'kayo', 'killjoy', 'skye'], ['astra', 'breach', 'jett', 'killjoy', 'skye']]","[2, 3, 4, 6, 1, 3, 1, 3, 10, 3, 2]"
NASR Esports,NASR,Split,38,68,26,12,23,15,56%,222,174,55%,203,165,"[['cypher', 'jett', 'omen', 'raze', 'sage'], ['chamber', 'omen', 'raze', 'sage', 'skye'], ['breach', 'cypher', 'omen', 'raze', 'sage'], ['omen', 'raze', 'skye', 'sova', 'viper'], ['astra', 'breach', 'killjoy', 'raze', 'sage'], ['astra', 'kayo', 'killjoy', 'raze', 'sage'], ['astra', 'jett', 'killjoy', 'sage', 'skye'], ['astra', 'breach', 'jett', 'killjoy', 'raze'], ['breach', 'cypher', 'jett', 'omen', 'raze']]","[11, 1, 6, 3, 4, 3, 1, 4, 5]"
NASR Esports,NASR,Ascent,71,63,45,26,33,38,52%,370,341,57%,434,334,"[['jett', 'kayo', 'killjoy', 'omen', 'sova'], ['astra', 'jett', 'kayo', 'killjoy', 'sova'], ['fade', 'jett', 'kayo', 'killjoy', 'omen'], ['fade', 'jett', 'kayo', 'omen', 'sage'], ['breach', 'fade', 'kayo', 'omen', 'raze'], ['fade', 'kayo', 'omen', 'raze', 'sage'], ['chamber', 'fade', 'kayo', 'omen', 'raze'], ['chamber', 'kayo', 'omen', 'raze', 'sova'], ['chamber', 'fade', 'kayo', 'omen', 'sova'], ['chamber', 'kayo', 'neon', 'omen', 'sova'], ['astra', 'breach', 'jett', 'killjoy', 'sova'], ['astra', 'jett', 'kayo', 'skye', 'sova'], ['astra', 'jett', 'killjoy', 'skye', 'sova'], ['astra', 'breach', 'jett', 'killjoy', 'skye'], ['jett', 'killjoy', 'omen', 'sage', 'sova'], ['breach', 'jett', 'killjoy', 'omen', 'sova']]","[9, 13, 6, 1, 1, 1, 3, 6, 2, 1, 2, 3, 13, 1, 1, 8]"
NASR Esports,NASR,Icebox,20,50,10,10,10,10,52%,112,102,45%,88,106,"[['jett', 'killjoy', 'sage', 'sova', 'viper'], ['kayo', 'killjoy', 'sage', 'sova', 'viper'], ['chamber', 'reyna', 'sage', 'sova', 'viper'], ['jett', 'reyna', 'sage', 'sova', 'viper'], ['jett', 'killjoy', 'omen', 'phoenix', 'sova']]","[14, 1, 3, 1, 1]"
NASR Esports,NASR,Breeze,16,63,10,6,7,9,51%,77,74,52%,91,83,"[['cypher', 'jett', 'kayo', 'sova', 'viper'], ['chamber', 'jett', 'kayo', 'sova', 'viper'], ['cypher', 'jett', 'skye', 'sova', 'viper'], ['jett', 'reyna', 'skye', 'sova', 'viper'], ['cypher', 'jett', 'sage', 'skye', 'viper'], ['jett', 'sage', 'skye', 'sova', 'viper']]","[3, 1, 5, 5, 1, 1]"
NASR Esports,NASR,Fracture,14,36,5,9,6,8,48%,68,75,41%,61,87,"[['breach', 'brimstone', 'cypher', 'fade', 'raze'], ['breach', 'brimstone', 'cypher', 'raze', 'skye'], ['breach', 'brimstone', 'chamber', 'fade', 'neon'], ['breach', 'chamber', 'fade', 'omen', 'raze'], ['breach', 'chamber', 'kayo', 'neon', 'viper'], ['breach', 'brimstone', 'cypher', 'jett', 'raze'], ['breach', 'brimstone', 'chamber', 'kayo', 'neon'], ['astra', 'breach', 'chamber', 'jett', 'sage'], ['breach', 'cypher', 'jett', 'kayo', 'viper']]","[1, 1, 1, 2, 1, 1, 3, 1, 3]"
NASR Esports,NASR,Pearl,17,65,11,6,13,4,65%,129,70,45%,69,84,"[['harbor', 'jett', 'killjoy', 'skye', 'viper'], ['astra', 'jett', 'killjoy', 'skye', 'sova'], ['astra', 'fade', 'kayo', 'killjoy', 'raze'], ['astra', 'breach', 'fade', 'kayo', 'neon']]","[4, 3, 9, 1]"
NASR Esports,NASR,Lotus,12,58,7,5,5,7,57%,78,60,48%,71,77,"[['jett', 'killjoy', 'omen', 'skye', 'viper'], ['jett', 'killjoy', 'omen', 'sage', 'skye'], ['breach', 'chamber', 'kayo', 'omen', 'sova'], ['breach', 'chamber', 'kayo', 'omen', 'skye']]","[9, 1, 1, 1]"
Geekay Esports,GK,Bind,29,76,22,7,16,13,60%,165,108,61%,170,107,"[['brimstone', 'raze', 'sage', 'skye', 'viper'], ['astra', 'raze', 'skye', 'sova', 'viper'], ['astra', 'jett', 'raze', 'skye', 'viper'], ['jett', 'omen', 'raze', 'skye', 'viper']]","[20, 4, 1, 3]"
Geekay Esports,GK,Haven,47,66,31,16,16,31,60%,277,182,53%,273,245,"[['breach', 'jett', 'killjoy', 'omen', 'sova'], ['jett', 'kayo', 'killjoy', 'omen', 'sova'], ['astra', 'jett', 'killjoy', 'skye', 'sova'], ['astra', 'cypher', 'jett', 'raze', 'skye'], ['cypher', 'jett', 'omen', 'raze', 'skye']]","[1, 34, 6, 1, 4]"
Geekay Esports,GK,Split,16,50,8,8,8,8,42%,66,92,60%,101,67,"[['breach', 'killjoy', 'omen', 'raze', 'sage'], ['breach', 'fade', 'killjoy', 'omen', 'raze'], ['astra', 'breach', 'cypher', 'raze', 'viper'], ['astra', 'cypher', 'jett', 'raze', 'sage'], ['cypher', 'jett', 'omen', 'raze', 'sage'], ['cypher', 'jett', 'omen', 'reyna', 'sage']]","[3, 9, 1, 1, 1, 1]"
Geekay Esports,GK,Ascent,30,53,16,14,3,27,50%,136,137,55%,188,153,"[['jett', 'kayo', 'killjoy', 'omen', 'sova'], ['astra', 'jett', 'kayo', 'killjoy', 'sova'], ['astra', 'jett', 'killjoy', 'raze', 'skye'], ['cypher', 'jett', 'omen', 'raze', 'skye'], ['astra', 'jett', 'kayo', 'reyna', 'sage']]","[21, 5, 1, 2, 1]"
Geekay Esports,GK,Icebox,23,65,15,8,5,18,58%,113,81,53%,139,121,"[['jett', 'killjoy', 'sage', 'sova', 'viper'], ['chamber', 'kayo', 'sage', 'sova', 'viper'], ['chamber', 'reyna', 'sage', 'sova', 'viper'], ['chamber', 'jett', 'sage', 'sova', 'viper'], ['jett', 'reyna', 'sage', 'sova', 'viper']]","[14, 1, 2, 4, 1]"
Geekay Esports,GK,Breeze,28,64,18,10,15,13,60%,166,112,56%,153,120,"[['cypher', 'jett', 'kayo', 'sova', 'viper'], ['chamber', 'jett', 'kayo', 'sova', 'viper'], ['cypher', 'jett', 'skye', 'sova', 'viper'], ['jett', 'reyna', 'sage', 'sova', 'viper'], ['jett', 'reyna', 'sage', 'skye', 'viper']]","[2, 13, 8, 4, 1]"
Geekay Esports,GK,Fracture,11,55,6,5,3,8,45%,54,66,61%,74,47,"[['breach', 'brimstone', 'jett', 'killjoy', 'raze'], ['breach', 'brimstone', 'chamber', 'killjoy', 'raze'], ['breach', 'brimstone', 'chamber', 'raze', 'sage'], ['breach', 'brimstone', 'cypher', 'raze', 'yoru'], ['breach', 'brimstone', 'chamber', 'neon', 'raze'], ['astra', 'breach', 'cypher', 'raze', 'viper'], ['astra', 'breach', 'chamber', 'raze', 'viper'], ['astra', 'breach', 'cypher', 'jett', 'raze']]","[1, 1, 1, 2, 1, 1, 3, 1]"
Geekay Esports,GK,Pearl,14,86,12,2,1,13,63%,76,45,61%,104,67,"[['astra', 'jett', 'kayo', 'killjoy', 'sova']]",[14]
Geekay Esports,GK,Lotus,6,33,2,4,3,3,56%,38,30,35%,24,44,"[['breach', 'jett', 'killjoy', 'omen', 'sova'], ['breach', 'fade', 'jett', 'killjoy', 'omen'], ['chamber', 'killjoy', 'omen', 'raze', 'skye']]","[3, 2, 1]"
Unity Esports,UNT,Bind,10,40,4,6,7,3,45%,50,60,50%,48,48,"[['brimstone', 'chamber', 'raze', 'skye', 'viper'], ['brimstone', 'chamber', 'raze', 'skye', 'sova']]","[1, 9]"
Unity Esports,UNT,Haven,13,54,7,6,6,7,48%,63,68,57%,81,60,"[['breach', 'jett', 'killjoy', 'omen', 'sova'], ['chamber', 'jett', 'omen', 'skye', 'sova']]","[7, 6]"
Unity Esports,UNT,Split,9,78,7,2,3,6,57%,55,41,58%,57,42,"[['astra', 'jett', 'raze', 'skye', 'viper']]",[9]
Unity Esports,UNT,Ascent,24,46,11,13,8,16,50%,116,115,51%,124,120,"[['jett', 'kayo', 'killjoy', 'omen', 'sova'], ['chamber', 'fade', 'jett', 'kayo', 'omen'], ['chamber', 'kayo', 'omen', 'reyna', 'sova'], ['chamber', 'jett', 'kayo', 'omen', 'sova'], ['astra', 'jett', 'kayo', 'killjoy', 'sova']]","[11, 1, 6, 5, 1]"
Unity Esports,UNT,Icebox,12,67,8,4,8,4,57%,79,59,58%,61,45,"[['jett', 'killjoy', 'sage', 'sova', 'viper'], ['chamber', 'reyna', 'sage', 'sova', 'viper'], ['chamber', 'jett', 'sage', 'sova', 'viper']]","[10, 1, 1]"
Unity Esports,UNT,Breeze,3,0,0,3,1,2,36%,10,18,34%,11,21,"[['chamber', 'jett', 'kayo', 'sova', 'viper']]",[3]
Unity Esports,UNT,Fracture,16,38,6,10,7,9,50%,77,76,52%,86,80,"[['breach', 'brimstone', 'jett', 'killjoy', 'raze'], ['breach', 'brimstone', 'kayo', 'killjoy', 'neon'], ['breach', 'brimstone', 'kayo', 'killjoy', 'raze'], ['breach', 'cypher', 'fade', 'harbor', 'raze'], ['breach', 'brimstone', 'cypher', 'raze', 'sage'], ['breach', 'brimstone', 'chamber', 'raze', 'sage']]","[3, 1, 1, 2, 3, 6]"
Unity Esports,UNT,Pearl,12,58,7,5,4,8,50%,58,57,49%,63,66,"[['astra', 'jett', 'kayo', 'killjoy', 'sova'], ['astra', 'fade', 'jett', 'kayo', 'killjoy']]","[9, 3]"
Unity Esports,UNT,Lotus,1,0,0,1,0,1,0%,0,1,0%,0,12,"[['chamber', 'cypher', 'neon', 'omen', 'skye']]",[1]
G2 Gozen,G2.G,Bind,23,74,17,6,10,13,55%,111,90,67%,154,77,"[['harbor', 'raze', 'sage', 'skye', 'viper'], ['astra', 'breach', 'fade', 'killjoy', 'raze'], ['breach', 'brimstone', 'chamber', 'fade', 'raze'], ['breach', 'brimstone', 'cypher', 'fade', 'raze'], ['brimstone', 'chamber', 'neon', 'skye', 'yoru'], ['breach', 'chamber', 'omen', 'raze', 'skye'], ['astra', 'killjoy', 'raze', 'skye', 'sova'], ['astra', 'jett', 'skye', 'sova', 'viper'], ['astra', 'breach', 'cypher', 'jett', 'skye'], ['brimstone', 'raze', 'sage', 'skye', 'viper'], ['astra', 'raze', 'skye', 'sova', 'viper'], ['brimstone', 'raze', 'skye', 'sova', 'viper']]","[2, 1, 1, 1, 1, 4, 1, 1, 5, 1, 3, 2]"
G2 Gozen,G2.G,Haven,23,83,19,4,6,17,62%,122,75,61%,158,103,"[['breach', 'jett', 'killjoy', 'omen', 'sova'], ['astra', 'breach', 'cypher', 'raze', 'skye'], ['breach', 'brimstone', 'chamber', 'jett', 'skye'], ['astra', 'breach', 'cypher', 'jett', 'sova'], ['astra', 'breach', 'killjoy', 'raze', 'sova'], ['astra', 'breach', 'cypher', 'raze', 'sova']]","[5, 3, 2, 8, 1, 4]"
G2 Gozen,G2.G,Split,19,63,12,7,5,14,55%,93,77,56%,120,96,"[['breach', 'cypher', 'omen', 'raze', 'skye'], ['astra', 'breach', 'chamber', 'kayo', 'neon'], ['astra', 'breach', 'cypher', 'raze', 'sage'], ['breach', 'cypher', 'omen', 'raze', 'sage']]","[6, 1, 8, 4]"
G2 Gozen,G2.G,Ascent,40,78,31,9,18,21,65%,255,139,56%,219,175,"[['jett', 'kayo', 'killjoy', 'omen', 'sova'], ['chamber', 'fade', 'kayo', 'omen', 'raze'], ['chamber', 'kayo', 'omen', 'sage', 'sova'], ['brimstone', 'chamber', 'kayo', 'sage', 'sova'], ['kayo', 'killjoy', 'omen', 'sova', 'yoru'], ['astra', 'jett', 'kayo', 'killjoy', 'sova'], ['astra', 'breach', 'jett', 'sage', 'sova'], ['jett', 'killjoy', 'omen', 'sage', 'sova']]","[12, 1, 1, 1, 2, 6, 11, 5]"
G2 Gozen,G2.G,Icebox,31,87,27,4,16,15,68%,221,104,58%,165,119,"[['chamber', 'fade', 'raze', 'sage', 'viper'], ['jett', 'killjoy', 'sage', 'sova', 'viper'], ['chamber', 'kayo', 'sage', 'sova', 'viper'], ['chamber', 'jett', 'sage', 'sova', 'viper'], ['jett', 'sage', 'skye', 'sova', 'viper'], ['jett', 'raze', 'sage', 'sova', 'viper']]","[2, 17, 5, 4, 1, 2]"
G2 Gozen,G2.G,Breeze,20,90,18,2,13,7,63%,137,80,61%,111,70,"[['chamber', 'kayo', 'reyna', 'sova', 'viper'], ['cypher', 'jett', 'kayo', 'sova', 'viper'], ['chamber', 'kayo', 'neon', 'sova', 'viper'], ['chamber', 'cypher', 'skye', 'sova', 'viper'], ['chamber', 'jett', 'skye', 'sova', 'viper'], ['cypher', 'jett', 'skye', 'sova', 'viper']]","[4, 2, 1, 2, 1, 10]"
G2 Gozen,G2.G,Fracture,6,83,5,1,2,4,59%,37,26,53%,34,30,"[['breach', 'brimstone', 'killjoy', 'raze', 'skye'], ['breach', 'brimstone', 'cypher', 'jett', 'kayo'], ['breach', 'brimstone', 'cypher', 'jett', 'sage'], ['astra', 'breach', 'cypher', 'raze', 'viper']]","[1, 1, 1, 3]"
G2 Gozen,G2.G,Pearl,7,86,6,1,5,2,71%,56,23,55%,31,25,"[['harbor', 'jett', 'killjoy', 'skye', 'viper'], ['astra', 'chamber', 'fade', 'sage', 'yoru'], ['astra', 'chamber', 'fade', 'reyna', 'sage']]","[2, 2, 3]"
G2 Gozen,G2.G,Lotus,7,57,4,3,2,5,69%,49,22,42%,31,43,"[['harbor', 'killjoy', 'raze', 'skye', 'viper'], ['killjoy', 'omen', 'raze', 'skye', 'viper']]","[1, 6]"
Shopify Rebellion GC,SR.GC,Bind,40,58,23,17,23,17,53%,217,191,51%,207,196,"[['breach', 'brimstone', 'chamber', 'raze', 'skye'], ['brimstone', 'chamber', 'raze', 'skye', 'viper'], ['breach', 'brimstone', 'chamber', 'fade', 'raze'], ['astra', 'chamber', 'kayo', 'raze', 'sova'], ['astra', 'jett', 'raze', 'sage', 'skye'], ['astra', 'kayo', 'raze', 'sova', 'viper'], ['omen', 'raze', 'skye', 'sova', 'viper'], ['astra', 'raze', 'skye', 'sova', 'viper'], ['astra', 'phoenix', 'raze', 'sova', 'viper'], ['astra', 'jett', 'raze', 'skye', 'viper']]","[2, 3, 7, 8, 1, 6, 1, 6, 2, 4]"
Shopify Rebellion GC,SR.GC,Haven,48,52,25,23,24,24,53%,254,224,48%,234,253,"[['astra', 'breach', 'jett', 'killjoy', 'sova'], ['astra', 'breach', 'fade', 'killjoy', 'yoru'], ['astra', 'breach', 'chamber', 'neon', 'skye'], ['astra', 'breach', 'chamber', 'raze', 'skye'], ['astra', 'chamber', 'raze', 'sage', 'skye'], ['breach', 'brimstone', 'chamber', 'neon', 'skye'], ['breach', 'chamber', 'fade', 'omen', 'raze'], ['breach', 'chamber', 'jett', 'omen', 'skye'], ['chamber', 'jett', 'kayo', 'omen', 'sova'], ['astra', 'chamber', 'jett', 'kayo', 'sova'], ['astra', 'chamber', 'jett', 'skye', 'sova'], ['astra', 'jett', 'killjoy', 'skye', 'sova'], ['jett', 'killjoy', 'omen', 'skye', 'sova'], ['jett', 'killjoy', 'omen', 'sage', 'skye'], ['jett', 'killjoy', 'omen', 'sage', 'sova'], ['jett', 'killjoy', 'omen', 'sova', 'yoru']]","[1, 1, 1, 1, 5, 2, 2, 4, 2, 1, 4, 5, 7, 6, 5, 1]"
Shopify Rebellion GC,SR.GC,Split,21,62,13,8,12,9,52%,106,99,55%,113,91,"[['astra', 'breach', 'killjoy', 'raze', 'skye'], ['astra', 'breach', 'chamber', 'kayo', 'raze'], ['astra', 'breach', 'chamber', 'kayo', 'neon'], ['astra', 'breach', 'kayo', 'killjoy', 'yoru'], ['astra', 'killjoy', 'raze', 'skye', 'viper'], ['astra', 'killjoy', 'sage', 'skye', 'viper'], ['kayo', 'killjoy', 'omen', 'raze', 'skye'], ['killjoy', 'omen', 'raze', 'sage', 'skye']]","[3, 2, 2, 3, 1, 1, 4, 5]"
Shopify Rebellion GC,SR.GC,Ascent,24,42,10,14,9,15,44%,101,127,51%,127,120,"[['astra', 'jett', 'kayo', 'killjoy', 'sova'], ['chamber', 'fade', 'kayo', 'omen', 'sova'], ['astra', 'chamber', 'fade', 'jett', 'kayo'], ['fade', 'jett', 'kayo', 'killjoy', 'omen'], ['chamber', 'fade', 'kayo', 'omen', 'sage'], ['astra', 'chamber', 'fade', 'kayo', 'sova'], ['astra', 'jett', 'killjoy', 'reyna', 'sova'], ['jett', 'killjoy', 'omen', 'reyna', 'sova'], ['jett', 'kayo', 'killjoy', 'omen', 'sova'], ['jett', 'killjoy', 'omen', 'raze', 'sova']]","[2, 3, 1, 1, 2, 3, 5, 1, 4, 2]"
Shopify Rebellion GC,SR.GC,Icebox,69,49,34,35,39,30,51%,356,338,49%,324,335,"[['harbor', 'jett', 'killjoy', 'sova', 'viper'], ['chamber', 'kayo', 'sage', 'sova', 'viper'], ['chamber', 'jett', 'reyna', 'sova', 'viper'], ['chamber', 'jett', 'raze', 'sova', 'viper'], ['jett', 'killjoy', 'reyna', 'sova', 'viper'], ['jett', 'killjoy', 'sage', 'sova', 'viper'], ['jett', 'reyna', 'sage', 'sova', 'viper'], ['jett', 'killjoy', 'raze', 'sage', 'viper']]","[3, 20, 6, 6, 10, 16, 3, 4]"
Shopify Rebellion GC,SR.GC,Breeze,32,59,19,13,19,13,59%,194,135,52%,162,150,"[['cypher', 'jett', 'kayo', 'sova', 'viper'], ['chamber', 'kayo', 'reyna', 'sova', 'viper'], ['chamber', 'kayo', 'neon', 'sova', 'viper'], ['chamber', 'jett', 'kayo', 'sova', 'viper'], ['chamber', 'jett', 'reyna', 'sova', 'viper'], ['cypher', 'jett', 'skye', 'sova', 'viper'], ['jett', 'killjoy', 'skye', 'sova', 'viper'], ['jett', 'reyna', 'skye', 'sova', 'viper'], ['jett', 'sage', 'skye', 'sova', 'viper']]","[1, 1, 4, 1, 12, 4, 3, 3, 3]"
Shopify Rebellion GC,SR.GC,Fracture,35,71,25,10,23,12,57%,210,160,60%,189,124,"[['breach', 'brimstone', 'cypher', 'kayo', 'neon'], ['breach', 'brimstone', 'cypher', 'kayo', 'yoru'], ['breach', 'brimstone', 'chamber', 'raze', 'sage'], ['breach', 'brimstone', 'chamber', 'kayo', 'neon'], ['breach', 'brimstone', 'chamber', 'jett', 'raze'], ['astra', 'breach', 'chamber', 'jett', 'raze'], ['astra', 'breach', 'jett', 'viper', 'yoru']]","[3, 2, 3, 11, 10, 3, 3]"
Shopify Rebellion GC,SR.GC,Pearl,13,77,10,3,2,11,64%,84,48,54%,80,69,"[['harbor', 'jett', 'killjoy', 'skye', 'viper'], ['astra', 'jett', 'kayo', 'killjoy', 'sova'], ['astra', 'chamber', 'fade', 'kayo', 'neon'], ['breach', 'brimstone', 'fade', 'killjoy', 'yoru']]","[5, 1, 6, 1]"
Shopify Rebellion GC,SR.GC,Lotus,2,100,2,0,2,0,83%,20,4,50%,6,6,"[['breach', 'kayo', 'neon', 'omen', 'sova']]",[2]
Acend Rising,ACE,Bind,11,73,8,3,3,8,53%,56,49,57%,66,49,"[['astra', 'fade', 'raze', 'skye', 'viper'], ['astra', 'chamber', 'fade', 'raze', 'viper'], ['astra', 'chamber', 'fade', 'kayo', 'raze'], ['brimstone', 'chamber', 'raze', 'sage', 'skye'], ['breach', 'brimstone', 'chamber', 'raze', 'skye'], ['breach', 'fade', 'omen', 'raze', 'sage']]","[4, 1, 1, 3, 1, 1]"
Acend Rising,ACE,Haven,21,71,15,6,12,9,59%,129,88,59%,117,82,"[['breach', 'jett', 'killjoy', 'omen', 'sova'], ['chamber', 'fade', 'kayo', 'omen', 'raze'], ['breach', 'chamber', 'omen', 'raze', 'sova'], ['breach', 'cypher', 'jett', 'omen', 'sova'], ['breach', 'cypher', 'omen', 'raze', 'sova']]","[12, 1, 3, 3, 2]"
Acend Rising,ACE,Split,6,83,5,1,5,1,50%,38,38,65%,33,18,"[['astra', 'killjoy', 'raze', 'skye', 'viper'], ['breach', 'chamber', 'kayo', 'neon', 'omen']]","[2, 4]"
Acend Rising,ACE,Ascent,11,73,8,3,8,3,61%,79,50,56%,53,41,"[['jett', 'kayo', 'killjoy', 'omen', 'sova']]",[11]
Acend Rising,ACE,Icebox,9,67,6,3,2,7,62%,62,38,50%,48,48,"[['chamber', 'kayo', 'sage', 'sova', 'viper'], ['chamber', 'killjoy', 'sage', 'sova', 'viper']]","[6, 3]"
Acend Rising,ACE,Breeze,8,50,4,4,1,7,49%,33,34,63%,57,33,"[['chamber', 'kayo', 'neon', 'sova', 'viper']]",[8]
Acend Rising,ACE,Fracture,16,94,15,1,12,4,71%,127,53,59%,79,54,"[['breach', 'brimstone', 'cypher', 'neon', 'skye'], ['breach', 'brimstone', 'chamber', 'kayo', 'neon'], ['breach', 'brimstone', 'chamber', 'fade', 'neon'], ['breach', 'brimstone', 'chamber', 'raze', 'sage']]","[3, 11, 1, 1]"
Acend Rising,ACE,Pearl,1,0,0,1,0,1,57%,4,3,17%,2,10,"[['astra', 'breach', 'chamber', 'fade', 'neon']]",[1]
Acend Rising,ACE,Lotus,4,75,3,1,4,0,75%,36,12,41%,12,17,"[['jett', 'killjoy', 'omen', 'skye', 'viper'], ['astra', 'killjoy', 'raze', 'skye', 'viper']]","[3, 1]"
Guild X,GLD.X,Bind,23,65,15,8,12,11,61%,143,91,50%,109,108,"[['brimstone', 'raze', 'sage', 'skye', 'viper'], ['brimstone', 'gekko', 'raze', 'skye', 'viper'], ['brimstone', 'chamber', 'raze', 'skye', 'viper'], ['astra', 'breach', 'chamber', 'fade', 'raze'], ['astra', 'chamber', 'fade', 'raze', 'skye'], ['astra', 'raze', 'skye', 'sova', 'viper'], ['astra', 'breach', 'raze', 'skye', 'sova']]","[1, 1, 1, 3, 2, 10, 5]"
Guild X,GLD.X,Haven,43,67,29,14,20,23,56%,255,201,56%,255,200,"[['breach', 'jett', 'killjoy', 'omen', 'sova'], ['astra', 'breach', 'fade', 'jett', 'killjoy'], ['breach', 'chamber', 'fade', 'omen', 'sage'], ['breach', 'jett', 'killjoy', 'omen', 'skye'], ['astra', 'jett', 'killjoy', 'skye', 'sova'], ['astra', 'chamber', 'jett', 'skye', 'sova'], ['astra', 'breach', 'jett', 'killjoy', 'sova'], ['astra', 'jett', 'killjoy', 'phoenix', 'sova']]","[10, 6, 1, 4, 3, 2, 11, 6]"
Guild X,GLD.X,Split,27,63,17,10,10,17,56%,146,116,55%,163,134,"[['jett', 'kayo', 'omen', 'skye', 'viper'], ['breach', 'chamber', 'killjoy', 'omen', 'raze'], ['astra', 'breach', 'kayo', 'killjoy', 'raze'], ['breach', 'chamber', 'jett', 'kayo', 'omen'], ['brimstone', 'kayo', 'killjoy', 'raze', 'viper'], ['astra', 'breach', 'jett', 'killjoy', 'viper'], ['astra', 'breach', 'jett', 'reyna', 'skye'], ['astra', 'breach', 'jett', 'kayo', 'sage'], ['astra', 'breach', 'jett', 'raze', 'sage'], ['astra', 'breach', 'jett', 'sage', 'skye'], ['astra', 'breach', 'jett', 'kayo', 'reyna']]","[1, 1, 3, 1, 1, 3, 8, 4, 2, 1, 2]"
Guild X,GLD.X,Ascent,54,80,43,11,17,37,58%,281,203,64%,396,219,"[['cypher', 'jett', 'kayo', 'omen', 'sova'], ['jett', 'kayo', 'killjoy', 'omen', 'sova'], ['fade', 'jett', 'kayo', 'killjoy', 'omen'], ['chamber', 'fade', 'kayo', 'omen', 'sage'], ['astra', 'breach', 'jett', 'killjoy', 'sova'], ['astra', 'jett', 'killjoy', 'reyna', 'sova'], ['astra', 'jett', 'kayo', 'killjoy', 'sova'], ['astra', 'jett', 'killjoy', 'phoenix', 'sova'], ['astra', 'breach', 'jett', 'killjoy', 'phoenix']]","[3, 15, 2, 7, 8, 2, 3, 12, 2]"
Guild X,GLD.X,Icebox,35,66,23,12,26,9,59%,232,160,48%,164,179,"[['chamber', 'killjoy', 'sage', 'sova', 'viper'], ['jett', 'omen', 'sage', 'sova', 'viper'], ['jett', 'kayo', 'sage', 'sova', 'viper'], ['jett', 'killjoy', 'sage', 'sova', 'viper'], ['jett', 'reyna', 'sage', 'sova', 'viper'], ['jett', 'killjoy', 'reyna', 'sova', 'viper'], ['astra', 'jett', 'killjoy', 'reyna', 'sova']]","[9, 1, 4, 4, 3, 9, 5]"
Guild X,GLD.X,Breeze,17,53,9,8,10,7,57%,114,87,47%,82,91,"[['chamber', 'jett', 'sage', 'sova', 'viper'], ['chamber', 'jett', 'kayo', 'skye', 'viper'], ['cypher', 'jett', 'skye', 'sova', 'viper'], ['astra', 'cypher', 'jett', 'skye', 'viper'], ['cypher', 'jett', 'sage', 'skye', 'viper'], ['cypher', 'jett', 'reyna', 'skye', 'viper'], ['jett', 'reyna', 'skye', 'sova', 'viper']]","[1, 1, 8, 2, 2, 2, 1]"
Guild X,GLD.X,Fracture,27,81,22,5,14,13,67%,176,87,60%,155,102,"[['breach', 'brimstone', 'cypher', 'gekko', 'raze'], ['breach', 'cypher', 'kayo', 'neon', 'viper'], ['breach', 'brimstone', 'cypher', 'neon', 'sage'], ['breach', 'brimstone', 'chamber', 'raze', 'sage'], ['breach', 'chamber', 'raze', 'sage', 'viper'], ['breach', 'chamber', 'neon', 'raze', 'viper'], ['breach', 'cypher', 'jett', 'sage', 'viper'], ['astra', 'breach', 'jett', 'killjoy', 'reyna']]","[2, 3, 5, 5, 1, 3, 3, 5]"
Guild X,GLD.X,Pearl,7,57,4,3,4,3,63%,46,27,46%,32,37,"[['astra', 'breach', 'jett', 'killjoy', 'sova'], ['astra', 'breach', 'fade', 'killjoy', 'neon'], ['astra', 'chamber', 'fade', 'kayo', 'viper']]","[1, 2, 4]"
Guild X,GLD.X,Lotus,3,33,1,2,2,1,61%,19,12,30%,8,19,"[['breach', 'killjoy', 'omen', 'raze', 'sova']]",[3]
Team SMG GC,SMG.GC,Bind,7,43,3,4,2,5,46%,26,31,55%,41,34,"[['harbor', 'jett', 'raze', 'skye', 'viper'], ['brimstone', 'jett', 'raze', 'skye', 'sova'], ['brimstone', 'chamber', 'fade', 'raze', 'skye'], ['brimstone', 'jett', 'killjoy', 'raze', 'sova'], ['astra', 'chamber', 'jett', 'raze', 'sova']]","[2, 2, 1, 1, 1]"
Team SMG GC,SMG.GC,Haven,24,79,19,5,13,11,72%,170,67,60%,127,83,"[['astra', 'breach', 'jett', 'killjoy', 'sova'], ['chamber', 'cypher', 'harbor', 'killjoy', 'sage'], ['astra', 'brimstone', 'harbor', 'omen', 'viper'], ['jett', 'killjoy', 'omen', 'phoenix', 'sova'], ['astra', 'gekko', 'jett', 'killjoy', 'sova'], ['cypher', 'jett', 'omen', 'reyna', 'sova'], ['cypher', 'jett', 'omen', 'skye', 'sova'], ['chamber', 'jett', 'omen', 'reyna', 'sova'], ['breach', 'chamber', 'fade', 'jett', 'omen'], ['breach', 'jett', 'killjoy', 'omen', 'skye'], ['breach', 'chamber', 'jett', 'omen', 'raze'], ['chamber', 'jett', 'omen', 'skye', 'sova'], ['chamber', 'jett', 'omen', 'raze', 'sova'], ['chamber', 'cypher', 'jett', 'omen', 'sova'], ['jett', 'killjoy', 'omen', 'raze', 'sova'], ['jett', 'killjoy', 'omen', 'reyna', 'sova'], ['astra', 'chamber', 'jett', 'reyna', 'sova']]","[3, 1, 1, 1, 1, 2, 1, 1, 1, 3, 1, 2, 1, 2, 1, 1, 1]"
Team SMG GC,SMG.GC,Split,14,79,11,3,3,11,61%,66,43,66%,107,55,"[['breach', 'killjoy', 'omen', 'raze', 'skye'], ['killjoy', 'omen', 'raze', 'reyna', 'sage'], ['chamber', 'omen', 'raze', 'sage', 'sova'], ['breach', 'killjoy', 'omen', 'raze', 'reyna'], ['breach', 'killjoy', 'omen', 'raze', 'sage']]","[1, 1, 1, 1, 10]"
Team SMG GC,SMG.GC,Ascent,23,78,18,5,10,12,64%,123,69,69%,140,64,"[['astra', 'jett', 'kayo', 'killjoy', 'sova'], ['astra', 'jett', 'killjoy', 'reyna', 'sova'], ['brimstone', 'jett', 'killjoy', 'reyna', 'sova'], ['killjoy', 'omen', 'reyna', 'sage', 'sova'], ['jett', 'killjoy', 'omen', 'reyna', 'sova'], ['kayo', 'killjoy', 'omen', 'raze', 'sova'], ['astra', 'chamber', 'jett', 'phoenix', 'sova'], ['fade', 'kayo', 'killjoy', 'omen', 'raze'], ['jett', 'killjoy', 'omen', 'raze', 'sova'], ['chamber', 'jett', 'neon', 'omen', 'sova'], ['kayo', 'killjoy', 'omen', 'sage', 'sova'], ['chamber', 'jett', 'omen', 'sage', 'sova'], ['chamber', 'jett', 'omen', 'raze', 'sova']]","[1, 2, 2, 1, 1, 6, 2, 2, 1, 1, 1, 1, 1]"
Team SMG GC,SMG.GC,Icebox,17,65,11,6,3,14,59%,76,53,64%,122,68,"[['killjoy', 'raze', 'sage', 'sova', 'viper'], ['jett', 'killjoy', 'sage', 'sova', 'viper'], ['neon', 'raze', 'reyna', 'sova', 'viper'], ['chamber', 'fade', 'jett', 'sage', 'viper'], ['chamber', 'jett', 'sage', 'sova', 'viper'], ['jett', 'reyna', 'sage', 'sova', 'viper'], ['jett', 'omen', 'reyna', 'sage', 'sova']]","[1, 2, 1, 1, 5, 6, 1]"
Team SMG GC,SMG.GC,Breeze,4,75,3,1,1,3,49%,19,20,60%,25,17,"[['chamber', 'jett', 'skye', 'sova', 'viper']]",[4]
Team SMG GC,SMG.GC,Fracture,11,82,9,2,4,7,57%,62,47,58%,63,46,"[['breach', 'brimstone', 'chamber', 'neon', 'raze'], ['breach', 'brimstone', 'chamber', 'jett', 'raze'], ['breach', 'brimstone', 'jett', 'killjoy', 'raze'], ['breach', 'brimstone', 'cypher', 'jett', 'sage']]","[1, 8, 1, 1]"
Team SMG GC,SMG.GC,Pearl,12,92,11,1,3,9,74%,75,26,63%,76,44,"[['astra', 'fade', 'jett', 'killjoy', 'reyna'], ['harbor', 'jett', 'killjoy', 'skye', 'viper'], ['astra', 'jett', 'neon', 'raze', 'reyna'], ['fade', 'gekko', 'harbor', 'kayo', 'skye'], ['astra', 'fade', 'kayo', 'raze', 'viper'], ['astra', 'chamber', 'fade', 'raze', 'reyna'], ['astra', 'chamber', 'fade', 'kayo', 'neon']]","[2, 1, 1, 1, 2, 3, 2]"
Team SMG GC,SMG.GC,Lotus,3,100,3,0,1,2,78%,21,6,67%,18,9,"[['breach', 'killjoy', 'neon', 'omen', 'skye'], ['breach', 'killjoy', 'neon', 'omen', 'sova']]","[1, 2]"
Northwood University,NW,Bind,9,100,9,0,4,5,71%,68,28,53%,49,44,"[['harbor', 'raze', 'sage', 'skye', 'viper'], ['brimstone', 'chamber', 'raze', 'skye', 'viper'], ['brimstone', 'chamber', 'fade', 'raze', 'viper'], ['brimstone', 'chamber', 'raze', 'sova', 'viper']]","[4, 2, 1, 2]"
Northwood University,NW,Haven,40,93,37,3,26,14,67%,286,138,62%,220,134,"[['breach', 'jett', 'killjoy', 'omen', 'sova'], ['breach', 'chamber', 'fade', 'omen', 'raze']]","[22, 18]"
Northwood University,NW,Split,6,83,5,1,1,5,59%,23,16,75%,49,16,"[['astra', 'killjoy', 'raze', 'skye', 'viper'], ['astra', 'killjoy', 'raze', 'sage', 'skye']]","[5, 1]"
Northwood University,NW,Ascent,22,91,20,2,8,14,57%,119,90,65%,153,82,"[['jett', 'kayo', 'killjoy', 'omen', 'sova'], ['kayo', 'killjoy', 'omen', 'raze', 'sova'], ['kayo', 'killjoy', 'omen', 'sage', 'sova']]","[18, 2, 2]"
Northwood University,NW,Icebox,13,85,11,2,8,5,64%,89,50,58%,66,47,"[['kayo', 'killjoy', 'raze', 'sova', 'viper'], ['jett', 'kayo', 'killjoy', 'sova', 'viper'], ['chamber', 'kayo', 'raze', 'sova', 'viper'], ['chamber', 'kayo', 'reyna', 'sova', 'viper']]","[2, 4, 6, 1]"
Northwood University,NW,Breeze,9,89,8,1,4,5,59%,47,33,70%,65,28,"[['chamber', 'jett', 'kayo', 'sova', 'viper'], ['cypher', 'jett', 'reyna', 'sova', 'viper'], ['chamber', 'kayo', 'omen', 'sova', 'viper']]","[7, 1, 1]"
Northwood University,NW,Fracture,3,100,3,0,1,2,75%,27,9,38%,12,20,"[['breach', 'brimstone', 'cypher', 'jett', 'raze']]",[3]
Northwood University,NW,Pearl,16,88,14,2,6,10,63%,94,55,57%,98,75,"[['harbor', 'jett', 'killjoy', 'skye', 'viper'], ['harbor', 'killjoy', 'raze', 'skye', 'viper'], ['astra', 'fade', 'kayo', 'killjoy', 'neon'], ['astra', 'fade', 'jett', 'kayo', 'killjoy'], ['astra', 'killjoy', 'phoenix', 'sage', 'skye'], ['astra', 'chamber', 'fade', 'kayo', 'neon']]","[1, 1, 5, 1, 2, 6]"
Northwood University,NW,Lotus,11,100,11,0,2,9,63%,62,36,64%,85,48,"[['breach', 'killjoy', 'omen', 'raze', 'skye'], ['harbor', 'killjoy', 'omen', 'skye', 'yoru'], ['breach', 'harbor', 'omen', 'raze', 'skye']]","[9, 1, 1]"
Winthrop University,WU,Bind,3,0,0,3,2,1,21%,7,27,44%,11,14,"[['brimstone', 'chamber', 'raze', 'skye', 'viper'], ['breach', 'brimstone', 'chamber', 'fade', 'raze']]","[1, 2]"
Winthrop University,WU,Haven,27,74,20,7,15,12,58%,146,106,58%,155,114,"[['breach', 'jett', 'killjoy', 'omen', 'sova'], ['astra', 'breach', 'jett', 'killjoy', 'sova'], ['chamber', 'jett', 'omen', 'reyna', 'sova'], ['breach', 'chamber', 'jett', 'omen', 'sova'], ['chamber', 'omen', 'raze', 'reyna', 'sova']]","[16, 6, 2, 1, 2]"
Winthrop University,WU,Split,6,50,3,3,1,5,48%,30,33,60%,42,28,"[['breach', 'cypher', 'omen', 'raze', 'skye'], ['astra', 'killjoy', 'raze', 'skye', 'viper'], ['astra', 'breach', 'killjoy', 'raze', 'viper'], ['astra', 'breach', 'cypher', 'raze', 'sage']]","[2, 2, 1, 1]"
Winthrop University,WU,Ascent,13,77,10,3,2,11,56%,58,46,61%,82,53,"[['jett', 'omen', 'sage', 'sova', 'viper'], ['jett', 'killjoy', 'omen', 'sage', 'sova'], ['jett', 'kayo', 'killjoy', 'omen', 'sova'], ['chamber', 'jett', 'kayo', 'omen', 'sova'], ['chamber', 'omen', 'raze', 'sage', 'sova']]","[3, 1, 3, 4, 2]"
Winthrop University,WU,Icebox,7,71,5,2,1,6,50%,26,26,70%,56,24,"[['jett', 'killjoy', 'reyna', 'sova', 'viper'], ['jett', 'killjoy', 'sage', 'sova', 'viper'], ['harbor', 'killjoy', 'sage', 'sova', 'viper'], ['chamber', 'jett', 'sage', 'sova', 'viper'], ['chamber', 'jett', 'reyna', 'sova', 'viper']]","[1, 2, 1, 1, 2]"
Winthrop University,WU,Breeze,5,60,3,2,2,3,44%,22,28,60%,36,24,"[['cypher', 'jett', 'kayo', 'sova', 'viper'], ['chamber', 'jett', 'kayo', 'sova', 'viper']]","[2, 3]"
Winthrop University,WU,Fracture,16,69,11,5,6,10,53%,91,80,50%,88,89,"[['breach', 'brimstone', 'cypher', 'jett', 'raze'], ['breach', 'brimstone', 'cypher', 'gekko', 'raze'], ['breach', 'brimstone', 'cypher', 'kayo', 'raze'], ['breach', 'brimstone', 'killjoy', 'raze', 'sage'], ['breach', 'brimstone', 'chamber', 'fade', 'raze'], ['breach', 'brimstone', 'chamber', 'neon', 'reyna']]","[8, 2, 3, 1, 1, 1]"
Winthrop University,WU,Pearl,12,67,8,4,4,8,64%,84,47,49%,62,64,"[['astra', 'fade', 'jett', 'killjoy', 'viper'], ['harbor', 'jett', 'killjoy', 'skye', 'viper'], ['astra', 'fade', 'killjoy', 'sage', 'viper'], ['astra', 'chamber', 'fade', 'reyna', 'sage']]","[1, 3, 7, 1]"
Winthrop University,WU,Lotus,17,76,13,4,5,12,66%,109,56,53%,106,93,"[['breach', 'gekko', 'omen', 'raze', 'viper'], ['breach', 'killjoy', 'omen', 'raze', 'viper'], ['breach', 'chamber', 'harbor', 'omen', 'raze']]","[15, 1, 1]"
Fisher College Navy,FCN,Bind,13,77,10,3,1,12,59%,66,45,60%,93,62,"[['brimstone', 'raze', 'sage', 'skye', 'viper'], ['brimstone', 'chamber', 'raze', 'skye', 'viper'], ['brimstone', 'fade', 'raze', 'skye', 'viper']]","[2, 5, 6]"
Fisher College Navy,FCN,Haven,27,81,22,5,16,11,62%,181,111,61%,160,104,"[['breach', 'jett', 'killjoy', 'omen', 'sova'], ['astra', 'breach', 'jett', 'killjoy', 'sova'], ['breach', 'cypher', 'jett', 'omen', 'skye'], ['astra', 'breach', 'chamber', 'fade', 'raze'], ['breach', 'chamber', 'fade', 'omen', 'raze'], ['breach', 'chamber', 'fade', 'neon', 'omen']]","[4, 10, 1, 2, 1, 9]"
Fisher College Navy,FCN,Split,17,94,16,1,16,1,70%,138,59,64%,77,44,"[['astra', 'breach', 'killjoy', 'raze', 'skye'], ['astra', 'fade', 'jett', 'raze', 'viper']]","[3, 14]"
Fisher College Navy,FCN,Ascent,12,67,8,4,6,6,50%,54,53,70%,89,39,"[['jett', 'kayo', 'killjoy', 'omen', 'sova']]",[12]
Fisher College Navy,FCN,Icebox,10,90,9,1,6,4,65%,64,34,62%,62,38,"[['harbor', 'jett', 'killjoy', 'sova', 'viper'], ['jett', 'kayo', 'killjoy', 'sova', 'viper'], ['jett', 'killjoy', 'reyna', 'sova', 'viper'], ['kayo', 'killjoy', 'sage', 'sova', 'viper'], ['jett', 'killjoy', 'sage', 'sova', 'viper']]","[3, 3, 1, 1, 2]"
Fisher College Navy,FCN,Breeze,6,67,4,2,2,4,63%,41,24,53%,35,31,"[['cypher', 'jett', 'kayo', 'sova', 'viper'], ['chamber', 'kayo', 'neon', 'sova', 'viper']]","[3, 3]"
Fisher College Navy,FCN,Fracture,17,71,12,5,9,8,69%,119,54,49%,86,88,"[['breach', 'brimstone', 'killjoy', 'neon', 'raze'], ['breach', 'brimstone', 'cypher', 'jett', 'raze'], ['breach', 'brimstone', 'chamber', 'kayo', 'neon']]","[1, 12, 4]"
Fisher College Navy,FCN,Pearl,16,63,10,6,8,8,58%,103,75,48%,81,88,"[['harbor', 'jett', 'killjoy', 'skye', 'viper'], ['astra', 'jett', 'kayo', 'killjoy', 'sova'], ['astra', 'fade', 'killjoy', 'raze', 'viper'], ['astra', 'chamber', 'fade', 'kayo', 'phoenix'], ['astra', 'chamber', 'fade', 'phoenix', 'skye'], ['astra', 'chamber', 'fade', 'kayo', 'neon']]","[10, 1, 1, 2, 1, 1]"
Fisher College Navy,FCN,Lotus,9,78,7,2,5,4,66%,63,32,52%,49,45,"[['killjoy', 'neon', 'omen', 'skye', 'viper'], ['harbor', 'jett', 'killjoy', 'skye', 'viper'], ['astra', 'chamber', 'cypher', 'gekko', 'raze'], ['breach', 'chamber', 'neon', 'omen', 'skye'], ['breach', 'killjoy', 'neon', 'omen', 'skye']]","[2, 2, 2, 2, 1]"
OC Esports,OC,Bind,2,100,2,0,0,2,75%,6,2,83%,20,4,"[['brimstone', 'raze', 'sage', 'skye', 'viper'], ['brimstone', 'chamber', 'raze', 'sage', 'viper']]","[1, 1]"
OC Esports,OC,Haven,27,78,21,6,15,12,60%,166,109,57%,158,117,"[['breach', 'jett', 'killjoy', 'omen', 'sova'], ['astra', 'breach', 'jett', 'killjoy', 'sova'], ['breach', 'cypher', 'jett', 'omen', 'sova'], ['cypher', 'jett', 'omen', 'phoenix', 'sova'], ['breach', 'chamber', 'fade', 'omen', 'raze'], ['breach', 'chamber', 'jett', 'omen', 'sova'], ['astra', 'chamber', 'fade', 'phoenix', 'raze'], ['breach', 'chamber', 'jett', 'omen', 'skye']]","[14, 1, 3, 1, 2, 2, 3, 1]"
OC Esports,OC,Split,3,33,1,2,1,2,30%,8,19,71%,24,10,"[['astra', 'jett', 'raze', 'skye', 'viper'], ['astra', 'chamber', 'killjoy', 'raze', 'skye'], ['astra', 'chamber', 'killjoy', 'skye', 'viper']]","[1, 1, 1]"
OC Esports,OC,Ascent,17,71,12,5,8,9,61%,98,62,53%,85,76,"[['astra', 'chamber', 'jett', 'kayo', 'sova'], ['cypher', 'jett', 'kayo', 'omen', 'sova'], ['chamber', 'fade', 'jett', 'kayo', 'omen'], ['chamber', 'fade', 'kayo', 'omen', 'raze'], ['astra', 'chamber', 'fade', 'kayo', 'raze']]","[1, 11, 2, 2, 1]"
OC Esports,OC,Icebox,12,50,6,6,7,5,48%,59,65,53%,70,62,"[['jett', 'killjoy', 'raze', 'sova', 'viper'], ['harbor', 'killjoy', 'raze', 'sova', 'viper'], ['jett', 'killjoy', 'sage', 'sova', 'viper'], ['chamber', 'reyna', 'sage', 'sova', 'viper'], ['chamber', 'jett', 'reyna', 'sova', 'viper'], ['chamber', 'jett', 'sage', 'sova', 'viper'], ['chamber', 'fade', 'killjoy', 'sage', 'viper']]","[3, 1, 1, 3, 1, 2, 1]"
OC Esports,OC,Breeze,4,75,3,1,3,1,55%,24,20,66%,23,12,"[['chamber', 'jett', 'kayo', 'sova', 'viper']]",[4]
OC Esports,OC,Fracture,4,0,0,4,0,4,39%,14,22,38%,18,30,"[['breach', 'brimstone', 'cypher', 'gekko', 'jett'], ['breach', 'brimstone', 'killjoy', 'raze', 'skye'], ['breach', 'brimstone', 'killjoy', 'neon', 'skye'], ['breach', 'brimstone', 'chamber', 'fade', 'jett']]","[1, 1, 1, 1]"
OC Esports,OC,Pearl,14,71,10,4,8,6,61%,102,66,48%,70,76,"[['astra', 'gekko', 'jett', 'killjoy', 'skye'], ['astra', 'breach', 'jett', 'killjoy', 'sova'], ['gekko', 'phoenix', 'raze', 'reyna', 'yoru'], ['astra', 'breach', 'cypher', 'jett', 'sova'], ['astra', 'jett', 'kayo', 'killjoy', 'sova'], ['astra', 'chamber', 'fade', 'jett', 'sage'], ['brimstone', 'chamber', 'fade', 'kayo', 'neon']]","[5, 4, 1, 1, 1, 1, 1]"
OC Esports,OC,Lotus,13,85,11,2,4,9,66%,82,43,60%,81,54,"[['harbor', 'killjoy', 'raze', 'skye', 'viper'], ['breach', 'chamber', 'cypher', 'omen', 'raze'], ['chamber', 'cypher', 'neon', 'omen', 'skye'], ['breach', 'cypher', 'neon', 'omen', 'sova']]","[10, 1, 1, 1]"
Blinn Esports,Blinn,Bind,4,25,1,3,1,3,44%,15,19,45%,21,26,"[['brimstone', 'gekko', 'jett', 'skye', 'viper'], ['brimstone', 'chamber', 'raze', 'skye', 'viper']]","[1, 3]"
Blinn Esports,Blinn,Haven,30,73,22,8,17,13,57%,179,135,54%,172,147,"[['breach', 'jett', 'killjoy', 'omen', 'sova'], ['astra', 'breach', 'killjoy', 'neon', 'skye'], ['astra', 'breach', 'fade', 'killjoy', 'yoru'], ['breach', 'chamber', 'fade', 'omen', 'raze']]","[16, 1, 3, 10]"
Blinn Esports,Blinn,Split,3,33,1,2,1,2,44%,14,18,58%,21,15,"[['astra', 'jett', 'raze', 'skye', 'viper']]",[3]
Blinn Esports,Blinn,Ascent,20,75,15,5,9,11,54%,109,94,69%,134,60,"[['jett', 'kayo', 'killjoy', 'omen', 'sova'], ['fade', 'jett', 'kayo', 'killjoy', 'omen']]","[15, 5]"
Blinn Esports,Blinn,Icebox,9,78,7,2,2,6,62%,47,29,61%,54,34,"[['harbor', 'jett', 'killjoy', 'skye', 'viper'], ['jett', 'kayo', 'killjoy', 'sova', 'viper']]","[7, 1]"
Blinn Esports,Blinn,Breeze,4,75,3,1,2,2,55%,23,19,50%,23,23,"[['cypher', 'jett', 'kayo', 'sova', 'viper'], ['cypher', 'jett', 'kayo', 'skye', 'viper']]","[3, 1]"
Blinn Esports,Blinn,Fracture,5,80,4,1,1,4,69%,24,11,63%,35,21,"[['breach', 'brimstone', 'kayo', 'killjoy', 'neon'], ['breach', 'brimstone', 'kayo', 'killjoy', 'raze'], ['breach', 'brimstone', 'chamber', 'kayo', 'neon']]","[2, 1, 2]"
Blinn Esports,Blinn,Pearl,6,50,3,3,4,2,57%,31,23,46%,28,33,"[['harbor', 'jett', 'killjoy', 'skye', 'viper'], ['astra', 'breach', 'chamber', 'fade', 'raze']]","[3, 3]"
Blinn Esports,Blinn,Lotus,8,63,5,3,0,8,50%,36,36,58%,56,41,"[['jett', 'killjoy', 'omen', 'skye', 'viper'], ['harbor', 'jett', 'killjoy', 'skye', 'viper'], ['astra', 'breach', 'chamber', 'neon', 'viper']]","[1, 5, 2]"
Sentinels,SEN,Sunset,22,73,16,6,12,10,57%,134,101,62%,142,87,"[['breach', 'cypher', 'gekko', 'omen', 'raze'], ['cypher', 'fade', 'gekko', 'omen', 'raze'], ['breach', 'cypher', 'deadlock', 'omen', 'raze'], ['cypher', 'iso', 'omen', 'raze', 'sova']]","[12, 5, 3, 2]"
Gen.G Esports,GEN,Sunset,25,76,19,6,14,11,59%,158,110,60%,152,101,"[['breach', 'cypher', 'gekko', 'omen', 'raze'], ['breach', 'cypher', 'fade', 'omen', 'raze'], ['breach', 'gekko', 'omen', 'raze', 'vyse'], ['clove', 'cypher', 'fade', 'gekko', 'raze']]","[14, 6, 3, 2]"
Team Heretics,TH,Sunset,20,70,14,6,11,9,56%,120,94,59%,128,89,"[['breach', 'cypher', 'fade', 'omen', 'raze'], ['breach', 'cypher', 'deadlock', 'omen', 'raze'], ['breach', 'cypher', 'gekko', 'omen', 'raze'], ['breach', 'fade', 'omen', 'raze', 'vyse']]","[10, 4, 4, 2]"
Paper Rex,PRX,Sunset,18,67,12,6,10,8,61%,118,75,52%,102,94,"[['breach', 'gekko', 'omen', 'raze', 'reyna'], ['breach', 'fade', 'iso', 'omen', 'raze'], ['clove', 'cypher', 'gekko', 'raze', 'yoru'], ['breach', 'cypher', 'deadlock', 'omen', 'raze']]","[8, 5, 3, 2]"
EDward Gaming,EDG,Sunset,21,71,15,6,11,10,55%,126,103,61%,139,89,"[['breach', 'cypher', 'gekko', 'omen', 'raze'], ['cypher', 'iso', 'omen', 'raze', 'sova'], ['breach', 'cypher', 'fade', 'omen', 'raze'], ['breach', 'gekko', 'omen', 'raze', 'vyse']]","[11, 5, 3, 2]"
Leviatán,LEV,Sunset,17,65,11,6,9,8,53%,98,87,58%,112,81,"[['breach', 'cypher', 'gekko', 'omen', 'raze'], ['breach', 'cypher', 'fade', 'omen', 'raze'], ['cypher', 'iso', 'omen', 'raze', 'sova'], ['breach', 'clove', 'cypher', 'gekko', 'raze']]","[9, 4, 2, 2]"
G2 Esports,G2,Sunset,19,68,13,6,10,9,54%,112,95,60%,126,84,"[['breach', 'cypher', 'deadlock', 'omen', 'raze'], ['breach', 'cypher', 'gekko', 'omen', 'raze'], ['cypher', 'fade', 'gekko', 'omen', 'raze'], ['breach', 'gekko', 'omen', 'raze', 'vyse']]","[8, 6, 3, 2]"
FNATIC,FNC,Sunset,16,69,11,5,8,8,58%,104,75,57%,102,77,"[['breach', 'cypher', 'fade', 'omen', 'raze'], ['breach', 'cypher', 'gekko', 'omen', 'raze'], ['breach', 'cypher', 'deadlock', 'omen', 'raze'], ['breach', 'fade', 'omen', 'raze', 'vyse']]","[7, 4, 3, 2]"
DRX,DRX,Sunset,15,67,10,5,8,7,54%,92,78,59%,105,73,"[['breach', 'cypher', 'gekko', 'omen', 'raze'], ['cypher', 'deadlock', 'gekko', 'omen', 'raze'], ['breach', 'cypher', 'fade', 'omen', 'raze']]","[8, 4, 3]"
FUT Esports,FUT,Sunset,14,64,9,5,7,7,52%,81,75,58%,94,68,"[['breach', 'cypher', 'fade', 'omen', 'raze'], ['breach', 'cypher', 'gekko', 'omen', 'raze'], ['breach', 'gekko', 'omen', 'raze', 'vyse']]","[7, 4, 3]"
Sentinels,SEN,Abyss,16,75,12,4,9,7,58%,108,78,61%,114,73,"[['astra', 'cypher', 'jett', 'kayo', 'sova'], ['astra', 'cypher', 'jett', 'omen', 'sova'], ['astra', 'deadlock', 'jett', 'omen', 'sova'], ['astra', 'fade', 'jett', 'omen', 'vyse']]","[8, 4, 2, 2]"
Team Heretics,TH,Abyss,18,78,14,4,10,8,60%,124,83,62%,130,80,"[['astra', 'cypher', 'jett', 'kayo', 'sova'], ['astra', 'deadlock', 'jett', 'omen', 'sova'], ['astra', 'fade', 'jett', 'omen', 'vyse'], ['clove', 'cypher', 'jett', 'kayo', 'sova']]","[9, 4, 3, 2]"
Gen.G Esports,GEN,Abyss,15,73,11,4,8,7,57%,98,74,59%,104,72,"[['astra', 'cypher', 'jett', 'kayo', 'sova'], ['cypher', 'jett', 'omen', 'sova', 'viper'], ['astra', 'cypher', 'iso', 'omen', 'sova'], ['astra', 'deadlock', 'jett', 'omen', 'sova']]","[7, 4, 2, 2]"
EDward Gaming,EDG,Abyss,17,76,13,4,9,8,59%,115,80,60%,122,81,"[['astra', 'cypher', 'jett', 'kayo', 'sova'], ['cypher', 'iso', 'jett', 'omen', 'sova'], ['astra', 'deadlock', 'jett', 'omen', 'sova'], ['astra', 'fade', 'jett', 'omen', 'vyse']]","[8, 4, 3, 2]"
G2 Esports,G2,Abyss,14,71,10,4,7,7,56%,90,71,60%,102,68,"[['astra', 'deadlock', 'jett', 'omen', 'sova'], ['astra', 'cypher', 'jett', 'kayo', 'sova'], ['astra', 'fade', 'jett', 'omen', 'vyse']]","[7, 4, 3]"
Paper Rex,PRX,Abyss,13,62,8,5,7,6,62%,92,56,48%,72,78,"[['astra', 'gekko', 'jett', 'reyna', 'sova'], ['clove', 'cypher', 'jett', 'sova', 'yoru'], ['astra', 'fade', 'iso', 'omen', 'raze']]","[6, 4, 3]"
FNATIC,FNC,Abyss,15,73,11,4,8,7,57%,98,74,60%,105,70,"[['astra', 'cypher', 'jett', 'kayo', 'sova'], ['astra', 'deadlock', 'jett', 'omen', 'sova'], ['astra', 'fade', 'jett', 'omen', 'vyse']]","[8, 4, 3]"
Leviatán,LEV,Abyss,12,67,8,4,6,6,55%,77,63,58%,84,61,"[['astra', 'cypher', 'jett', 'kayo', 'sova'], ['cypher', 'iso', 'jett', 'omen', 'sova'], ['astra', 'deadlock', 'jett', 'omen', 'sova']]","[6, 3, 3]"
DRX,DRX,Abyss,14,71,10,4,7,7,58%,92,67,59%,97,67,"[['astra', 'cypher', 'jett', 'kayo', 'sova'], ['astra', 'deadlock', 'jett', 'omen', 'sova'], ['astra', 'fade', 'jett', 'omen', 'vyse']]","[7, 4, 3]"
Sentinels,SEN,Ascent,28,75,21,7,14,14,54%,170,145,64%,220,124,"[['jett', 'kayo', 'killjoy', 'omen', 'sova'], ['deadlock', 'jett', 'kayo', 'omen', 'sova'], ['cypher', 'iso', 'jett', 'omen', 'sova'], ['jett', 'kayo', 'omen', 'sova', 'vyse']]","[16, 6, 3, 3]"
Team Heretics,TH,Ascent,24,71,17,7,12,12,52%,139,128,63%,182,107,"[['jett', 'kayo', 'killjoy', 'omen', 'sova'], ['deadlock', 'jett', 'kayo', 'omen', 'sova'], ['clove', 'jett', 'kayo', 'killjoy', 'sova'], ['jett', 'kayo', 'omen', 'sova', 'vyse']]","[12, 6, 3, 3]"
Gen.G Esports,GEN,Ascent,26,73,19,7,13,13,53%,154,136,62%,195,120,"[['jett', 'kayo', 'killjoy', 'omen', 'sova'], ['cypher', 'iso', 'jett', 'omen', 'sova'], ['deadlock', 'jett', 'kayo', 'omen', 'sova'], ['jett', 'kayo', 'omen', 'sova', 'vyse']]","[14, 5, 4, 3]"
EDward Gaming,EDG,Haven,22,77,17,5,13,9,60%,152,101,56%,132,104,"[['breach', 'cypher', 'iso', 'omen', 'sova'], ['breach', 'cypher', 'jett', 'omen', 'sova'], ['breach', 'clove', 'cypher', 'iso', 'sova'], ['breach', 'cypher', 'jett', 'omen', 'vyse']]","[11, 6, 3, 2]"
Sentinels,SEN,Haven,20,70,14,6,11,9,58%,135,98,55%,118,96,"[['breach', 'cypher', 'iso', 'omen', 'sova'], ['breach', 'cypher', 'jett', 'omen', 'sova'], ['breach', 'deadlock', 'iso', 'omen', 'sova'], ['breach', 'cypher', 'jett', 'omen', 'vyse']]","[9, 6, 3, 2]"
Leviatán,LEV,Haven,18,72,13,5,10,8,59%,124,86,54%,106,90,"[['breach', 'cypher', 'iso', 'omen', 'sova'], ['breach', 'cypher', 'jett', 'omen', 'sova'], ['breach', 'clove', 'cypher', 'jett', 'sova'], ['breach', 'cypher', 'jett', 'omen', 'vyse']]","[8, 5, 3, 2]"
Team Heretics,TH,Lotus,24,79,19,5,14,10,62%,168,103,55%,136,111,"[['clove', 'fade', 'killjoy', 'raze', 'viper'], ['fade', 'killjoy', 'omen', 'raze', 'viper'], ['fade', 'killjoy', 'omen', 'raze', 'vyse'], ['deadlock', 'fade', 'killjoy', 'omen', 'raze']]","[10, 7, 4, 3]"
Gen.G Esports,GEN,Lotus,22,73,16,6,12,10,60%,146,97,54%,124,105,"[['clove', 'fade', 'killjoy', 'raze', 'viper'], ['fade', 'killjoy', 'omen', 'raze', 'viper'], ['deadlock', 'fade', 'killjoy', 'omen', 'raze'], ['fade', 'killjoy', 'omen', 'raze', 'vyse']]","[9, 6, 4, 3]"
FNATIC,FNC,Lotus,25,76,19,6,15,10,64%,178,100,53%,134,119,"[['clove', 'fade', 'killjoy', 'raze', 'viper'], ['fade', 'killjoy', 'omen', 'raze', 'viper'], ['deadlock', 'fade', 'killjoy', 'omen', 'raze'], ['fade', 'killjoy', 'omen', 'raze', 'vyse']]","[11, 7, 4, 3]"
Paper Rex,PRX,Bind,26,73,19,7,14,12,61%,169,108,56%,150,118,"[['brimstone', 'deadlock', 'fade', 'raze', 'yoru'], ['brimstone', 'clove', 'raze', 'skye', 'viper'], ['brimstone', 'cypher', 'iso', 'raze', 'viper'], ['brimstone', 'fade', 'raze', 'viper', 'vyse']]","[12, 6, 4, 4]"
Sentinels,SEN,Bind,22,73,16,6,12,10,57%,139,105,60%,142,95,"[['brimstone', 'deadlock', 'fade', 'raze', 'viper'], ['brimstone', 'cypher', 'raze', 'skye', 'viper'], ['brimstone', 'cypher', 'iso', 'raze', 'viper'], ['brimstone', 'fade', 'raze', 'viper', 'vyse']]","[10, 6, 3, 3]"
Gen.G Esports,GEN,Icebox,20,80,16,4,11,9,63%,142,83,61%,130,83,"[['deadlock', 'jett', 'killjoy', 'sova', 'viper'], ['jett', 'killjoy', 'sage', 'sova', 'viper'], ['clove', 'killjoy', 'sage', 'sova', 'viper'], ['killjoy', 'sage', 'sova', 'viper', 'vyse']]","[9, 5, 3, 3]"
EDward Gaming,EDG,Icebox,18,72,13,5,10,8,60%,121,81,57%,110,83,"[['iso', 'killjoy', 'sage', 'sova', 'viper'], ['deadlock', 'jett', 'killjoy', 'sova', 'viper'], ['jett', 'killjoy', 'sage', 'sova', 'viper'], ['clove', 'killjoy', 'sage', 'sova', 'viper']]","[7, 5, 3, 3]"
Team Heretics,TH,Icebox,19,74,14,5,10,9,61%,128,82,58%,118,85,"[['deadlock', 'jett', 'killjoy', 'sova', 'viper'], ['clove', 'killjoy', 'sage', 'sova', 'viper'], ['jett', 'killjoy', 'sage', 'sova', 'viper'], ['killjoy', 'sage', 'sova', 'viper', 'vyse']]","[8, 5, 3, 3]"
Paper Rex,PRX,Split,22,73,16,6,12,10,56%,138,108,62%,150,92,"[['breach', 'clove', 'gekko', 'jett', 'raze'], ['deadlock', 'jett', 'omen', 'raze', 'skye'], ['breach', 'cypher', 'omen', 'raze', 'vyse'], ['clove', 'cypher', 'jett', 'omen', 'raze']]","[9, 6, 4, 3]"
G2 Esports,G2,Split,20,70,14,6,11,9,53%,118,105,63%,140,82,"[['breach', 'cypher', 'omen', 'raze', 'skye'], ['deadlock', 'jett', 'omen', 'raze', 'skye'], ['breach', 'cypher', 'omen', 'raze', 'vyse'], ['clove', 'cypher', 'jett', 'omen', 'raze']]","[8, 5, 4, 3]"
Sentinels,SEN,Sunset,22,73,16,6,12,10,57%,134,101,62%,142,87,"[['breach', 'cypher', 'gekko', 'omen', 'raze'], ['cypher', 'fade', 'gekko', 'omen', 'raze'], ['breach', 'cypher', 'deadlock', 'omen', 'raze'], ['cypher', 'iso', 'omen', 'raze', 'sova']]","[12, 5, 3, 2]"
Gen.G Esports,GEN,Sunset,25,76,19,6,14,11,59%,158,110,60%,152,101,"[['breach', 'cypher', 'gekko', 'omen', 'raze'], ['breach', 'cypher', 'fade', 'omen', 'raze'], ['breach', 'gekko', 'omen', 'raze', 'vyse'], ['clove', 'cypher', 'fade', 'gekko', 'raze']]","[14, 6, 3, 2]"
Team Heretics,TH,Sunset,20,70,14,6,11,9,56%,120,94,59%,128,89,"[['breach', 'cypher', 'fade', 'omen', 'raze'], ['breach', 'cypher', 'deadlock', 'omen', 'raze'], ['breach', 'cypher', 'gekko', 'omen', 'raze'], ['breach', 'fade', 'omen', 'raze', 'vyse']]","[10, 4, 4, 2]"
Paper Rex,PRX,Sunset,18,67,12,6,10,8,61%,118,75,52%,102,94,"[['breach', 'gekko', 'omen', 'raze', 'reyna'], ['breach', 'fade', 'iso', 'omen', 'raze'], ['clove', 'cypher', 'gekko', 'raze', 'yoru'], ['breach', 'cypher', 'deadlock', 'omen', 'raze']]","[8, 5, 3, 2]"
EDward Gaming,EDG,Sunset,21,71,15,6,11,10,55%,126,103,61%,139,89,"[['breach', 'cypher', 'gekko', 'omen', 'raze'], ['cypher', 'iso', 'omen', 'raze', 'sova'], ['breach', 'cypher', 'fade', 'omen', 'raze'], ['breach', 'gekko', 'omen', 'raze', 'vyse']]","[11, 5, 3, 2]"
Leviatán,LEV,Sunset,17,65,11,6,9,8,53%,98,87,58%,112,81,"[['breach', 'cypher', 'gekko', 'omen', 'raze'], ['breach', 'cypher', 'fade', 'omen', 'raze'], ['cypher', 'iso', 'omen', 'raze', 'sova'], ['breach', 'clove', 'cypher', 'gekko', 'raze']]","[9, 4, 2, 2]"
G2 Esports,G2,Sunset,19,68,13,6,10,9,54%,112,95,60%,126,84,"[['breach', 'cypher', 'deadlock', 'omen', 'raze'], ['breach', 'cypher', 'gekko', 'omen', 'raze'], ['cypher', 'fade', 'gekko', 'omen', 'raze'], ['breach', 'gekko', 'omen', 'raze', 'vyse']]","[8, 6, 3, 2]"
FNATIC,FNC,Sunset,16,69,11,5,8,8,58%,104,75,57%,102,77,"[['breach', 'cypher', 'fade', 'omen', 'raze'], ['breach', 'cypher', 'gekko', 'omen', 'raze'], ['breach', 'cypher', 'deadlock', 'omen', 'raze'], ['breach', 'fade', 'omen', 'raze', 'vyse']]","[7, 4, 3, 2]"
DRX,DRX,Sunset,15,67,10,5,8,7,54%,92,78,59%,105,73,"[['breach', 'cypher', 'gekko', 'omen', 'raze'], ['cypher', 'deadlock', 'gekko', 'omen', 'raze'], ['breach', 'cypher', 'fade', 'omen', 'raze']]","[8, 4, 3]"
FUT Esports,FUT,Sunset,14,64,9,5,7,7,52%,81,75,58%,94,68,"[['breach', 'cypher', 'fade', 'omen', 'raze'], ['breach', 'cypher', 'gekko', 'omen', 'raze'], ['breach', 'gekko', 'omen', 'raze', 'vyse']]","[7, 4, 3]"
Sentinels,SEN,Abyss,16,75,12,4,9,7,58%,108,78,61%,114,73,"[['astra', 'cypher', 'jett', 'kayo', 'sova'], ['astra', 'cypher', 'jett', 'omen', 'sova'], ['astra', 'deadlock', 'jett', 'omen', 'sova'], ['astra', 'fade', 'jett', 'omen', 'vyse']]","[8, 4, 2, 2]"
Team Heretics,TH,Abyss,18,78,14,4,10,8,60%,124,83,62%,130,80,"[['astra', 'cypher', 'jett', 'kayo', 'sova'], ['astra', 'deadlock', 'jett', 'omen', 'sova'], ['astra', 'fade', 'jett', 'omen', 'vyse'], ['clove', 'cypher', 'jett', 'kayo', 'sova']]","[9, 4, 3, 2]"
Gen.G Esports,GEN,Abyss,15,73,11,4,8,7,57%,98,74,59%,104,72,"[['astra', 'cypher', 'jett', 'kayo', 'sova'], ['cypher', 'jett', 'omen', 'sova', 'viper'], ['astra', 'cypher', 'iso', 'omen', 'sova'], ['astra', 'deadlock', 'jett', 'omen', 'sova']]","[7, 4, 2, 2]"
EDward Gaming,EDG,Abyss,17,76,13,4,9,8,59%,115,80,60%,122,81,"[['astra', 'cypher', 'jett', 'kayo', 'sova'], ['cypher', 'iso', 'jett', 'omen', 'sova'], ['astra', 'deadlock', 'jett', 'omen', 'sova'], ['astra', 'fade', 'jett', 'omen', 'vyse']]","[8, 4, 3, 2]"
G2 Esports,G2,Abyss,14,71,10,4,7,7,56%,90,71,60%,102,68,"[['astra', 'deadlock', 'jett', 'omen', 'sova'], ['astra', 'cypher', 'jett', 'kayo', 'sova'], ['astra', 'fade', 'jett', 'omen', 'vyse']]","[7, 4, 3]"
Paper Rex,PRX,Abyss,13,62,8,5,7,6,62%,92,56,48%,72,78,"[['astra', 'gekko', 'jett', 'reyna', 'sova'], ['clove', 'cypher', 'jett', 'sova', 'yoru'], ['astra', 'fade', 'iso', 'omen', 'raze']]","[6, 4, 3]"
FNATIC,FNC,Abyss,15,73,11,4,8,7,57%,98,74,60%,105,70,"[['astra', 'cypher', 'jett', 'kayo', 'sova'], ['astra', 'deadlock', 'jett', 'omen', 'sova'], ['astra', 'fade', 'jett', 'omen', 'vyse']]","[8, 4, 3]"
Leviatán,LEV,Abyss,12,67,8,4,6,6,55%,77,63,58%,84,61,"[['astra', 'cypher', 'jett', 'kayo', 'sova'], ['cypher', 'iso', 'jett', 'omen', 'sova'], ['astra', 'deadlock', 'jett', 'omen', 'sova']]","[6, 3, 3]"
DRX,DRX,Abyss,14,71,10,4,7,7,58%,92,67,59%,97,67,"[['astra', 'cypher', 'jett', 'kayo', 'sova'], ['astra', 'deadlock', 'jett', 'omen', 'sova'], ['astra', 'fade', 'jett', 'omen', 'vyse']]","[7, 4, 3]"
Sentinels,SEN,Ascent,28,75,21,7,14,14,54%,170,145,64%,220,124,"[['jett', 'kayo', 'killjoy', 'omen', 'sova'], ['deadlock', 'jett', 'kayo', 'omen', 'sova'], ['cypher', 'iso', 'jett', 'omen', 'sova'], ['jett', 'kayo', 'omen', 'sova', 'vyse']]","[16, 6, 3, 3]"
Team Heretics,TH,Ascent,24,71,17,7,12,12,52%,139,128,63%,182,107,"[['jett', 'kayo', 'killjoy', 'omen', 'sova'], ['deadlock', 'jett', 'kayo', 'omen', 'sova'], ['clove', 'jett', 'kayo', 'killjoy', 'sova'], ['jett', 'kayo', 'omen', 'sova', 'vyse']]","[12, 6, 3, 3]"
Gen.G Esports,GEN,Ascent,26,73,19,7,13,13,53%,154,136,62%,195,120,"[['jett', 'kayo', 'killjoy', 'omen', 'sova'], ['cypher', 'iso', 'jett', 'omen', 'sova'], ['deadlock', 'jett', 'kayo', 'omen', 'sova'], ['jett', 'kayo', 'omen', 'sova', 'vyse']]","[14, 5, 4, 3]"
EDward Gaming,EDG,Haven,22,77,17,5,13,9,60%,152,101,56%,132,104,"[['breach', 'cypher', 'iso', 'omen', 'sova'], ['breach', 'cypher', 'jett', 'omen', 'sova'], ['breach', 'clove', 'cypher', 'iso', 'sova'], ['breach', 'cypher', 'jett', 'omen', 'vyse']]","[11, 6, 3, 2]"
Sentinels,SEN,Haven,20,70,14,6,11,9,58%,135,98,55%,118,96,"[['breach', 'cypher', 'iso', 'omen', 'sova'], ['breach', 'cypher', 'jett', 'omen', 'sova'], ['breach', 'deadlock', 'iso', 'omen', 'sova'], ['breach', 'cypher', 'jett', 'omen', 'vyse']]","[9, 6, 3, 2]"
Leviatán,LEV,Haven,18,72,13,5,10,8,59%,124,86,54%,106,90,"[['breach', 'cypher', 'iso', 'omen', 'sova'], ['breach', 'cypher', 'jett', 'omen', 'sova'], ['breach', 'clove', 'cypher', 'jett', 'sova'], ['breach', 'cypher', 'jett', 'omen', 'vyse']]","[8, 5, 3, 2]"
Team Heretics,TH,Lotus,24,79,19,5,14,10,62%,168,103,55%,136,111,"[['clove', 'fade', 'killjoy', 'raze', 'viper'], ['fade', 'killjoy', 'omen', 'raze', 'viper'], ['fade', 'killjoy', 'omen', 'raze', 'vyse'], ['deadlock', 'fade', 'killjoy', 'omen', 'raze']]","[10, 7, 4, 3]"
Gen.G Esports,GEN,Lotus,22,73,16,6,12,10,60%,146,97,54%,124,105,"[['clove', 'fade', 'killjoy', 'raze', 'viper'], ['fade', 'killjoy', 'omen', 'raze', 'viper'], ['deadlock', 'fade', 'killjoy', 'omen', 'raze'], ['fade', 'killjoy', 'omen', 'raze', 'vyse']]","[9, 6, 4, 3]"
FNATIC,FNC,Lotus,25,76,19,6,15,10,64%,178,100,53%,134,119,"[['clove', 'fade', 'killjoy', 'raze', 'viper'], ['fade', 'killjoy', 'omen', 'raze', 'viper'], ['deadlock', 'fade', 'killjoy', 'omen', 'raze'], ['fade', 'killjoy', 'omen', 'raze', 'vyse']]","[11, 7, 4, 3]"
Paper Rex,PRX,Bind,26,73,19,7,14,12,61%,169,108,56%,150,118,"[['brimstone', 'deadlock', 'fade', 'raze', 'yoru'], ['brimstone', 'clove', 'raze', 'skye', 'viper'], ['brimstone', 'cypher', 'iso', 'raze', 'viper'], ['brimstone', 'fade', 'raze', 'viper', 'vyse']]","[12, 6, 4, 4]"
Sentinels,SEN,Bind,22,73,16,6,12,10,57%,139,105,60%,142,95,"[['brimstone', 'deadlock', 'fade', 'raze', 'viper'], ['brimstone', 'cypher', 'raze', 'skye', 'viper'], ['brimstone', 'cypher', 'iso', 'raze', 'viper'], ['brimstone', 'fade', 'raze', 'viper', 'vyse']]","[10, 6, 3, 3]"
Gen.G Esports,GEN,Icebox,20,80,16,4,11,9,63%,142,83,61%,130,83,"[['deadlock', 'jett', 'killjoy', 'sova', 'viper'], ['jett', 'killjoy', 'sage', 'sova', 'viper'], ['clove', 'killjoy', 'sage', 'sova', 'viper'], ['killjoy', 'sage', 'sova', 'viper', 'vyse']]","[9, 5, 3, 3]"
EDward Gaming,EDG,Icebox,18,72,13,5,10,8,60%,121,81,57%,110,83,"[['iso', 'killjoy', 'sage', 'sova', 'viper'], ['deadlock', 'jett', 'killjoy', 'sova', 'viper'], ['jett', 'killjoy', 'sage', 'sova', 'viper'], ['clove', 'killjoy', 'sage', 'sova', 'viper']]","[7, 5, 3, 3]"
Team Heretics,TH,Icebox,19,74,14,5,10,9,61%,128,82,58%,118,85,"[['deadlock', 'jett', 'killjoy', 'sova', 'viper'], ['clove', 'killjoy', 'sage', 'sova', 'viper'], ['jett', 'killjoy', 'sage', 'sova', 'viper'], ['killjoy', 'sage', 'sova', 'viper', 'vyse']]","[8, 5, 3, 3]"
Paper Rex,PRX,Split,22,73,16,6,12,10,56%,138,108,62%,150,92,"[['breach', 'clove', 'gekko', 'jett', 'raze'], ['deadlock', 'jett', 'omen', 'raze', 'skye'], ['breach', 'cypher', 'omen', 'raze', 'vyse'], ['clove', 'cypher', 'jett', 'omen', 'raze']]","[9, 6, 4, 3]"
G2 Esports,G2,Split,20,70,14,6,11,9,53%,118,105,63%,140,82,"[['breach', 'cypher', 'omen', 'raze', 'skye'], ['deadlock', 'jett', 'omen', 'raze', 'skye'], ['breach', 'cypher', 'omen', 'raze', 'vyse'], ['clove', 'cypher', 'jett', 'omen', 'raze']]","[8, 5, 4, 3]"
